Year_Birth,Income,Kidhome,Teenhome,Recency,MntWines,MntFruits,MntMeatProducts,MntFishProducts,MntSweetProducts,MntGoldProds,NumDealsPurchases,NumWebPurchases,NumCatalogPurchases,NumStorePurchases,NumWebVisitsMonth,AcceptedCmp3,AcceptedCmp4,AcceptedCmp5,AcceptedCmp1,AcceptedCmp2,Complain,Response,Customer_Age,Customer_Tenure,Total_Children,Family_Size,Total_Spending,Total_Purchases,Total_Campaign_Acceptance,Average_Spending_Per_Purchase,Digital_Engagement,Deal_Dependency,Customer_Activity_Level,Education_Basic,Education_Graduation,Education_Master,Education_PhD,Marital_Status_Alone,Marital_Status_Divorced,Marital_Status_Married,Marital_Status_Single,Marital_Status_Together,Marital_Status_Widow,Marital_Status_YOLO,Preferred_Shopping_Channel_Store,Preferred_Shopping_Channel_Web,Product_Preference_Fruit,Product_Preference_Gold,Product_Preference_Meat,Product_Preference_Sweet,Product_Preference_Wine
1957,58138.0,0,0,58,635,88,546,172,88,88,3,8,10,4,7,0,0,0,0,0,0,1,69,14,0,1,1617,25,1,64.68,15,0.12,32,0,1,0,0,0,0,0,1,0,0,0,0,0,0,0,0,0,1
1954,46344.0,1,1,38,11,1,6,2,1,6,2,1,1,2,5,0,0,0,0,0,0,0,72,12,2,3,27,6,0,4.5,6,0.3333333333333333,11,0,1,0,0,0,0,0,1,0,0,0,1,0,0,0,0,0,1
1965,71613.0,0,0,26,426,49,127,111,21,42,1,8,2,10,4,0,0,0,0,0,0,0,61,13,0,2,776,21,0,36.95238095238095,12,0.047619047619047616,25,0,1,0,0,0,0,0,0,1,0,0,1,0,0,0,0,0,1
1984,26646.0,1,0,26,11,4,20,10,3,5,2,2,0,4,6,0,0,0,0,0,0,0,42,12,1,3,53,8,0,6.625,8,0.25,14,0,1,0,0,0,0,0,0,1,0,0,1,0,0,0,1,0,0
1981,58293.0,1,0,94,173,43,118,46,27,15,5,5,3,6,5,0,0,0,0,0,0,0,45,12,1,3,422,19,0,22.210526315789473,10,0.2631578947368421,24,0,0,0,1,0,0,1,0,0,0,0,1,0,0,0,0,0,1
1967,62513.0,0,1,16,520,42,98,0,42,14,2,6,4,10,6,0,0,0,0,0,0,0,59,13,1,3,716,22,0,32.54545454545455,12,0.09090909090909091,28,0,0,1,0,0,0,0,0,1,0,0,1,0,0,0,0,0,1
1971,55635.0,0,1,34,235,65,164,50,49,27,4,7,3,7,6,0,0,0,0,0,0,0,55,14,1,2,590,21,0,28.095238095238095,13,0.19047619047619047,27,0,1,0,0,0,1,0,0,0,0,0,0,1,0,0,0,0,1
1985,33454.0,1,0,32,76,10,56,3,1,23,2,4,0,4,8,0,0,0,0,0,0,0,41,13,1,3,169,10,0,16.9,12,0.2,18,0,0,0,1,0,0,1,0,0,0,0,0,1,0,0,0,0,1
1974,30351.0,1,0,19,14,0,24,3,3,2,1,3,0,2,9,0,0,0,0,0,0,1,52,13,1,3,46,6,1,7.666666666666667,12,0.16666666666666666,15,0,0,0,1,0,0,0,0,1,0,0,0,1,0,0,1,0,0
1950,5648.0,1,1,68,28,0,6,1,1,13,1,1,0,0,20,1,0,0,0,0,0,0,76,12,2,4,49,2,1,24.5,21,0.5,22,0,0,0,1,0,0,0,0,1,0,0,0,1,0,0,0,0,1
1983,,1,0,11,5,5,6,0,2,1,1,1,0,2,7,0,0,0,0,0,0,0,43,13,1,3,19,4,0,4.75,8,0.25,11,0,1,0,0,0,0,1,0,0,0,0,1,0,0,0,1,0,0
1976,7500.0,0,0,59,6,16,11,11,1,16,1,2,0,3,8,0,0,0,0,0,0,0,50,14,0,2,61,6,0,10.166666666666666,10,0.16666666666666666,14,1,0,0,0,0,0,1,0,0,0,0,1,0,1,0,0,0,0
1959,63033.0,0,0,82,194,61,480,225,112,30,1,3,4,8,2,0,0,0,0,0,0,0,67,13,0,1,1102,16,0,68.875,5,0.0625,18,0,1,0,0,0,1,0,0,0,0,0,1,0,0,0,1,0,0
1952,59354.0,1,1,53,233,2,53,3,5,14,3,6,1,5,6,0,0,0,0,0,0,0,74,13,2,3,310,15,0,20.666666666666668,12,0.2,21,0,0,1,0,0,1,0,0,0,0,0,0,1,0,0,0,0,1
1987,17323.0,0,0,38,3,14,17,6,1,5,1,1,0,3,8,0,0,0,0,0,0,0,39,14,0,2,46,5,0,9.2,9,0.2,13,0,1,0,0,0,0,1,0,0,0,0,1,0,0,0,1,0,0
1946,82800.0,0,0,23,1006,22,115,59,68,45,1,7,6,12,3,0,0,1,1,0,0,1,80,14,0,1,1315,26,3,50.57692307692308,10,0.038461538461538464,29,0,0,0,1,0,0,0,1,0,0,0,1,0,0,0,0,0,1
1980,41850.0,1,1,51,53,5,19,2,13,4,3,3,0,3,8,0,0,0,0,0,0,0,46,14,2,4,96,9,0,10.666666666666666,11,0.3333333333333333,17,0,1,0,0,0,0,1,0,0,0,0,0,1,0,0,0,0,1
1946,37760.0,0,0,20,84,5,38,150,12,28,2,4,1,6,7,0,0,0,0,0,0,0,80,14,0,2,317,13,0,24.384615384615383,11,0.15384615384615385,20,0,1,0,0,0,0,0,0,1,0,0,1,0,0,0,0,0,0
1949,76995.0,0,1,91,1012,80,498,0,16,176,2,11,4,9,5,0,0,0,1,0,0,0,77,13,1,3,1782,26,1,68.53846153846153,16,0.07692307692307693,31,0,0,1,0,0,0,1,0,0,0,0,0,1,0,0,0,0,1
1985,33812.0,1,0,86,4,17,19,30,24,39,2,2,1,3,6,0,0,0,0,0,0,0,41,14,1,2,133,8,0,16.625,8,0.25,14,0,0,0,0,0,0,0,1,0,0,0,1,0,0,1,0,0,0
1982,37040.0,0,0,41,86,2,73,69,38,48,1,4,2,5,8,0,0,0,0,0,0,0,44,14,0,2,316,12,0,26.333333333333332,12,0.08333333333333333,20,0,1,0,0,0,0,1,0,0,0,0,1,0,0,0,0,0,1
1979,2447.0,1,0,42,1,1,1725,1,1,1,15,0,28,0,1,0,0,0,0,0,0,0,47,13,1,3,1730,43,0,40.23255813953488,1,0.3488372093023256,44,0,1,0,0,0,0,1,0,0,0,0,0,0,0,0,1,0,0
1949,58607.0,0,1,63,867,0,86,0,0,19,3,2,3,9,8,0,1,0,0,0,0,0,77,14,1,3,972,17,1,57.1764705882353,10,0.17647058823529413,25,0,0,0,1,0,0,1,0,0,0,0,1,0,0,0,0,0,1
1954,65324.0,0,1,0,384,0,102,21,32,5,3,6,2,9,4,0,0,0,0,0,0,0,72,12,1,3,544,20,0,27.2,10,0.15,24,0,0,0,1,0,0,1,0,0,0,0,1,0,0,0,0,0,1
1951,40689.0,0,1,69,270,3,27,39,6,99,7,7,1,5,8,0,0,0,0,0,0,0,75,13,1,3,444,20,0,22.2,15,0.35,28,0,1,0,0,0,0,0,0,1,0,0,0,1,0,0,0,0,1
1969,18589.0,0,0,89,6,4,25,15,12,13,2,2,1,3,7,0,0,0,0,0,0,0,57,13,0,1,75,8,0,9.375,9,0.25,15,0,1,0,0,0,0,0,1,0,0,0,1,0,0,0,1,0,0
1976,53359.0,1,1,4,173,4,30,3,6,41,4,5,1,4,7,0,0,0,0,0,0,0,50,13,2,4,257,14,0,18.357142857142858,12,0.2857142857142857,21,0,1,0,0,0,0,1,0,0,0,0,0,1,0,0,0,0,1
1986,,1,0,19,5,1,3,3,263,362,0,27,0,0,1,0,0,0,0,0,0,0,40,13,1,2,637,27,0,23.59259259259259,28,0.0,28,0,1,0,0,0,0,0,1,0,0,0,0,1,0,1,0,0,0
1989,38360.0,1,0,26,36,2,42,20,21,10,2,2,1,4,3,0,0,0,0,0,0,0,37,13,1,3,131,9,0,14.555555555555555,5,0.2222222222222222,12,0,1,0,0,0,0,1,0,0,0,0,1,0,0,0,1,0,0
1965,84618.0,0,0,96,684,100,801,21,66,0,1,6,9,10,2,0,0,1,0,0,0,0,61,13,0,2,1672,26,1,64.3076923076923,8,0.038461538461538464,28,0,0,0,1,0,0,1,0,0,0,0,1,0,0,0,1,0,0
1989,10979.0,0,0,34,8,4,10,2,2,4,2,3,0,3,5,0,0,0,0,0,0,0,37,12,0,1,30,8,0,3.75,8,0.25,13,0,0,1,0,0,1,0,0,0,0,0,0,1,0,0,1,0,0
1963,38620.0,0,0,56,112,17,44,34,22,89,1,2,5,3,3,0,0,0,0,0,0,0,63,13,0,2,318,11,0,28.90909090909091,5,0.09090909090909091,14,0,0,1,0,0,0,0,0,1,0,0,0,0,0,0,0,0,1
1970,40548.0,0,1,31,110,0,5,2,0,3,2,2,1,4,5,0,1,0,0,0,0,0,56,14,1,3,120,9,1,13.333333333333334,7,0.2222222222222222,14,0,1,0,0,0,0,0,0,1,0,0,1,0,0,0,0,0,1
1952,46610.0,0,2,8,96,12,96,33,22,43,6,4,1,6,6,0,0,0,0,0,0,1,74,14,2,3,302,17,1,17.764705882352942,10,0.35294117647058826,23,0,0,0,1,0,1,0,0,0,0,0,1,0,0,0,0,0,1
1946,68657.0,0,0,4,482,34,471,119,68,22,1,3,5,9,7,0,0,0,0,0,0,0,80,13,0,2,1196,18,0,66.44444444444444,10,0.05555555555555555,25,0,0,1,0,0,0,1,0,0,0,0,1,0,0,0,0,0,1
1951,49389.0,1,1,55,40,0,19,2,1,3,1,2,0,3,7,0,0,0,0,0,0,0,75,13,2,3,65,6,0,10.833333333333334,9,0.16666666666666666,13,0,0,1,0,0,0,0,1,0,0,0,1,0,0,0,0,0,1
1970,67353.0,0,1,37,702,17,151,0,8,35,5,5,6,12,2,0,0,0,0,0,0,0,56,13,1,3,913,28,0,32.607142857142854,7,0.17857142857142858,30,0,0,0,1,0,0,1,0,0,0,0,1,0,0,0,0,0,1
1976,23718.0,1,0,76,6,3,14,15,7,36,3,3,1,2,7,0,0,0,0,0,0,0,50,13,1,3,81,9,0,9.0,10,0.3333333333333333,16,0,0,0,0,0,0,1,0,0,0,0,0,1,0,1,0,0,0
1973,42429.0,0,1,99,55,0,6,2,0,4,2,1,1,3,5,0,0,0,0,0,0,0,53,12,1,2,67,7,0,9.571428571428571,6,0.2857142857142857,12,0,1,0,0,0,0,0,0,0,1,0,1,0,0,0,0,0,1
1943,48948.0,0,0,53,437,8,206,160,49,42,2,7,10,5,6,1,0,0,0,0,0,1,83,13,0,1,902,24,2,37.583333333333336,13,0.08333333333333333,30,0,0,0,1,0,1,0,0,0,0,0,0,0,0,0,0,0,1
1980,80011.0,0,1,3,421,76,536,82,178,102,2,8,6,5,4,0,0,0,0,0,0,0,46,13,1,3,1395,21,0,66.42857142857143,12,0.09523809523809523,25,0,1,0,0,0,0,1,0,0,0,0,0,1,0,0,1,0,0
1985,20559.0,1,0,88,13,1,29,3,0,7,2,2,0,3,8,0,0,0,0,0,0,0,41,13,1,3,53,7,0,7.571428571428571,10,0.2857142857142857,15,0,0,1,0,0,0,1,0,0,0,0,1,0,0,0,1,0,0
1957,21994.0,0,1,4,9,0,6,3,1,3,1,0,0,3,5,0,0,0,0,0,0,0,69,14,1,3,22,4,0,5.5,5,0.25,9,0,1,0,0,0,0,0,0,1,0,0,1,0,0,0,0,0,1
1959,,0,0,80,81,11,50,3,2,39,1,1,3,4,2,0,0,0,0,0,0,0,67,13,0,1,186,9,0,20.666666666666668,3,0.1111111111111111,11,0,0,0,1,0,0,0,1,0,0,0,1,0,0,0,0,0,1
1975,7500.0,1,0,19,3,1,10,3,2,12,3,2,0,3,5,0,0,0,0,0,0,0,51,13,1,3,31,8,0,3.875,7,0.375,13,0,0,1,0,0,0,1,0,0,0,0,1,0,0,1,0,0,0
1976,79941.0,0,0,72,123,164,266,227,30,174,1,2,4,9,1,0,0,0,0,0,0,0,50,12,0,1,984,16,0,61.5,3,0.0625,17,0,1,0,0,0,0,0,1,0,0,0,1,0,0,0,1,0,0
1996,7500.0,0,0,24,3,18,14,15,22,50,3,3,1,3,9,0,0,0,0,0,0,1,30,14,0,2,122,10,1,12.2,12,0.3,19,0,0,0,0,0,0,1,0,0,0,0,0,1,0,1,0,0,0
1968,41728.0,1,0,92,13,6,15,3,5,13,1,2,0,2,10,0,0,0,0,0,0,0,58,13,1,3,55,5,0,11.0,12,0.2,15,0,1,0,0,0,0,0,0,1,0,0,0,1,0,0,1,0,0
1951,,2,1,96,48,5,48,6,10,7,3,2,1,4,6,0,0,0,0,0,0,0,75,12,3,4,124,10,0,12.4,8,0.3,16,0,1,0,0,0,0,0,1,0,0,0,1,0,0,0,0,0,1
1954,72550.0,1,1,39,826,50,317,50,38,38,9,5,2,12,8,0,0,0,0,0,0,0,72,14,2,4,1319,28,0,47.107142857142854,13,0.32142857142857145,36,0,0,0,1,0,0,1,0,0,0,0,1,0,0,0,0,0,1
1957,65486.0,0,1,29,245,19,125,37,67,14,1,4,2,10,2,0,0,0,0,0,0,0,69,12,1,2,507,17,0,29.823529411764707,6,0.058823529411764705,19,0,1,0,0,0,0,0,0,0,1,0,1,0,0,0,0,0,1
1964,79143.0,0,0,2,650,37,780,27,167,32,1,6,9,13,3,0,0,0,0,0,0,0,62,14,0,2,1693,29,0,58.37931034482759,9,0.034482758620689655,32,0,0,1,0,0,0,1,0,0,0,0,1,0,0,0,1,0,0
1977,35790.0,1,0,54,12,6,20,30,1,3,2,2,0,3,7,0,0,0,0,0,0,0,49,13,1,2,72,7,0,10.285714285714286,9,0.2857142857142857,14,0,1,0,0,0,0,0,1,0,0,0,1,0,0,0,0,0,0
1977,82582.0,0,0,54,510,120,550,156,40,241,1,4,9,7,1,1,0,0,1,0,0,1,49,12,0,1,1617,21,3,77.0,5,0.047619047619047616,22,0,1,0,0,0,1,0,0,0,0,0,0,0,0,0,1,0,0
1978,66373.0,1,1,57,328,9,124,12,24,109,7,4,2,10,3,0,0,0,0,0,0,0,48,13,2,4,606,23,0,26.347826086956523,7,0.30434782608695654,26,0,1,0,0,0,0,1,0,0,0,0,1,0,0,0,0,0,1
1955,82384.0,0,0,55,984,51,432,180,120,190,1,3,10,13,1,0,0,1,0,0,0,1,71,14,0,2,1957,27,2,72.48148148148148,4,0.037037037037037035,28,0,0,1,0,0,0,0,0,1,0,0,1,0,0,0,0,0,1
1966,70287.0,0,0,30,295,35,482,121,120,40,1,5,5,10,3,0,0,0,0,0,0,1,60,13,0,1,1093,21,1,52.04761904761905,8,0.047619047619047616,24,0,1,0,0,0,1,0,0,0,0,0,1,0,0,0,1,0,0
1988,27938.0,1,0,31,13,0,8,2,1,5,1,1,0,4,3,0,0,0,0,0,0,0,38,12,1,2,29,6,0,4.833333333333333,4,0.16666666666666666,9,0,1,0,0,0,0,0,1,0,0,0,1,0,0,0,0,0,1
1982,,1,0,57,11,3,22,2,2,6,2,2,0,3,6,0,0,0,0,0,0,0,44,13,1,2,46,7,0,6.571428571428571,8,0.2857142857142857,13,0,1,0,0,0,0,0,1,0,0,0,1,0,0,0,1,0,0
1968,55954.0,0,1,63,447,0,28,0,0,43,3,8,2,6,7,0,0,0,0,0,0,0,58,12,1,3,518,19,0,27.263157894736842,15,0.15789473684210525,26,0,0,0,1,0,0,1,0,0,0,0,0,1,0,0,0,0,1
1982,75777.0,0,0,12,712,26,538,69,13,80,1,3,6,11,1,0,1,1,0,0,0,1,44,13,0,1,1438,21,3,68.47619047619048,4,0.047619047619047616,22,0,0,1,0,0,0,0,1,0,0,0,1,0,0,0,0,0,1
1975,66653.0,1,1,18,452,18,102,16,18,6,4,4,2,12,3,0,0,0,0,0,0,0,51,14,2,4,612,22,0,27.818181818181817,7,0.18181818181818182,25,0,1,0,0,0,0,0,0,1,0,0,1,0,0,0,0,0,1
1952,61823.0,0,1,26,523,7,134,37,14,169,4,8,2,10,7,0,0,0,0,0,0,0,74,13,1,2,884,24,0,36.833333333333336,15,0.16666666666666666,31,0,1,0,0,0,0,0,1,0,0,0,1,0,0,0,0,0,1
1951,67680.0,0,1,8,546,0,48,0,6,6,1,7,3,8,5,0,0,0,0,0,0,0,75,13,1,2,606,19,0,31.894736842105264,12,0.05263157894736842,24,0,0,0,1,0,0,0,0,0,1,0,1,0,0,0,0,0,1
1948,70666.0,0,0,29,398,40,367,119,122,30,1,7,4,4,4,0,0,0,0,0,0,0,78,13,0,2,1076,16,0,67.25,11,0.0625,20,0,1,0,0,0,0,0,0,1,0,0,0,1,0,0,0,0,1
1971,25721.0,1,0,75,1,3,6,3,6,15,1,1,1,2,7,0,0,0,0,0,0,1,55,13,1,3,34,5,1,6.8,8,0.2,12,0,1,0,0,0,0,1,0,0,0,0,1,0,0,1,0,0,0
1967,32474.0,1,1,0,10,0,1,0,0,0,1,1,0,2,7,0,0,0,0,0,0,0,59,12,2,4,11,4,0,2.75,8,0.25,11,0,1,0,0,0,0,0,0,1,0,0,1,0,0,0,0,0,1
1979,88194.0,0,1,19,688,14,309,201,24,38,1,11,10,10,5,1,0,0,1,0,0,1,47,12,1,2,1274,32,3,39.8125,16,0.03125,37,0,0,0,0,0,0,0,1,0,0,0,0,1,0,0,0,0,1
1958,69096.0,0,1,4,247,49,159,7,82,109,1,5,2,10,4,0,0,0,0,0,0,0,68,13,1,3,653,18,0,36.27777777777778,9,0.05555555555555555,22,0,1,0,0,0,0,0,0,1,0,0,1,0,0,0,0,0,1
1970,74854.0,1,2,90,856,59,487,58,29,73,7,2,5,5,5,0,0,0,0,0,0,0,56,13,3,5,1562,19,0,82.21052631578948,7,0.3684210526315789,24,0,1,0,0,0,0,0,0,1,0,0,0,0,0,0,0,0,1
1954,66991.0,0,0,1,496,36,460,189,60,12,3,4,8,6,3,0,0,0,0,0,0,0,72,14,0,2,1253,21,0,59.666666666666664,7,0.14285714285714285,24,0,0,1,0,0,0,1,0,0,0,0,0,0,0,0,0,0,1
1973,,1,0,25,25,3,43,17,4,17,3,3,0,3,8,0,0,0,0,0,0,0,53,14,1,3,109,9,0,12.11111111111111,11,0.3333333333333333,17,0,0,0,0,0,0,1,0,0,0,0,0,1,0,0,1,0,0
1959,65031.0,0,1,29,258,107,291,84,37,86,4,10,3,13,7,0,0,0,0,0,0,0,67,13,1,3,863,30,0,28.766666666666666,17,0.13333333333333333,37,0,1,0,0,0,0,1,0,0,0,0,1,0,0,0,1,0,0
1975,60631.0,1,1,88,565,6,65,0,6,19,5,9,2,8,7,0,1,0,0,0,0,0,51,13,2,4,661,24,1,27.541666666666668,16,0.20833333333333334,31,0,0,0,1,0,0,1,0,0,0,0,0,1,0,0,0,0,1
1952,28332.0,0,0,58,14,10,13,4,15,9,1,2,1,4,2,0,0,0,0,0,0,0,74,12,0,2,65,8,0,8.125,4,0.125,10,0,1,0,0,0,0,1,0,0,0,0,1,0,0,0,0,1,0
1977,40246.0,1,0,68,2,1,6,2,1,1,1,1,0,2,6,0,0,0,0,0,0,0,49,14,1,2,13,4,0,3.25,7,0.25,10,0,1,0,0,0,1,0,0,0,0,0,1,0,0,0,1,0,0
1972,75251.0,0,0,34,721,111,925,97,18,18,1,7,6,5,5,0,0,0,0,0,0,1,54,14,0,2,1890,19,1,99.47368421052632,12,0.05263157894736842,24,0,0,1,0,0,0,1,0,0,0,0,0,1,0,0,1,0,0
1976,75825.0,0,0,40,1032,105,779,137,105,51,0,5,8,9,4,1,0,0,0,0,0,1,50,14,0,1,2209,22,2,100.4090909090909,9,0.0,26,0,1,0,0,0,0,0,1,0,0,0,1,0,0,0,0,0,1
1976,26326.0,0,0,12,1,0,5,0,3,9,1,0,0,3,3,0,0,0,0,0,1,0,50,13,0,2,18,4,0,4.5,3,0.25,7,0,0,0,0,0,0,0,0,1,0,0,1,0,0,1,0,0,0
1965,56046.0,0,0,9,577,0,64,0,0,51,2,10,1,8,8,1,0,0,0,0,0,1,61,13,0,2,692,21,2,32.95238095238095,18,0.09523809523809523,29,0,1,0,0,0,0,0,0,1,0,0,0,1,0,0,0,0,1
1985,29760.0,1,0,87,64,4,68,7,5,17,4,3,1,4,8,0,0,0,0,0,0,0,41,14,1,2,165,12,0,13.75,11,0.3333333333333333,20,0,1,0,0,0,0,0,1,0,0,0,1,0,0,0,1,0,0
1969,26304.0,1,0,5,4,1,5,2,0,4,1,1,0,2,7,0,0,0,0,0,0,0,57,13,1,3,16,4,0,4.0,8,0.25,11,0,1,0,0,0,0,1,0,0,0,0,1,0,0,0,1,0,0
1973,23559.0,1,0,87,25,5,19,7,0,23,3,3,0,3,7,0,0,0,0,0,0,0,53,13,1,3,79,9,0,8.777777777777779,10,0.3333333333333333,16,0,0,0,0,0,0,1,0,0,0,0,0,1,0,0,0,0,1
1963,38620.0,0,0,56,112,17,44,34,22,89,1,2,5,3,3,0,0,0,0,0,0,0,63,13,0,2,318,11,0,28.90909090909091,5,0.09090909090909091,14,0,0,1,0,0,0,0,0,1,0,0,0,0,0,0,0,0,1
1987,81361.0,0,0,18,163,23,424,27,65,76,1,3,10,13,1,0,0,0,0,0,0,0,39,12,0,1,778,27,0,28.814814814814813,4,0.037037037037037035,28,0,1,0,0,0,1,0,0,0,0,0,1,0,0,0,1,0,0
1960,29440.0,1,1,95,17,8,14,10,4,3,2,1,0,4,7,0,0,0,0,0,0,0,66,13,2,4,56,7,0,8.0,8,0.2857142857142857,14,0,1,0,0,0,0,1,0,0,0,0,1,0,0,0,0,0,1
1970,36138.0,1,1,48,130,0,16,0,0,5,5,3,1,4,7,0,1,0,0,0,0,0,56,13,2,4,151,13,1,11.615384615384615,10,0.38461538461538464,20,0,0,1,0,0,0,1,0,0,0,0,1,0,0,0,0,0,1
1957,50388.0,0,1,3,292,6,37,0,3,34,4,6,1,6,7,0,1,0,1,0,0,1,69,12,1,2,372,17,3,21.88235294117647,13,0.23529411764705882,24,0,1,0,0,0,0,0,1,0,0,0,0,1,0,0,0,0,1
1973,79593.0,0,0,70,350,60,568,110,133,145,1,5,6,7,2,0,0,1,0,0,0,0,53,12,0,2,1366,19,1,71.89473684210526,7,0.05263157894736842,21,0,1,0,0,0,0,1,0,0,0,0,1,0,0,0,1,0,0
1967,54178.0,0,1,79,135,9,39,4,0,7,1,2,2,5,2,0,0,0,0,0,0,0,59,12,1,3,194,10,0,19.4,4,0.1,12,0,1,0,0,0,0,0,0,1,0,0,1,0,0,0,0,0,1
1957,,2,1,4,230,42,192,49,37,53,12,7,2,8,9,0,0,0,0,0,0,0,69,14,3,5,603,29,0,20.79310344827586,16,0.41379310344827586,38,0,0,0,1,0,0,1,0,0,0,0,1,0,0,0,0,0,1
1957,,1,1,45,7,0,8,2,0,1,1,1,0,2,7,0,0,0,0,0,0,0,69,12,2,3,18,4,0,4.5,8,0.25,11,0,1,0,0,0,0,0,1,0,0,0,1,0,0,0,1,0,0
1973,,0,0,87,445,37,359,98,28,18,1,2,4,8,1,0,0,0,0,0,0,0,53,13,0,2,985,15,0,65.66666666666667,3,0.06666666666666667,16,0,0,1,0,0,0,0,0,1,0,0,1,0,0,0,0,0,1
1972,42394.0,1,0,69,15,2,10,0,1,4,1,1,0,3,7,0,0,0,0,0,0,0,54,12,1,2,32,5,0,6.4,8,0.2,12,0,0,1,0,0,0,0,1,0,0,0,1,0,0,0,0,0,1
1970,23626.0,1,0,84,27,2,14,0,0,0,3,3,1,3,5,0,0,0,0,0,0,0,56,12,1,3,43,10,0,4.3,8,0.3,15,0,0,0,1,0,0,1,0,0,0,0,0,1,0,0,0,0,1
1983,30096.0,1,0,30,5,3,11,12,5,9,1,2,0,3,6,0,0,0,0,0,0,0,43,12,1,3,45,6,0,7.5,8,0.16666666666666666,12,0,1,0,0,0,0,1,0,0,0,0,1,0,0,0,0,0,0
1960,47916.0,0,1,72,505,0,26,0,0,75,5,7,4,6,6,0,1,0,0,0,0,0,66,14,1,2,606,22,1,27.545454545454547,13,0.22727272727272727,28,0,1,0,0,0,0,0,0,0,1,0,0,1,0,0,0,0,1
1972,51813.0,1,1,37,51,2,7,0,1,2,2,2,0,3,7,0,0,0,0,0,0,0,54,13,2,3,63,7,0,9.0,9,0.2857142857142857,14,0,1,0,0,0,1,0,0,0,0,0,1,0,0,0,0,0,1
1951,78497.0,0,0,44,207,26,447,75,0,223,1,5,7,12,2,0,0,0,1,0,0,0,75,13,0,2,978,25,1,39.12,7,0.04,27,0,0,0,0,0,0,1,0,0,0,0,1,0,0,0,1,0,0
1983,50150.0,0,0,32,135,46,92,65,61,11,2,5,2,7,5,0,0,0,0,0,0,0,43,13,0,2,410,16,0,25.625,10,0.125,21,0,0,0,1,0,0,1,0,0,0,0,1,0,0,0,0,0,1
1960,47823.0,0,1,0,53,1,5,2,1,10,2,2,0,3,8,0,0,0,0,0,0,0,66,13,1,2,72,7,0,10.285714285714286,10,0.2857142857142857,15,0,0,0,0,0,0,0,1,0,0,0,1,0,0,0,0,0,1
1959,34554.0,0,1,43,41,1,6,2,0,5,2,2,0,3,6,0,0,0,0,0,0,0,67,12,1,2,55,7,0,7.857142857142857,8,0.2857142857142857,13,0,0,0,1,0,0,0,1,0,0,0,1,0,0,0,0,0,1
1979,85693.0,0,1,59,386,172,183,185,132,111,2,9,5,11,5,0,0,0,0,0,0,0,47,13,1,3,1169,27,0,43.2962962962963,14,0.07407407407407407,32,0,1,0,0,0,0,0,0,1,0,0,1,0,0,0,0,0,1
1945,65846.0,0,0,68,562,81,276,80,40,81,1,6,3,6,4,0,0,0,0,0,0,0,81,13,0,2,1120,16,0,70.0,10,0.0625,20,0,0,0,1,0,0,1,0,0,0,0,0,1,0,0,0,0,1
1959,87195.0,0,0,35,217,76,690,50,26,38,1,3,11,5,1,0,0,0,0,0,0,1,67,12,0,2,1097,20,1,54.85,4,0.05,21,0,1,0,0,0,0,1,0,0,0,0,0,0,0,0,1,0,0
1979,24594.0,1,0,94,1,3,6,10,0,9,1,1,0,3,5,0,0,0,0,0,0,0,47,13,1,3,29,5,0,5.8,6,0.2,10,1,0,0,0,0,0,0,0,1,0,0,1,0,0,0,0,0,0
1964,49096.0,1,1,15,144,1,32,2,1,7,4,4,1,4,7,0,0,0,0,0,0,0,62,13,2,4,187,13,0,14.384615384615385,11,0.3076923076923077,20,0,1,0,0,0,0,1,0,0,0,0,0,1,0,0,0,0,1
1969,52413.0,0,2,56,295,106,271,75,98,65,4,6,4,12,6,0,0,0,0,0,0,0,57,13,2,4,910,26,0,35.0,12,0.15384615384615385,32,0,1,0,0,0,0,1,0,0,0,0,1,0,0,0,0,0,1
1978,38557.0,1,0,17,76,3,31,4,4,27,2,3,1,3,7,0,0,0,0,0,0,0,48,14,1,2,145,9,0,16.11111111111111,10,0.2222222222222222,16,0,1,0,0,0,0,0,1,0,0,0,0,1,0,0,0,0,1
1960,89058.0,0,0,18,454,194,106,31,22,43,1,5,4,4,2,0,0,0,0,0,0,0,66,14,0,2,850,14,0,60.714285714285715,7,0.07142857142857142,16,0,0,1,0,0,0,1,0,0,0,0,0,1,0,0,0,0,1
1979,77298.0,0,1,46,425,115,292,23,35,79,1,6,6,11,3,0,0,0,0,0,0,0,47,13,1,3,969,24,0,40.375,9,0.041666666666666664,27,0,1,0,0,0,0,0,0,1,0,0,1,0,0,0,0,0,1
1991,68126.0,0,0,40,1332,17,311,23,51,86,1,7,4,5,9,0,1,0,0,0,0,1,35,14,0,1,1820,17,2,107.05882352941177,16,0.058823529411764705,26,0,0,0,1,0,0,0,1,0,0,0,0,1,0,0,0,0,1
1963,57288.0,0,1,27,527,0,21,0,0,60,3,8,1,8,6,0,1,0,0,0,0,0,63,12,1,3,608,20,1,30.4,14,0.15,26,0,0,1,0,0,0,0,0,1,0,0,0,1,0,0,0,0,1
1991,86037.0,0,0,95,490,44,125,29,20,22,1,6,7,11,3,0,1,1,0,0,0,1,35,13,0,1,730,25,3,29.2,9,0.04,28,0,1,0,0,0,0,0,1,0,0,0,1,0,0,0,0,0,1
1980,43974.0,1,0,19,378,0,101,0,0,72,5,6,4,6,7,0,0,0,0,0,0,0,46,14,1,3,551,21,0,26.238095238095237,13,0.23809523809523808,28,0,0,0,1,0,0,1,0,0,0,0,0,1,0,0,0,0,1
1962,50785.0,1,1,27,64,1,21,0,1,27,2,2,1,3,6,0,0,0,0,0,0,0,64,13,2,3,114,8,0,14.25,8,0.25,14,0,1,0,0,0,0,0,1,0,0,0,1,0,0,0,0,0,1
1970,90765.0,0,0,25,547,99,812,151,82,33,0,4,6,5,1,0,0,1,1,0,0,0,56,12,0,2,1724,15,2,114.93333333333334,5,0.0,16,0,1,0,0,0,0,1,0,0,0,0,0,0,0,0,1,0,0
1978,36550.0,1,0,74,47,90,94,123,103,120,5,9,1,5,9,0,0,0,0,0,0,0,48,13,1,3,577,20,0,28.85,18,0.25,29,0,0,0,0,0,0,1,0,0,0,0,0,1,0,0,0,0,0
1967,30753.0,1,1,85,12,5,25,0,9,30,2,1,1,3,5,0,0,0,0,0,0,0,59,13,2,4,81,7,0,11.571428571428571,6,0.2857142857142857,12,0,0,0,0,0,0,0,0,1,0,0,1,0,0,1,0,0,0
1969,21918.0,1,0,37,1,6,7,11,5,3,2,2,0,3,6,0,0,0,0,0,0,0,57,13,1,3,33,7,0,4.714285714285714,8,0.2857142857142857,13,0,1,0,0,0,0,0,0,1,0,0,1,0,0,0,0,0,0
1953,56129.0,0,1,65,320,48,133,39,72,48,4,6,2,10,4,0,0,0,0,0,0,0,73,13,1,3,660,22,0,30.0,10,0.18181818181818182,26,0,0,1,0,0,0,0,0,1,0,0,1,0,0,0,0,0,1
1967,32557.0,1,0,13,34,3,29,0,4,10,3,2,1,3,5,0,0,0,0,0,0,1,59,12,1,2,80,9,1,8.88888888888889,7,0.3333333333333333,14,0,0,1,0,0,0,0,1,0,0,0,1,0,0,0,0,0,1
1985,19510.0,2,0,63,9,0,7,3,4,7,2,1,0,3,7,0,0,0,0,0,0,0,41,13,2,4,30,6,0,5.0,8,0.3333333333333333,13,0,0,1,0,0,0,1,0,0,0,0,1,0,0,0,0,0,1
1976,30992.0,1,0,83,17,0,14,7,3,2,1,1,0,3,7,0,0,0,0,0,0,0,50,13,1,2,43,5,0,8.6,8,0.2,12,0,1,0,0,0,1,0,0,0,0,0,1,0,0,0,0,0,1
1983,101970.0,0,0,69,722,27,102,44,72,168,0,6,8,13,2,0,1,1,1,0,0,1,43,13,0,1,1135,27,4,42.03703703703704,8,0.0,29,0,1,0,0,0,0,0,1,0,0,0,1,0,0,0,0,0,1
1965,71488.0,0,0,87,162,33,124,40,28,172,2,3,4,7,1,0,0,0,0,0,0,0,61,13,0,2,559,16,0,34.9375,4,0.125,17,0,0,0,0,0,0,0,0,1,0,0,1,0,0,1,0,0,0
1984,79607.0,0,0,37,450,133,951,173,0,216,1,3,6,6,1,0,0,0,0,0,0,1,42,13,0,1,1923,16,1,120.1875,4,0.0625,17,0,1,0,0,0,0,0,1,0,0,0,0,0,0,0,1,0,0
1953,54348.0,1,1,51,70,0,16,0,0,4,2,2,0,4,6,0,0,0,0,0,0,0,73,12,2,4,90,8,0,11.25,8,0.25,14,0,0,1,0,0,0,1,0,0,0,0,1,0,0,0,0,0,1
1961,,0,1,23,352,0,27,10,0,15,3,6,1,7,6,0,0,0,0,0,0,0,65,13,1,3,404,17,0,23.764705882352942,12,0.17647058823529413,23,0,0,0,1,0,0,1,0,0,0,0,1,0,0,0,0,0,1
1956,77376.0,1,1,72,492,19,110,16,12,12,4,6,3,10,4,0,0,0,0,0,0,0,70,12,2,4,661,23,0,28.73913043478261,10,0.17391304347826086,27,0,0,0,1,0,0,0,0,1,0,0,1,0,0,0,0,0,1
1952,62998.0,0,1,10,120,58,73,65,89,58,5,5,4,5,5,0,0,0,0,0,0,0,74,13,1,3,463,19,0,24.36842105263158,10,0.2631578947368421,24,0,1,0,0,0,0,1,0,0,0,0,0,1,0,0,0,0,1
1958,61331.0,1,1,42,534,5,47,0,5,41,5,11,1,6,8,0,0,0,0,0,0,0,68,13,2,3,632,23,0,27.47826086956522,19,0.21739130434782608,31,0,0,1,0,1,0,0,0,0,0,0,0,1,0,0,0,0,1
1969,73448.0,0,0,10,236,106,189,23,41,130,1,7,2,9,4,0,0,0,0,0,0,0,57,12,0,2,725,19,0,38.1578947368421,11,0.05263157894736842,23,0,1,0,0,0,0,1,0,0,0,0,1,0,0,0,0,0,1
1963,,0,1,96,231,65,196,38,71,124,1,6,5,7,4,0,0,0,0,0,0,0,63,13,1,3,725,19,0,38.1578947368421,10,0.05263157894736842,23,0,1,0,0,0,0,1,0,0,0,0,1,0,0,0,0,0,1
1964,41551.0,1,1,51,220,0,33,3,0,23,5,5,1,5,8,0,0,0,0,0,0,0,62,13,2,4,279,16,0,17.4375,13,0.3125,24,0,0,0,1,0,0,1,0,0,0,0,0,1,0,0,0,0,1
1967,62981.0,0,0,21,796,14,590,38,44,0,1,4,5,13,3,0,1,0,0,0,0,0,59,13,0,2,1482,23,1,64.43478260869566,7,0.043478260869565216,26,0,0,0,1,0,0,0,0,1,0,0,1,0,0,0,0,0,1
1976,9548.0,1,0,31,0,1,3,10,6,9,2,1,0,3,8,0,0,0,0,0,0,0,50,14,1,2,29,6,0,4.833333333333333,9,0.3333333333333333,14,1,0,0,0,0,1,0,0,0,0,0,1,0,0,0,0,0,0
1959,33762.0,2,1,61,53,1,34,2,0,16,3,2,2,2,8,0,0,0,0,0,0,0,67,13,3,5,106,9,0,11.777777777777779,10,0.3333333333333333,17,0,0,0,1,0,0,1,0,0,0,0,0,1,0,0,0,0,1
1973,35860.0,1,1,37,15,0,8,4,2,20,2,1,1,2,5,1,0,0,0,0,0,1,53,12,2,3,49,6,2,8.166666666666666,6,0.3333333333333333,11,0,0,0,1,1,0,0,0,0,0,0,1,0,0,1,0,0,0
1965,36921.0,1,1,74,17,1,12,3,1,4,2,2,0,3,7,0,0,0,0,0,0,0,61,13,2,3,38,7,0,5.428571428571429,9,0.2857142857142857,14,0,0,0,1,0,1,0,0,0,0,0,1,0,0,0,0,0,1
1992,92859.0,0,0,46,962,61,921,52,61,20,1,5,4,12,2,0,0,0,0,0,0,0,34,14,0,1,2077,22,0,94.4090909090909,7,0.045454545454545456,24,0,0,1,0,0,0,0,1,0,0,0,1,0,0,0,0,0,1
1976,65104.0,0,1,4,738,0,232,13,20,50,2,3,5,7,7,0,0,0,0,0,0,1,50,13,1,3,1053,17,1,61.94117647058823,10,0.11764705882352941,24,0,0,1,0,0,0,0,0,1,0,0,1,0,0,0,0,0,1
1962,86111.0,0,0,73,399,28,756,36,40,126,1,5,7,10,2,0,0,0,0,0,0,0,64,13,0,2,1385,23,0,60.21739130434783,7,0.043478260869565216,25,0,1,0,0,0,0,1,0,0,0,0,1,0,0,0,1,0,0
1974,68352.0,0,1,47,614,16,132,43,33,33,3,8,5,9,6,0,0,0,0,0,0,0,52,13,1,2,871,25,0,34.84,14,0.12,31,0,0,0,1,0,0,0,1,0,0,0,1,0,0,0,0,0,1
1988,41883.0,1,0,13,32,34,41,73,16,116,3,4,2,3,7,0,0,0,0,0,0,0,38,13,1,3,312,12,0,26.0,11,0.25,19,0,1,0,0,0,0,0,0,1,0,0,0,1,0,1,0,0,0
1976,59809.0,0,2,36,598,16,141,32,41,49,3,3,3,6,8,0,0,0,0,0,0,0,50,14,2,4,877,15,0,58.46666666666667,11,0.2,23,0,1,0,0,0,0,1,0,0,0,0,1,0,0,0,0,0,1
1975,23957.0,1,0,47,2,1,18,20,11,16,1,2,0,3,6,0,0,0,0,0,0,1,51,14,1,3,68,6,1,11.333333333333334,8,0.16666666666666666,12,0,1,0,0,0,0,1,0,0,0,0,1,0,0,0,0,0,0
1981,38547.0,1,0,49,6,1,10,0,1,4,1,1,0,2,8,0,0,0,0,0,1,0,45,13,1,3,22,4,0,5.5,9,0.25,12,0,1,0,0,0,0,0,0,1,0,0,1,0,0,0,1,0,0
1973,35688.0,2,1,94,73,3,90,12,1,32,7,4,1,4,8,0,0,0,0,0,0,0,53,14,3,5,211,16,0,13.1875,12,0.4375,24,0,0,0,0,0,0,1,0,0,0,0,0,1,0,0,1,0,0
1966,49605.0,0,0,65,42,16,29,12,20,8,1,2,1,4,3,0,0,0,0,0,0,0,60,12,0,2,127,8,0,15.875,5,0.125,11,0,0,1,0,0,0,1,0,0,0,0,1,0,0,0,0,0,1
1953,59354.0,0,2,59,295,21,78,39,13,13,1,4,4,7,3,0,0,0,0,0,0,0,73,12,2,4,459,16,0,28.6875,7,0.0625,19,0,0,1,0,0,0,1,0,0,0,0,1,0,0,0,0,0,1
1969,65747.0,0,1,96,346,17,48,23,13,13,4,8,1,6,6,0,1,0,0,0,0,0,57,12,1,3,460,19,1,24.210526315789473,14,0.21052631578947367,25,0,1,0,0,0,0,1,0,0,0,0,0,1,0,0,0,0,1
1972,46344.0,0,1,28,233,20,57,8,20,91,4,7,1,5,7,0,0,0,0,0,0,0,54,14,1,3,429,17,0,25.235294117647058,14,0.23529411764705882,24,0,0,0,0,0,0,0,0,1,0,0,0,1,0,0,0,0,1
1988,34176.0,1,0,12,5,7,24,19,14,20,4,3,0,4,6,0,0,0,0,0,0,0,38,12,1,2,89,11,0,8.090909090909092,9,0.36363636363636365,17,0,1,0,0,1,0,0,0,0,0,0,1,0,0,0,1,0,0
1952,61010.0,0,1,57,888,0,57,0,0,76,2,8,5,11,5,0,0,0,0,0,0,0,74,14,1,3,1021,26,0,39.26923076923077,13,0.07692307692307693,31,0,0,0,1,0,0,0,0,1,0,0,1,0,0,0,0,0,1
1949,69372.0,0,0,10,997,26,269,34,13,42,1,10,4,6,4,0,1,1,0,0,0,1,77,13,0,2,1381,21,3,65.76190476190476,14,0.047619047619047616,25,0,1,0,0,0,0,0,0,1,0,0,0,1,0,0,0,0,1
1958,49967.0,0,1,4,212,6,69,4,12,3,3,6,1,5,7,0,0,0,0,0,0,0,68,13,1,2,306,15,0,20.4,13,0.2,22,0,1,0,0,0,0,0,1,0,0,0,0,1,0,0,0,0,1
1978,60199.0,1,2,49,8,1,7,2,0,0,1,0,0,3,4,0,0,0,0,0,0,0,48,13,3,4,18,4,0,4.5,4,0.25,8,0,1,0,0,0,0,0,1,0,0,0,1,0,0,0,0,0,1
1977,55375.0,0,1,3,42,11,57,10,28,14,1,1,1,6,2,0,0,0,0,0,0,0,49,13,1,3,162,9,0,18.0,3,0.1111111111111111,11,0,1,0,0,0,0,0,0,1,0,0,1,0,0,0,1,0,0
1955,80317.0,0,0,64,536,11,387,149,91,57,1,3,4,10,1,0,0,0,0,0,0,0,71,13,0,1,1231,18,0,68.38888888888889,4,0.05555555555555555,19,0,1,0,0,0,0,0,1,0,0,0,1,0,0,0,0,0,1
1958,30523.0,2,1,0,5,0,3,0,0,5,1,1,0,2,7,0,0,0,0,0,0,0,68,13,3,4,13,4,0,3.25,8,0.25,11,0,0,1,0,0,0,0,1,0,0,0,1,0,0,0,0,0,1
1945,70356.0,0,0,20,1349,16,249,43,16,33,2,10,6,9,6,0,0,0,0,0,0,0,81,14,0,2,1706,27,0,63.18518518518518,16,0.07407407407407407,33,0,0,0,1,0,0,1,0,0,0,0,0,1,0,0,0,0,1
1984,23228.0,1,0,91,53,3,49,7,4,5,4,3,0,4,8,0,0,0,0,0,0,0,42,12,1,3,121,11,0,11.0,11,0.36363636363636365,19,0,1,0,0,0,0,1,0,0,0,0,1,0,0,0,0,0,1
1975,74165.0,0,0,9,1001,12,240,16,12,12,1,5,4,10,2,0,0,0,0,0,0,0,51,13,0,1,1293,20,0,64.65,7,0.05,22,0,0,0,1,0,1,0,0,0,0,0,1,0,0,0,0,0,1
1973,157243.0,0,1,98,20,2,1582,1,2,1,15,0,22,0,0,0,0,0,0,0,0,0,53,12,1,3,1608,37,0,43.45945945945946,0,0.40540540540540543,37,0,0,0,1,0,0,1,0,0,0,0,0,0,0,0,1,0,0
1966,43482.0,2,1,83,18,1,32,6,3,28,3,2,0,4,6,0,0,0,0,0,0,0,60,13,3,5,88,9,0,9.777777777777779,8,0.3333333333333333,15,0,1,0,0,0,0,0,0,1,0,0,1,0,0,0,1,0,0
1953,62551.0,0,0,27,125,16,98,134,21,27,1,6,7,4,3,1,0,0,0,0,0,0,73,13,0,1,421,18,1,23.38888888888889,9,0.05555555555555555,21,0,1,0,0,0,1,0,0,0,0,0,0,0,0,0,0,0,0
1959,52332.0,0,0,63,212,5,33,7,0,2,1,3,2,6,4,0,1,0,0,0,0,0,67,13,0,1,259,12,1,21.583333333333332,7,0.08333333333333333,16,0,1,0,0,0,1,0,0,0,0,0,1,0,0,0,0,0,1
1988,66951.0,0,0,46,277,162,305,173,76,124,1,3,4,7,1,0,0,0,0,0,0,0,38,13,0,1,1117,15,0,74.46666666666667,4,0.06666666666666667,16,0,1,0,0,0,0,0,1,0,0,0,1,0,0,0,1,0,0
1957,26091.0,1,1,84,15,10,19,8,17,20,3,2,1,3,5,0,0,0,0,0,0,0,69,12,2,4,89,9,0,9.88888888888889,7,0.3333333333333333,14,0,1,0,0,0,0,0,0,1,0,0,1,0,0,1,0,0,0
1965,33456.0,1,1,58,7,3,10,8,1,7,2,1,0,3,7,0,0,0,0,0,0,0,61,12,2,4,36,6,0,6.0,8,0.3333333333333333,13,0,1,0,0,0,0,0,0,1,0,0,1,0,0,0,1,0,0
1982,28718.0,1,0,78,12,4,6,11,8,16,2,2,0,3,8,0,0,0,0,0,0,0,44,13,1,3,57,7,0,8.142857142857142,10,0.2857142857142857,15,0,1,0,0,0,0,1,0,0,0,0,1,0,0,1,0,0,0
1970,50447.0,2,0,4,85,7,24,2,3,27,1,3,1,3,6,0,0,0,0,0,0,0,56,12,2,4,148,8,0,18.5,9,0.125,14,0,1,0,0,0,0,1,0,0,0,0,0,1,0,0,0,0,1
1959,53537.0,1,1,17,81,0,6,0,0,6,2,2,1,3,5,0,0,0,0,0,0,0,67,12,2,4,93,8,0,11.625,7,0.25,13,0,0,0,1,0,0,0,0,1,0,0,1,0,0,0,0,0,1
1967,52074.0,0,1,77,59,0,12,0,0,48,1,2,2,2,4,1,0,0,0,0,0,0,59,12,1,2,119,7,1,17.0,6,0.14285714285714285,11,0,1,0,0,0,0,0,1,0,0,0,0,1,0,0,0,0,1
1975,80427.0,0,1,56,1149,71,449,69,71,26,1,11,8,8,5,0,0,0,0,0,0,0,51,14,1,3,1835,28,0,65.53571428571429,16,0.03571428571428571,33,0,0,0,1,0,0,1,0,0,0,0,0,1,0,0,0,0,1
1948,83837.0,0,0,79,847,66,119,86,89,111,1,9,10,5,4,0,1,0,1,0,0,1,78,14,0,2,1318,25,3,52.72,13,0.04,29,0,0,0,1,0,0,1,0,0,0,0,0,0,0,0,0,0,1
1970,38853.0,1,1,90,29,0,14,0,0,2,2,2,0,3,7,0,0,0,0,0,0,0,56,12,2,4,45,7,0,6.428571428571429,9,0.2857142857142857,14,0,0,0,1,0,0,1,0,0,0,0,1,0,0,0,0,0,1
1959,38285.0,2,1,96,2,0,5,2,0,1,1,0,0,3,2,0,0,0,0,0,0,0,67,12,3,5,10,4,0,2.5,2,0.25,6,0,1,0,0,0,0,0,0,1,0,0,1,0,0,0,1,0,0
1951,78497.0,0,0,44,207,26,447,75,0,223,1,5,7,12,2,0,0,0,1,0,0,0,75,13,0,2,978,25,1,39.12,7,0.04,27,0,0,0,0,0,0,1,0,0,0,0,1,0,0,0,1,0,0
1976,51650.0,0,1,81,152,3,22,2,5,7,1,4,1,4,5,0,0,0,0,0,0,0,50,12,1,3,191,10,0,19.1,9,0.1,15,0,0,0,1,0,0,1,0,0,0,0,0,1,0,0,0,0,1
1988,16248.0,1,0,77,12,11,10,3,12,9,3,2,1,3,6,0,0,0,0,0,0,0,38,12,1,3,57,9,0,6.333333333333333,8,0.3333333333333333,15,0,0,0,0,0,0,1,0,0,0,0,1,0,0,0,0,0,1
1946,66835.0,0,0,21,620,26,195,34,17,141,1,6,4,13,2,0,0,0,0,0,0,0,80,13,0,2,1033,24,0,43.041666666666664,8,0.041666666666666664,26,0,0,1,0,0,0,1,0,0,0,0,1,0,0,0,0,0,1
1984,30477.0,1,0,16,47,1,6,0,0,12,1,1,1,3,6,0,0,0,0,0,0,0,42,12,1,3,66,6,0,11.0,7,0.16666666666666666,12,0,0,1,0,0,0,1,0,0,0,0,1,0,0,0,0,0,1
1961,28249.0,0,0,80,1,9,7,2,14,10,1,2,0,3,6,0,0,0,0,0,0,0,65,12,0,2,43,6,0,7.166666666666667,8,0.16666666666666666,12,1,0,0,0,0,0,1,0,0,0,0,1,0,0,0,0,1,0
1983,25271.0,1,0,45,10,1,18,10,4,7,1,1,1,2,9,0,0,0,0,0,0,0,43,14,1,3,50,5,0,10.0,10,0.2,14,0,1,0,0,0,0,1,0,0,0,0,1,0,0,0,1,0,0
1970,32303.0,0,1,63,35,0,2,0,0,2,2,1,0,4,5,0,0,0,0,0,0,0,56,12,1,2,39,7,0,5.571428571428571,6,0.2857142857142857,12,0,0,0,1,0,0,0,1,0,0,0,1,0,0,0,0,0,1
1966,61286.0,0,1,34,356,0,107,19,9,117,2,7,1,8,5,0,0,0,0,0,0,0,60,13,1,3,608,18,0,33.77777777777778,12,0.1111111111111111,23,0,1,0,0,0,0,1,0,0,0,0,1,0,0,0,0,0,1
1976,74068.0,0,0,14,783,30,537,140,76,15,1,4,10,9,2,0,0,0,0,0,0,0,50,13,0,2,1581,24,0,65.875,6,0.041666666666666664,26,0,1,0,0,0,0,1,0,0,0,0,0,0,0,0,0,0,1
1964,45759.0,1,1,13,42,1,18,3,0,4,2,2,0,3,7,0,0,0,0,0,0,0,62,13,2,4,68,7,0,9.714285714285714,9,0.2857142857142857,14,0,0,0,1,0,0,1,0,0,0,0,1,0,0,0,0,0,1
1978,24882.0,1,0,52,1,4,10,29,0,36,1,1,1,2,6,1,0,0,0,0,0,0,48,14,1,3,80,5,1,16.0,7,0.2,11,1,0,0,0,0,0,0,0,1,0,0,1,0,0,1,0,0,0
1989,66973.0,0,0,98,466,22,432,147,113,102,1,8,7,12,3,0,0,0,0,0,0,0,37,13,0,2,1282,28,0,45.785714285714285,11,0.03571428571428571,31,0,0,0,1,0,0,0,0,1,0,0,1,0,0,0,0,0,1
1900,36640.0,1,0,99,15,6,8,7,4,25,1,2,1,2,5,0,0,0,0,0,1,0,126,13,1,2,65,6,0,10.833333333333334,7,0.16666666666666666,11,0,0,0,0,0,1,0,0,0,0,0,0,1,0,1,0,0,0
1988,38872.0,1,0,93,23,3,21,3,19,22,2,3,0,3,8,0,0,0,0,0,0,0,38,13,1,3,91,8,0,11.375,11,0.25,16,0,1,0,0,0,0,1,0,0,0,0,0,1,0,0,0,0,1
1973,51148.0,1,1,38,235,6,45,8,9,12,4,5,1,6,6,0,0,0,0,0,0,0,53,13,2,4,315,16,0,19.6875,11,0.25,22,0,1,0,0,0,0,1,0,0,0,0,1,0,0,0,0,0,1
1977,31353.0,1,1,24,10,0,10,3,1,7,2,1,1,2,8,0,0,0,0,0,0,0,49,13,2,4,31,6,0,5.166666666666667,9,0.3333333333333333,14,0,1,0,0,0,0,1,0,0,0,0,1,0,0,0,0,0,1
1980,69661.0,0,0,80,656,16,106,32,16,8,1,7,3,12,3,0,0,0,0,0,0,0,46,12,0,2,834,23,0,36.26086956521739,10,0.043478260869565216,26,0,0,1,0,0,0,1,0,0,0,0,1,0,0,0,0,0,1
1954,80067.0,0,0,82,519,17,813,27,173,51,1,4,6,6,2,0,0,1,0,0,0,0,72,13,0,2,1600,17,1,94.11764705882354,6,0.058823529411764705,19,0,1,0,0,0,0,1,0,0,0,0,0,0,0,0,1,0,0
1954,86718.0,0,0,20,344,189,482,50,33,172,1,5,6,5,2,0,0,0,0,0,0,0,72,13,0,2,1270,17,0,74.70588235294117,7,0.058823529411764705,19,0,1,0,0,0,0,1,0,0,0,0,0,0,0,0,1,0,0
1973,46854.0,1,1,81,96,1,79,7,1,79,6,5,1,3,8,1,0,0,0,0,0,1,53,12,2,3,263,15,2,17.533333333333335,13,0.4,23,0,0,0,1,0,0,0,1,0,0,0,0,1,0,0,0,0,1
1952,69142.0,0,1,50,448,4,34,6,4,39,3,8,1,7,5,0,1,0,0,0,0,0,74,12,1,2,535,19,1,28.157894736842106,13,0.15789473684210525,24,0,1,0,0,0,1,0,0,0,0,0,0,1,0,0,0,0,1
1968,75922.0,0,0,60,265,138,553,224,23,92,1,4,4,9,1,0,0,0,0,0,0,0,58,13,0,1,1295,18,0,71.94444444444444,5,0.05555555555555555,19,0,1,0,0,0,0,0,1,0,0,0,1,0,0,0,1,0,0
1978,63693.0,0,1,63,587,43,337,42,87,54,3,11,6,9,6,0,0,0,0,0,0,0,48,13,1,2,1150,29,0,39.6551724137931,17,0.10344827586206896,35,0,1,0,0,0,1,0,0,0,0,0,0,1,0,0,0,0,1
1977,102160.0,0,0,54,763,29,138,76,176,58,0,7,9,10,4,0,1,1,1,0,0,1,49,14,0,2,1240,26,4,47.69230769230769,11,0.0,30,0,0,0,1,0,0,0,0,1,0,0,1,0,0,0,0,0,1
1965,40637.0,1,1,72,22,0,13,0,0,3,2,1,0,3,7,0,0,0,0,0,0,0,61,13,2,3,38,6,0,6.333333333333333,8,0.3333333333333333,13,0,0,0,1,0,0,0,1,0,0,0,1,0,0,0,0,0,1
1984,18890.0,0,0,5,6,4,1,7,2,15,1,0,1,2,6,1,0,0,0,0,0,1,42,14,0,1,35,4,2,8.75,6,0.25,10,0,0,1,0,0,0,0,1,0,0,0,1,0,0,1,0,0,0
1988,29604.0,1,0,88,7,6,13,7,6,14,1,1,0,3,9,1,0,0,0,0,0,0,38,13,1,3,53,5,1,10.6,10,0.2,14,0,1,0,0,0,0,0,0,1,0,0,1,0,0,1,0,0,0
1963,48721.0,1,1,50,81,18,113,47,13,21,6,4,2,5,6,0,0,0,0,0,0,0,63,13,2,3,293,17,0,17.235294117647058,10,0.35294117647058826,23,0,0,1,0,0,1,0,0,0,0,0,1,0,0,0,1,0,0
1966,44794.0,0,1,99,54,0,7,0,0,4,1,2,0,3,6,0,0,0,0,0,0,0,60,12,1,3,65,6,0,10.833333333333334,8,0.16666666666666666,12,0,1,0,0,0,0,1,0,0,0,0,1,0,0,0,0,0,1
1954,64497.0,0,1,17,1170,48,320,42,32,192,5,11,4,9,8,1,0,0,0,0,0,1,72,14,1,2,1804,29,2,62.206896551724135,19,0.1724137931034483,37,0,1,0,0,0,1,0,0,0,0,0,0,1,0,0,0,0,1
1956,46097.0,0,1,11,72,24,68,65,4,8,5,3,1,6,4,0,0,0,0,0,0,0,70,13,1,3,241,15,0,16.066666666666666,7,0.3333333333333333,19,0,1,0,0,0,0,0,0,1,0,0,1,0,0,0,0,0,1
1954,77972.0,0,0,18,613,22,319,33,102,12,1,4,6,9,1,0,0,0,0,0,0,0,72,12,0,2,1101,20,0,55.05,5,0.05,21,0,1,0,0,0,0,0,0,1,0,0,1,0,0,0,0,0,1
1968,44377.0,1,1,70,224,0,30,0,0,10,8,5,1,5,8,0,0,0,0,0,0,0,58,14,2,4,264,19,0,13.894736842105264,13,0.42105263157894735,27,0,0,0,1,0,0,1,0,0,0,0,0,1,0,0,0,0,1
1974,46014.0,1,1,21,410,0,59,19,9,44,10,7,1,8,7,0,0,0,0,0,0,0,52,13,2,4,541,26,0,20.807692307692307,14,0.38461538461538464,33,0,0,1,0,0,0,0,0,1,0,0,1,0,0,0,0,0,1
1985,70951.0,0,0,66,239,10,554,254,87,54,1,3,4,9,1,0,0,0,0,0,0,0,41,13,0,2,1198,17,0,70.47058823529412,4,0.058823529411764705,18,0,1,0,0,0,0,1,0,0,0,0,1,0,0,0,1,0,0
1977,41443.0,1,0,79,171,7,171,25,19,89,6,8,1,5,8,0,0,0,0,0,0,0,49,12,1,3,482,20,0,24.1,16,0.3,28,0,1,0,0,0,0,1,0,0,0,0,0,1,0,0,0,0,1
1978,52195.0,2,1,2,12,0,4,0,0,1,1,1,0,2,8,0,0,0,0,0,0,0,48,12,3,4,17,4,0,4.25,9,0.25,12,0,0,0,0,0,0,0,1,0,0,0,1,0,0,0,0,0,1
1948,83790.0,0,0,81,1076,16,417,42,48,16,1,8,10,6,3,0,1,1,0,0,0,0,78,13,0,2,1615,25,2,64.6,11,0.04,28,0,0,1,0,0,0,1,0,0,0,0,0,0,0,0,0,0,1
1954,44551.0,0,1,24,182,4,33,0,0,66,2,4,1,5,7,0,0,0,0,0,0,0,72,13,1,2,285,12,0,23.75,11,0.16666666666666666,19,0,0,1,0,0,0,0,0,0,1,0,1,0,0,0,0,0,1
1980,69508.0,1,0,48,824,32,162,42,32,43,2,11,4,11,6,0,0,0,0,0,0,0,46,14,1,3,1135,28,0,40.535714285714285,17,0.07142857142857142,34,0,1,0,0,0,0,0,0,1,0,0,0,1,0,0,0,0,1
1988,45204.0,1,0,93,30,11,25,29,1,18,1,1,1,4,3,0,0,0,0,0,0,0,38,12,1,3,114,7,0,16.285714285714285,4,0.14285714285714285,10,0,0,0,0,0,0,0,0,1,0,0,1,0,0,0,0,0,1
1969,72460.0,0,0,56,377,10,540,80,30,10,1,3,5,7,1,0,0,0,0,0,0,0,57,13,0,2,1047,16,0,65.4375,4,0.0625,17,0,1,0,0,0,0,1,0,0,0,0,1,0,0,0,1,0,0
1970,77622.0,0,2,3,520,7,154,19,0,14,2,6,3,11,3,0,0,0,0,0,0,0,56,12,2,4,714,22,0,32.45454545454545,9,0.09090909090909091,25,0,0,0,1,0,0,0,0,1,0,0,1,0,0,0,0,0,1
1980,30732.0,1,0,44,155,1,25,0,1,3,4,4,1,4,8,0,0,0,0,0,0,0,46,13,1,3,185,13,0,14.23076923076923,12,0.3076923076923077,21,0,0,0,1,0,0,1,0,0,0,0,0,1,0,0,0,0,1
1962,63887.0,0,1,38,897,23,207,15,11,92,5,9,6,12,6,0,0,0,0,0,0,0,64,14,1,2,1245,32,0,38.90625,15,0.15625,38,0,1,0,0,0,1,0,0,0,0,0,1,0,0,0,0,0,1
1978,42011.0,1,0,46,131,0,16,2,1,39,4,3,1,4,8,0,0,0,0,0,0,0,48,13,1,3,189,12,0,15.75,11,0.3333333333333333,20,0,1,0,0,0,0,0,0,1,0,0,1,0,0,0,0,0,1
1976,51369.0,0,1,84,297,7,79,0,11,182,2,8,2,4,8,0,0,0,0,0,0,0,50,14,1,3,576,16,0,36.0,16,0.125,24,0,1,0,0,0,0,0,0,1,0,0,0,1,0,0,0,0,1
1952,51537.0,0,1,27,787,20,204,0,0,92,3,2,2,11,8,0,0,0,0,0,0,0,74,14,1,2,1103,18,0,61.27777777777778,10,0.16666666666666666,26,0,1,0,0,0,1,0,0,0,0,0,1,0,0,0,0,0,1
1972,79930.0,0,0,72,792,86,740,67,51,17,1,3,5,8,2,0,0,0,0,0,0,0,54,14,0,2,1753,17,0,103.11764705882354,5,0.058823529411764705,19,0,0,0,1,0,0,1,0,0,0,0,1,0,0,0,0,0,1
1986,34320.0,1,0,66,4,1,9,3,0,0,1,1,0,2,8,0,0,0,0,0,0,0,40,12,1,3,17,4,0,4.25,9,0.25,12,0,0,0,1,0,0,0,0,1,0,0,1,0,0,0,1,0,0
1966,37070.0,1,1,30,231,7,137,4,15,39,9,5,1,8,7,0,0,0,0,0,0,1,60,13,2,3,433,23,1,18.82608695652174,12,0.391304347826087,30,0,1,0,0,0,0,0,1,0,0,0,1,0,0,0,0,0,1
1962,81975.0,0,1,2,983,76,184,180,138,27,1,6,3,4,7,0,0,1,0,0,0,0,64,13,1,2,1588,14,1,113.42857142857143,13,0.07142857142857142,21,0,0,0,0,0,1,0,0,0,0,0,0,1,0,0,0,0,1
1971,38590.0,1,0,65,3,1,8,4,3,3,1,1,0,2,8,0,0,0,0,0,0,0,55,13,1,3,22,4,0,5.5,9,0.25,12,0,1,0,0,0,0,0,0,1,0,0,1,0,0,0,1,0,0
1951,15033.0,0,0,37,0,4,5,6,0,4,1,1,0,3,3,0,0,0,0,0,0,0,75,12,0,1,19,5,0,3.8,4,0.2,8,0,1,0,0,0,0,0,1,0,0,0,1,0,0,0,0,0,0
1965,62745.0,0,1,89,562,21,464,28,10,32,3,7,8,11,5,0,0,0,0,0,0,0,61,13,1,3,1117,29,0,38.51724137931034,12,0.10344827586206896,34,0,0,0,1,0,0,1,0,0,0,0,1,0,0,0,0,0,1
1975,22212.0,1,0,49,5,9,20,6,8,21,2,2,0,4,6,0,0,0,0,0,0,0,51,13,1,3,69,8,0,8.625,8,0.25,14,0,0,0,0,0,0,1,0,0,0,0,1,0,0,1,0,0,0
1982,23661.0,1,0,46,18,0,4,0,0,1,1,1,0,3,7,0,0,0,0,0,0,0,44,13,1,3,23,5,0,4.6,8,0.2,12,0,0,1,0,0,0,0,0,1,0,0,1,0,0,0,0,0,1
1958,79761.0,0,1,32,415,5,124,15,35,11,1,5,2,11,3,0,0,0,0,0,0,0,68,13,1,2,605,19,0,31.842105263157894,8,0.05263157894736842,22,0,0,0,1,0,0,0,1,0,0,0,1,0,0,0,0,0,1
1973,7500.0,1,0,54,5,3,10,12,7,20,4,3,1,3,7,0,0,0,0,0,0,0,53,13,1,2,57,11,0,5.181818181818182,10,0.36363636363636365,18,0,1,0,0,0,0,0,1,0,0,0,0,1,0,1,0,0,0
1893,60182.0,0,1,23,8,0,5,7,0,2,1,1,0,2,4,0,0,0,0,0,0,0,133,12,1,2,22,4,0,5.5,5,0.25,8,0,0,0,0,0,0,0,1,0,0,0,1,0,0,0,0,0,1
1968,73455.0,0,0,98,901,61,757,186,163,20,1,6,5,10,3,0,1,0,0,0,0,0,58,13,0,1,2088,22,1,94.9090909090909,9,0.045454545454545456,25,0,1,0,0,0,0,0,0,0,1,0,1,0,0,0,0,0,1
1958,64961.0,0,1,97,382,114,276,75,124,38,2,6,4,4,3,0,0,0,0,0,0,0,68,14,1,3,1009,16,0,63.0625,9,0.125,19,0,1,0,0,0,0,0,0,1,0,0,0,1,0,0,0,0,1
1971,22804.0,1,0,75,14,1,7,2,1,1,1,2,0,2,9,0,0,0,0,0,0,0,55,13,1,2,26,5,0,5.2,11,0.2,14,0,1,0,0,0,0,0,1,0,0,0,0,1,0,0,0,0,1
1990,73687.0,0,0,8,559,153,503,218,13,181,1,3,9,9,2,0,0,0,1,0,0,1,36,13,0,2,1627,22,2,73.95454545454545,5,0.045454545454545456,24,0,1,0,0,0,0,1,0,0,0,0,0,0,0,0,0,0,1
1958,61074.0,0,1,37,789,0,133,0,28,152,7,11,5,8,7,0,0,0,0,0,0,0,68,14,1,3,1102,31,0,35.54838709677419,18,0.22580645161290322,38,0,1,0,0,0,0,1,0,0,0,0,0,1,0,0,0,0,1
1964,31686.0,1,1,31,11,0,5,0,0,1,2,1,0,3,6,0,0,0,0,0,0,0,62,12,2,4,17,6,0,2.8333333333333335,7,0.3333333333333333,12,0,0,0,1,0,0,1,0,0,0,0,1,0,0,0,0,0,1
1972,80134.0,1,0,40,1218,16,272,104,0,80,2,5,3,6,6,0,1,1,1,0,0,1,54,13,1,3,1690,16,4,105.625,11,0.125,22,0,1,0,0,0,0,1,0,0,0,0,1,0,0,0,0,0,1
1953,75027.0,0,1,74,925,64,179,133,12,77,2,9,4,6,5,0,0,0,0,0,0,0,73,13,1,3,1390,21,0,66.19047619047619,14,0.09523809523809523,26,0,1,0,0,0,0,1,0,0,0,0,0,1,0,0,0,0,1
1988,67546.0,0,0,90,864,134,768,150,38,172,1,4,10,5,3,0,0,0,0,0,0,0,38,14,0,2,2126,20,0,106.3,7,0.05,23,0,0,0,1,0,0,1,0,0,0,0,0,0,0,0,0,0,1
1969,65176.0,0,1,57,960,28,183,220,70,70,4,9,6,6,6,0,0,0,0,0,0,0,57,14,1,3,1531,25,0,61.24,15,0.16,31,0,0,1,0,0,0,0,0,1,0,0,0,1,0,0,0,0,1
1975,31160.0,1,0,59,16,3,25,6,1,13,2,2,0,3,8,0,0,0,0,0,0,0,51,13,1,2,64,7,0,9.142857142857142,10,0.2857142857142857,15,0,0,1,0,0,0,0,1,0,0,0,1,0,0,0,1,0,0
1985,29938.0,1,0,52,3,3,7,0,2,11,2,1,0,3,6,0,0,0,0,0,0,0,41,13,1,2,26,6,0,4.333333333333333,7,0.3333333333333333,12,0,1,0,0,0,0,0,1,0,0,0,1,0,0,1,0,0,0
1974,102692.0,0,0,5,168,148,444,32,172,148,1,6,9,13,2,0,1,1,1,1,0,1,52,13,0,1,1112,29,5,38.3448275862069,8,0.034482758620689655,31,0,1,0,0,0,1,0,0,0,0,0,1,0,0,0,1,0,0
1958,26490.0,0,0,92,45,47,52,21,20,25,2,3,1,5,6,0,0,0,0,0,0,0,68,14,0,2,210,11,0,19.09090909090909,9,0.18181818181818182,17,0,0,0,0,0,0,0,0,1,0,0,1,0,0,0,1,0,0
1967,75702.0,1,1,77,650,28,353,45,42,30,5,4,6,11,8,0,0,0,0,0,0,0,59,14,2,4,1148,26,0,44.15384615384615,12,0.19230769230769232,34,0,1,0,0,0,0,0,0,1,0,0,1,0,0,0,0,0,1
1974,30899.0,1,0,35,24,0,8,0,0,1,2,1,0,3,6,0,0,0,0,0,0,0,52,14,1,2,33,6,0,5.5,7,0.3333333333333333,12,0,0,0,1,0,0,0,1,0,0,0,1,0,0,0,0,0,1
1961,63342.0,0,1,48,918,21,118,13,10,21,3,8,3,5,6,0,1,0,0,0,0,0,65,14,1,3,1101,19,1,57.94736842105263,14,0.15789473684210525,25,0,0,0,1,0,0,0,0,1,0,0,0,1,0,0,0,0,1
1964,45989.0,0,1,97,138,33,87,28,24,12,4,3,2,7,3,0,0,0,0,0,0,0,62,14,1,2,322,16,0,20.125,6,0.25,19,0,1,0,0,0,0,0,1,0,0,0,1,0,0,0,0,0,1
1964,18701.0,1,1,95,12,4,2,10,6,10,4,2,0,4,5,0,0,0,0,0,0,0,62,13,2,3,44,10,0,4.4,7,0.4,15,0,1,0,0,0,0,0,1,0,0,0,1,0,0,0,0,0,1
1957,40737.0,2,1,24,11,0,4,0,0,2,1,1,0,2,8,0,0,0,0,0,0,0,69,13,3,4,17,4,0,4.25,9,0.25,12,0,0,0,1,0,0,0,1,0,0,0,1,0,0,0,0,0,1
1979,15287.0,1,0,60,1,2,8,4,3,13,2,1,1,2,7,1,0,0,0,0,0,1,47,14,1,2,31,6,2,5.166666666666667,8,0.3333333333333333,13,0,1,0,0,0,1,0,0,0,0,0,1,0,0,1,0,0,0
1968,69674.0,0,2,46,554,41,215,11,0,24,3,10,2,10,5,0,0,0,0,0,0,0,58,13,2,3,845,25,0,33.8,15,0.12,30,0,0,0,1,0,1,0,0,0,0,0,0,1,0,0,0,0,1
1970,44159.0,1,0,85,167,2,62,24,13,7,4,4,1,6,5,0,0,0,0,0,0,0,56,12,1,3,275,15,0,18.333333333333332,9,0.26666666666666666,20,0,0,1,0,0,0,1,0,0,0,0,1,0,0,0,0,0,1
1978,37717.0,1,0,31,9,0,6,4,1,5,1,1,0,2,9,0,0,0,0,0,0,0,48,14,1,3,25,4,0,6.25,10,0.25,13,0,0,0,1,0,0,1,0,0,0,0,1,0,0,0,0,0,1
1952,43776.0,1,1,9,177,2,71,3,2,20,6,5,2,4,8,0,0,0,0,0,0,1,74,13,2,4,275,17,1,16.176470588235293,13,0.35294117647058826,25,0,0,1,0,0,0,0,0,1,0,0,0,1,0,0,0,0,1
1966,38179.0,1,1,30,38,4,22,4,2,20,4,3,1,3,7,0,0,0,0,0,0,0,60,13,2,4,90,11,0,8.181818181818182,10,0.36363636363636365,18,0,0,1,0,0,0,1,0,0,0,0,0,1,0,0,0,0,1
1963,80124.0,0,0,47,483,84,398,205,84,241,1,3,7,8,1,1,0,0,0,0,0,0,63,12,0,2,1495,19,1,78.6842105263158,4,0.05263157894736842,20,0,1,0,0,0,0,1,0,0,0,0,1,0,0,0,0,0,1
1970,38097.0,1,1,70,77,2,35,0,1,69,4,3,2,2,7,1,0,0,0,0,0,1,56,14,2,4,184,11,2,16.727272727272727,10,0.36363636363636365,18,0,0,0,1,0,0,1,0,0,0,0,0,1,0,0,0,0,1
1970,72940.0,0,0,13,182,74,298,162,149,116,1,3,3,6,1,0,0,0,0,0,0,0,56,13,0,2,981,13,0,75.46153846153847,4,0.07692307692307693,14,0,1,0,0,0,0,1,0,0,0,0,1,0,0,0,1,0,0
1970,22070.0,1,0,11,10,7,19,8,2,21,2,2,2,2,6,0,0,0,0,0,0,0,56,13,1,3,67,8,0,8.375,8,0.25,14,0,1,0,0,0,0,0,0,1,0,0,0,1,0,1,0,0,0
1953,69267.0,0,0,31,778,44,499,95,73,146,2,3,4,5,7,0,0,0,0,0,0,1,73,14,0,1,1635,14,1,116.78571428571429,10,0.14285714285714285,21,0,1,0,0,0,0,0,1,0,0,0,1,0,0,0,0,0,1
1983,31788.0,1,0,15,16,7,23,0,8,6,3,3,0,4,5,0,0,0,0,0,1,0,43,12,1,2,60,10,0,6.0,8,0.3,15,0,0,1,0,0,0,0,1,0,0,0,1,0,0,0,1,0,0
1975,61905.0,0,1,2,167,0,43,6,2,13,2,4,2,4,5,0,0,0,0,0,0,0,51,12,1,3,231,12,0,19.25,9,0.16666666666666666,17,0,0,0,1,0,0,0,0,1,0,0,0,1,0,0,0,0,1
1960,29315.0,1,1,55,13,2,14,8,7,4,4,2,0,4,6,0,0,0,0,0,0,0,66,12,2,4,48,10,0,4.8,8,0.4,16,0,1,0,0,0,0,1,0,0,0,0,1,0,0,0,1,0,0
1963,33378.0,1,1,38,33,6,40,3,7,10,3,2,0,4,7,0,0,0,0,0,0,0,63,13,2,3,99,9,0,11.0,9,0.3333333333333333,16,0,1,0,0,0,1,0,0,0,0,0,1,0,0,0,1,0,0
1963,66313.0,0,1,86,625,7,99,10,22,7,2,6,3,12,4,0,0,0,0,0,0,0,63,13,1,3,770,23,0,33.47826086956522,10,0.08695652173913043,27,0,0,0,1,0,0,0,0,1,0,0,1,0,0,0,0,0,1
1956,60714.0,0,0,56,216,162,224,101,92,162,2,7,4,10,5,0,0,0,0,0,0,1,70,13,0,1,957,23,1,41.608695652173914,12,0.08695652173913043,28,0,1,0,0,0,0,0,1,0,0,0,1,0,0,0,1,0,0
1981,77882.0,0,0,29,68,129,396,188,22,15,1,3,3,5,1,0,0,0,0,0,0,0,45,12,0,2,818,12,0,68.16666666666667,4,0.08333333333333333,13,0,0,1,0,0,0,0,0,1,0,0,1,0,0,0,1,0,0
1986,69867.0,0,0,30,196,0,512,33,130,54,1,3,5,8,1,0,0,0,1,0,0,1,40,13,0,1,925,17,2,54.411764705882355,4,0.058823529411764705,18,0,0,0,1,0,0,0,1,0,0,0,1,0,0,0,1,0,0
1968,63841.0,0,1,64,635,15,100,20,7,131,1,9,3,9,6,0,0,0,0,0,0,0,58,13,1,2,908,22,0,41.27272727272727,15,0.045454545454545456,28,0,0,1,0,0,1,0,0,0,0,0,0,1,0,0,0,0,1
1981,24480.0,1,0,46,4,19,9,28,25,17,3,3,0,4,7,0,0,0,0,0,0,0,45,13,1,3,102,10,0,10.2,10,0.3,17,1,0,0,0,0,0,1,0,0,0,0,1,0,0,0,0,0,0
1976,51369.0,0,1,84,297,7,79,0,11,182,2,8,2,4,8,0,0,0,0,0,0,0,50,14,1,3,576,16,0,36.0,16,0.125,24,0,1,0,0,0,0,0,0,1,0,0,0,1,0,0,0,0,1
1946,37760.0,0,0,20,84,5,38,150,12,28,2,4,1,6,7,0,0,0,0,0,0,0,80,14,0,2,317,13,0,24.384615384615383,11,0.15384615384615385,20,0,1,0,0,0,0,0,0,1,0,0,1,0,0,0,0,0,0
1974,65640.0,0,1,74,204,7,149,20,15,66,1,5,1,8,2,0,0,0,0,0,0,0,52,12,1,3,461,15,0,30.733333333333334,7,0.06666666666666667,17,0,0,0,1,0,0,0,0,1,0,0,1,0,0,0,0,0,1
1975,44319.0,1,1,18,26,0,8,0,0,3,2,2,0,3,5,0,0,0,0,0,0,0,51,12,2,4,37,7,0,5.285714285714286,7,0.2857142857142857,12,0,0,1,0,0,0,1,0,0,0,0,1,0,0,0,0,0,1
1974,30631.0,1,0,75,15,6,20,4,5,20,1,3,1,2,7,0,0,0,0,0,0,0,52,13,1,3,70,7,0,10.0,10,0.14285714285714285,14,0,1,0,0,0,0,1,0,0,0,0,0,1,0,0,1,0,0
1952,75278.0,0,0,17,304,98,230,150,74,74,1,6,3,13,3,0,0,0,0,0,0,0,74,13,0,2,930,23,0,40.43478260869565,9,0.043478260869565216,26,0,1,0,0,0,0,0,0,1,0,0,1,0,0,0,0,0,1
1956,50898.0,1,1,88,285,28,242,55,114,135,13,6,2,12,5,0,0,0,0,0,0,0,70,13,2,4,859,33,0,26.03030303030303,11,0.3939393939393939,38,0,0,1,0,0,0,0,0,1,0,0,1,0,0,0,0,0,1
1966,79946.0,0,0,19,395,183,565,166,141,28,1,5,11,5,3,0,0,0,0,0,0,0,60,12,0,1,1478,22,0,67.18181818181819,8,0.045454545454545456,25,0,1,0,0,0,0,0,0,0,1,0,0,0,0,0,1,0,0
1949,35416.0,0,0,62,248,3,81,4,3,51,3,7,1,5,8,0,0,0,0,0,0,0,77,13,0,1,390,16,0,24.375,15,0.1875,24,0,0,1,0,0,1,0,0,0,0,0,0,1,0,0,0,0,1
1984,32414.0,0,0,11,20,6,5,0,9,12,1,1,0,3,7,1,0,0,0,0,0,0,42,13,0,2,52,5,1,10.4,8,0.2,12,0,0,0,0,0,0,0,0,1,0,0,1,0,0,0,0,0,1
1969,38361.0,1,0,74,39,0,56,20,8,14,3,3,1,3,7,0,0,0,0,0,0,0,57,13,1,3,137,10,0,13.7,10,0.3,17,0,1,0,0,0,0,0,0,1,0,0,0,1,0,0,1,0,0
1980,82497.0,0,0,32,777,129,573,216,21,203,1,2,7,9,4,0,0,1,0,0,0,0,46,14,0,2,1919,19,1,101.0,6,0.05263157894736842,23,0,1,0,0,0,0,1,0,0,0,0,1,0,0,0,0,0,1
1971,16626.0,2,0,76,8,3,22,21,1,13,3,3,0,3,9,0,0,0,0,0,0,0,55,12,2,4,68,9,0,7.555555555555555,12,0.3333333333333333,18,0,1,0,0,0,0,0,0,1,0,0,0,1,0,0,1,0,0
1965,29672.0,1,1,6,9,1,3,0,4,8,1,0,0,3,6,0,0,0,0,0,0,0,61,13,2,4,25,4,0,6.25,6,0.25,10,0,1,0,0,0,0,0,0,1,0,0,1,0,0,0,0,0,1
1952,55951.0,0,1,62,1241,0,80,0,13,40,3,3,6,11,8,0,1,0,0,1,0,0,74,14,1,3,1374,23,2,59.73913043478261,11,0.13043478260869565,31,0,0,1,0,0,0,0,0,1,0,0,1,0,0,0,0,0,1
1988,35388.0,1,0,20,6,4,7,4,3,8,1,1,0,3,7,0,0,0,0,0,0,0,38,13,1,2,32,5,0,6.4,8,0.2,12,0,0,0,0,0,1,0,0,0,0,0,1,0,0,1,0,0,0
1986,42386.0,1,0,43,65,4,16,0,4,11,1,3,0,3,8,0,0,0,0,0,0,0,40,13,1,3,100,7,0,14.285714285714286,11,0.14285714285714285,15,0,0,1,0,0,0,0,0,1,0,0,0,1,0,0,0,0,1
1982,68627.0,0,0,45,395,15,263,60,54,38,1,2,3,6,1,0,0,0,0,0,0,0,44,13,0,1,825,12,0,68.75,3,0.08333333333333333,13,0,1,0,0,0,0,0,1,0,0,0,1,0,0,0,0,0,1
1965,57912.0,0,1,34,801,0,80,0,0,35,5,8,3,12,5,0,1,0,0,0,0,0,61,12,1,2,916,28,1,32.714285714285715,13,0.17857142857142858,33,0,0,0,1,0,1,0,0,0,0,0,1,0,0,0,0,0,1
1958,35246.0,1,1,53,36,0,12,2,2,10,4,3,1,3,5,0,0,0,0,0,0,0,68,12,2,3,62,11,0,5.636363636363637,8,0.36363636363636365,16,0,1,0,0,0,1,0,0,0,0,0,0,1,0,0,0,0,1
1956,58821.0,0,1,44,513,14,154,19,0,28,1,9,2,9,6,0,0,0,0,0,0,0,70,13,1,3,728,21,0,34.666666666666664,15,0.047619047619047616,27,0,0,0,0,0,0,0,0,1,0,0,0,1,0,0,0,0,1
1978,46377.0,1,0,89,37,0,46,4,3,0,1,2,1,3,4,0,0,0,0,0,0,0,48,12,1,3,90,7,0,12.857142857142858,6,0.14285714285714285,11,0,0,0,1,0,0,1,0,0,0,0,1,0,0,0,1,0,0
1988,39747.0,1,0,43,80,15,93,20,13,52,3,5,1,4,8,0,0,0,0,0,0,0,38,12,1,2,273,13,0,21.0,13,0.23076923076923078,21,0,1,0,0,0,0,0,1,0,0,0,0,1,0,0,1,0,0
1984,23976.0,1,0,68,14,1,21,2,3,25,3,3,1,3,7,0,0,0,0,0,0,0,42,13,1,3,66,10,0,6.6,10,0.3,17,0,1,0,0,0,0,0,0,1,0,0,0,1,0,1,0,0,0
1961,80950.0,0,0,44,525,147,112,219,147,63,1,6,7,9,2,0,0,0,1,0,0,0,65,13,0,2,1213,23,1,52.73913043478261,8,0.043478260869565216,25,0,0,1,0,0,0,1,0,0,0,0,1,0,0,0,0,0,1
1966,27038.0,0,0,64,1,26,25,17,23,15,1,3,0,3,9,0,0,0,0,0,0,1,60,14,0,1,107,7,1,15.285714285714286,12,0.14285714285714285,16,0,1,0,0,0,0,0,0,0,1,0,0,1,1,0,0,0,0
1947,77457.0,0,0,85,675,11,400,15,45,11,1,2,5,10,1,0,0,1,0,0,0,0,79,12,0,1,1157,18,1,64.27777777777777,3,0.05555555555555555,19,0,1,0,0,0,0,0,1,0,0,0,1,0,0,0,0,0,1
1964,64100.0,0,1,93,509,0,27,0,0,10,1,8,3,6,7,0,1,0,0,0,0,0,62,13,1,3,546,18,1,30.333333333333332,15,0.05555555555555555,25,0,0,1,0,0,0,1,0,0,0,0,0,1,0,0,0,0,1
1992,42670.0,0,0,12,154,2,46,20,4,15,1,4,2,4,4,0,0,0,0,0,0,0,34,13,0,2,241,11,0,21.90909090909091,8,0.09090909090909091,15,0,0,1,0,0,0,0,0,1,0,0,0,1,0,0,0,0,1
1976,12571.0,1,0,86,3,5,14,2,12,17,4,3,1,3,6,0,0,0,0,0,0,0,50,12,1,2,53,11,0,4.818181818181818,9,0.36363636363636365,17,0,1,0,0,0,1,0,0,0,0,0,0,1,0,1,0,0,0
1967,22574.0,2,1,28,25,0,8,2,0,2,2,2,0,3,7,0,0,0,0,0,0,0,59,13,3,5,37,7,0,5.285714285714286,9,0.2857142857142857,14,0,1,0,0,0,0,1,0,0,0,0,1,0,0,0,0,0,1
1989,,0,0,69,861,138,461,60,30,61,1,6,5,12,3,0,1,0,1,0,0,0,37,13,0,2,1611,24,2,67.125,9,0.041666666666666664,27,0,1,0,0,0,0,1,0,0,0,0,1,0,0,0,0,0,1
1976,70893.0,0,0,42,768,44,561,77,44,14,1,6,6,10,3,0,0,0,0,0,0,0,50,13,0,1,1508,23,0,65.56521739130434,9,0.043478260869565216,26,0,0,1,0,0,0,0,1,0,0,0,1,0,0,0,0,0,1
1966,54198.0,1,1,13,185,0,28,3,2,17,6,3,1,6,4,0,0,0,0,0,0,0,60,13,2,4,235,16,0,14.6875,7,0.375,20,0,1,0,0,0,0,1,0,0,0,0,1,0,0,0,0,0,1
1956,28839.0,1,1,86,24,0,7,0,0,1,2,2,0,3,5,0,0,0,0,0,0,0,70,12,2,4,32,7,0,4.571428571428571,7,0.2857142857142857,12,0,0,1,0,0,0,0,0,1,0,0,1,0,0,0,0,0,1
1972,40321.0,1,1,59,44,4,21,6,0,27,2,3,0,3,7,0,0,0,0,0,0,0,54,13,2,4,102,8,0,12.75,10,0.25,15,0,1,0,0,0,0,1,0,0,0,0,0,1,0,0,0,0,1
1985,66503.0,1,0,30,91,64,128,65,3,50,2,4,3,6,3,0,0,0,0,0,0,0,41,14,1,2,401,15,0,26.733333333333334,7,0.13333333333333333,18,0,1,0,0,0,0,0,1,0,0,0,1,0,0,0,1,0,0
1951,30833.0,1,1,33,11,0,7,3,1,6,2,1,0,3,5,0,0,0,0,0,0,0,75,13,2,4,28,6,0,4.666666666666667,6,0.3333333333333333,11,0,1,0,0,0,0,1,0,0,0,0,1,0,0,0,0,0,1
1970,,1,2,67,738,20,172,52,50,20,6,2,3,10,7,0,1,0,1,0,0,0,56,13,3,4,1052,21,2,50.095238095238095,9,0.2857142857142857,28,0,1,0,0,0,0,0,1,0,0,0,1,0,0,0,0,0,1
1971,64795.0,0,1,23,412,5,119,38,29,77,3,3,3,12,2,0,0,0,0,0,0,0,55,13,1,3,680,21,0,32.38095238095238,5,0.14285714285714285,23,0,1,0,0,0,0,1,0,0,0,0,1,0,0,0,0,0,1
1974,34421.0,1,0,81,3,3,7,6,2,9,1,1,0,2,7,0,0,0,0,0,0,0,52,13,1,3,30,4,0,7.5,8,0.25,11,0,1,0,0,0,0,1,0,0,0,0,1,0,0,1,0,0,0
1965,47025.0,1,1,6,16,0,3,0,0,1,1,1,0,2,7,0,0,0,0,0,0,0,61,12,2,3,20,4,0,5.0,8,0.25,11,0,0,0,1,0,1,0,0,0,0,0,1,0,0,0,0,0,1
1961,64325.0,0,1,41,731,60,353,78,12,73,5,10,3,5,7,0,0,0,0,0,0,0,65,13,1,2,1307,23,0,56.82608695652174,17,0.21739130434782608,30,0,0,0,1,0,1,0,0,0,0,0,0,1,0,0,0,0,1
1953,40464.0,0,1,78,424,17,118,7,23,41,6,8,2,8,8,0,0,0,0,0,0,0,73,13,1,2,630,24,0,26.25,16,0.25,32,0,1,0,0,0,0,0,1,0,0,0,0,1,0,0,0,0,1
1957,62187.0,0,0,49,792,0,275,45,45,126,1,4,8,5,3,0,0,0,0,0,0,0,69,13,0,2,1283,18,0,71.27777777777777,7,0.05555555555555555,21,0,1,0,0,0,0,1,0,0,0,0,0,0,0,0,0,0,1
1976,14849.0,1,0,39,21,2,28,3,2,9,3,2,0,4,8,0,0,0,0,0,0,0,50,13,1,2,65,9,0,7.222222222222222,10,0.3333333333333333,17,0,0,0,1,0,1,0,0,0,0,0,1,0,0,0,1,0,0
1984,27255.0,1,0,3,22,1,11,0,1,2,1,1,0,3,7,0,0,0,0,0,0,0,42,13,1,3,37,5,0,7.4,8,0.2,12,0,1,0,0,0,0,1,0,0,0,0,1,0,0,0,0,0,1
1950,54432.0,2,1,37,33,0,5,0,0,0,1,1,0,3,4,0,0,0,0,0,0,0,76,13,3,5,38,5,0,7.6,5,0.2,9,0,0,0,1,0,0,1,0,0,0,0,1,0,0,0,0,0,1
1986,29999.0,1,0,22,68,7,59,10,5,11,4,3,1,4,8,0,0,0,0,0,0,0,40,13,1,2,160,12,0,13.333333333333334,11,0.3333333333333333,20,0,0,0,1,0,0,0,1,0,0,0,1,0,0,0,0,0,1
1983,24072.0,1,0,79,9,1,6,3,0,4,1,1,0,2,8,0,0,0,0,0,0,0,43,13,1,2,23,4,0,5.75,9,0.25,12,0,1,0,0,0,0,0,1,0,0,0,1,0,0,0,0,0,1
1989,33996.0,0,0,46,40,2,15,8,0,6,1,1,1,3,4,0,0,0,0,0,0,0,37,13,0,1,71,6,0,11.833333333333334,5,0.16666666666666666,10,0,0,0,1,0,0,0,1,0,0,0,1,0,0,0,0,0,1
1956,66334.0,0,1,82,909,11,218,0,0,23,2,9,3,5,5,0,0,0,0,0,0,1,70,13,1,3,1161,19,1,61.10526315789474,14,0.10526315789473684,24,0,0,0,1,0,0,1,0,0,0,0,0,1,0,0,0,0,1
1971,35178.0,1,0,10,23,1,13,2,2,18,1,1,1,2,7,1,0,0,0,0,0,1,55,13,1,3,59,5,2,11.8,8,0.2,12,0,0,1,0,0,0,1,0,0,0,0,1,0,0,0,0,0,1
1983,22010.0,1,0,51,11,2,9,3,0,8,2,2,0,3,8,0,0,0,0,0,0,0,43,13,1,3,33,7,0,4.714285714285714,10,0.2857142857142857,15,0,1,0,0,0,0,0,0,1,0,0,1,0,0,0,0,0,1
1960,62204.0,0,2,38,317,46,247,151,46,139,1,4,5,12,3,0,0,0,0,0,0,0,66,14,2,3,946,22,0,43.0,7,0.045454545454545456,25,0,1,0,0,0,1,0,0,0,0,0,1,0,0,0,0,0,1
1968,75693.0,0,0,10,797,153,293,72,97,30,1,11,4,6,4,0,1,1,1,0,0,1,58,14,0,1,1442,22,4,65.54545454545455,15,0.045454545454545456,26,0,1,0,0,0,1,0,0,0,0,0,0,1,0,0,0,0,1
1972,30675.0,1,0,14,10,2,16,11,2,21,1,1,0,3,8,0,0,0,0,0,0,0,54,14,1,3,62,5,0,12.4,9,0.2,13,0,1,0,0,0,0,1,0,0,0,0,1,0,0,1,0,0,0
1965,83003.0,0,0,18,856,61,570,40,25,122,1,7,6,8,3,0,0,1,0,0,0,1,61,13,0,2,1674,22,2,76.0909090909091,10,0.045454545454545456,25,0,1,0,0,0,0,0,0,1,0,0,1,0,0,0,0,0,1
1899,83532.0,0,0,36,755,144,562,104,64,224,1,4,6,4,1,0,0,1,0,0,0,0,127,13,0,2,1853,15,1,123.53333333333333,5,0.06666666666666667,16,0,0,0,1,0,0,0,0,1,0,0,0,0,0,0,0,0,1
1988,68655.0,0,0,95,456,19,832,75,118,38,1,4,5,11,3,0,0,0,0,0,0,0,38,14,0,1,1538,21,0,73.23809523809524,7,0.047619047619047616,24,0,1,0,0,0,0,0,1,0,0,0,1,0,0,0,1,0,0
1986,41411.0,0,0,11,37,32,38,11,3,18,1,2,1,4,6,0,0,0,0,0,0,0,40,13,0,1,139,8,0,17.375,8,0.125,14,0,1,0,0,0,1,0,0,0,0,0,1,0,0,0,1,0,0
1969,55212.0,0,1,65,1103,0,45,0,0,34,3,4,2,11,8,0,1,0,0,1,0,0,57,14,1,3,1182,20,2,59.1,12,0.15,28,0,0,0,1,0,0,1,0,0,0,0,1,0,0,0,0,0,1
1950,59292.0,0,1,71,378,14,68,19,14,14,2,3,5,8,3,0,0,0,0,0,0,0,76,13,1,3,507,18,0,28.166666666666668,6,0.1111111111111111,21,0,0,0,1,0,0,0,0,1,0,0,1,0,0,0,0,0,1
1973,27190.0,1,0,13,1,6,7,0,1,3,1,1,0,2,8,1,0,0,0,0,0,1,53,13,1,3,18,4,2,4.5,9,0.25,12,1,0,0,0,0,0,0,0,1,0,0,1,0,0,0,1,0,0
1952,82623.0,0,0,58,204,34,204,172,153,173,1,2,9,4,1,0,0,0,0,0,0,0,74,13,0,1,940,16,0,58.75,3,0.0625,17,0,1,0,0,0,1,0,0,0,0,0,0,0,0,0,0,0,1
1965,44300.0,1,1,65,30,0,9,0,0,3,2,1,0,3,6,0,0,0,0,0,0,0,61,13,2,4,42,6,0,7.0,7,0.3333333333333333,12,0,1,0,0,0,0,1,0,0,0,0,1,0,0,0,0,0,1
1970,84835.0,0,0,0,189,104,379,111,189,218,1,4,4,6,1,0,0,0,0,0,0,1,56,12,0,1,1190,15,1,79.33333333333333,5,0.06666666666666667,16,0,1,0,0,0,1,0,0,0,0,0,1,0,0,0,1,0,0
1971,30372.0,1,1,33,15,0,12,7,3,7,3,2,0,3,7,0,0,0,0,0,0,0,55,14,2,3,44,8,0,5.5,9,0.375,15,0,1,0,0,0,0,0,0,0,1,0,1,0,0,0,0,0,1
1976,33181.0,1,0,90,9,0,3,0,0,4,1,1,0,2,6,1,0,0,0,0,0,0,50,12,1,3,16,4,1,4.0,7,0.25,10,0,0,1,0,0,0,1,0,0,0,0,1,0,0,0,0,0,1
1957,71113.0,0,1,95,495,33,255,11,33,8,4,6,7,9,4,0,0,0,0,0,0,0,69,13,1,3,835,26,0,32.11538461538461,10,0.15384615384615385,30,0,1,0,0,0,0,1,0,0,0,0,1,0,0,0,0,0,1
1986,71952.0,1,0,93,656,80,455,52,107,93,2,8,4,8,4,1,0,1,0,0,0,0,40,13,1,3,1443,22,2,65.5909090909091,12,0.09090909090909091,26,0,1,0,0,0,0,1,0,0,0,0,0,1,0,0,0,0,1
1966,69759.0,0,0,38,452,20,514,13,30,0,3,4,6,5,3,0,0,0,0,0,0,1,60,13,0,1,1029,18,1,57.166666666666664,7,0.16666666666666666,21,0,0,0,1,0,0,0,1,0,0,0,0,0,0,0,1,0,0
1974,72099.0,0,0,18,546,91,410,119,0,22,1,3,4,10,1,0,0,0,0,0,0,0,52,14,0,2,1188,18,0,66.0,4,0.05555555555555555,19,0,1,0,0,0,0,1,0,0,0,0,1,0,0,0,0,0,1
1976,60000.0,0,1,57,1048,0,217,0,0,12,5,11,3,5,6,0,0,0,0,0,0,0,50,14,1,2,1277,24,0,53.208333333333336,17,0.20833333333333334,30,0,0,0,1,0,0,0,1,0,0,0,0,1,0,0,0,0,1
1978,38643.0,1,1,45,22,2,14,0,1,10,2,2,0,3,7,0,0,0,0,0,1,0,48,13,2,3,49,7,0,7.0,9,0.2857142857142857,14,0,1,0,0,0,0,0,1,0,0,0,1,0,0,0,0,0,1
1955,50737.0,0,1,61,78,0,11,0,0,10,1,2,0,4,6,0,1,0,0,0,0,0,71,13,1,3,99,7,1,14.142857142857142,8,0.14285714285714285,13,0,1,0,0,0,0,1,0,0,0,0,1,0,0,0,0,0,1
1969,68462.0,0,0,6,561,64,785,84,128,48,1,3,3,8,1,0,0,0,0,0,0,0,57,14,0,2,1670,15,0,111.33333333333333,4,0.06666666666666667,16,0,0,0,1,0,0,1,0,0,0,0,1,0,0,0,1,0,0
1943,65073.0,0,0,65,629,17,177,69,0,8,1,5,3,5,2,0,0,0,0,0,1,0,83,13,0,2,900,14,0,64.28571428571429,7,0.07142857142857142,16,0,0,1,0,0,0,1,0,0,0,0,0,1,0,0,0,0,1
1948,46681.0,0,2,52,269,15,69,15,19,38,2,4,6,4,5,0,0,0,0,0,0,0,78,13,2,4,425,16,0,26.5625,9,0.125,21,0,0,0,1,0,0,0,0,1,0,0,0,0,0,0,0,0,1
1957,78618.0,0,0,87,736,163,818,212,163,61,1,4,7,10,2,0,1,0,0,0,0,0,69,14,0,2,2153,22,1,97.86363636363636,6,0.045454545454545456,24,0,1,0,0,0,0,1,0,0,0,0,1,0,0,0,1,0,0
1969,62187.0,0,1,38,512,0,83,0,0,41,3,6,2,10,4,0,0,0,0,0,0,0,57,12,1,2,636,21,0,30.285714285714285,10,0.14285714285714285,25,0,0,0,1,0,0,0,0,0,1,0,1,0,0,0,0,0,1
1978,28442.0,2,0,53,19,3,10,11,8,6,3,2,1,4,4,0,0,0,0,0,0,0,48,12,2,4,57,10,0,5.7,6,0.3,14,0,1,0,0,0,0,1,0,0,0,0,1,0,0,0,0,0,1
1978,37717.0,1,0,31,9,0,6,4,1,5,1,1,0,2,9,0,0,0,0,0,0,0,48,14,1,3,25,4,0,6.25,10,0.25,13,0,0,0,1,0,0,1,0,0,0,0,1,0,0,0,0,0,1
1967,51479.0,1,1,67,247,8,160,6,8,65,7,6,3,6,7,0,0,0,0,0,0,0,59,14,2,4,494,22,0,22.454545454545453,13,0.3181818181818182,29,0,1,0,0,0,0,1,0,0,0,0,0,1,0,0,0,0,1
1969,54803.0,0,1,65,404,0,92,28,27,142,2,6,2,9,4,0,0,0,0,0,0,0,57,14,1,2,693,19,0,36.473684210526315,10,0.10526315789473684,23,0,1,0,0,0,0,0,1,0,0,0,1,0,0,0,0,0,1
1960,79530.0,0,0,64,333,0,815,129,42,29,1,4,10,11,2,0,0,0,0,0,0,0,66,13,0,2,1348,26,0,51.84615384615385,6,0.038461538461538464,28,0,1,0,0,0,0,1,0,0,0,0,1,0,0,0,1,0,0
1976,31615.0,1,0,82,2,3,20,6,11,9,2,2,0,3,7,0,0,0,0,0,0,0,50,13,1,2,51,7,0,7.285714285714286,9,0.2857142857142857,14,0,1,0,0,0,1,0,0,0,0,0,1,0,0,0,1,0,0
1962,72025.0,0,0,27,833,33,549,151,133,233,1,4,3,8,3,0,0,0,0,0,0,0,64,14,0,2,1932,16,0,120.75,7,0.0625,19,0,1,0,0,0,0,0,0,1,0,0,1,0,0,0,0,0,1
1975,52614.0,0,1,63,789,0,142,12,9,38,2,2,4,8,8,0,0,0,0,0,0,0,51,14,1,2,990,16,0,61.875,10,0.125,24,0,0,0,1,0,0,0,1,0,0,0,1,0,0,0,0,0,1
1984,35684.0,1,0,66,10,4,7,0,6,3,1,1,0,3,6,0,0,0,0,0,0,0,42,12,1,3,30,5,0,6.0,7,0.2,11,0,0,0,0,0,0,1,0,0,0,0,1,0,0,0,0,0,1
1975,48178.0,1,1,69,159,4,45,6,2,38,6,5,1,4,8,0,0,0,0,0,0,0,51,14,2,4,254,16,0,15.875,13,0.375,24,0,1,0,0,0,0,1,0,0,0,0,0,1,0,0,0,0,1
1970,29548.0,1,0,52,7,1,6,3,1,11,1,1,1,2,4,1,0,0,0,0,0,0,56,13,1,2,29,5,1,5.8,5,0.2,9,0,0,1,0,0,0,0,1,0,0,0,1,0,0,1,0,0,0
1966,63810.0,0,1,45,977,12,253,16,12,101,4,4,3,12,8,0,1,0,0,0,0,0,60,14,1,2,1371,23,1,59.608695652173914,12,0.17391304347826086,31,0,1,0,0,0,0,0,1,0,0,0,1,0,0,0,0,0,1
1972,38578.0,1,1,2,38,4,22,3,3,3,3,3,0,3,8,0,0,0,0,0,0,1,54,13,2,3,73,9,1,8.11111111111111,11,0.3333333333333333,17,0,0,0,1,0,0,0,1,0,0,0,0,1,0,0,0,0,1
1975,46098.0,1,1,86,57,0,27,0,0,36,4,3,2,2,8,0,0,0,0,0,0,0,51,14,2,3,120,11,0,10.909090909090908,11,0.36363636363636365,19,0,0,1,0,0,0,0,1,0,0,0,0,1,0,0,0,0,1
1970,22585.0,0,0,23,3,9,15,13,2,39,1,1,1,2,9,1,0,0,0,0,0,1,56,13,0,1,81,5,2,16.2,10,0.2,14,0,1,0,0,0,0,0,1,0,0,0,1,0,0,1,0,0,0
1989,30279.0,1,0,13,10,4,14,4,4,1,1,1,0,3,8,0,0,0,0,0,0,0,37,14,1,2,37,5,0,7.4,9,0.2,13,0,1,0,0,0,0,0,1,0,0,0,1,0,0,0,1,0,0
1961,66426.0,0,1,14,1043,24,97,32,24,157,2,3,5,10,6,0,0,0,0,0,0,0,65,13,1,3,1377,20,0,68.85,9,0.1,26,0,0,0,1,0,0,0,0,1,0,0,1,0,0,0,0,0,1
1969,30822.0,1,0,92,3,9,13,2,12,12,1,1,0,3,7,0,0,0,0,0,0,0,57,13,1,2,51,5,0,10.2,8,0.2,12,0,1,0,0,0,0,0,1,0,0,0,1,0,0,0,1,0,0
1969,33581.0,2,0,38,11,0,5,0,0,1,1,1,0,2,8,0,0,0,0,0,0,0,57,13,2,4,17,4,0,4.25,9,0.25,12,0,0,0,1,0,0,1,0,0,0,0,1,0,0,0,0,0,1
1985,19986.0,1,0,74,3,6,5,0,2,6,1,0,0,3,7,0,0,0,0,0,0,0,41,13,1,3,22,4,0,5.5,7,0.25,11,0,1,0,0,0,0,1,0,0,0,0,1,0,1,0,0,0,0
1954,27421.0,0,0,14,43,12,96,78,40,55,3,4,1,6,7,0,0,0,0,0,0,0,72,14,0,1,324,14,0,23.142857142857142,11,0.21428571428571427,21,0,1,0,0,0,0,0,0,0,1,0,1,0,0,0,1,0,0
1973,35688.0,2,1,94,73,3,90,12,1,32,7,4,1,4,8,0,0,0,0,0,0,0,53,14,3,5,211,16,0,13.1875,12,0.4375,24,0,0,0,0,0,0,1,0,0,0,0,0,1,0,0,1,0,0
1981,36143.0,1,0,33,12,0,1,0,0,6,1,0,1,2,3,0,0,0,0,0,0,0,45,12,1,2,19,4,0,4.75,3,0.25,7,0,0,1,0,0,0,0,1,0,0,0,1,0,0,0,0,0,1
1971,10245.0,1,0,32,4,7,7,6,4,13,3,1,2,2,5,0,0,0,0,0,0,0,55,13,1,2,41,8,0,5.125,6,0.375,13,0,1,0,0,0,0,0,1,0,0,0,0,0,0,1,0,0,0
1968,43795.0,0,1,11,314,11,53,4,3,107,3,7,3,4,7,0,1,0,0,0,0,1,58,13,1,3,492,17,2,28.941176470588236,14,0.17647058823529413,24,0,0,1,0,0,0,0,0,1,0,0,0,1,0,0,0,0,1
1960,63381.0,0,1,78,571,50,142,33,50,159,4,4,5,13,2,0,0,0,0,0,0,0,66,14,1,3,1005,26,0,38.65384615384615,6,0.15384615384615385,28,0,1,0,0,0,0,0,0,1,0,0,1,0,0,0,0,0,1
1949,38823.0,0,1,56,70,0,11,2,8,23,1,2,1,3,6,0,0,0,0,0,0,0,77,14,1,3,114,7,0,16.285714285714285,8,0.14285714285714285,13,0,1,0,0,0,0,0,0,1,0,0,1,0,0,0,0,0,1
1968,83664.0,1,1,57,866,21,151,28,21,86,3,2,2,12,5,0,0,0,0,0,0,0,58,13,2,3,1173,19,0,61.73684210526316,7,0.15789473684210525,24,0,0,0,1,0,1,0,0,0,0,0,1,0,0,0,0,0,1
1979,90300.0,0,0,7,594,134,786,33,134,57,0,5,6,8,1,0,0,1,0,0,0,0,47,12,0,2,1738,19,1,91.47368421052632,6,0.0,20,0,1,0,0,0,0,0,0,1,0,0,1,0,0,0,1,0,0
1979,62499.0,1,0,0,140,4,61,0,13,4,2,3,1,6,4,0,0,0,0,0,0,0,47,13,1,3,222,12,0,18.5,7,0.16666666666666666,16,0,0,1,0,0,0,0,0,1,0,0,1,0,0,0,0,0,1
1993,74293.0,0,0,66,375,152,335,93,91,81,1,5,4,6,2,0,0,0,0,0,0,0,33,12,0,1,1127,16,0,70.4375,7,0.0625,18,0,1,0,0,0,0,0,1,0,0,0,1,0,0,0,0,0,1
1946,51012.0,0,0,86,102,9,63,2,9,24,1,4,1,4,6,0,0,0,0,0,0,0,80,13,0,2,209,10,0,20.9,10,0.1,16,0,0,0,1,0,0,1,0,0,0,0,0,1,0,0,0,0,1
1968,70777.0,0,1,80,554,35,113,0,7,78,3,5,3,12,3,0,0,0,0,0,0,0,58,12,1,3,787,23,0,34.21739130434783,8,0.13043478260869565,26,0,0,1,0,0,0,1,0,0,0,0,1,0,0,0,0,0,1
1991,68682.0,0,0,56,919,0,505,99,30,45,1,4,9,10,2,0,0,0,0,0,0,0,35,13,0,2,1598,24,0,66.58333333333333,6,0.041666666666666664,26,0,0,0,1,0,0,0,0,1,0,0,1,0,0,0,0,0,1
1971,43824.0,1,1,18,96,1,42,12,3,32,4,3,1,4,8,0,0,0,0,0,0,0,55,14,2,4,186,12,0,15.5,11,0.3333333333333333,20,0,1,0,0,0,0,1,0,0,0,0,1,0,0,0,0,0,1
1984,15345.0,1,0,51,5,2,16,3,2,19,2,1,1,2,8,0,0,0,0,0,0,1,42,14,1,3,47,6,1,7.833333333333333,9,0.3333333333333333,14,0,1,0,0,0,0,0,0,1,0,0,1,0,0,1,0,0,0
1987,23442.0,1,0,71,2,0,6,8,6,5,1,1,0,3,7,0,0,0,0,0,0,0,39,14,1,2,27,5,0,5.4,8,0.2,12,0,1,0,0,0,0,0,1,0,0,0,1,0,0,0,0,0,0
1980,14515.0,1,0,71,6,4,9,6,36,35,4,2,2,3,7,0,0,0,0,0,0,1,46,14,1,3,96,11,1,8.727272727272727,9,0.36363636363636365,18,0,0,0,0,0,0,0,0,1,0,0,1,0,0,0,0,1,0
1956,31395.0,1,1,80,23,1,25,0,8,7,4,2,1,3,6,0,0,0,0,0,0,0,70,13,2,3,64,10,0,6.4,8,0.4,16,0,0,0,0,0,1,0,0,0,0,0,1,0,0,0,1,0,0
1965,75276.0,0,0,2,610,105,125,137,42,21,1,9,4,9,5,0,0,0,0,0,0,0,61,14,0,2,1040,23,0,45.21739130434783,14,0.043478260869565216,28,0,1,0,0,0,0,0,0,1,0,0,0,1,0,0,0,0,1
1974,42373.0,1,1,83,67,5,61,3,8,19,5,2,1,5,5,0,0,0,0,0,0,0,52,13,2,3,163,13,0,12.538461538461538,7,0.38461538461538464,18,0,1,0,0,0,0,0,1,0,0,0,1,0,0,0,0,0,1
1960,30507.0,0,0,29,65,36,74,38,20,110,1,5,1,4,7,0,0,0,0,0,0,0,66,13,0,2,343,11,0,31.181818181818183,12,0.09090909090909091,18,0,1,0,0,0,0,0,0,1,0,0,0,1,0,1,0,0,0
1955,55521.0,1,2,11,416,0,26,0,0,4,9,6,3,6,7,0,1,0,0,0,0,1,71,13,3,4,446,24,2,18.583333333333332,13,0.375,31,0,0,0,1,0,0,0,1,0,0,0,0,1,0,0,0,0,1
1965,48006.0,1,1,55,23,0,11,3,2,2,1,1,0,3,6,0,0,0,0,0,0,0,61,12,2,4,41,5,0,8.2,7,0.2,11,0,1,0,0,0,0,1,0,0,0,0,1,0,0,0,0,0,1
1972,27213.0,1,0,19,19,3,26,10,9,3,3,2,0,4,8,0,0,0,0,0,0,1,54,14,1,2,70,9,1,7.777777777777778,10,0.3333333333333333,17,0,0,0,1,0,0,0,1,0,0,0,1,0,0,0,1,0,0
1971,65808.0,1,1,1,155,7,80,13,7,10,3,5,1,5,6,0,0,0,0,0,0,0,55,12,2,3,272,14,0,19.428571428571427,11,0.21428571428571427,20,0,0,0,1,0,1,0,0,0,0,0,0,1,0,0,0,0,1
1974,30351.0,1,0,19,14,0,24,3,3,2,1,3,0,2,9,0,0,0,0,0,0,0,52,13,1,3,46,6,0,7.666666666666667,12,0.16666666666666666,15,0,0,0,1,0,0,0,0,1,0,0,0,1,0,0,1,0,0
1963,50437.0,0,2,28,370,9,92,6,9,4,3,7,1,8,7,0,0,0,0,0,0,0,63,14,2,4,490,19,0,25.789473684210527,14,0.15789473684210525,26,0,1,0,0,0,0,1,0,0,0,0,1,0,0,0,0,0,1
1982,23616.0,1,0,76,4,22,11,3,7,32,2,3,0,3,8,0,0,0,0,0,0,1,44,14,1,2,79,8,1,9.875,11,0.25,16,0,0,0,0,0,0,0,1,0,0,0,0,1,0,1,0,0,0
1976,53858.0,0,1,50,407,53,221,58,150,26,4,4,3,6,4,0,0,0,0,0,0,0,50,14,1,3,915,17,0,53.8235294117647,8,0.23529411764705882,21,0,1,0,0,0,0,1,0,0,0,0,1,0,0,0,0,0,1
1955,66465.0,0,1,1,1200,0,204,38,29,14,3,11,9,12,6,0,0,0,1,0,0,0,71,13,1,3,1485,35,1,42.42857142857143,17,0.08571428571428572,41,0,0,0,1,0,0,1,0,0,0,0,1,0,0,0,0,0,1
1987,46923.0,1,0,90,85,44,54,102,78,6,3,5,1,7,7,0,0,0,0,0,0,0,39,14,1,2,369,16,0,23.0625,12,0.1875,23,0,1,0,0,0,0,0,1,0,0,0,1,0,0,0,0,0,0
1962,75072.0,0,1,83,583,34,309,0,22,125,2,5,4,8,3,0,0,0,0,0,0,0,64,13,1,3,1073,19,0,56.473684210526315,8,0.10526315789473684,22,0,1,0,0,0,0,0,0,1,0,0,1,0,0,0,0,0,1
1943,75865.0,0,0,73,483,0,591,156,0,12,1,3,5,10,1,0,0,0,0,0,0,0,83,12,0,2,1242,19,0,65.36842105263158,4,0.05263157894736842,20,0,0,0,1,0,0,1,0,0,0,0,1,0,0,0,1,0,0
1975,19789.0,1,0,24,2,5,9,28,6,28,3,2,1,3,5,1,0,0,0,0,0,0,51,13,1,3,78,9,1,8.666666666666666,7,0.3333333333333333,14,0,0,0,0,0,0,0,0,1,0,0,1,0,0,0,0,0,0
1994,80134.0,0,0,11,966,26,282,52,26,26,1,2,7,11,5,0,1,1,1,1,0,0,32,12,0,2,1378,21,4,65.61904761904762,7,0.047619047619047616,26,0,1,0,0,0,0,0,0,1,0,0,1,0,0,0,0,0,1
1981,91065.0,0,0,33,822,114,108,179,137,114,1,7,9,9,3,0,0,1,1,0,0,1,45,13,0,1,1474,26,3,56.69230769230769,10,0.038461538461538464,29,0,1,0,0,0,0,0,1,0,0,0,0,0,0,0,0,0,1
1971,49505.0,1,1,4,604,0,100,19,0,28,9,10,2,8,8,0,0,0,0,0,0,0,55,13,2,4,751,29,0,25.896551724137932,18,0.3103448275862069,37,0,0,1,0,0,0,1,0,0,0,0,0,1,0,0,0,0,1
1973,37401.0,1,0,14,19,3,19,3,1,3,2,2,0,3,7,0,0,0,0,0,0,0,53,12,1,3,48,7,0,6.857142857142857,9,0.2857142857142857,14,0,0,0,1,0,0,1,0,0,0,0,1,0,0,0,0,0,1
1983,30096.0,1,0,30,5,3,11,12,5,9,1,2,0,3,6,0,0,0,0,0,0,0,43,12,1,3,45,6,0,7.5,8,0.16666666666666666,12,0,1,0,0,0,0,1,0,0,0,0,1,0,0,0,0,0,0
1982,18492.0,1,0,75,2,2,2,2,1,1,1,1,0,2,8,0,0,0,0,0,0,0,44,12,1,3,10,4,0,2.5,9,0.25,12,0,0,1,0,0,0,0,0,1,0,0,1,0,0,0,0,0,1
1974,82584.0,0,0,26,1076,68,103,29,91,68,1,3,4,8,1,0,1,1,0,0,0,1,52,13,0,2,1435,16,3,89.6875,4,0.0625,17,0,0,1,0,0,0,1,0,0,0,0,1,0,0,0,0,0,1
1941,93027.0,0,0,77,1285,42,716,55,0,21,0,7,10,5,2,0,0,1,0,0,0,0,85,13,0,2,2119,22,1,96.31818181818181,9,0.0,24,0,0,0,1,0,0,1,0,0,0,0,0,0,0,0,0,0,1
1953,48686.0,1,2,8,10,0,7,2,0,1,1,1,0,2,8,0,0,0,0,0,0,0,73,13,3,5,20,4,0,5.0,9,0.25,12,0,1,0,0,0,0,1,0,0,0,0,1,0,0,0,0,0,1
1986,92910.0,0,0,42,551,137,792,179,103,33,1,6,7,13,1,0,1,1,1,0,0,0,40,12,0,2,1795,27,3,66.48148148148148,7,0.037037037037037035,28,0,1,0,0,0,0,1,0,0,0,0,1,0,0,0,1,0,0
1989,75433.0,1,0,28,800,0,297,0,34,57,2,2,5,10,6,0,1,0,1,0,0,0,37,12,1,3,1188,19,2,62.526315789473685,8,0.10526315789473684,25,0,1,0,0,0,0,1,0,0,0,0,1,0,0,0,0,0,1
1989,10404.0,1,0,52,2,2,11,10,6,12,2,1,0,4,5,0,0,0,0,0,0,0,37,12,1,3,43,7,0,6.142857142857143,6,0.2857142857142857,12,0,0,0,0,0,0,0,0,1,0,0,1,0,0,1,0,0,0
1968,61314.0,0,1,1,378,0,189,97,172,172,2,5,5,12,3,0,0,0,0,0,0,0,58,13,1,3,1008,24,0,42.0,8,0.08333333333333333,27,0,1,0,0,0,0,1,0,0,0,0,1,0,0,0,0,0,1
1961,84865.0,0,0,1,1248,16,349,43,16,16,1,2,4,9,4,0,1,1,1,1,0,1,65,13,0,1,1688,16,5,105.5,6,0.0625,20,0,0,0,1,0,0,0,1,0,0,0,1,0,0,0,0,0,1
1989,42387.0,1,0,42,235,0,235,19,4,191,5,8,1,7,8,0,0,0,0,0,0,0,37,14,1,3,684,21,0,32.57142857142857,16,0.23809523809523808,29,0,1,0,0,0,0,1,0,0,0,0,0,1,0,0,0,0,1
1967,67309.0,1,1,76,515,47,181,149,95,95,15,9,6,9,7,0,0,0,0,0,0,0,59,13,2,4,1082,39,0,27.743589743589745,16,0.38461538461538464,46,0,0,0,0,0,0,0,0,1,0,0,0,1,0,0,0,0,1
1964,75236.0,0,1,27,438,66,400,12,38,114,1,8,3,13,4,0,0,0,0,0,0,0,62,13,1,3,1068,25,0,42.72,12,0.04,29,0,1,0,0,0,0,1,0,0,0,0,1,0,0,0,0,0,1
1970,30015.0,1,0,28,25,0,22,2,3,5,2,1,0,4,5,0,0,0,0,0,0,0,56,12,1,2,57,7,0,8.142857142857142,6,0.2857142857142857,12,0,1,0,0,0,0,0,1,0,0,0,1,0,0,0,0,0,1
1956,50943.0,0,1,49,31,0,7,2,0,6,1,1,0,3,5,0,0,0,0,0,0,0,70,13,1,3,46,5,0,9.2,6,0.2,10,0,0,1,0,0,0,0,0,1,0,0,1,0,0,0,0,0,1
1966,67272.0,0,1,12,357,35,271,28,28,14,3,6,2,12,5,0,0,0,0,0,0,0,60,13,1,2,733,23,0,31.869565217391305,11,0.13043478260869565,28,0,1,0,0,0,1,0,0,0,0,0,1,0,0,0,0,0,1
1949,51529.0,0,1,14,400,4,35,6,0,22,2,9,1,5,8,0,0,0,0,0,0,0,77,13,1,2,467,17,0,27.470588235294116,17,0.11764705882352941,25,0,0,1,0,0,0,0,0,0,1,0,0,1,0,0,0,0,1
1971,32011.0,1,0,89,99,0,15,2,1,5,3,2,1,4,7,0,0,0,0,0,0,0,55,13,1,3,122,10,0,12.2,9,0.3,17,0,0,0,1,0,0,1,0,0,0,0,1,0,0,0,0,0,1
1986,7500.0,1,0,96,1,11,5,4,6,9,2,2,0,3,8,0,0,0,0,0,0,0,40,13,1,3,36,7,0,5.142857142857143,10,0.2857142857142857,15,0,0,0,0,0,0,1,0,0,0,0,1,0,1,0,0,0,0
1989,28691.0,1,0,56,5,4,13,8,0,4,1,1,0,3,8,0,0,0,0,0,0,0,37,13,1,3,34,5,0,6.8,9,0.2,13,0,1,0,0,0,0,1,0,0,0,0,1,0,0,0,1,0,0
1948,56223.0,0,1,72,77,28,31,16,0,4,2,2,1,5,4,0,0,0,0,0,0,0,78,13,1,3,156,10,0,15.6,6,0.2,14,0,0,0,1,0,0,1,0,0,0,0,1,0,0,0,0,0,1
1946,18100.0,0,0,14,3,1,2,4,3,1,1,0,0,3,5,0,0,0,0,0,0,0,80,13,0,2,14,4,0,3.5,5,0.25,9,0,1,0,0,0,0,1,0,0,0,0,1,0,0,0,0,0,0
1989,30279.0,1,0,13,10,4,14,4,4,1,1,1,0,3,8,0,0,0,0,0,0,0,37,14,1,2,37,5,0,7.4,9,0.2,13,0,1,0,0,0,0,0,1,0,0,0,1,0,0,0,1,0,0
1974,20130.0,0,0,99,0,6,3,7,6,12,1,1,0,3,8,0,0,0,0,0,0,0,52,12,0,2,34,5,0,6.8,9,0.2,13,0,0,0,0,0,0,1,0,0,0,0,1,0,0,1,0,0,0
1959,23295.0,0,0,72,0,0,1,2,12,5,1,1,0,2,8,0,0,0,0,0,0,0,67,13,0,1,20,4,0,5.0,9,0.25,12,0,1,0,0,0,1,0,0,0,0,0,1,0,0,0,0,1,0
1972,42618.0,1,0,92,76,14,74,13,5,10,2,5,0,4,8,0,0,0,0,0,0,0,54,13,1,2,192,11,0,17.454545454545453,13,0.18181818181818182,19,0,0,1,0,0,1,0,0,0,0,0,0,1,0,0,0,0,1
1964,81246.0,0,0,87,398,190,537,61,156,37,1,4,5,7,1,1,0,0,1,0,0,0,62,13,0,1,1379,17,2,81.11764705882354,5,0.058823529411764705,18,0,1,0,0,0,0,0,1,0,0,0,1,0,0,0,1,0,0
1976,24027.0,1,0,7,14,7,11,11,0,5,2,2,0,3,8,0,0,0,0,0,0,0,50,13,1,3,48,7,0,6.857142857142857,10,0.2857142857142857,15,0,1,0,0,0,0,1,0,0,0,0,1,0,0,0,0,0,1
1953,55707.0,0,1,91,208,7,82,30,66,35,2,3,2,9,3,0,0,0,0,0,0,0,73,13,1,3,428,16,0,26.75,6,0.125,19,0,0,0,1,0,0,1,0,0,0,0,1,0,0,0,0,0,1
1955,57959.0,0,1,71,430,16,322,43,24,33,5,4,7,11,3,0,0,0,0,0,0,0,71,13,1,2,868,27,0,32.148148148148145,7,0.18518518518518517,30,0,1,0,0,0,0,0,1,0,0,0,1,0,0,0,0,0,1
1969,56796.0,0,1,24,656,38,161,62,47,37,3,8,9,7,7,0,0,0,0,0,0,0,57,13,1,3,1001,27,0,37.074074074074076,15,0.1111111111111111,34,0,1,0,0,0,0,1,0,0,0,0,0,0,0,0,0,0,1
1971,36230.0,1,0,17,14,2,30,8,2,3,1,2,0,4,5,0,0,0,0,0,0,0,55,13,1,2,59,7,0,8.428571428571429,7,0.14285714285714285,12,0,0,1,0,0,0,0,1,0,0,0,1,0,0,0,1,0,0
1980,70829.0,1,1,87,141,70,106,72,19,23,2,4,2,8,3,0,0,0,0,0,0,0,46,13,2,4,431,16,0,26.9375,7,0.125,19,0,0,0,0,0,0,1,0,0,0,0,1,0,0,0,0,0,1
1976,65991.0,0,1,21,507,19,364,25,47,9,3,9,5,10,7,0,0,0,0,0,0,0,50,14,1,3,971,27,0,35.96296296296296,16,0.1111111111111111,34,0,1,0,0,0,0,1,0,0,0,0,1,0,0,0,0,0,1
1972,38988.0,1,2,90,164,24,103,12,3,42,7,5,1,6,8,0,0,0,0,0,0,0,54,14,3,5,348,19,0,18.31578947368421,13,0.3684210526315789,27,0,1,0,0,0,0,1,0,0,0,0,1,0,0,0,0,0,1
1966,89572.0,0,0,44,606,24,974,197,194,64,1,7,7,9,4,0,1,0,1,0,0,1,60,14,0,1,2059,24,3,85.79166666666667,11,0.041666666666666664,28,0,0,0,0,0,0,0,1,0,0,0,1,0,0,0,1,0,0
1984,42207.0,1,0,71,116,11,72,3,17,46,4,4,1,5,6,1,0,0,0,0,0,1,42,13,1,3,265,14,2,18.928571428571427,10,0.2857142857142857,20,0,0,1,0,0,0,1,0,0,0,0,1,0,0,0,0,0,1
1952,50300.0,0,1,52,143,15,60,24,23,5,2,2,1,8,2,0,0,0,0,0,0,0,74,12,1,3,270,13,0,20.76923076923077,4,0.15384615384615385,15,0,1,0,0,0,0,1,0,0,0,0,1,0,0,0,0,0,1
1982,66664.0,0,0,78,398,96,447,220,96,32,1,5,7,6,3,0,0,0,0,0,0,0,44,14,0,2,1289,19,0,67.84210526315789,8,0.05263157894736842,22,0,0,0,0,0,0,0,0,1,0,0,0,0,0,0,1,0,0
1964,60597.0,0,1,2,522,0,257,32,16,66,4,2,2,8,7,0,0,0,1,0,0,1,62,12,1,3,893,16,2,55.8125,9,0.25,23,0,1,0,0,0,0,1,0,0,0,0,1,0,0,0,0,0,1
1949,70165.0,0,0,60,161,0,253,199,191,122,1,3,7,11,1,0,0,0,0,0,0,0,77,13,0,1,926,22,0,42.09090909090909,4,0.045454545454545456,23,0,1,0,0,0,0,0,0,0,1,0,1,0,0,0,1,0,0
1958,50520.0,0,1,25,112,0,6,2,1,14,2,3,1,3,6,0,0,0,0,0,0,0,68,12,1,2,135,9,0,15.0,9,0.2222222222222222,15,0,0,0,1,0,0,0,0,0,1,0,0,1,0,0,0,0,1
1963,80124.0,0,0,47,483,84,398,205,84,241,1,3,7,8,1,1,0,0,0,0,0,0,63,12,0,2,1495,19,1,78.6842105263158,4,0.05263157894736842,20,0,1,0,0,0,0,1,0,0,0,0,1,0,0,0,0,0,1
1975,33183.0,1,0,46,7,5,39,17,15,37,2,4,0,3,7,0,0,0,0,0,0,0,51,12,1,3,120,9,0,13.333333333333334,11,0.2222222222222222,16,0,1,0,0,0,0,1,0,0,0,0,0,1,0,0,1,0,0
1969,66582.0,0,0,83,789,25,420,16,38,0,1,2,8,9,1,0,0,0,0,0,0,0,57,12,0,1,1288,20,0,64.4,3,0.05,21,0,0,0,1,0,0,0,1,0,0,0,1,0,0,0,0,0,1
1955,75261.0,0,0,17,1239,17,413,23,34,17,1,5,6,5,2,0,1,1,0,0,0,1,71,13,0,2,1743,17,3,102.52941176470588,7,0.058823529411764705,19,0,0,0,1,0,0,0,0,1,0,0,0,0,0,0,0,0,1
1970,31880.0,1,0,13,4,1,5,2,0,3,1,1,0,2,8,0,0,0,0,0,0,0,56,14,1,2,15,4,0,3.75,9,0.25,12,0,1,0,0,0,0,0,0,0,1,0,1,0,0,0,1,0,0
1951,53790.0,0,2,86,335,42,127,28,5,5,3,7,2,8,6,0,0,0,0,0,0,0,75,12,2,4,542,20,0,27.1,13,0.15,26,0,1,0,0,0,0,1,0,0,0,0,1,0,0,0,0,0,1
1971,49269.0,1,0,92,639,8,166,11,8,58,3,7,3,12,7,0,0,0,0,0,0,0,55,14,1,3,890,25,0,35.6,14,0.12,32,0,0,0,1,0,0,0,0,1,0,0,1,0,0,0,0,0,1
1975,61456.0,0,1,47,563,76,384,84,192,89,4,6,10,13,4,0,0,0,0,0,0,0,51,13,1,3,1388,33,0,42.06060606060606,10,0.12121212121212122,37,0,1,0,0,0,0,1,0,0,0,0,1,0,0,0,0,0,1
1980,37406.0,1,0,18,2,0,8,2,2,3,1,1,0,2,8,0,0,0,0,0,0,1,46,13,1,3,17,4,1,4.25,9,0.25,12,0,1,0,0,0,0,1,0,0,0,0,1,0,0,0,1,0,0
1981,56937.0,1,0,81,746,8,125,11,8,8,7,8,6,9,6,0,1,0,0,0,0,1,45,14,1,3,906,30,2,30.2,14,0.23333333333333334,36,0,0,0,1,0,0,0,0,1,0,0,1,0,0,0,0,0,1
1978,38415.0,1,1,91,22,1,13,4,0,4,2,1,0,3,7,0,0,0,0,0,0,0,48,13,2,4,44,6,0,7.333333333333333,8,0.3333333333333333,13,0,1,0,0,0,0,1,0,0,0,0,1,0,0,0,0,0,1
1988,20518.0,1,0,58,4,1,6,4,1,9,1,1,1,2,5,0,0,0,0,0,0,0,38,12,1,2,25,5,0,5.0,6,0.2,10,0,1,0,0,0,0,0,1,0,0,0,1,0,0,1,0,0,0
1956,62503.0,0,1,40,478,0,193,110,75,117,4,8,3,11,5,0,0,0,0,0,0,0,70,13,1,3,973,26,0,37.42307692307692,13,0.15384615384615385,31,0,1,0,0,0,0,1,0,0,0,0,1,0,0,0,0,0,1
1972,41644.0,1,1,67,20,3,4,2,0,2,2,1,0,3,3,0,0,0,0,0,0,0,54,12,2,3,31,6,0,5.166666666666667,4,0.3333333333333333,9,0,0,0,1,0,0,0,1,0,0,0,1,0,0,0,0,0,1
1977,55842.0,0,1,19,451,0,39,0,4,24,1,7,1,8,5,0,0,0,0,0,0,0,49,12,1,3,518,17,0,30.470588235294116,12,0.058823529411764705,22,0,0,1,0,0,0,1,0,0,0,0,1,0,0,0,0,0,1
1972,62010.0,0,1,93,371,22,39,6,0,92,4,6,2,7,5,0,0,0,0,0,0,0,54,14,1,3,530,19,0,27.894736842105264,11,0.21052631578947367,24,0,0,0,1,0,0,1,0,0,0,0,1,0,0,0,0,0,1
1977,41124.0,1,0,41,281,7,84,15,0,119,7,7,3,4,8,0,0,0,0,0,0,0,49,14,1,3,506,21,0,24.095238095238095,15,0.3333333333333333,29,0,1,0,0,0,0,1,0,0,0,0,0,1,0,0,0,0,1
1973,38961.0,1,0,60,19,7,19,0,1,24,1,2,1,2,7,0,0,0,0,0,0,0,53,13,1,3,70,6,0,11.666666666666666,9,0.16666666666666666,13,0,0,1,0,0,0,1,0,0,0,0,0,1,0,1,0,0,0
1972,37760.0,1,0,54,26,3,13,2,10,0,1,2,0,3,6,0,0,0,0,0,0,0,54,13,1,2,54,6,0,9.0,8,0.16666666666666666,12,0,0,1,0,0,1,0,0,0,0,0,1,0,0,0,0,0,1
1974,32233.0,1,0,26,138,15,35,25,11,72,2,6,2,2,9,1,0,0,0,0,0,1,52,14,1,2,296,12,2,24.666666666666668,15,0.16666666666666666,21,0,1,0,0,0,0,0,1,0,0,0,0,1,0,0,0,0,1
1975,43057.0,0,1,30,213,2,44,0,2,5,4,4,2,5,5,0,0,0,0,0,0,0,51,13,1,3,266,15,0,17.733333333333334,9,0.26666666666666666,20,0,1,0,0,0,0,1,0,0,0,0,1,0,0,0,0,0,1
1960,83151.0,0,0,93,407,28,100,120,74,18,1,5,9,4,3,0,0,0,0,0,0,0,66,14,0,2,747,19,0,39.31578947368421,8,0.05263157894736842,22,0,0,1,0,0,0,0,0,1,0,0,0,0,0,0,0,0,1
1964,78825.0,0,0,35,483,74,114,169,37,18,1,5,10,13,3,0,0,0,0,0,0,1,62,14,0,1,895,29,1,30.862068965517242,8,0.034482758620689655,32,0,0,0,1,0,1,0,0,0,0,0,1,0,0,0,0,0,1
1976,65104.0,0,1,4,738,0,232,13,20,50,2,3,5,7,7,0,0,0,0,0,0,0,50,13,1,3,1053,17,0,61.94117647058823,10,0.11764705882352941,24,0,0,1,0,0,0,0,0,1,0,0,1,0,0,0,0,0,1
1974,60093.0,0,1,92,502,12,109,16,6,90,2,7,2,10,6,0,0,0,0,0,0,0,52,13,1,3,735,21,0,35.0,13,0.09523809523809523,27,0,1,0,0,0,0,1,0,0,0,0,1,0,0,0,0,0,1
1969,14045.0,1,0,24,11,0,5,2,1,1,1,1,0,3,7,0,0,0,0,0,0,0,57,12,1,3,20,5,0,4.0,8,0.2,12,0,1,0,0,0,0,1,0,0,0,0,1,0,0,0,0,0,1
1952,28457.0,0,0,96,24,1,108,29,29,14,1,4,1,4,8,0,0,0,0,0,0,0,74,14,0,1,205,10,0,20.5,12,0.1,18,0,0,0,0,0,0,0,0,0,1,0,0,1,0,0,1,0,0
1958,78952.0,0,1,11,1170,19,594,99,76,134,2,2,5,12,6,0,0,0,0,0,0,0,68,14,1,3,2092,21,0,99.61904761904762,8,0.09523809523809523,27,0,0,0,1,0,0,0,0,1,0,0,1,0,0,0,0,0,1
1976,46310.0,1,0,99,185,2,88,15,5,14,2,6,1,5,8,0,0,0,0,0,0,0,50,14,1,2,309,14,0,22.071428571428573,14,0.14285714285714285,22,0,1,0,0,0,1,0,0,0,0,0,0,1,0,0,0,0,1
1955,76005.0,0,0,72,983,20,389,240,50,40,1,3,5,13,6,0,0,0,1,0,0,0,71,13,0,2,1722,22,1,78.27272727272727,9,0.045454545454545456,28,0,1,0,0,0,0,0,0,1,0,0,1,0,0,0,0,0,1
1964,58308.0,0,1,77,691,0,69,10,0,130,4,2,6,3,8,0,0,0,0,0,0,0,62,13,1,2,900,15,0,60.0,10,0.26666666666666666,23,0,0,1,0,0,0,0,1,0,0,0,0,0,0,0,0,0,1
1944,55614.0,0,0,85,504,13,131,8,0,26,1,9,4,6,7,0,1,0,0,0,0,0,82,13,0,1,682,20,1,34.1,16,0.05,27,0,0,0,1,0,1,0,0,0,0,0,0,1,0,0,0,0,1
1962,59432.0,0,1,88,317,25,265,25,19,12,3,5,3,11,5,0,0,0,0,0,0,0,64,13,1,2,663,22,0,30.136363636363637,10,0.13636363636363635,27,0,0,1,0,0,1,0,0,0,0,0,1,0,0,0,0,0,1
1978,55563.0,0,1,22,29,1,9,2,0,2,1,2,0,3,3,0,0,0,0,0,0,0,48,12,1,2,43,6,0,7.166666666666667,5,0.16666666666666666,9,0,1,0,0,0,1,0,0,0,0,0,1,0,0,0,0,0,1
1971,78642.0,0,1,83,1396,0,322,46,35,17,1,4,9,4,6,0,0,0,0,0,0,0,55,13,1,3,1816,18,0,100.88888888888889,10,0.05555555555555555,24,0,0,0,1,0,0,0,0,1,0,0,0,0,0,0,0,0,1
1949,67911.0,0,1,63,529,0,356,63,28,0,3,6,7,11,3,0,0,0,0,0,0,0,77,12,1,3,976,27,0,36.148148148148145,9,0.1111111111111111,30,0,0,0,1,0,0,0,0,1,0,0,1,0,0,0,0,0,1
1944,65275.0,0,0,9,388,14,218,91,14,21,1,4,3,13,2,0,0,0,0,0,0,0,82,13,0,2,746,21,0,35.523809523809526,6,0.047619047619047616,23,0,1,0,0,0,0,1,0,0,0,0,1,0,0,0,0,0,1
1950,27203.0,1,1,92,13,2,21,4,0,24,2,1,1,2,8,0,0,0,0,0,0,0,76,14,2,4,64,6,0,10.666666666666666,9,0.3333333333333333,14,0,1,0,0,0,0,0,0,1,0,0,1,0,0,1,0,0,0
1961,48330.0,0,1,2,28,0,4,0,0,0,1,1,0,3,5,0,0,0,0,0,0,0,65,13,1,3,32,5,0,6.4,6,0.2,10,0,0,1,0,0,0,0,0,1,0,0,1,0,0,0,0,0,1
1990,24279.0,0,0,6,16,36,21,20,62,108,1,4,1,3,8,0,0,0,0,0,0,0,36,14,0,2,263,9,0,29.22222222222222,12,0.1111111111111111,17,1,0,0,0,0,0,1,0,0,0,0,0,1,0,1,0,0,0
1985,64355.0,1,0,66,1047,0,140,67,38,153,2,4,3,12,8,0,0,0,0,0,0,0,41,14,1,3,1445,21,0,68.80952380952381,12,0.09523809523809523,29,0,0,0,1,0,0,1,0,0,0,0,1,0,0,0,0,0,1
1956,50943.0,0,1,49,31,0,7,2,0,6,1,1,0,3,5,0,0,0,0,0,0,0,70,13,1,3,46,5,0,9.2,6,0.2,10,0,0,1,0,0,0,0,0,1,0,0,1,0,0,0,0,0,1
1953,53653.0,0,0,29,815,10,239,28,10,108,2,10,4,12,6,0,0,0,0,0,0,0,73,14,0,1,1210,28,0,43.214285714285715,16,0.07142857142857142,34,0,1,0,0,0,0,0,0,0,1,0,1,0,0,0,0,0,1
1976,65665.0,0,1,77,225,162,387,106,36,29,1,5,10,8,3,0,0,0,0,0,0,0,50,13,1,3,945,24,0,39.375,8,0.041666666666666664,27,0,1,0,0,0,0,1,0,0,0,0,0,0,0,0,1,0,0
1989,81217.0,0,0,77,493,70,324,146,40,84,1,3,7,11,1,0,0,0,0,0,0,0,37,13,0,1,1157,22,0,52.59090909090909,4,0.045454545454545456,23,0,1,0,0,0,0,0,1,0,0,0,1,0,0,0,0,0,1
1992,34935.0,0,0,71,34,4,66,3,10,20,1,2,1,4,7,0,0,0,0,0,0,0,34,13,0,2,137,8,0,17.125,9,0.125,15,0,1,0,0,0,0,1,0,0,0,0,1,0,0,0,1,0,0
1959,61250.0,0,1,49,382,138,65,60,26,59,6,5,2,12,5,0,0,0,0,0,0,0,67,14,1,2,730,25,0,29.2,10,0.24,30,0,1,0,0,0,1,0,0,0,0,0,1,0,0,0,0,0,1
1981,39665.0,1,0,97,127,1,56,0,1,31,3,4,2,3,7,1,0,0,0,0,0,0,45,13,1,3,216,12,1,18.0,11,0.25,19,0,0,0,1,0,0,0,0,1,0,0,0,1,0,0,0,0,1
1979,60152.0,0,1,6,325,83,300,86,58,91,1,6,4,12,3,0,0,0,0,0,0,0,47,13,1,2,943,23,0,41.0,9,0.043478260869565216,26,0,1,0,0,0,0,0,1,0,0,0,1,0,0,0,0,0,1
1964,48920.0,0,2,93,238,17,68,8,10,6,3,6,2,5,7,0,1,0,0,0,0,0,62,13,2,4,347,16,1,21.6875,13,0.1875,23,0,1,0,0,0,0,1,0,0,0,0,0,1,0,0,0,0,1
1959,89120.0,0,0,78,1168,92,408,72,129,55,1,5,6,7,1,0,0,1,0,0,0,0,67,12,0,2,1924,19,1,101.26315789473684,6,0.05263157894736842,20,0,0,1,0,0,0,0,0,1,0,0,1,0,0,0,0,0,1
1946,44124.0,0,1,62,284,0,55,0,6,52,4,6,2,5,8,0,0,0,0,0,0,0,80,13,1,3,397,17,0,23.352941176470587,14,0.23529411764705882,25,0,0,0,1,0,0,0,0,1,0,0,0,1,0,0,0,0,1
1975,81169.0,0,0,47,1288,20,613,80,61,27,1,5,7,9,2,0,0,0,0,0,0,0,51,13,0,1,2089,22,0,94.95454545454545,7,0.045454545454545456,24,0,0,1,0,0,0,0,1,0,0,0,1,0,0,0,0,0,1
1961,36443.0,1,1,9,65,0,46,4,3,20,4,3,1,3,8,0,0,0,0,0,0,0,65,13,2,4,138,11,0,12.545454545454545,11,0.36363636363636365,19,0,1,0,0,0,0,1,0,0,0,0,0,1,0,0,0,0,1
1990,26095.0,1,0,77,11,7,9,3,1,11,1,1,0,3,7,0,0,0,0,0,0,0,36,13,1,2,42,5,0,8.4,8,0.2,12,0,1,0,0,0,0,0,1,0,0,0,1,0,0,0,0,0,1
1959,71367.0,0,0,24,227,23,389,42,21,75,1,4,5,7,2,0,0,0,0,0,0,0,67,13,0,2,777,17,0,45.705882352941174,6,0.058823529411764705,19,0,1,0,0,0,0,0,0,1,0,0,1,0,0,0,1,0,0
1944,80184.0,0,0,19,1035,134,670,25,38,0,1,6,3,10,3,0,0,1,1,0,0,0,82,12,0,2,1902,20,2,95.1,9,0.05,23,0,0,1,0,0,0,1,0,0,0,0,1,0,0,0,0,0,1
1965,30630.0,1,1,67,27,1,12,2,0,10,2,2,0,3,7,0,0,0,0,0,0,0,61,12,2,3,52,7,0,7.428571428571429,9,0.2857142857142857,14,0,1,0,0,0,1,0,0,0,0,0,1,0,0,0,0,0,1
1987,73454.0,0,0,95,982,73,351,56,14,175,1,2,4,6,5,1,0,0,0,0,0,0,39,12,0,1,1651,13,1,127.0,7,0.07692307692307693,18,0,0,1,0,0,0,0,1,0,0,0,1,0,0,0,0,0,1
1991,42691.0,0,0,48,179,2,64,38,17,58,1,5,1,6,5,0,0,0,0,0,0,0,35,13,0,2,358,13,0,27.53846153846154,10,0.07692307692307693,18,0,1,0,0,0,0,1,0,0,0,0,1,0,0,0,0,0,1
1953,70503.0,0,0,73,1379,33,216,0,33,66,1,2,4,9,6,0,1,1,0,0,0,0,73,14,0,2,1727,16,2,107.9375,8,0.0625,22,0,1,0,0,0,0,1,0,0,0,0,1,0,0,0,0,0,1
1987,25545.0,1,0,35,32,1,64,16,12,85,3,2,2,3,6,0,0,0,0,0,0,1,39,14,1,3,210,10,1,21.0,8,0.3,16,0,1,0,0,0,0,1,0,0,0,0,1,0,0,1,0,0,0
1986,32880.0,1,0,76,8,4,15,7,6,2,1,1,0,3,8,0,0,0,0,0,0,0,40,14,1,3,42,5,0,8.4,9,0.2,13,0,1,0,0,0,0,1,0,0,0,0,1,0,0,0,1,0,0
1958,77863.0,0,0,20,881,38,319,16,25,12,1,4,5,10,2,0,0,0,0,0,0,0,68,13,0,2,1291,20,0,64.55,6,0.05,22,0,0,0,1,0,0,0,0,1,0,0,1,0,0,0,0,0,1
1977,50353.0,0,0,72,141,15,153,67,31,35,1,4,4,6,3,0,0,0,0,0,0,0,49,12,0,2,442,15,0,29.466666666666665,7,0.06666666666666667,18,0,0,1,0,0,0,1,0,0,0,0,1,0,0,0,1,0,0
1964,61839.0,0,0,20,1000,155,379,224,17,120,1,4,8,4,8,0,0,0,0,0,0,0,62,14,0,1,1895,17,0,111.47058823529412,12,0.058823529411764705,25,0,1,0,0,0,0,0,1,0,0,0,0,0,0,0,0,0,1
1960,49154.0,1,1,69,206,10,67,30,27,71,6,4,1,8,6,0,0,0,0,0,0,0,66,13,2,4,411,19,0,21.63157894736842,10,0.3157894736842105,25,0,0,0,1,0,0,1,0,0,0,0,1,0,0,0,0,0,1
1975,47682.0,0,1,80,162,61,83,97,57,61,4,4,3,8,5,0,0,0,0,0,0,0,51,13,1,2,521,19,0,27.42105263157895,9,0.21052631578947367,24,0,0,0,0,0,0,0,0,0,1,0,1,0,0,0,0,0,1
1969,72679.0,0,1,65,619,54,260,127,54,54,1,4,7,5,1,0,0,0,0,0,0,0,57,13,1,2,1168,17,0,68.70588235294117,5,0.058823529411764705,18,0,1,0,0,0,0,0,1,0,0,0,0,0,0,0,0,0,1
1977,57954.0,1,1,52,456,4,24,0,0,9,7,8,2,6,7,0,1,0,0,0,0,0,49,12,2,4,493,23,1,21.434782608695652,15,0.30434782608695654,30,0,0,1,0,0,0,0,0,1,0,0,0,1,0,0,0,0,1
1962,65316.0,1,1,65,112,6,92,3,9,38,2,3,2,5,4,0,0,0,0,0,0,0,64,13,2,4,260,12,0,21.666666666666668,7,0.16666666666666666,16,0,1,0,0,0,0,1,0,0,0,0,1,0,0,0,0,0,1
1982,28567.0,1,0,57,11,3,22,2,2,6,2,2,0,3,6,0,0,0,0,0,0,0,44,13,1,2,46,7,0,6.571428571428571,8,0.2857142857142857,13,0,1,0,0,0,0,0,1,0,0,0,1,0,0,0,1,0,0
1951,47352.0,0,1,70,172,12,112,8,0,15,4,6,1,5,7,0,0,0,0,0,0,0,75,13,1,3,319,16,0,19.9375,13,0.25,23,0,0,1,0,0,0,0,0,1,0,0,0,1,0,0,0,0,1
1967,44931.0,0,1,0,78,0,11,0,0,7,1,2,1,3,5,0,0,0,0,0,0,0,59,12,1,3,96,7,0,13.714285714285714,7,0.14285714285714285,12,0,1,0,0,0,0,0,0,1,0,0,1,0,0,0,0,0,1
1967,76982.0,0,0,19,464,151,292,65,60,30,1,8,3,4,4,0,0,1,0,0,0,1,59,12,0,1,1062,16,2,66.375,12,0.0625,20,0,1,0,0,0,1,0,0,0,0,0,0,1,0,0,0,0,1
1952,57247.0,0,1,50,99,4,32,37,54,6,2,2,1,7,2,0,0,0,0,0,0,0,74,13,1,3,232,12,0,19.333333333333332,4,0.16666666666666666,14,0,0,0,0,0,0,0,0,1,0,0,1,0,0,0,0,0,1
1981,22944.0,1,0,67,19,3,19,4,5,26,3,3,0,3,7,0,0,0,0,0,0,0,45,13,1,2,76,9,0,8.444444444444445,10,0.3333333333333333,16,0,0,1,0,0,0,0,1,0,0,0,0,1,0,1,0,0,0
1977,25315.0,1,0,46,1,9,8,11,3,22,3,3,0,3,8,0,0,0,0,0,0,0,49,13,1,3,54,9,0,6.0,11,0.3333333333333333,17,0,0,0,0,0,0,0,0,1,0,0,0,1,0,1,0,0,0
1969,43638.0,0,1,37,63,10,83,7,19,19,2,4,1,4,7,0,0,0,0,0,0,0,57,14,1,2,201,11,0,18.272727272727273,11,0.18181818181818182,18,0,1,0,0,0,0,0,0,0,1,0,0,1,0,0,1,0,0
1984,42710.0,1,0,38,252,3,42,4,3,102,2,4,5,3,6,0,0,0,0,0,0,0,42,14,1,2,406,14,0,29.0,10,0.14285714285714285,20,0,0,0,1,0,0,0,1,0,0,0,0,0,0,0,0,0,1
1982,84169.0,0,0,9,1478,19,403,0,19,0,1,7,6,6,3,0,1,1,0,0,0,1,44,13,0,2,1919,20,3,95.95,10,0.05,23,0,0,0,1,0,0,1,0,0,0,0,0,1,0,0,0,0,1
1976,54058.0,0,1,56,198,18,252,32,108,54,2,4,6,8,3,0,0,0,0,0,0,0,50,13,1,3,662,20,0,33.1,7,0.1,23,0,1,0,0,0,0,0,0,1,0,0,1,0,0,0,1,0,0
1990,24683.0,1,0,98,8,4,10,6,7,6,2,2,0,4,5,0,0,0,0,0,0,0,36,12,1,3,41,8,0,5.125,7,0.25,13,0,0,0,0,0,0,1,0,0,0,0,1,0,0,0,1,0,0
1964,85620.0,0,0,68,416,46,925,60,107,46,1,3,6,4,1,0,0,0,0,0,0,1,62,12,0,1,1600,14,1,114.28571428571429,4,0.07142857142857142,15,0,1,0,0,0,0,0,0,0,1,0,0,0,0,0,1,0,0
1980,47850.0,1,0,72,42,7,43,20,12,10,1,3,0,4,6,0,0,0,0,0,0,0,46,13,1,3,134,8,0,16.75,9,0.125,14,0,1,0,0,0,0,1,0,0,0,0,1,0,0,0,1,0,0
1968,19514.0,1,1,47,14,3,21,2,1,28,4,3,1,2,8,1,0,0,0,0,0,1,58,12,2,4,69,10,2,6.9,11,0.4,18,0,1,0,0,0,0,1,0,0,0,0,0,1,0,1,0,0,0
1973,27159.0,1,1,33,17,0,3,0,0,1,2,1,0,3,6,0,0,0,0,0,0,0,53,12,2,4,21,6,0,3.5,7,0.3333333333333333,12,0,0,1,0,0,0,1,0,0,0,0,1,0,0,0,0,0,1
1963,39548.0,1,1,87,15,4,10,3,4,18,2,1,1,3,3,0,0,0,0,0,0,0,63,12,2,3,54,7,0,7.714285714285714,4,0.2857142857142857,10,0,0,0,0,0,0,0,1,0,0,0,1,0,0,1,0,0,0
1989,21474.0,1,0,0,6,16,24,11,0,34,2,3,1,2,7,1,0,0,0,0,0,1,37,12,1,2,91,8,2,11.375,10,0.25,15,0,1,0,0,0,0,0,1,0,0,0,0,1,0,1,0,0,0
1971,60504.0,0,1,73,458,0,24,6,4,34,2,6,2,8,6,0,0,0,0,0,0,0,55,12,1,2,526,18,0,29.22222222222222,12,0.1111111111111111,24,0,0,0,1,0,0,0,1,0,0,0,1,0,0,0,0,0,1
1963,22419.0,0,0,74,30,3,47,19,21,42,1,3,2,2,8,0,0,0,0,0,0,0,63,13,0,2,162,8,0,20.25,11,0.125,16,0,1,0,0,0,0,1,0,0,0,0,0,1,0,0,1,0,0
1949,81698.0,0,0,4,179,28,520,111,123,47,1,3,8,13,1,0,0,0,0,0,0,1,77,13,0,2,1008,25,1,40.32,4,0.04,26,0,0,1,0,0,0,1,0,0,0,0,1,0,0,0,1,0,0
1952,43462.0,1,1,50,90,17,97,15,6,15,6,4,1,5,8,0,0,0,0,0,0,0,74,14,2,4,240,16,0,15.0,12,0.375,24,0,1,0,0,0,0,0,0,1,0,0,1,0,0,0,1,0,0
1978,54880.0,1,0,57,308,85,137,102,45,118,2,6,2,11,5,0,0,0,0,0,0,0,48,13,1,2,795,21,0,37.857142857142854,11,0.09523809523809523,26,0,0,0,1,0,0,0,1,0,0,0,1,0,0,0,0,0,1
1982,79908.0,0,0,30,557,129,761,29,185,111,1,5,6,7,2,0,0,1,0,0,0,0,44,13,0,2,1772,19,1,93.26315789473684,7,0.05263157894736842,21,0,1,0,0,0,0,1,0,0,0,0,1,0,0,0,1,0,0
1970,15315.0,0,0,27,7,4,13,15,8,17,2,2,0,4,5,0,0,0,0,0,0,0,56,13,0,2,64,8,0,8.0,7,0.25,13,0,0,0,0,0,0,1,0,0,0,0,1,0,0,1,0,0,0
1959,87771.0,0,1,61,1492,38,287,50,57,33,1,5,10,4,6,0,1,1,1,1,0,1,67,13,1,3,1957,20,5,97.85,11,0.05,26,0,1,0,0,0,0,0,0,1,0,0,0,0,0,0,0,0,1
1978,33039.0,1,0,4,30,8,12,8,8,12,1,2,0,4,5,0,0,0,0,0,0,0,48,13,1,3,78,7,0,11.142857142857142,7,0.14285714285714285,12,0,1,0,0,0,0,1,0,0,0,0,1,0,0,0,0,0,1
1980,81741.0,0,0,75,249,153,940,58,134,38,0,6,6,7,2,0,0,0,0,0,0,0,46,13,0,1,1572,19,0,82.73684210526316,8,0.0,21,0,1,0,0,0,0,0,1,0,0,0,1,0,0,0,1,0,0
1971,71499.0,0,1,12,465,25,132,136,0,37,2,8,3,13,4,0,0,0,0,0,0,0,55,13,1,3,795,26,0,30.576923076923077,12,0.07692307692307693,30,0,0,1,0,0,0,0,0,1,0,0,1,0,0,0,0,0,1
1970,62466.0,0,1,13,129,129,259,168,121,83,5,6,3,12,4,0,0,0,0,0,0,0,56,12,1,3,889,26,0,34.19230769230769,10,0.19230769230769232,30,0,0,0,0,0,0,1,0,0,0,0,1,0,0,0,1,0,0
1963,48799.0,0,1,9,174,18,81,28,6,24,3,3,2,7,3,0,0,0,0,0,0,0,63,13,1,2,331,15,0,22.066666666666666,6,0.2,18,0,0,0,1,0,1,0,0,0,0,0,1,0,0,0,0,0,1
1950,52157.0,0,1,48,189,2,29,3,2,40,2,3,2,5,4,0,0,0,0,0,0,0,76,12,1,3,265,12,0,22.083333333333332,7,0.16666666666666666,16,0,0,0,1,0,0,0,0,1,0,0,1,0,0,0,0,0,1
1962,66565.0,0,1,80,747,10,161,65,40,42,4,4,2,9,8,0,0,0,0,0,0,0,64,14,1,2,1065,19,0,56.05263157894737,12,0.21052631578947367,27,0,1,0,0,0,0,0,1,0,0,0,1,0,0,0,0,0,1
1951,29298.0,1,1,60,6,0,2,2,0,1,1,1,0,2,5,0,0,0,0,0,0,0,75,13,2,4,11,4,0,2.75,6,0.25,9,0,0,1,0,0,0,0,0,1,0,0,1,0,0,0,0,0,1
1979,47691.0,0,1,43,14,0,3,0,0,4,1,1,0,2,6,0,0,0,0,0,0,0,47,13,1,2,21,4,0,5.25,7,0.25,10,0,1,0,0,0,0,0,1,0,0,0,1,0,0,0,0,0,1
1970,38200.0,1,1,19,12,0,4,0,0,1,1,1,0,2,7,0,0,0,0,0,0,0,56,14,2,4,17,4,0,4.25,8,0.25,11,0,1,0,0,0,0,0,0,1,0,0,1,0,0,0,0,0,1
1974,44989.0,0,1,26,98,0,106,49,10,106,5,5,1,5,6,0,0,0,0,0,0,0,52,14,1,3,369,16,0,23.0625,11,0.3125,22,0,1,0,0,0,0,1,0,0,0,0,0,1,0,0,1,0,0
1968,38443.0,1,1,58,32,0,5,0,0,1,2,1,0,3,7,0,0,0,0,0,0,0,58,12,2,4,38,6,0,6.333333333333333,8,0.3333333333333333,13,0,0,0,1,0,0,1,0,0,0,0,1,0,0,0,0,0,1
1978,38593.0,1,0,42,51,12,49,17,24,24,3,4,1,3,8,0,0,0,0,0,0,0,48,13,1,2,177,11,0,16.09090909090909,12,0.2727272727272727,19,0,0,0,0,0,0,0,1,0,0,0,0,1,0,0,0,0,1
1970,64413.0,0,1,27,200,5,44,0,10,20,1,5,1,5,5,0,0,0,0,0,0,0,56,13,1,3,279,12,0,23.25,10,0.08333333333333333,17,0,0,0,1,0,0,0,0,1,0,0,0,1,0,0,0,0,1
1981,36959.0,1,0,56,25,6,25,6,0,0,2,2,0,3,8,0,0,0,0,0,0,0,45,13,1,3,62,7,0,8.857142857142858,10,0.2857142857142857,15,0,0,1,0,0,0,1,0,0,0,0,1,0,0,0,0,0,1
1977,61996.0,0,1,27,1050,12,144,0,0,24,3,6,4,8,5,0,1,0,1,1,0,1,49,13,1,3,1230,21,4,58.57142857142857,11,0.14285714285714285,26,0,0,0,1,0,0,1,0,0,0,0,1,0,0,0,0,0,1
1968,51287.0,1,1,10,117,0,22,13,0,30,3,4,1,3,7,0,0,0,0,0,0,0,58,12,2,4,182,11,0,16.545454545454547,11,0.2727272727272727,18,0,1,0,0,0,0,1,0,0,0,0,0,1,0,0,0,0,1
1970,13260.0,1,1,48,9,4,17,10,2,7,4,3,0,3,8,0,0,0,0,0,0,0,56,13,2,4,49,10,0,4.9,11,0.4,18,0,1,0,0,0,0,1,0,0,0,0,0,1,0,0,1,0,0
1966,47472.0,1,1,39,56,0,11,0,0,8,2,2,0,4,5,0,0,0,0,0,0,0,60,13,2,4,75,8,0,9.375,7,0.25,13,0,0,0,1,0,0,0,0,1,0,0,1,0,0,0,0,0,1
1956,54603.0,1,1,85,145,13,46,17,2,4,6,4,2,4,7,0,0,0,0,0,0,0,70,13,2,4,227,16,0,14.1875,11,0.375,23,0,0,1,0,0,0,0,0,1,0,0,0,1,0,0,0,0,1
1974,45207.0,1,1,64,203,0,10,0,0,2,5,3,1,6,6,0,1,0,0,0,0,0,52,14,2,4,215,15,1,14.333333333333334,9,0.3333333333333333,21,0,0,0,1,0,0,1,0,0,0,0,1,0,0,0,0,0,1
1951,40689.0,0,1,69,270,3,27,39,6,99,7,7,1,5,8,0,0,0,0,0,0,0,75,13,1,3,444,20,0,22.2,15,0.35,28,0,1,0,0,0,0,0,0,1,0,0,0,1,0,0,0,0,1
1967,47821.0,1,1,54,9,0,16,6,6,10,1,1,0,3,8,0,0,0,0,0,0,0,59,13,2,4,47,5,0,9.4,9,0.2,13,0,0,0,0,0,0,0,0,1,0,0,1,0,0,0,1,0,0
1951,27450.0,0,0,57,37,12,23,8,11,52,1,2,1,3,7,0,0,0,0,0,0,0,75,13,0,2,143,7,0,20.428571428571427,9,0.14285714285714285,14,0,0,1,0,0,0,1,0,0,0,0,1,0,0,1,0,0,0
1983,39453.0,1,0,64,46,0,7,0,0,2,2,2,0,3,6,0,0,0,0,0,0,0,43,12,1,3,55,7,0,7.857142857142857,8,0.2857142857142857,13,0,1,0,0,0,0,0,0,1,0,0,1,0,0,0,0,0,1
1971,26850.0,1,1,10,31,1,13,7,2,9,4,2,1,4,4,0,0,0,0,0,0,0,55,12,2,4,63,11,0,5.7272727272727275,6,0.36363636363636365,15,0,0,0,0,0,0,0,0,1,0,0,1,0,0,0,0,0,1
1955,79800.0,0,0,65,1060,21,530,32,0,224,1,5,11,5,3,1,0,1,1,0,0,1,71,14,0,1,1867,22,4,84.86363636363636,8,0.045454545454545456,25,0,1,0,0,0,0,0,0,0,1,0,0,0,0,0,0,0,1
1961,61794.0,0,1,74,264,47,188,54,47,11,2,4,4,10,2,0,0,0,0,0,0,0,65,13,1,3,611,20,0,30.55,6,0.1,22,0,0,1,0,0,0,1,0,0,0,0,1,0,0,0,0,0,1
1955,53863.0,0,1,4,399,4,30,6,4,30,3,7,1,7,7,0,1,0,0,0,0,0,71,12,1,3,473,18,1,26.27777777777778,14,0.16666666666666666,25,0,1,0,0,0,0,0,0,1,0,0,0,1,0,0,0,0,1
1959,24221.0,0,0,94,8,9,9,2,5,22,1,1,1,3,4,0,0,0,0,0,0,0,67,13,0,2,55,6,0,9.166666666666666,5,0.16666666666666666,10,0,1,0,0,0,0,0,0,1,0,0,1,0,0,1,0,0,0
1984,39684.0,1,0,41,19,0,35,6,4,17,2,2,1,2,7,0,0,0,0,0,1,1,42,14,1,2,81,7,1,11.571428571428571,9,0.2857142857142857,14,0,0,0,1,0,0,0,1,0,0,0,0,1,0,0,1,0,0
1975,92163.0,0,0,25,817,183,797,106,163,20,0,5,11,5,2,0,0,1,1,0,0,1,51,14,0,2,2086,21,3,99.33333333333333,7,0.0,23,0,0,1,0,0,0,1,0,0,0,0,0,0,0,0,0,0,1
1965,69882.0,0,0,94,292,127,635,132,127,165,1,3,7,9,1,0,0,0,0,0,0,0,61,13,0,1,1478,20,0,73.9,4,0.05,21,0,0,1,0,0,0,0,1,0,0,0,1,0,0,0,1,0,0
1977,33178.0,1,0,9,12,6,2,11,2,16,1,1,0,3,4,0,0,0,0,0,0,0,49,12,1,3,49,5,0,9.8,5,0.2,9,0,1,0,0,0,0,0,0,1,0,0,1,0,0,1,0,0,0
1972,59973.0,0,0,47,130,30,168,20,34,0,1,3,4,7,1,0,0,0,0,0,0,0,54,13,0,2,382,15,0,25.466666666666665,4,0.06666666666666667,16,0,0,0,1,0,0,1,0,0,0,0,1,0,0,0,1,0,0
1975,17459.0,1,0,12,6,4,16,3,10,30,3,3,1,2,7,0,0,0,0,0,0,1,51,13,1,3,69,9,1,7.666666666666667,10,0.3333333333333333,16,0,0,1,0,0,0,0,0,1,0,0,0,1,0,1,0,0,0
1969,23910.0,1,0,80,16,12,18,7,1,13,1,2,0,3,7,0,0,0,0,0,0,0,57,14,1,2,67,6,0,11.166666666666666,9,0.16666666666666666,13,0,1,0,0,0,1,0,0,0,0,0,1,0,0,0,1,0,0
1969,42169.0,1,1,20,19,0,9,0,0,2,2,1,0,3,8,0,0,0,0,0,0,0,57,13,2,4,30,6,0,5.0,9,0.3333333333333333,14,0,0,1,0,0,0,1,0,0,0,0,1,0,0,0,0,0,1
1978,26224.0,1,0,39,4,7,15,13,9,15,3,2,1,3,6,0,0,0,0,0,0,0,48,13,1,3,63,9,0,7.0,8,0.3333333333333333,15,0,0,0,0,0,0,1,0,0,0,0,1,0,0,0,1,0,0
1981,31089.0,1,0,57,31,3,31,2,8,4,3,3,0,4,8,0,0,0,0,0,0,0,45,14,1,3,79,10,0,7.9,11,0.3,18,0,1,0,0,0,0,0,0,1,0,0,1,0,0,0,0,0,1
1961,30081.0,0,1,27,36,0,2,0,0,4,1,1,0,3,7,0,0,0,0,0,0,0,65,13,1,2,42,5,0,8.4,8,0.2,12,0,1,0,0,0,0,0,1,0,0,0,1,0,0,0,0,0,1
1960,62807.0,0,1,83,526,28,135,10,21,99,3,5,3,12,5,0,0,0,0,0,0,0,66,14,1,3,819,23,0,35.608695652173914,10,0.13043478260869565,28,0,1,0,0,0,0,0,0,1,0,0,1,0,0,0,0,0,1
1955,72906.0,0,0,79,400,32,519,71,75,54,1,3,4,9,1,0,0,0,0,0,0,0,71,13,0,1,1151,17,0,67.70588235294117,4,0.058823529411764705,18,0,1,0,0,0,0,0,1,0,0,0,1,0,0,0,1,0,0
1948,61467.0,0,2,69,410,16,114,0,5,49,3,5,2,10,5,0,0,0,0,0,0,0,78,14,2,4,594,20,0,29.7,10,0.15,25,0,0,0,1,0,0,1,0,0,0,0,1,0,0,0,0,0,1
1966,49618.0,1,1,77,80,3,26,4,2,14,4,3,1,3,7,0,0,0,0,0,0,0,60,13,2,4,129,11,0,11.727272727272727,10,0.36363636363636365,18,0,0,1,0,0,0,0,0,1,0,0,0,1,0,0,0,0,1
1986,21888.0,1,0,15,88,10,46,2,3,64,4,5,1,2,10,0,0,0,0,0,0,1,40,14,1,2,213,12,1,17.75,15,0.3333333333333333,22,0,0,1,0,0,0,0,1,0,0,0,0,1,0,0,0,0,1
1973,42429.0,0,1,99,55,0,6,2,0,4,2,1,1,3,5,0,0,0,0,0,0,0,53,12,1,2,67,7,0,9.571428571428571,6,0.2857142857142857,12,0,1,0,0,0,0,0,0,0,1,0,1,0,0,0,0,0,1
1956,26150.0,2,1,61,5,1,13,3,5,1,1,1,0,3,7,0,0,0,0,0,0,0,70,13,3,4,28,5,0,5.6,8,0.2,12,0,1,0,0,0,1,0,0,0,0,0,1,0,0,0,1,0,0
1975,30801.0,0,1,23,8,4,5,15,2,11,2,1,0,3,7,0,0,0,0,0,0,0,51,14,1,3,45,6,0,7.5,8,0.3333333333333333,13,1,0,0,0,0,0,1,0,0,0,0,1,0,0,0,0,0,0
1965,81168.0,0,0,84,410,0,592,147,22,22,1,6,4,7,3,0,0,0,1,0,0,0,61,12,0,2,1193,18,1,66.27777777777777,9,0.05555555555555555,21,0,1,0,0,0,0,1,0,0,0,0,1,0,0,0,1,0,0
1969,26877.0,0,0,74,101,13,76,20,18,40,2,3,1,6,6,0,0,0,0,0,0,0,57,13,0,1,268,12,0,22.333333333333332,9,0.16666666666666666,18,0,0,1,0,0,0,0,1,0,0,0,1,0,0,0,0,0,1
1944,45006.0,0,0,90,162,25,53,16,0,10,1,3,1,7,3,0,0,0,0,0,0,0,82,13,0,1,266,12,0,22.166666666666668,6,0.08333333333333333,15,0,0,1,0,0,0,0,0,0,1,0,1,0,0,0,0,0,1
1973,18978.0,1,0,41,2,8,1,4,7,15,1,1,0,3,8,0,0,0,0,0,0,0,53,14,1,3,37,5,0,7.4,9,0.2,13,1,0,0,0,0,0,1,0,0,0,0,1,0,0,1,0,0,0
1967,22574.0,2,1,28,25,0,8,2,0,2,2,2,0,3,7,0,0,0,0,0,0,0,59,13,3,5,37,7,0,5.285714285714286,9,0.2857142857142857,14,0,1,0,0,0,0,1,0,0,0,0,1,0,0,0,0,0,1
1969,48240.0,0,0,73,389,91,248,64,49,41,3,6,3,13,5,0,0,0,0,0,0,1,57,14,0,1,882,25,1,35.28,11,0.12,30,0,0,0,1,0,0,0,1,0,0,0,1,0,0,0,0,0,1
1974,45837.0,1,1,88,215,13,87,17,17,24,5,6,2,5,7,0,0,0,0,0,0,0,52,13,2,4,373,18,0,20.72222222222222,13,0.2777777777777778,25,0,1,0,0,0,0,1,0,0,0,0,0,1,0,0,0,0,1
1965,35791.0,2,1,94,27,0,5,0,0,3,2,1,0,3,8,0,0,0,0,0,0,0,61,13,3,4,35,6,0,5.833333333333333,9,0.3333333333333333,14,0,0,1,0,0,0,0,1,0,0,0,1,0,0,0,0,0,1
1976,162397.0,1,1,31,85,1,16,2,1,2,0,0,0,1,1,0,0,0,0,0,0,0,50,13,2,4,107,1,0,107.0,1,0.0,2,0,0,0,1,0,0,0,0,1,0,0,1,0,0,0,0,0,1
1978,54162.0,1,1,31,5,6,10,6,5,10,1,1,0,3,4,0,0,0,0,0,0,0,48,13,2,3,42,5,0,8.4,5,0.2,9,0,1,0,0,0,0,0,0,0,1,0,1,0,0,0,1,0,0
1960,30522.0,0,1,6,179,8,83,19,11,26,5,1,2,9,2,0,0,0,0,0,0,0,66,14,1,3,326,17,0,19.176470588235293,3,0.29411764705882354,19,0,0,1,0,0,0,1,0,0,0,0,1,0,0,0,0,0,1
1961,54456.0,0,1,23,352,0,27,10,0,15,3,6,1,7,6,0,0,0,0,0,0,0,65,13,1,3,404,17,0,23.764705882352942,12,0.17647058823529413,23,0,0,0,1,0,0,1,0,0,0,0,1,0,0,0,0,0,1
1971,31632.0,0,0,92,17,8,12,11,15,32,1,2,1,2,7,0,0,0,0,0,0,0,55,13,0,1,95,6,0,15.833333333333334,9,0.16666666666666666,13,0,1,0,0,0,0,0,1,0,0,0,0,1,0,1,0,0,0
1949,72298.0,0,0,52,625,35,169,58,17,35,1,4,3,6,1,0,1,1,0,0,0,0,77,12,0,1,939,14,2,67.07142857142857,5,0.07142857142857142,15,0,1,0,0,0,0,0,0,0,1,0,1,0,0,0,0,0,1
1978,36975.0,1,0,50,10,6,11,0,4,2,1,1,0,3,7,0,0,0,0,0,0,0,48,13,1,2,33,5,0,6.6,8,0.2,12,0,0,0,0,0,0,0,1,0,0,0,1,0,0,0,1,0,0
1955,72635.0,0,0,54,390,22,323,104,35,107,1,6,8,6,3,0,0,0,1,0,0,0,71,13,0,2,981,21,1,46.714285714285715,9,0.047619047619047616,24,0,0,0,0,0,0,1,0,0,0,0,0,0,0,0,0,0,1
1976,13624.0,1,0,93,10,2,15,2,1,6,2,2,0,3,6,0,0,0,0,0,0,0,50,13,1,3,36,7,0,5.142857142857143,8,0.2857142857142857,13,0,1,0,0,0,0,1,0,0,0,0,1,0,0,0,1,0,0
1975,84196.0,0,1,56,215,63,507,231,31,190,1,8,4,7,3,0,0,0,0,0,0,0,51,13,1,2,1237,20,0,61.85,11,0.05,23,0,1,0,0,0,0,0,1,0,0,0,0,1,0,0,1,0,0
1960,70971.0,0,1,28,1001,17,572,93,125,17,7,11,11,5,7,0,0,0,0,0,0,1,66,14,1,3,1825,34,1,53.6764705882353,18,0.20588235294117646,41,0,1,0,0,0,0,0,0,1,0,0,0,1,0,0,0,0,1
1977,34487.0,1,1,94,19,18,33,24,1,8,3,3,0,3,9,0,0,0,0,0,0,0,49,14,2,3,103,9,0,11.444444444444445,12,0.3333333333333333,18,0,0,0,1,0,1,0,0,0,0,0,0,1,0,0,1,0,0
1977,28769.0,1,0,76,41,5,129,10,3,3,3,4,1,4,9,0,0,0,0,0,0,0,49,14,1,2,191,12,0,15.916666666666666,13,0.25,21,0,1,0,0,0,0,0,1,0,0,0,0,1,0,0,1,0,0
1970,69084.0,1,0,43,1181,107,199,39,30,30,2,7,3,13,8,0,0,0,0,0,0,0,56,13,1,3,1586,25,0,63.44,15,0.08,33,0,0,0,1,0,0,1,0,0,0,0,1,0,0,0,0,0,1
1958,65488.0,0,0,46,603,45,207,36,18,54,1,3,4,6,1,0,0,0,0,0,0,0,68,12,0,2,963,14,0,68.78571428571429,4,0.07142857142857142,15,0,0,0,1,0,0,0,0,1,0,0,1,0,0,0,0,0,1
1970,62466.0,0,1,13,129,129,259,168,121,83,5,6,3,12,4,0,0,0,0,0,0,0,56,12,1,3,889,26,0,34.19230769230769,10,0.19230769230769232,30,0,0,0,0,0,0,1,0,0,0,0,1,0,0,0,1,0,0
1960,32218.0,0,0,27,10,24,15,13,1,30,1,2,1,3,7,1,0,0,0,0,0,1,66,12,0,1,93,7,2,13.285714285714286,9,0.14285714285714285,14,0,0,0,0,0,0,0,1,0,0,0,1,0,0,1,0,0,0
1973,83917.0,0,0,12,514,22,732,42,198,79,1,6,7,7,3,0,0,0,0,0,0,1,53,13,0,1,1587,21,1,75.57142857142857,9,0.047619047619047616,24,0,1,0,0,0,0,0,1,0,0,0,0,0,0,0,1,0,0
1962,46102.0,2,1,3,14,0,1,0,0,1,1,1,0,2,7,0,0,0,0,0,0,0,64,12,3,4,16,4,0,4.0,8,0.25,11,0,1,0,0,0,1,0,0,0,0,0,1,0,0,0,0,0,1
1952,84574.0,0,0,72,387,20,713,38,54,163,1,9,11,11,5,0,0,0,0,0,0,0,74,13,0,1,1375,32,0,42.96875,14,0.03125,37,0,1,0,0,0,0,0,1,0,0,0,0,0,0,0,1,0,0
1962,56181.0,0,1,6,121,103,69,8,44,48,1,4,2,7,4,0,0,0,0,0,0,0,64,13,1,3,393,14,0,28.071428571428573,8,0.07142857142857142,18,0,1,0,0,0,0,1,0,0,0,0,1,0,0,0,0,0,1
1950,63120.0,0,1,53,965,69,279,54,41,69,5,8,4,9,7,0,0,0,0,0,0,1,76,14,1,2,1477,26,1,56.80769230769231,15,0.19230769230769232,33,0,0,1,0,0,1,0,0,0,0,0,1,0,0,0,0,0,1
1971,73691.0,0,1,58,707,21,250,85,43,73,2,6,2,8,2,1,0,0,0,0,0,0,55,13,1,3,1179,18,1,65.5,8,0.1111111111111111,20,0,1,0,0,0,0,1,0,0,0,0,1,0,0,0,0,0,1
1960,63381.0,0,1,78,571,50,142,33,50,159,4,4,5,13,2,0,0,0,0,0,0,0,66,14,1,3,1005,26,0,38.65384615384615,6,0.15384615384615385,28,0,1,0,0,0,0,0,0,1,0,0,1,0,0,0,0,0,1
1948,76140.0,0,0,57,586,66,653,17,0,26,1,5,9,6,2,0,0,0,0,0,0,0,78,12,0,2,1348,21,0,64.19047619047619,7,0.047619047619047616,23,0,0,0,1,0,0,0,0,1,0,0,0,0,0,0,1,0,0
1959,62859.0,0,1,37,1063,89,102,16,12,25,4,9,4,6,6,0,0,0,0,0,0,0,67,14,1,2,1307,23,0,56.82608695652174,15,0.17391304347826086,29,0,0,0,1,0,1,0,0,0,0,0,0,1,0,0,0,0,1
1964,45906.0,0,1,20,305,3,27,4,3,144,2,5,4,4,5,1,0,0,0,0,0,0,62,13,1,2,486,15,1,32.4,10,0.13333333333333333,20,0,1,0,0,0,0,0,1,0,0,0,0,1,0,0,0,0,1
1947,77632.0,0,0,73,1200,105,758,0,42,147,1,4,2,6,2,0,1,1,0,0,0,1,79,13,0,2,2252,13,3,173.23076923076923,6,0.07692307692307693,15,0,0,1,0,0,0,0,0,1,0,0,1,0,0,0,0,0,1
1971,46463.0,1,1,56,163,2,40,8,11,11,7,3,1,6,6,0,0,0,0,0,0,0,55,13,2,4,235,17,0,13.823529411764707,9,0.4117647058823529,23,0,0,0,1,0,0,1,0,0,0,0,1,0,0,0,0,0,1
1970,105471.0,0,0,36,1009,181,104,202,21,207,0,9,8,13,3,0,0,1,1,0,0,1,56,13,0,2,1724,30,3,57.46666666666667,12,0.0,33,0,1,0,0,0,0,0,0,1,0,0,1,0,0,0,0,0,1
1970,55282.0,1,0,9,125,6,73,8,4,19,1,3,1,6,4,0,0,0,0,0,0,0,56,13,1,2,235,11,0,21.363636363636363,7,0.09090909090909091,15,0,0,1,0,0,1,0,0,0,0,0,1,0,0,0,0,0,1
1977,78710.0,0,1,42,721,0,152,119,50,50,3,7,6,12,4,0,0,0,0,0,0,0,49,12,1,3,1092,28,0,39.0,11,0.10714285714285714,32,0,0,1,0,0,0,1,0,0,0,0,1,0,0,0,0,0,1
1958,66886.0,0,1,28,315,4,62,41,31,146,2,7,1,7,5,0,0,0,0,0,0,0,68,13,1,3,599,17,0,35.23529411764706,12,0.11764705882352941,22,0,1,0,0,0,0,0,0,1,0,0,0,1,0,0,0,0,1
1960,98777.0,0,0,23,1000,19,711,125,115,38,0,4,6,9,1,0,1,0,0,0,0,0,66,12,0,1,2008,19,1,105.6842105263158,5,0.0,20,0,0,1,0,0,0,0,1,0,0,0,1,0,0,0,0,0,1
1985,29103.0,1,0,38,16,0,17,6,3,6,2,1,0,3,9,0,0,0,0,0,0,0,41,14,1,3,48,6,0,8.0,10,0.3333333333333333,15,0,1,0,0,0,0,0,0,1,0,0,1,0,0,0,1,0,0
1974,67445.0,0,1,63,757,80,217,29,80,11,5,9,6,12,6,0,0,0,0,0,0,0,52,14,1,3,1174,32,0,36.6875,15,0.15625,38,0,1,0,0,0,0,1,0,0,0,0,1,0,0,0,0,0,1
1950,50616.0,0,1,71,30,2,25,0,1,9,1,1,1,4,2,0,0,0,0,0,0,0,76,12,1,3,67,7,0,9.571428571428571,3,0.14285714285714285,9,0,0,0,1,0,0,0,0,1,0,0,1,0,0,0,0,0,1
1955,49431.0,0,1,9,219,3,100,26,0,17,2,7,1,5,8,0,0,0,0,0,0,0,71,14,1,2,365,15,0,24.333333333333332,15,0.13333333333333333,23,0,1,0,0,0,1,0,0,0,0,0,0,1,0,0,0,0,1
1975,153924.0,0,0,81,1,1,1,1,1,1,0,0,0,0,0,0,0,0,0,0,0,0,51,12,0,1,6,0,0,0.0,0,0.0,0,0,1,0,0,0,1,0,0,0,0,0,0,1,0,0,0,0,1
1953,61278.0,0,1,87,111,3,28,2,6,15,2,3,1,4,6,0,0,0,0,0,0,0,73,12,1,3,165,10,0,16.5,9,0.2,16,0,1,0,0,0,0,0,0,1,0,0,1,0,0,0,0,0,1
1958,26490.0,0,0,92,45,47,52,21,20,25,2,3,1,5,6,0,0,0,0,0,0,0,68,14,0,2,210,11,0,19.09090909090909,9,0.18181818181818182,17,0,0,0,0,0,0,0,0,1,0,0,1,0,0,0,1,0,0
1947,73059.0,0,1,36,410,112,420,0,82,71,1,9,3,13,4,0,0,0,0,0,0,0,79,13,1,3,1095,26,0,42.11538461538461,13,0.038461538461538464,30,0,0,0,1,0,0,0,0,1,0,0,1,0,0,0,1,0,0
1966,46734.0,1,2,86,100,1,39,6,1,76,4,3,2,3,6,1,0,0,0,0,0,0,60,13,3,4,223,12,1,18.583333333333332,9,0.3333333333333333,18,0,0,0,1,0,0,0,1,0,0,0,0,1,0,0,0,0,1
1963,56253.0,0,1,83,509,0,65,7,11,5,4,7,2,9,6,0,0,0,0,0,0,0,63,14,1,3,597,22,0,27.136363636363637,13,0.18181818181818182,28,0,1,0,0,0,0,0,0,1,0,0,1,0,0,0,0,0,1
1985,19986.0,1,0,74,3,6,5,0,2,6,1,0,0,3,7,0,0,0,0,0,0,0,41,13,1,3,22,4,0,5.5,7,0.25,11,0,1,0,0,0,0,1,0,0,0,0,1,0,1,0,0,0,0
1975,58330.0,0,1,87,445,53,213,104,98,151,1,6,4,13,4,0,0,0,0,0,0,0,51,13,1,2,1064,24,0,44.333333333333336,10,0.041666666666666664,28,0,1,0,0,0,0,0,0,0,1,0,1,0,0,0,0,0,1
1980,25965.0,0,0,29,2,2,11,41,7,11,1,2,0,3,8,0,0,0,0,0,0,0,46,14,0,2,74,6,0,12.333333333333334,10,0.16666666666666666,14,1,0,0,0,0,0,1,0,0,0,0,1,0,0,0,0,0,0
1956,14661.0,0,0,88,4,1,11,6,2,2,1,1,0,3,6,0,0,0,0,0,0,0,70,13,0,2,26,5,0,5.2,7,0.2,11,0,0,1,0,0,0,0,0,1,0,0,1,0,0,0,1,0,0
1959,18690.0,0,0,77,6,1,7,23,4,19,1,1,1,2,8,0,0,0,0,0,0,0,67,14,0,2,60,5,0,12.0,9,0.2,13,0,1,0,0,0,0,1,0,0,0,0,1,0,0,0,0,0,0
1974,45068.0,0,1,25,14,0,3,0,0,3,1,1,0,2,7,0,0,0,0,0,0,0,52,13,1,3,20,4,0,5.0,8,0.25,11,0,0,0,1,0,0,0,0,1,0,0,1,0,0,0,0,0,1
1987,21063.0,1,0,34,1,10,11,19,3,15,2,2,0,3,6,0,0,0,0,0,0,0,39,13,1,2,59,7,0,8.428571428571429,8,0.2857142857142857,13,1,0,0,0,0,0,0,1,0,0,0,1,0,0,0,0,0,0
1968,29187.0,1,0,43,26,0,6,0,0,2,1,1,0,3,8,0,0,0,0,0,0,0,58,13,1,3,34,5,0,6.8,9,0.2,13,0,0,0,1,0,0,1,0,0,0,0,1,0,0,0,0,0,1
1971,54690.0,1,1,76,111,16,37,7,9,18,3,3,1,5,3,0,0,0,0,0,0,0,55,13,2,4,198,12,0,16.5,6,0.25,15,0,0,0,0,0,0,1,0,0,0,0,1,0,0,0,0,0,1
1964,59304.0,0,1,81,418,61,428,80,51,10,3,7,8,10,5,0,0,0,0,0,0,0,62,13,1,3,1048,28,0,37.42857142857143,12,0.10714285714285714,33,0,0,0,1,0,0,1,0,0,0,0,1,0,0,0,1,0,0
1962,59247.0,0,2,87,327,9,122,19,14,83,5,5,2,9,6,0,0,0,0,0,0,0,64,13,2,3,574,21,0,27.333333333333332,11,0.23809523809523808,27,0,0,1,0,0,0,0,1,0,0,0,1,0,0,0,0,0,1
1970,66731.0,0,1,33,371,159,194,58,106,141,4,4,3,6,3,0,0,0,0,0,0,0,56,14,1,2,1029,17,0,60.529411764705884,7,0.23529411764705882,20,0,1,0,0,0,0,0,0,0,1,0,1,0,0,0,0,0,1
1980,77353.0,0,1,38,275,59,107,69,101,59,2,6,4,8,4,0,0,0,0,0,0,0,46,13,1,3,670,20,0,33.5,10,0.1,24,0,1,0,0,0,0,1,0,0,0,0,1,0,0,0,0,0,1
1975,52614.0,0,1,63,789,0,142,12,9,38,2,2,4,8,8,0,0,0,0,0,0,0,51,14,1,2,990,16,0,61.875,10,0.125,24,0,0,0,1,0,0,0,1,0,0,0,1,0,0,0,0,0,1
1974,26751.0,2,0,26,1,1,5,0,3,1,1,1,0,2,8,0,0,0,0,0,0,0,52,12,2,4,11,4,0,2.75,9,0.25,12,0,1,0,0,0,0,1,0,0,0,0,1,0,0,0,1,0,0
1963,81300.0,0,1,17,1004,12,145,32,12,36,3,10,3,5,5,0,0,0,1,0,0,1,63,14,1,3,1241,21,2,59.095238095238095,15,0.14285714285714285,26,0,0,0,1,0,0,1,0,0,0,0,0,1,0,0,0,0,1
1979,70337.0,0,0,75,187,81,149,25,43,91,1,2,2,12,1,0,0,0,0,0,0,0,47,12,0,1,576,17,0,33.88235294117647,3,0.058823529411764705,18,0,1,0,0,0,0,0,1,0,0,0,1,0,0,0,0,0,1
1985,36145.0,1,0,13,56,4,76,17,1,18,4,4,1,3,9,1,0,0,0,0,0,1,41,13,1,3,172,12,2,14.333333333333334,13,0.3333333333333333,21,0,0,0,0,0,0,1,0,0,0,0,0,1,0,0,1,0,0
1980,65295.0,0,0,19,365,32,117,34,110,6,1,3,3,13,2,0,0,0,0,0,0,0,46,13,0,1,664,20,0,33.2,5,0.05,22,0,0,0,1,0,0,0,1,0,0,0,1,0,0,0,0,0,1
1963,68118.0,0,1,51,595,23,123,10,23,154,2,8,9,4,6,0,0,0,0,0,0,0,63,13,1,2,928,23,0,40.34782608695652,14,0.08695652173913043,29,0,1,0,0,0,1,0,0,0,0,0,0,0,0,0,0,0,1
1967,68743.0,0,0,81,1132,134,384,175,134,115,1,11,5,13,7,0,0,0,0,0,0,0,59,14,0,1,2074,30,0,69.13333333333334,18,0.03333333333333333,37,0,1,0,0,0,1,0,0,0,0,0,1,0,0,0,0,0,1
1982,41039.0,0,0,32,34,11,137,179,61,45,1,8,1,5,8,0,0,0,0,0,0,0,44,13,0,2,467,15,0,31.133333333333333,16,0.06666666666666667,23,0,0,0,0,0,0,0,0,1,0,0,0,1,0,0,0,0,0
1955,38946.0,0,1,84,116,6,82,6,6,41,2,3,1,6,5,0,0,0,0,0,0,0,71,13,1,3,257,12,0,21.416666666666668,8,0.16666666666666666,17,0,1,0,0,0,0,0,0,1,0,0,1,0,0,0,0,0,1
1967,65777.0,0,0,87,565,32,435,28,32,54,1,2,8,6,1,0,0,0,0,0,0,0,59,13,0,2,1146,17,0,67.41176470588235,3,0.058823529411764705,18,0,1,0,0,0,0,0,0,1,0,0,0,0,0,0,0,0,1
1976,66476.0,0,1,99,372,18,126,47,48,78,2,5,2,11,4,0,0,0,0,0,0,0,50,13,1,2,689,20,0,34.45,9,0.1,24,0,0,0,1,0,1,0,0,0,0,0,1,0,0,0,0,0,1
1972,86857.0,0,0,96,899,102,838,133,102,40,1,5,6,10,2,0,0,0,0,0,0,1,54,14,0,1,2114,22,1,96.0909090909091,7,0.045454545454545456,24,0,0,0,1,0,0,0,1,0,0,0,1,0,0,0,0,0,1
1982,160803.0,0,0,21,55,16,1622,17,3,4,15,0,28,1,0,0,0,0,0,0,0,0,44,14,0,2,1717,44,0,39.02272727272727,0,0.3409090909090909,44,0,0,0,1,0,0,1,0,0,0,0,0,0,0,0,1,0,0
1989,77845.0,0,0,40,760,40,480,0,40,26,1,3,5,12,1,0,0,1,1,0,0,0,37,12,0,2,1346,21,2,64.0952380952381,4,0.047619047619047616,22,0,0,0,1,0,0,0,0,1,0,0,1,0,0,0,0,0,1
1969,69476.0,0,0,3,260,86,559,63,9,67,1,4,6,4,2,0,0,0,0,0,0,0,57,13,0,2,1044,15,0,69.6,6,0.06666666666666667,17,0,0,0,1,0,0,0,0,1,0,0,0,0,0,0,1,0,0
1960,50611.0,0,1,98,459,0,24,6,0,4,6,4,5,7,6,0,1,0,0,0,0,1,66,14,1,2,493,22,2,22.40909090909091,10,0.2727272727272727,28,0,0,0,1,0,1,0,0,0,0,0,1,0,0,0,0,0,1
1970,61209.0,0,0,73,466,0,224,119,49,99,1,5,3,4,2,0,0,0,0,0,0,0,56,13,0,1,957,13,0,73.61538461538461,7,0.07692307692307693,15,0,1,0,0,0,0,0,1,0,0,0,0,1,0,0,0,0,1
1958,42315.0,0,1,90,67,15,80,17,11,80,3,1,4,4,3,0,0,0,0,0,0,0,68,13,1,3,270,12,0,22.5,4,0.25,15,0,0,1,0,0,0,0,0,1,0,0,0,0,0,0,1,0,0
1952,13084.0,0,0,29,2,0,7,3,7,10,1,1,0,3,6,0,0,0,0,0,0,0,74,13,0,2,29,5,0,5.8,7,0.2,11,1,0,0,0,0,0,0,0,1,0,0,1,0,0,1,0,0,0
1949,47570.0,1,1,3,67,1,20,0,2,31,3,2,2,2,7,0,0,0,0,0,0,1,77,13,2,3,121,9,1,13.444444444444445,9,0.3333333333333333,16,0,0,1,0,0,0,0,0,0,1,0,0,1,0,0,0,0,1
1961,61923.0,0,2,94,92,4,18,3,3,6,1,2,1,4,3,0,0,0,0,0,0,0,65,13,2,4,126,8,0,15.75,5,0.125,11,0,0,1,0,0,0,1,0,0,0,0,1,0,0,0,0,0,1
1995,34824.0,0,0,65,4,2,11,2,0,4,1,1,0,2,6,0,0,0,0,0,0,0,31,12,0,1,23,4,0,5.75,7,0.25,10,0,1,0,0,0,0,0,1,0,0,0,1,0,0,0,1,0,0
1949,26518.0,1,1,33,20,1,28,3,3,2,3,2,0,3,8,0,0,0,0,0,0,1,77,13,2,3,57,8,1,7.125,10,0.375,16,0,0,0,1,0,0,0,1,0,0,0,1,0,0,0,1,0,0
1961,45938.0,0,0,46,273,11,178,62,83,29,2,8,4,6,6,0,0,0,0,0,0,0,65,13,0,1,636,20,0,31.8,14,0.1,26,0,1,0,0,0,0,0,1,0,0,0,0,1,0,0,0,0,1
1960,78468.0,0,0,29,434,22,388,104,22,34,1,10,7,10,4,0,0,0,1,0,0,0,66,12,0,2,1004,28,1,35.857142857142854,14,0.03571428571428571,32,0,1,0,0,0,0,0,0,1,0,0,0,1,0,0,0,0,1
1973,78901.0,0,1,99,321,11,309,33,26,34,3,9,3,5,4,0,0,0,0,0,0,0,53,13,1,2,734,20,0,36.7,13,0.15,24,0,1,0,0,0,1,0,0,0,0,0,0,1,0,0,0,0,1
1978,71427.0,2,0,26,212,123,177,15,64,23,2,8,2,8,4,0,0,0,0,0,0,0,48,12,2,4,614,20,0,30.7,12,0.1,24,0,1,0,0,0,0,1,0,0,0,0,0,1,0,0,0,0,1
1978,71022.0,0,1,30,909,12,278,0,12,242,3,5,2,11,8,1,0,0,0,0,0,0,48,12,1,2,1453,21,1,69.19047619047619,13,0.14285714285714285,29,0,1,0,0,0,1,0,0,0,0,0,1,0,0,0,0,0,1
1988,90247.0,0,0,27,1184,32,352,21,16,16,1,3,4,7,1,0,1,1,1,0,0,1,38,12,0,1,1621,15,4,108.06666666666666,4,0.06666666666666667,16,0,0,1,0,0,0,0,1,0,0,0,1,0,0,0,0,0,1
1968,41335.0,1,0,24,112,19,21,16,14,5,3,4,1,4,7,0,0,0,0,0,0,0,58,13,1,2,187,12,0,15.583333333333334,11,0.25,19,0,0,1,0,0,1,0,0,0,0,0,0,1,0,0,0,0,1
1986,71952.0,1,0,93,656,80,455,52,107,93,2,8,4,8,4,1,0,1,0,0,0,0,40,13,1,3,1443,22,2,65.5909090909091,12,0.09090909090909091,26,0,1,0,0,0,0,1,0,0,0,0,0,1,0,0,0,0,1
1970,35682.0,1,0,34,23,0,8,6,2,18,1,1,1,3,2,0,0,0,0,0,0,0,56,12,1,2,57,6,0,9.5,3,0.16666666666666666,8,0,0,0,1,0,1,0,0,0,0,0,1,0,0,0,0,0,1
1951,43185.0,0,1,88,537,6,42,16,6,30,2,9,3,6,8,0,0,0,0,0,0,0,75,13,1,2,637,20,0,31.85,17,0.1,28,0,1,0,0,0,1,0,0,0,0,0,0,1,0,0,0,0,1
1948,66375.0,0,1,96,712,0,45,0,0,191,3,2,4,5,7,1,0,0,0,0,0,0,78,13,1,3,948,14,1,67.71428571428571,9,0.21428571428571427,21,0,0,0,1,0,0,0,0,1,0,0,1,0,0,0,0,0,1
1971,35178.0,1,0,10,23,1,13,2,2,18,1,1,1,2,7,1,0,0,0,0,0,1,55,13,1,3,59,5,2,11.8,8,0.2,12,0,0,1,0,0,0,1,0,0,0,0,1,0,0,0,0,0,1
1986,25252.0,1,0,26,1,3,4,2,2,6,1,1,0,2,8,0,0,0,0,0,0,0,40,13,1,3,18,4,0,4.5,9,0.25,12,0,1,0,0,0,0,1,0,0,0,0,1,0,0,1,0,0,0
1965,55250.0,0,1,49,664,58,83,32,0,66,4,7,5,10,5,0,0,0,0,0,0,0,61,14,1,2,903,26,0,34.73076923076923,12,0.15384615384615385,31,0,0,1,0,0,0,0,1,0,0,0,1,0,0,0,0,0,1
1975,33249.0,1,0,11,6,10,21,19,14,42,2,2,1,3,6,0,0,0,0,0,0,0,51,13,1,2,112,8,0,14.0,8,0.25,14,0,1,0,0,0,0,0,1,0,0,0,1,0,0,1,0,0,0
1953,58398.0,0,0,44,299,5,201,21,21,49,3,5,4,8,4,0,0,0,0,0,0,0,73,13,0,2,596,20,0,29.8,9,0.15,24,0,1,0,0,0,0,0,0,1,0,0,1,0,0,0,0,0,1
1982,50272.0,1,0,75,99,13,66,43,8,4,3,4,1,5,7,0,0,0,0,0,0,0,44,13,1,3,233,13,0,17.923076923076923,11,0.23076923076923078,20,0,1,0,0,0,0,0,0,1,0,0,1,0,0,0,0,0,1
1975,76618.0,0,0,64,749,40,294,121,160,147,1,3,2,5,1,0,0,0,0,0,0,0,51,14,0,2,1511,11,0,137.36363636363637,4,0.09090909090909091,12,0,0,0,1,0,0,1,0,0,0,0,1,0,0,0,0,0,1
1960,87305.0,0,0,19,345,25,501,63,138,80,1,5,3,8,2,0,0,1,0,0,0,1,66,14,0,1,1152,17,2,67.76470588235294,7,0.058823529411764705,19,0,0,0,0,0,1,0,0,0,0,0,1,0,0,0,1,0,0
1978,25851.0,1,0,45,9,4,18,7,5,5,2,2,0,3,7,0,0,0,0,0,0,0,48,13,1,3,48,7,0,6.857142857142857,9,0.2857142857142857,14,0,1,0,0,0,0,0,0,1,0,0,1,0,0,0,1,0,0
1970,58710.0,0,1,77,440,81,368,0,122,174,6,11,5,9,6,0,0,0,0,0,0,0,56,13,1,2,1185,31,0,38.225806451612904,17,0.1935483870967742,37,0,1,0,0,0,1,0,0,0,0,0,0,1,0,0,0,0,1
1958,45160.0,1,1,9,8,2,5,3,0,3,1,1,0,2,7,0,0,0,0,0,0,0,68,12,2,3,21,4,0,5.25,8,0.25,11,0,1,0,0,0,0,0,1,0,0,0,1,0,0,0,0,0,1
1965,74806.0,0,1,1,670,9,249,0,28,9,2,5,4,5,4,0,0,0,0,0,0,0,61,14,1,3,965,16,0,60.3125,9,0.125,20,0,0,1,0,0,0,1,0,0,0,0,0,1,0,0,0,0,1
1954,59111.0,0,0,90,524,0,134,28,28,155,1,11,1,8,7,0,0,0,0,0,0,0,72,13,0,2,869,21,0,41.38095238095238,18,0.047619047619047616,28,0,1,0,0,0,0,1,0,0,0,0,0,1,0,0,0,0,1
1984,18988.0,1,0,43,6,0,6,2,1,1,2,1,0,3,7,0,0,0,0,0,0,0,42,12,1,3,16,6,0,2.6666666666666665,8,0.3333333333333333,13,0,0,0,1,0,0,1,0,0,0,0,1,0,0,0,0,0,1
1965,72190.0,0,0,79,597,166,597,172,166,249,1,5,6,4,3,0,0,0,0,0,0,0,61,13,0,2,1947,16,0,121.6875,8,0.0625,19,0,1,0,0,0,0,1,0,0,0,0,0,0,0,0,0,0,1
1976,7500.0,1,0,19,7,0,12,13,7,32,5,4,1,2,9,1,0,0,0,0,0,1,50,14,1,3,71,12,2,5.916666666666667,13,0.4166666666666667,21,0,1,0,0,0,0,1,0,0,0,0,0,1,0,1,0,0,0
1966,44794.0,0,1,99,54,0,7,0,0,4,1,2,0,3,6,0,0,0,0,0,0,0,60,12,1,3,65,6,0,10.833333333333334,8,0.16666666666666666,12,0,1,0,0,0,0,1,0,0,0,0,1,0,0,0,0,0,1
1955,80395.0,0,0,62,445,25,706,80,76,48,1,6,5,12,2,0,0,0,1,0,0,0,71,13,0,2,1380,24,1,57.5,8,0.041666666666666664,26,0,1,0,0,0,0,1,0,0,0,0,1,0,0,0,1,0,0
1976,75012.0,0,0,41,294,142,218,164,58,151,1,3,8,11,1,0,0,0,0,0,0,0,50,12,0,1,1027,23,0,44.65217391304348,4,0.043478260869565216,24,0,0,1,0,0,1,0,0,0,0,0,1,0,0,0,0,0,1
1965,56962.0,2,1,60,292,3,77,10,3,26,7,6,3,5,7,0,0,0,0,0,0,0,61,13,3,5,411,21,0,19.571428571428573,13,0.3333333333333333,28,0,0,1,0,0,0,1,0,0,0,0,0,1,0,0,0,0,1
1991,89891.0,0,0,17,412,22,132,59,28,183,1,11,6,8,4,0,0,1,0,0,0,0,35,13,0,2,836,26,1,32.15384615384615,15,0.038461538461538464,30,0,1,0,0,0,0,0,0,1,0,0,0,1,0,0,0,0,1
1949,35946.0,1,1,24,8,0,3,0,0,0,1,0,0,3,5,0,0,0,0,0,0,0,77,13,2,3,11,4,0,2.75,5,0.25,9,0,0,0,1,0,1,0,0,0,0,0,1,0,0,0,0,0,1
1953,53593.0,1,1,60,349,4,78,6,0,43,8,7,2,6,8,0,0,0,0,0,0,0,73,14,2,4,480,23,0,20.869565217391305,15,0.34782608695652173,31,0,0,0,1,0,0,0,0,1,0,0,0,1,0,0,0,0,1
1978,66373.0,1,1,57,328,9,124,12,24,109,7,4,2,10,3,0,0,0,0,0,0,0,48,13,2,4,606,23,0,26.347826086956523,7,0.30434782608695654,26,0,1,0,0,0,0,1,0,0,0,0,1,0,0,0,0,0,1
1948,45072.0,1,2,74,144,2,99,7,2,30,5,6,1,4,8,0,0,0,0,0,0,0,78,13,3,4,284,16,0,17.75,14,0.3125,24,0,0,0,1,0,1,0,0,0,0,0,0,1,0,0,0,0,1
1973,89694.0,1,1,22,1126,28,211,37,28,42,3,4,3,4,5,0,1,1,1,0,0,0,53,13,2,3,1472,14,3,105.14285714285714,9,0.21428571428571427,19,0,1,0,0,0,1,0,0,0,0,0,0,1,0,0,0,0,1
1949,72025.0,0,0,46,967,0,617,43,50,0,1,4,8,13,2,0,1,1,1,0,0,1,77,12,0,2,1677,26,4,64.5,6,0.038461538461538464,28,0,1,0,0,0,0,1,0,0,0,0,1,0,0,0,0,0,1
1973,67432.0,0,1,69,432,79,341,177,136,170,2,8,5,4,4,0,0,0,0,0,0,0,53,13,1,3,1335,19,0,70.26315789473684,12,0.10526315789473684,23,0,1,0,0,0,0,1,0,0,0,0,0,1,0,0,0,0,1
1952,70545.0,0,1,29,138,39,63,55,18,21,1,4,1,7,2,0,0,0,0,0,0,0,74,12,1,3,334,13,0,25.692307692307693,6,0.07692307692307693,15,0,0,1,0,0,0,0,0,1,0,0,1,0,0,0,0,0,1
1989,17487.0,1,0,37,0,0,1,7,4,6,1,1,0,2,7,0,0,0,0,0,0,0,37,13,1,3,18,4,0,4.5,8,0.25,11,1,0,0,0,0,0,1,0,0,0,0,1,0,0,0,0,0,0
1969,62882.0,0,1,26,509,133,497,78,24,97,2,7,5,6,4,0,0,0,0,0,0,0,57,14,1,3,1338,20,0,66.9,11,0.1,24,0,1,0,0,0,0,0,0,1,0,0,0,1,0,0,0,0,1
1953,64108.0,0,1,8,948,10,86,13,21,21,4,6,9,11,5,0,0,0,0,0,0,0,73,13,1,2,1099,30,0,36.63333333333333,11,0.13333333333333333,35,0,0,0,1,0,0,0,1,0,0,0,1,0,0,0,0,0,1
1956,34941.0,1,1,26,39,2,25,4,3,24,2,3,0,3,8,0,0,0,0,0,0,0,70,13,2,4,97,8,0,12.125,11,0.25,16,0,0,1,0,0,0,0,0,1,0,0,0,1,0,0,0,0,1
1950,48767.0,1,2,79,28,1,21,3,0,10,3,2,1,3,5,0,0,0,0,0,0,0,76,12,3,4,63,9,0,7.0,7,0.3333333333333333,14,0,0,0,1,0,0,0,1,0,0,0,1,0,0,0,0,0,1
1978,38702.0,1,0,71,13,11,24,13,8,40,2,3,0,4,6,0,0,0,0,0,0,0,48,13,1,3,109,9,0,12.11111111111111,9,0.2222222222222222,15,0,0,0,0,0,0,0,0,1,0,0,1,0,0,1,0,0,0
1964,82224.0,0,0,83,307,26,360,138,31,40,1,6,9,5,3,0,0,0,1,0,0,0,62,12,0,2,902,21,1,42.95238095238095,9,0.047619047619047616,24,0,1,0,0,0,0,1,0,0,0,0,0,0,0,0,1,0,0
1952,83844.0,0,0,57,901,31,345,75,31,191,1,4,4,11,1,0,0,1,0,0,0,0,74,13,0,2,1574,20,1,78.7,5,0.05,21,0,1,0,0,0,0,0,0,1,0,0,1,0,0,0,0,0,1
1975,17003.0,1,0,37,2,5,12,4,8,7,3,2,0,4,5,0,0,0,0,0,0,0,51,13,1,3,38,9,0,4.222222222222222,7,0.3333333333333333,14,0,0,0,0,0,0,1,0,0,0,0,1,0,0,0,1,0,0
1995,71163.0,0,0,30,283,17,372,138,106,44,1,3,8,12,1,0,0,0,0,0,0,0,31,12,0,1,960,24,0,40.0,4,0.041666666666666664,25,0,1,0,0,0,0,0,1,0,0,0,1,0,0,0,1,0,0
1970,33697.0,1,0,34,4,3,7,0,3,11,1,1,0,2,7,1,0,0,0,0,0,0,56,13,1,2,28,4,1,7.0,8,0.25,11,0,1,0,0,0,0,0,1,0,0,0,1,0,0,1,0,0,0
1954,63564.0,0,0,0,769,80,252,15,34,65,1,10,10,7,6,1,0,0,0,0,0,1,72,12,0,2,1215,28,2,43.392857142857146,16,0.03571428571428571,34,0,0,0,0,0,0,1,0,0,0,0,0,1,0,0,0,0,1
1972,83443.0,0,0,89,518,42,742,55,56,84,1,6,10,5,2,0,0,0,0,0,0,0,54,13,0,2,1497,22,0,68.04545454545455,8,0.045454545454545456,24,0,0,0,1,0,0,0,0,1,0,0,0,0,0,0,1,0,0
1958,51518.0,0,1,92,350,8,66,17,4,4,2,3,2,10,3,0,0,0,0,0,0,0,68,13,1,3,449,17,0,26.41176470588235,6,0.11764705882352941,20,0,0,0,1,0,0,0,0,1,0,0,1,0,0,0,0,0,1
1975,58330.0,0,1,87,445,53,213,104,98,151,1,6,4,13,4,0,0,0,0,0,0,0,51,13,1,2,1064,24,0,44.333333333333336,10,0.041666666666666664,28,0,1,0,0,0,0,0,0,0,1,0,1,0,0,0,0,0,1
1969,80952.0,0,0,20,778,178,689,41,27,44,1,8,5,11,8,0,1,1,1,0,0,1,57,13,0,2,1757,25,4,70.28,16,0.04,33,0,1,0,0,0,0,1,0,0,0,0,1,0,0,0,0,0,1
1979,75507.0,0,0,56,709,93,374,104,80,80,1,8,6,6,3,0,0,0,0,0,0,0,47,12,0,2,1440,21,0,68.57142857142857,11,0.047619047619047616,24,0,1,0,0,0,0,0,0,1,0,0,0,1,0,0,0,0,1
1978,63855.0,0,0,28,359,35,314,93,116,89,1,7,3,13,4,0,0,0,0,0,0,0,48,13,0,2,1006,24,0,41.916666666666664,11,0.041666666666666664,28,0,0,0,0,0,0,0,0,1,0,0,1,0,0,0,0,0,1
1972,62220.0,0,1,55,799,12,375,16,12,12,5,7,6,5,6,0,0,0,0,0,0,1,54,14,1,3,1226,23,1,53.30434782608695,13,0.21739130434782608,29,0,0,0,1,0,0,0,0,1,0,0,0,1,0,0,0,0,1
1964,58512.0,0,1,25,895,10,101,13,0,152,5,3,4,8,8,0,0,0,0,0,0,0,62,13,1,3,1171,20,0,58.55,11,0.25,28,0,1,0,0,0,0,1,0,0,0,0,1,0,0,0,0,0,1
1979,40662.0,1,0,0,40,2,23,0,4,23,2,2,1,3,4,0,0,0,0,0,0,0,47,13,1,3,92,8,0,11.5,6,0.25,12,0,0,1,0,0,0,1,0,0,0,0,1,0,0,0,0,0,1
1959,38829.0,0,1,86,76,0,7,0,0,16,1,3,2,2,5,0,0,0,0,0,0,0,67,12,1,3,99,8,0,12.375,8,0.125,13,0,0,0,1,0,0,1,0,0,0,0,0,1,0,0,0,0,1
1981,35523.0,1,0,8,11,5,22,12,5,11,2,3,0,3,7,0,0,0,0,0,0,0,45,13,1,3,66,8,0,8.25,10,0.25,15,0,0,0,0,0,0,1,0,0,0,0,0,1,0,0,1,0,0
1967,79146.0,1,1,33,245,16,223,21,43,16,2,8,1,8,6,0,0,0,0,0,0,0,59,12,2,3,564,19,0,29.68421052631579,14,0.10526315789473684,25,0,1,0,0,0,0,0,1,0,0,0,0,1,0,0,0,0,1
1988,78285.0,0,0,13,647,107,391,175,67,40,1,6,4,10,3,0,0,0,0,0,0,0,38,13,0,2,1427,21,0,67.95238095238095,9,0.047619047619047616,24,0,0,1,0,0,0,1,0,0,0,0,1,0,0,0,0,0,1
1978,31626.0,1,0,12,39,1,9,2,1,34,1,2,1,2,7,1,0,0,0,0,0,1,48,13,1,2,86,6,2,14.333333333333334,9,0.16666666666666666,13,0,0,0,1,0,0,0,1,0,0,0,0,1,0,0,0,0,1
1952,75127.0,0,0,92,203,35,305,46,17,227,1,2,11,5,1,0,0,0,0,0,0,0,74,12,0,1,833,19,0,43.8421052631579,3,0.05263157894736842,20,0,1,0,0,0,0,0,1,0,0,0,0,0,0,0,1,0,0
1955,48726.0,0,1,90,138,3,38,4,0,59,3,3,2,4,6,0,0,0,0,0,0,0,71,13,1,3,242,12,0,20.166666666666668,9,0.25,18,0,1,0,0,0,0,1,0,0,0,0,1,0,0,0,0,0,1
1977,74985.0,0,0,8,587,51,898,247,0,86,1,3,6,7,2,0,0,0,0,0,0,0,49,14,0,2,1869,17,0,109.94117647058823,5,0.058823529411764705,19,0,1,0,0,0,0,1,0,0,0,0,1,0,0,0,1,0,0
1987,67430.0,0,0,6,595,97,291,127,133,121,1,11,5,12,6,0,0,0,0,0,0,0,39,14,0,2,1364,29,0,47.03448275862069,17,0.034482758620689655,35,0,1,0,0,0,0,0,0,1,0,0,1,0,0,0,0,0,1
1965,46891.0,0,1,91,43,12,23,29,15,61,1,2,1,4,4,0,0,0,0,0,0,0,61,13,1,3,183,8,0,22.875,6,0.125,12,0,0,0,0,0,0,1,0,0,0,0,1,0,0,1,0,0,0
1956,62058.0,0,1,52,301,7,74,10,0,58,4,6,1,7,6,0,0,0,0,0,0,0,70,13,1,3,450,18,0,25.0,12,0.2222222222222222,24,0,0,1,0,0,0,1,0,0,0,0,1,0,0,0,0,0,1
1979,72063.0,0,1,3,180,32,348,76,32,90,2,5,2,12,2,0,0,0,0,0,0,0,47,13,1,3,758,21,0,36.095238095238095,7,0.09523809523809523,23,0,1,0,0,0,0,1,0,0,0,0,1,0,0,0,1,0,0
1951,78939.0,0,0,57,794,115,243,150,0,205,1,8,5,6,3,0,0,0,0,0,0,0,75,13,0,2,1507,20,0,75.35,11,0.05,23,0,0,0,1,0,0,1,0,0,0,0,0,1,0,0,0,0,1
1965,42720.0,1,1,9,392,5,91,28,26,112,8,7,3,7,8,0,0,0,0,0,0,1,61,13,2,3,654,25,1,26.16,15,0.32,33,0,1,0,0,0,0,0,1,0,0,0,0,1,0,0,0,0,1
1972,33622.0,1,1,22,39,1,22,3,4,12,3,2,0,4,7,0,0,0,0,0,0,0,54,13,2,4,81,9,0,9.0,9,0.3333333333333333,16,0,1,0,0,0,0,1,0,0,0,0,1,0,0,0,0,0,1
1957,6835.0,0,1,76,107,2,12,2,2,12,0,0,0,1,20,0,0,0,0,0,0,0,69,14,1,3,137,1,0,137.0,20,0.0,21,0,0,0,1,0,0,0,0,1,0,0,1,0,0,0,0,0,1
1953,41452.0,1,1,86,13,0,3,0,0,0,1,1,0,2,7,0,0,0,0,0,0,0,73,13,2,4,16,4,0,4.0,8,0.25,11,0,1,0,0,0,0,0,0,1,0,0,1,0,0,0,0,0,1
1965,40760.0,0,1,64,70,0,17,0,0,6,2,2,1,3,6,0,0,0,0,0,0,0,61,13,1,2,93,8,0,11.625,8,0.25,14,0,0,0,1,0,0,0,1,0,0,0,1,0,0,0,0,0,1
1958,74250.0,0,0,90,680,11,392,75,0,0,1,2,11,4,1,0,0,0,0,0,0,0,68,12,0,2,1158,18,0,64.33333333333333,3,0.05555555555555555,19,0,0,0,1,0,0,0,0,1,0,0,0,0,0,0,0,0,1
1955,51124.0,1,1,79,26,1,11,0,1,4,2,1,0,3,3,0,0,0,0,0,0,0,71,13,2,3,43,6,0,7.166666666666667,4,0.3333333333333333,9,0,0,1,0,0,0,0,1,0,0,0,1,0,0,0,0,0,1
1971,72258.0,0,1,28,522,0,522,227,120,134,2,6,9,5,2,0,0,0,0,0,0,0,55,13,1,2,1525,22,0,69.31818181818181,8,0.09090909090909091,24,0,1,0,0,0,0,0,1,0,0,0,0,0,0,0,0,0,1
1974,71466.0,0,0,86,412,12,546,78,182,0,1,4,4,10,1,0,0,0,0,0,0,0,52,12,0,1,1230,19,0,64.73684210526316,5,0.05263157894736842,20,0,0,0,1,0,0,0,1,0,0,0,1,0,0,0,1,0,0
1976,36283.0,1,1,42,6,5,5,8,0,5,2,1,0,3,4,0,0,0,0,0,0,0,50,12,2,4,29,6,0,4.833333333333333,5,0.3333333333333333,10,0,1,0,0,0,0,0,0,1,0,0,1,0,0,0,0,0,0
1970,20587.0,1,0,39,2,3,6,4,1,9,1,1,1,2,7,0,0,0,0,0,0,0,56,12,1,2,25,5,0,5.0,8,0.2,12,0,1,0,0,0,0,0,1,0,0,0,1,0,0,1,0,0,0
1972,30467.0,1,0,8,1,3,8,2,5,5,1,1,0,2,7,0,0,0,0,0,0,0,54,12,1,3,24,4,0,6.0,8,0.25,11,0,1,0,0,0,0,1,0,0,0,0,1,0,0,0,1,0,0
1972,31590.0,1,0,40,6,2,15,6,6,3,1,1,0,3,8,0,0,0,0,0,0,0,54,13,1,3,38,5,0,7.6,9,0.2,13,0,1,0,0,0,0,0,0,1,0,0,1,0,0,0,1,0,0
1986,20425.0,1,0,5,4,12,5,3,16,17,2,2,0,3,7,0,0,0,0,0,0,0,40,14,1,3,57,7,0,8.142857142857142,9,0.2857142857142857,14,1,0,0,0,0,0,1,0,0,0,0,1,0,0,1,0,0,0
1960,17144.0,1,1,96,18,2,19,0,2,6,5,3,0,4,7,0,0,0,0,0,0,0,66,12,2,4,47,12,0,3.9166666666666665,10,0.4166666666666667,19,0,0,1,0,0,0,0,0,1,0,0,1,0,0,0,1,0,0
1968,42564.0,0,1,28,324,48,186,39,18,198,6,6,8,4,7,1,0,0,0,0,0,1,58,13,1,2,813,24,2,33.875,13,0.25,31,0,0,0,1,0,1,0,0,0,0,0,0,0,0,0,0,0,1
1978,43783.0,1,0,22,327,9,125,25,4,139,6,7,1,8,7,1,0,0,0,0,0,0,48,12,1,3,629,22,1,28.59090909090909,14,0.2727272727272727,29,0,0,1,0,0,0,1,0,0,0,0,1,0,0,0,0,0,1
1976,40780.0,0,1,30,229,27,71,13,3,34,4,7,1,5,9,0,0,0,0,0,0,0,50,14,1,2,377,17,0,22.176470588235293,16,0.23529411764705882,26,0,1,0,0,0,1,0,0,0,0,0,0,1,0,0,0,0,1
1945,62847.0,0,0,45,521,168,706,80,76,61,1,3,6,4,2,0,0,0,0,0,0,0,81,13,0,2,1612,14,0,115.14285714285714,5,0.07142857142857142,16,0,0,1,0,0,0,0,0,1,0,0,0,0,0,0,1,0,0
1957,82017.0,0,0,58,184,23,446,30,23,23,1,5,4,7,2,0,1,1,1,0,0,1,69,14,0,2,729,17,4,42.88235294117647,7,0.058823529411764705,19,0,0,0,1,0,0,1,0,0,0,0,1,0,0,0,1,0,0
1950,16813.0,0,0,49,4,8,11,12,2,13,1,2,0,3,7,1,0,0,0,0,0,0,76,13,0,1,50,6,1,8.333333333333334,9,0.16666666666666666,13,0,1,0,0,0,0,0,1,0,0,0,1,0,0,1,0,0,0
1978,51267.0,1,1,37,183,2,64,7,2,12,4,3,3,5,4,0,0,0,0,0,0,0,48,13,2,4,270,15,0,18.0,7,0.26666666666666666,19,0,1,0,0,0,0,1,0,0,0,0,1,0,0,0,0,0,1
1961,46524.0,0,1,70,31,19,35,26,14,52,2,1,1,5,3,0,0,0,0,0,0,0,65,13,1,2,177,9,0,19.666666666666668,4,0.2222222222222222,12,0,1,0,0,0,0,0,1,0,0,0,1,0,0,1,0,0,0
1962,45183.0,0,0,33,219,3,60,12,9,12,1,4,1,7,7,0,1,0,0,0,0,0,64,13,0,1,315,13,1,24.23076923076923,11,0.07692307692307693,20,0,0,1,0,0,0,0,1,0,0,0,1,0,0,0,0,0,1
1954,70421.0,0,1,98,479,28,136,75,14,35,3,10,3,7,6,0,0,0,0,0,0,0,72,12,1,3,767,23,0,33.34782608695652,16,0.13043478260869565,29,0,0,0,1,0,0,1,0,0,0,0,0,1,0,0,0,0,1
1965,60161.0,0,1,17,584,44,212,46,8,177,3,11,4,8,8,0,0,0,0,0,0,0,61,14,1,2,1071,26,0,41.19230769230769,19,0.11538461538461539,34,0,0,0,0,0,1,0,0,0,0,0,0,1,0,0,0,0,1
1973,73926.0,0,0,54,627,91,597,159,91,15,1,6,5,12,3,0,0,0,0,0,0,0,53,13,0,2,1580,24,0,65.83333333333333,9,0.041666666666666664,27,0,1,0,0,0,0,0,0,1,0,0,1,0,0,0,0,0,1
1968,19329.0,1,0,39,24,1,16,12,2,5,3,4,0,3,8,0,0,0,0,0,0,0,58,13,1,3,60,10,0,6.0,12,0.3,18,0,1,0,0,0,0,1,0,0,0,0,0,1,0,0,0,0,1
1970,61872.0,0,1,81,330,5,159,36,27,16,4,4,4,9,4,0,0,0,0,0,0,0,56,13,1,3,573,21,0,27.285714285714285,8,0.19047619047619047,25,0,0,1,0,0,0,1,0,0,0,0,1,0,0,0,0,0,1
1956,46984.0,1,1,71,19,1,10,2,1,8,1,1,0,3,5,0,0,0,0,0,0,0,70,13,2,3,41,5,0,8.2,6,0.2,10,0,1,0,0,0,0,0,0,0,1,0,1,0,0,0,0,0,1
1951,34838.0,1,1,62,28,23,29,29,14,47,3,2,1,4,6,0,0,0,0,0,0,0,75,13,2,4,170,10,0,17.0,8,0.3,16,0,1,0,0,0,0,1,0,0,0,0,1,0,0,1,0,0,0
1944,82716.0,0,0,8,606,148,228,15,148,22,1,6,8,13,2,0,0,0,0,0,0,0,82,13,0,1,1167,28,0,41.67857142857143,8,0.03571428571428571,30,0,0,0,1,0,0,0,1,0,0,0,1,0,0,0,0,0,1
1958,48192.0,0,0,76,1039,43,204,153,58,29,3,2,8,12,8,0,1,0,1,1,0,1,68,13,0,2,1526,25,4,61.04,10,0.12,33,0,1,0,0,0,0,1,0,0,0,0,1,0,0,0,0,0,1
1976,49681.0,0,2,66,411,0,26,0,0,21,6,7,1,7,7,0,0,0,0,0,0,0,50,13,2,4,458,21,0,21.80952380952381,14,0.2857142857142857,28,0,0,1,0,0,0,1,0,0,0,0,0,1,0,0,0,0,1
1971,56850.0,0,1,83,34,1,19,2,7,0,1,1,1,3,2,0,0,0,0,0,0,0,55,12,1,3,63,6,0,10.5,3,0.16666666666666666,8,0,0,1,0,0,0,1,0,0,0,0,1,0,0,0,0,0,1
1957,55267.0,0,1,28,161,28,136,32,3,45,4,3,4,6,3,0,0,0,0,0,0,0,69,13,1,3,405,17,0,23.823529411764707,6,0.23529411764705882,20,0,1,0,0,0,0,1,0,0,0,0,1,0,0,0,0,0,1
1972,59666.0,1,1,87,623,53,178,23,17,133,7,3,2,8,8,0,1,0,0,0,0,0,54,13,2,4,1027,20,1,51.35,11,0.35,28,0,1,0,0,0,0,1,0,0,0,0,1,0,0,0,0,0,1
1972,72504.0,0,1,43,604,26,470,123,161,94,2,5,9,6,2,0,0,0,0,0,0,0,54,13,1,2,1478,22,0,67.18181818181819,7,0.09090909090909091,24,0,1,0,0,0,0,0,1,0,0,0,0,0,0,0,0,0,1
1981,26872.0,0,0,0,3,10,8,3,16,32,1,1,1,2,6,0,0,0,0,0,0,0,45,13,0,2,72,5,0,14.4,7,0.2,11,0,1,0,0,0,0,1,0,0,0,0,1,0,0,1,0,0,0
1972,21359.0,1,0,1,12,2,17,6,1,10,2,2,0,3,8,0,0,0,0,0,0,1,54,13,1,2,48,7,1,6.857142857142857,10,0.2857142857142857,15,0,1,0,0,0,0,0,1,0,0,0,1,0,0,0,1,0,0
1975,73170.0,0,0,1,184,174,256,50,30,32,1,5,4,6,2,0,0,0,0,0,0,0,51,12,0,1,726,16,0,45.375,7,0.0625,18,0,1,0,0,0,0,0,1,0,0,0,1,0,0,0,1,0,0
1955,52750.0,0,1,72,393,0,239,90,69,69,6,5,7,9,4,0,0,0,0,0,0,0,71,13,1,3,860,27,0,31.85185185185185,9,0.2222222222222222,31,0,0,1,0,0,0,1,0,0,0,0,1,0,0,0,0,0,1
1986,91820.0,0,0,72,410,73,747,76,161,30,0,5,5,12,1,0,0,0,0,0,0,0,40,13,0,2,1497,22,0,68.04545454545455,6,0.0,23,0,0,0,1,0,0,0,0,1,0,0,1,0,0,0,1,0,0
1970,65968.0,0,1,12,376,9,83,19,4,4,2,5,4,7,3,0,0,0,0,0,0,0,56,12,1,3,495,18,0,27.5,8,0.1111111111111111,21,0,0,0,1,0,0,0,0,1,0,0,1,0,0,0,0,0,1
1976,30772.0,1,1,89,7,2,4,2,1,4,1,1,0,2,6,0,0,0,0,0,0,0,50,12,2,4,20,4,0,5.0,7,0.25,10,0,1,0,0,0,0,1,0,0,0,0,1,0,0,0,0,0,1
1954,22507.0,0,0,67,68,0,226,51,157,68,3,10,2,4,9,0,0,0,0,0,0,0,72,14,0,1,570,19,0,30.0,19,0.15789473684210525,28,0,1,0,0,0,0,0,1,0,0,0,0,1,0,0,1,0,0
1972,65685.0,0,1,54,642,14,49,0,7,57,1,9,2,9,5,0,0,0,0,0,0,0,54,12,1,3,769,21,0,36.61904761904762,14,0.047619047619047616,26,0,1,0,0,0,0,1,0,0,0,0,0,1,0,0,0,0,1
1978,25804.0,1,0,34,8,7,9,13,6,12,2,2,0,3,8,0,0,0,0,0,0,0,48,13,1,3,55,7,0,7.857142857142857,10,0.2857142857142857,15,0,0,0,0,0,0,1,0,0,0,0,1,0,0,0,0,0,0
1980,76412.0,0,0,15,840,53,804,23,71,17,1,5,4,8,3,0,0,1,1,0,0,1,46,13,0,1,1808,18,3,100.44444444444444,8,0.05555555555555555,21,0,0,0,1,0,0,0,1,0,0,0,1,0,0,0,0,0,1
1972,22063.0,1,0,43,7,10,13,3,11,11,2,2,0,3,7,0,0,0,0,0,0,0,54,13,1,3,55,7,0,7.857142857142857,9,0.2857142857142857,14,0,1,0,0,0,0,1,0,0,0,0,1,0,0,0,1,0,0
1961,57091.0,0,0,0,464,5,64,7,0,37,1,7,3,7,5,0,0,0,0,1,0,1,65,12,0,1,577,18,2,32.05555555555556,12,0.05555555555555555,23,0,1,0,0,0,0,0,1,0,0,0,0,1,0,0,0,0,1
1963,22419.0,0,0,74,30,3,47,19,21,42,1,3,2,2,8,0,0,0,0,0,0,0,63,13,0,2,162,8,0,20.25,11,0.125,16,0,1,0,0,0,0,1,0,0,0,0,0,1,0,0,1,0,0
1959,87771.0,0,1,61,1492,38,287,50,57,33,1,5,10,4,6,0,1,1,1,1,0,1,67,13,1,3,1957,20,5,97.85,11,0.05,26,0,1,0,0,0,0,0,0,1,0,0,0,0,0,0,0,0,1
1959,78353.0,0,1,51,752,122,476,39,153,34,1,10,2,11,8,0,0,0,0,0,0,0,67,13,1,2,1576,24,0,65.66666666666667,18,0.041666666666666664,32,0,0,0,0,0,1,0,0,0,0,0,1,0,0,0,0,0,1
1954,93404.0,1,2,97,1279,15,287,20,0,15,3,3,4,7,5,0,1,1,0,0,0,0,72,13,3,5,1616,17,2,95.05882352941177,8,0.17647058823529413,22,0,1,0,0,0,0,1,0,0,0,0,1,0,0,0,0,0,1
1962,37859.0,1,2,75,22,1,8,2,1,2,2,1,0,3,8,0,0,0,0,0,0,0,64,13,3,4,36,6,0,6.0,9,0.3333333333333333,14,0,1,0,0,0,1,0,0,0,0,0,1,0,0,0,0,0,1
1958,80995.0,0,1,83,860,28,409,73,56,56,1,8,9,4,4,0,0,0,0,0,0,0,68,13,1,2,1482,22,0,67.36363636363636,12,0.045454545454545456,26,0,0,0,1,0,0,0,0,0,1,0,0,0,0,0,0,0,1
1984,16529.0,1,0,23,3,0,5,13,0,1,1,1,0,3,6,0,0,0,0,0,0,0,42,12,1,3,22,5,0,4.4,7,0.2,11,0,1,0,0,0,0,0,0,1,0,0,1,0,0,0,0,0,0
1976,55412.0,1,1,65,10,5,28,11,1,8,1,2,0,3,5,0,0,0,0,0,0,0,50,13,2,3,63,6,0,10.5,7,0.16666666666666666,11,0,0,0,1,0,1,0,0,0,0,0,1,0,0,0,1,0,0
1992,48789.0,0,0,94,351,16,156,7,5,145,1,6,4,7,6,0,0,0,0,0,0,0,34,14,0,1,680,18,0,37.77777777777778,12,0.05555555555555555,24,0,1,0,0,0,0,0,1,0,0,0,1,0,0,0,0,0,1
1967,56575.0,0,2,42,421,5,90,0,16,10,3,7,3,7,5,0,0,0,0,0,0,0,59,13,2,4,542,20,0,27.1,12,0.15,25,0,0,0,1,0,0,0,0,1,0,0,0,1,0,0,0,0,1
1980,25130.0,1,0,10,2,5,7,0,18,18,2,2,0,3,7,0,0,0,0,0,0,0,46,13,1,3,50,7,0,7.142857142857143,9,0.2857142857142857,14,0,0,0,0,0,0,0,0,1,0,0,1,0,0,0,0,1,0
1967,35441.0,1,1,94,25,1,9,2,1,1,2,1,0,3,8,0,0,0,0,0,0,0,59,13,2,4,39,6,0,6.5,9,0.3333333333333333,14,0,1,0,0,0,0,1,0,0,0,0,1,0,0,0,0,0,1
1956,71391.0,0,1,50,336,123,274,46,123,141,5,6,5,12,3,0,0,0,0,0,0,0,70,13,1,3,1043,28,0,37.25,9,0.17857142857142858,31,0,1,0,0,0,0,1,0,0,0,0,1,0,0,0,0,0,1
1972,49494.0,1,0,46,191,9,97,0,6,82,2,6,1,5,7,0,0,0,0,0,0,0,54,13,1,2,385,14,0,27.5,13,0.14285714285714285,21,0,0,1,0,0,0,0,1,0,0,0,0,1,0,0,0,0,1
1980,81702.0,0,0,98,563,50,774,28,31,187,1,7,7,12,3,0,0,0,0,0,0,0,46,14,0,1,1633,27,0,60.48148148148148,10,0.037037037037037035,30,0,1,0,0,0,1,0,0,0,0,0,1,0,0,0,1,0,0
1980,45889.0,0,1,42,31,0,6,0,1,8,1,1,0,3,6,0,0,0,0,0,0,0,46,13,1,2,46,5,0,9.2,7,0.2,11,0,0,0,0,0,0,0,1,0,0,0,1,0,0,0,0,0,1
1977,56628.0,0,1,30,479,5,82,7,17,171,2,7,6,5,5,1,0,0,0,0,0,0,49,12,1,2,761,20,1,38.05,12,0.1,25,0,1,0,0,0,0,0,1,0,0,0,0,1,0,0,0,0,1
1950,34026.0,1,1,11,18,6,15,12,8,17,3,2,1,3,5,0,0,0,0,0,0,0,76,13,2,4,76,9,0,8.444444444444445,7,0.3333333333333333,14,0,1,0,0,0,0,0,0,1,0,0,1,0,0,0,0,0,1
1974,40049.0,0,1,61,91,65,52,10,44,28,3,3,2,6,5,0,0,0,0,0,0,0,52,14,1,3,290,14,0,20.714285714285715,8,0.21428571428571427,19,0,1,0,0,0,0,1,0,0,0,0,1,0,0,0,0,0,1
1988,34176.0,1,0,12,5,7,24,19,14,20,4,3,0,4,6,0,0,0,0,0,0,0,38,12,1,2,89,11,0,8.090909090909092,9,0.36363636363636365,17,0,1,0,0,0,0,0,1,0,0,0,1,0,0,0,1,0,0
1981,19419.0,1,0,76,2,14,28,16,3,7,4,4,0,3,9,0,0,0,0,0,0,0,45,14,1,3,70,11,0,6.363636363636363,13,0.36363636363636365,20,0,1,0,0,0,0,1,0,0,0,0,0,1,0,0,1,0,0
1960,82504.0,0,0,2,362,50,431,134,35,54,1,3,6,7,1,0,0,0,0,0,0,0,66,13,0,2,1066,17,0,62.705882352941174,4,0.058823529411764705,18,0,0,0,0,0,0,1,0,0,0,0,1,0,0,0,1,0,0
1970,81205.0,0,0,43,724,74,929,97,55,130,1,5,6,7,2,1,0,1,0,1,0,1,56,12,0,2,2009,19,4,105.73684210526316,7,0.05263157894736842,21,0,1,0,0,0,0,0,0,1,0,0,1,0,0,0,1,0,0
1991,61618.0,0,0,27,605,91,399,0,45,205,2,3,6,8,3,0,0,0,0,0,0,0,35,14,0,1,1345,19,0,70.78947368421052,6,0.10526315789473684,22,0,0,0,0,0,0,0,1,0,0,0,1,0,0,0,0,0,1
1956,55284.0,0,1,60,547,7,140,0,7,63,3,7,5,8,5,0,0,0,0,0,0,0,70,14,1,2,764,23,0,33.21739130434783,12,0.13043478260869565,28,0,0,1,0,0,0,0,1,0,0,0,1,0,0,0,0,0,1
1963,49980.0,0,1,79,104,1,54,13,9,14,2,3,1,5,5,0,0,0,0,0,0,0,63,13,1,2,195,11,0,17.727272727272727,8,0.18181818181818182,16,0,1,0,0,0,0,0,1,0,0,0,1,0,0,0,0,0,1
1980,15072.0,2,0,96,8,2,15,0,10,18,4,3,1,3,5,0,0,0,0,0,0,0,46,13,2,4,53,11,0,4.818181818181818,8,0.36363636363636365,16,0,1,0,0,0,0,1,0,0,0,0,0,1,0,1,0,0,0
1974,49166.0,0,1,17,224,2,25,7,0,110,2,5,3,3,6,0,0,0,0,0,0,0,52,13,1,2,368,13,0,28.307692307692307,11,0.15384615384615385,19,0,1,0,0,0,0,0,1,0,0,0,0,1,0,0,0,0,1
1954,65324.0,0,1,0,384,0,102,21,32,5,3,6,2,9,4,0,0,0,0,0,0,0,72,12,1,3,544,20,0,27.2,10,0.15,24,0,0,0,1,0,0,1,0,0,0,0,1,0,0,0,0,0,1
1957,82347.0,0,0,38,556,54,845,202,133,63,1,7,7,10,3,1,0,0,1,0,0,0,69,14,0,2,1853,25,2,74.12,10,0.04,28,0,0,0,0,0,0,1,0,0,0,0,1,0,0,0,1,0,0
1966,30843.0,1,1,43,24,0,2,0,0,9,2,1,1,2,5,1,0,0,0,0,0,0,60,12,2,4,35,6,1,5.833333333333333,6,0.3333333333333333,11,0,0,0,1,0,0,0,0,1,0,0,1,0,0,0,0,0,1
1974,46374.0,0,1,1,408,0,21,0,0,17,3,7,1,7,8,0,1,0,1,0,0,1,52,12,1,3,446,18,3,24.77777777777778,15,0.16666666666666666,26,0,0,0,1,0,0,1,0,0,0,0,0,1,0,0,0,0,1
1979,60474.0,0,1,25,265,199,303,234,9,170,7,10,2,12,7,0,0,0,0,0,0,0,47,13,1,2,1180,31,0,38.064516129032256,17,0.22580645161290322,38,0,1,0,0,0,0,0,1,0,0,0,1,0,0,0,1,0,0
1973,38576.0,0,1,2,34,0,7,0,0,0,1,1,0,3,7,0,0,0,0,0,0,0,53,12,1,3,41,5,0,8.2,8,0.2,12,0,0,1,0,0,0,1,0,0,0,0,1,0,0,0,0,0,1
1985,55357.0,2,0,66,374,64,116,84,25,64,3,6,2,11,5,0,0,0,0,0,0,0,41,13,2,4,727,22,0,33.04545454545455,11,0.13636363636363635,27,0,1,0,0,0,0,1,0,0,0,0,1,0,0,0,0,0,1
1966,37758.0,1,1,49,27,2,10,0,0,1,2,1,0,3,8,0,0,0,0,0,0,0,60,14,2,4,40,6,0,6.666666666666667,9,0.3333333333333333,14,0,1,0,0,0,0,0,0,1,0,0,1,0,0,0,0,0,1
1989,85710.0,0,0,5,600,20,350,29,30,33,1,6,9,10,2,0,0,1,0,0,0,0,37,13,0,2,1062,26,1,40.84615384615385,8,0.038461538461538464,28,0,0,0,0,0,0,1,0,0,0,0,1,0,0,0,0,0,1
1969,23228.0,1,0,71,13,2,18,6,1,0,2,2,0,3,8,0,0,0,0,0,0,0,57,12,1,3,40,7,0,5.714285714285714,10,0.2857142857142857,15,0,1,0,0,0,0,0,0,1,0,0,1,0,0,0,1,0,0
1969,44602.0,1,1,35,167,2,89,0,0,34,6,6,1,4,8,0,0,0,0,0,0,0,57,12,2,4,292,17,0,17.176470588235293,14,0.35294117647058826,25,0,0,1,0,0,0,0,0,1,0,0,0,1,0,0,0,0,1
1987,7500.0,0,0,94,0,2,3,4,1,5,1,0,0,3,6,0,0,0,0,0,0,0,39,13,0,2,15,4,0,3.75,6,0.25,10,0,1,0,0,0,0,1,0,0,0,0,1,0,0,1,0,0,0
1989,38683.0,1,0,80,46,35,69,84,41,66,6,4,1,6,7,0,0,0,0,0,0,0,37,14,1,3,341,17,0,20.058823529411764,11,0.35294117647058826,24,0,0,0,0,0,0,0,0,1,0,0,1,0,0,0,0,0,0
1975,49514.0,1,0,61,88,39,78,58,13,93,2,6,1,4,7,0,0,0,0,0,0,0,51,13,1,2,369,13,0,28.384615384615383,13,0.15384615384615385,20,0,0,0,0,0,0,0,1,0,0,0,0,1,0,1,0,0,0
1973,57906.0,0,1,29,243,11,119,10,3,15,3,4,2,8,4,0,0,0,0,0,0,0,53,13,1,3,401,17,0,23.58823529411765,8,0.17647058823529413,21,0,0,0,1,0,0,0,0,1,0,0,1,0,0,0,0,0,1
1966,43456.0,0,1,0,275,11,68,25,7,7,3,5,1,8,5,0,0,0,0,0,0,0,60,13,1,2,393,17,0,23.11764705882353,10,0.17647058823529413,22,0,0,1,0,0,0,0,1,0,0,0,1,0,0,0,0,0,1
1986,19485.0,2,0,80,6,0,4,0,0,0,1,1,0,2,7,0,0,0,0,0,0,0,40,13,2,3,10,4,0,2.5,8,0.25,11,0,0,1,0,0,0,0,1,0,0,0,1,0,0,0,0,0,1
1978,53172.0,0,1,54,121,62,90,68,20,125,3,2,3,8,3,0,0,0,0,0,0,0,48,13,1,3,486,16,0,30.375,5,0.1875,19,0,1,0,0,0,0,0,0,1,0,0,1,0,0,1,0,0,0
1979,30545.0,1,0,71,4,12,15,19,7,12,2,2,0,3,7,0,0,0,0,0,0,0,47,14,1,3,69,7,0,9.857142857142858,9,0.2857142857142857,14,0,1,0,0,0,0,0,0,1,0,0,1,0,0,0,0,0,0
1983,70123.0,0,0,27,1308,0,396,23,0,0,1,5,7,4,3,0,1,0,0,1,0,0,43,13,0,2,1727,17,2,101.58823529411765,8,0.058823529411764705,20,0,0,0,1,0,0,0,0,1,0,0,0,0,0,0,0,0,1
1959,62450.0,0,1,61,515,47,267,62,66,38,2,5,5,4,3,0,1,0,0,0,0,0,67,12,1,2,995,16,1,62.1875,8,0.125,19,0,1,0,0,0,0,0,1,0,0,0,0,1,0,0,0,0,1
1976,21675.0,1,0,55,4,0,16,17,4,4,3,4,0,3,7,0,0,0,0,0,0,0,50,12,1,3,45,10,0,4.5,11,0.3,17,0,1,0,0,0,0,0,0,1,0,0,0,1,0,0,0,0,0
1981,42395.0,1,1,35,48,13,57,24,15,25,4,3,1,4,7,0,0,0,0,0,0,0,45,12,2,3,182,12,0,15.166666666666666,10,0.3333333333333333,19,0,0,0,0,0,0,0,1,0,0,0,1,0,0,0,1,0,0
1978,61346.0,1,0,34,562,58,168,43,16,142,1,5,7,10,3,0,0,0,0,0,0,0,48,13,1,3,989,23,0,43.0,8,0.043478260869565216,26,0,0,1,0,0,0,0,0,1,0,0,1,0,0,0,0,0,1
1953,80812.0,0,0,95,769,22,500,210,143,33,1,4,8,5,2,1,0,1,1,0,0,0,73,13,0,2,1677,18,3,93.16666666666667,6,0.05555555555555555,20,0,1,0,0,0,0,0,0,1,0,0,0,0,0,0,0,0,1
1971,42835.0,1,1,64,379,4,93,12,9,98,7,6,6,4,6,0,0,0,0,0,0,0,55,13,2,3,595,23,0,25.869565217391305,12,0.30434782608695654,29,0,0,1,0,0,1,0,0,0,0,0,0,1,0,0,0,0,1
1983,39922.0,1,0,30,29,12,59,19,1,36,2,3,0,4,8,0,0,0,0,0,0,0,43,13,1,3,156,9,0,17.333333333333332,11,0.2222222222222222,17,0,1,0,0,0,0,1,0,0,0,0,1,0,0,0,1,0,0
1956,86424.0,0,0,12,387,68,569,89,45,68,1,6,9,12,1,0,0,0,0,0,0,0,70,12,0,1,1226,28,0,43.785714285714285,7,0.03571428571428571,29,0,0,1,0,0,0,0,1,0,0,0,1,0,0,0,1,0,0
1978,17117.0,1,0,96,12,23,38,30,18,7,4,3,1,3,9,0,0,0,0,0,0,0,48,13,1,3,128,11,0,11.636363636363637,12,0.36363636363636365,20,0,0,0,0,0,0,0,0,1,0,0,0,1,0,0,1,0,0
1972,24762.0,1,0,16,6,10,12,3,15,40,3,3,1,2,8,1,0,0,0,0,0,1,54,12,1,2,86,9,2,9.555555555555555,11,0.3333333333333333,17,0,1,0,0,0,0,0,1,0,0,0,0,1,0,1,0,0,0
1975,35797.0,0,1,16,27,1,14,4,1,21,2,2,0,3,8,0,0,0,0,0,0,0,51,14,1,3,68,7,0,9.714285714285714,10,0.2857142857142857,15,0,1,0,0,0,0,1,0,0,0,0,1,0,0,0,0,0,1
1975,36627.0,2,0,78,9,1,5,0,0,1,1,0,0,3,5,0,0,0,0,0,0,0,51,13,2,3,16,4,0,4.0,5,0.25,9,0,1,0,0,0,1,0,0,0,0,0,1,0,0,0,0,0,1
1981,51111.0,1,1,83,22,0,19,6,5,3,2,2,0,3,6,0,0,0,0,0,0,0,45,12,2,4,55,7,0,7.857142857142857,8,0.2857142857142857,13,0,0,0,0,0,0,1,0,0,0,0,1,0,0,0,0,0,1
1972,86857.0,0,0,96,899,102,838,133,102,40,1,5,6,10,2,0,0,0,0,0,0,1,54,14,0,1,2114,22,1,96.0909090909091,7,0.045454545454545456,24,0,0,0,1,0,0,0,1,0,0,0,1,0,0,0,0,0,1
1970,82072.0,0,0,67,889,55,685,168,92,129,1,3,2,13,1,0,0,0,0,0,0,0,56,13,0,2,2018,19,0,106.21052631578948,4,0.05263157894736842,20,0,0,0,1,0,0,0,0,1,0,0,1,0,0,0,0,0,1
1953,46231.0,2,1,87,189,2,55,0,5,12,4,6,1,4,9,0,0,0,0,0,0,0,73,14,3,4,263,15,0,17.533333333333335,15,0.26666666666666666,24,0,0,0,1,0,0,0,1,0,0,0,0,1,0,0,0,0,1
1959,42243.0,1,1,34,48,0,2,0,0,5,2,2,0,3,7,0,0,0,0,0,0,0,67,13,2,4,55,7,0,7.857142857142857,9,0.2857142857142857,14,0,1,0,0,0,0,1,0,0,0,0,1,0,0,0,0,0,1
1962,51195.0,1,1,46,230,14,156,82,24,58,8,9,2,5,8,0,0,0,0,0,0,0,64,13,2,4,564,24,0,23.5,17,0.3333333333333333,32,0,1,0,0,0,0,0,0,1,0,0,0,1,0,0,0,0,1
1978,68092.0,0,0,7,852,60,207,78,36,48,2,2,6,10,5,0,0,0,0,0,0,0,48,13,0,1,1281,20,0,64.05,7,0.1,25,0,0,1,0,0,0,0,1,0,0,0,1,0,0,0,0,0,1
1973,31814.0,1,0,73,35,3,20,4,1,20,2,2,0,3,9,1,0,0,0,0,0,0,53,13,1,3,83,7,1,11.857142857142858,11,0.2857142857142857,16,0,1,0,0,0,0,1,0,0,0,0,1,0,0,0,0,0,1
1965,51390.0,1,1,54,205,20,47,23,2,56,6,5,2,5,5,0,0,0,0,0,0,0,61,14,2,3,353,18,0,19.61111111111111,10,0.3333333333333333,23,0,0,1,0,0,0,0,0,0,1,0,0,1,0,0,0,0,1
1983,76630.0,0,0,93,255,31,446,40,56,175,1,3,10,11,1,0,0,0,0,0,0,0,43,12,0,2,1003,25,0,40.12,4,0.04,26,0,1,0,0,0,0,1,0,0,0,0,1,0,0,0,1,0,0
1991,26868.0,1,0,52,0,0,1,8,3,2,1,1,0,2,7,0,0,0,0,0,0,0,35,12,1,2,14,4,0,3.5,8,0.25,11,1,0,0,0,0,0,0,1,0,0,0,1,0,0,0,0,0,0
1943,48948.0,0,0,53,437,8,206,160,49,42,2,7,10,5,6,1,0,0,0,0,0,1,83,13,0,1,902,24,2,37.583333333333336,13,0.08333333333333333,30,0,0,0,1,0,1,0,0,0,0,0,0,0,0,0,0,0,1
1972,55260.0,0,1,81,825,8,53,11,0,242,2,8,10,5,6,0,0,0,0,0,0,0,54,14,1,2,1139,25,0,45.56,14,0.08,31,0,0,0,1,0,0,0,1,0,0,0,0,0,0,0,0,0,1
1956,64090.0,0,1,8,316,58,161,76,51,135,1,6,9,4,5,0,0,0,0,0,0,1,70,13,1,3,797,20,1,39.85,11,0.05,25,0,1,0,0,0,0,0,0,1,0,0,0,0,0,0,0,0,1
1958,78331.0,0,1,97,756,138,354,160,169,61,2,10,6,7,4,0,0,0,0,0,0,0,68,12,1,2,1638,25,0,65.52,14,0.08,29,0,1,0,0,0,1,0,0,0,0,0,0,1,0,0,0,0,1
1974,37087.0,1,0,50,194,55,134,15,0,3,3,4,2,8,6,0,0,0,0,0,0,0,52,13,1,3,401,17,0,23.58823529411765,10,0.17647058823529413,23,0,0,0,1,0,0,1,0,0,0,0,1,0,0,0,0,0,1
1986,21846.0,1,0,38,7,17,18,6,10,26,4,4,0,3,8,0,0,0,0,0,0,0,40,13,1,2,84,11,0,7.636363636363637,12,0.36363636363636365,19,0,1,0,0,0,1,0,0,0,0,0,0,1,0,1,0,0,0
1958,81320.0,0,0,61,183,33,493,59,103,57,1,4,3,10,2,0,0,0,0,0,0,0,68,13,0,2,928,18,0,51.55555555555556,6,0.05555555555555555,20,0,1,0,0,0,0,1,0,0,0,0,1,0,0,0,1,0,0
1970,54137.0,0,1,46,171,0,11,0,1,20,2,4,1,4,6,0,0,0,0,0,0,0,56,13,1,2,203,11,0,18.454545454545453,10,0.18181818181818182,17,0,1,0,0,0,1,0,0,0,0,0,0,1,0,0,0,0,1
1967,66825.0,0,0,73,243,101,405,29,40,40,1,4,5,6,2,0,0,0,0,0,0,0,59,13,0,2,858,16,0,53.625,6,0.0625,18,0,1,0,0,0,0,0,0,1,0,0,1,0,0,0,1,0,0
1973,57100.0,0,0,19,181,21,69,39,3,96,1,3,3,6,3,0,0,0,0,0,0,0,53,13,0,2,409,13,0,31.46153846153846,6,0.07692307692307693,16,0,1,0,0,0,0,0,0,1,0,0,1,0,0,0,0,0,1
1969,58917.0,1,2,10,151,7,89,0,7,28,5,4,1,6,5,0,0,0,0,0,0,0,57,13,3,5,282,16,0,17.625,9,0.3125,21,0,1,0,0,0,0,0,0,1,0,0,1,0,0,0,0,0,1
1977,85072.0,0,0,94,494,92,391,194,11,241,1,3,4,10,0,0,0,0,0,0,0,0,49,12,0,1,1423,18,0,79.05555555555556,3,0.05555555555555555,18,0,1,0,0,0,0,0,1,0,0,0,1,0,0,0,0,0,1
1961,86429.0,0,0,10,464,28,873,29,18,37,0,7,4,7,2,0,0,0,1,0,0,1,65,13,0,1,1449,18,2,80.5,9,0.0,20,0,1,0,0,0,0,0,1,0,0,0,0,1,0,0,1,0,0
1971,45684.0,1,0,37,5,1,5,10,0,7,1,1,0,2,7,0,0,0,0,0,0,0,55,13,1,2,28,4,0,7.0,8,0.25,11,0,1,0,0,0,0,0,0,0,1,0,1,0,0,0,0,0,0
1974,47889.0,1,0,94,29,0,29,0,5,4,1,2,0,3,5,0,0,0,0,0,0,0,52,12,1,3,67,6,0,11.166666666666666,7,0.16666666666666666,11,0,1,0,0,0,0,0,0,1,0,0,1,0,0,0,0,0,1
1986,45921.0,0,0,23,102,9,49,24,3,12,1,2,1,6,4,0,0,0,0,0,0,0,40,12,0,2,199,10,0,19.9,6,0.1,14,0,0,0,1,0,0,1,0,0,0,0,1,0,0,0,0,0,1
1966,78420.0,0,0,75,604,28,674,91,28,28,1,3,10,8,1,0,0,0,0,0,0,0,60,13,0,1,1453,22,0,66.04545454545455,4,0.045454545454545456,23,0,0,0,1,0,0,0,1,0,0,0,0,0,0,0,1,0,0
1992,75114.0,0,0,40,571,12,523,63,60,24,1,3,10,5,2,0,0,0,0,0,0,0,34,13,0,2,1253,19,0,65.94736842105263,5,0.05263157894736842,21,0,1,0,0,0,0,0,0,1,0,0,0,0,0,0,0,0,1
1963,52278.0,0,1,24,953,0,71,0,0,174,6,10,5,10,8,0,0,0,0,0,0,1,63,13,1,2,1198,31,1,38.645161290322584,18,0.1935483870967742,39,0,0,0,1,0,0,0,0,0,1,0,0,1,0,0,0,0,1
1972,35641.0,1,0,11,63,3,67,8,9,28,2,3,1,4,7,0,0,0,0,0,0,1,54,13,1,3,178,10,1,17.8,10,0.2,17,0,0,1,0,0,0,1,0,0,0,0,1,0,0,0,1,0,0
1994,95529.0,0,0,29,770,29,890,250,27,24,1,7,3,7,3,0,0,1,0,0,0,1,32,14,0,1,1990,18,2,110.55555555555556,10,0.05555555555555555,21,0,1,0,0,0,0,0,1,0,0,0,0,1,0,0,1,0,0
1954,62820.0,0,0,51,398,61,265,138,61,53,1,3,4,6,1,0,0,0,0,0,0,0,72,13,0,2,976,14,0,69.71428571428571,4,0.07142857142857142,15,0,1,0,0,0,0,1,0,0,0,0,1,0,0,0,0,0,1
1960,73113.0,0,0,86,741,19,154,50,9,28,1,3,4,7,2,0,0,0,0,0,0,0,66,13,0,2,1001,15,0,66.73333333333333,5,0.06666666666666667,17,0,0,1,0,0,0,0,0,1,0,0,1,0,0,0,0,0,1
1982,84169.0,0,0,9,1478,19,403,0,19,0,1,7,6,6,3,0,1,1,0,0,0,1,44,13,0,2,1919,20,3,95.95,10,0.05,23,0,0,0,1,0,0,1,0,0,0,0,0,1,0,0,0,0,1
1954,42607.0,0,1,30,156,29,56,30,32,47,2,3,2,7,3,0,0,0,0,0,0,0,72,13,1,2,350,14,0,25.0,6,0.14285714285714285,17,0,0,0,0,0,0,0,1,0,0,0,1,0,0,0,0,0,1
1954,74637.0,0,0,73,960,64,464,146,0,16,1,6,9,9,3,0,0,0,1,0,0,0,72,13,0,1,1650,25,1,66.0,9,0.04,28,0,0,0,1,0,0,0,1,0,0,0,0,0,0,0,0,0,1
1955,46015.0,1,1,25,38,0,2,0,0,6,1,1,0,3,7,1,0,0,0,1,0,0,71,12,2,4,46,5,2,9.2,8,0.2,12,0,0,0,1,0,0,0,0,1,0,0,1,0,0,0,0,0,1
1993,72354.0,0,0,67,315,26,473,220,12,182,1,2,10,6,1,0,0,0,0,0,0,0,33,13,0,1,1228,19,0,64.63157894736842,3,0.05263157894736842,20,0,1,0,0,0,0,0,1,0,0,0,0,0,0,0,1,0,0
1969,39858.0,1,0,67,15,20,25,2,7,26,1,2,0,4,6,0,0,0,0,0,0,1,57,13,1,2,95,7,1,13.571428571428571,8,0.14285714285714285,13,0,0,1,0,0,0,0,1,0,0,0,1,0,0,1,0,0,0
1948,34469.0,1,1,58,19,6,20,0,5,12,3,1,1,4,4,0,0,0,0,0,0,0,78,12,2,4,62,9,0,6.888888888888889,5,0.3333333333333333,13,0,0,0,1,0,0,1,0,0,0,0,1,0,0,0,1,0,0
1986,83033.0,1,0,82,812,99,431,237,149,33,1,11,4,10,5,0,0,0,1,0,0,0,40,12,1,3,1761,26,1,67.73076923076923,16,0.038461538461538464,31,0,1,0,0,0,0,0,0,1,0,0,0,1,0,0,0,0,1
1979,24401.0,0,0,98,73,28,217,10,24,115,3,6,1,6,8,0,0,0,0,0,0,0,47,14,0,2,467,16,0,29.1875,14,0.1875,24,0,0,1,0,0,0,0,0,1,0,0,0,1,0,0,1,0,0
1978,77583.0,0,0,93,372,23,384,250,12,108,1,4,5,9,2,0,0,0,1,0,0,0,48,12,0,2,1149,19,1,60.473684210526315,6,0.05263157894736842,21,0,1,0,0,0,0,1,0,0,0,0,1,0,0,0,1,0,0
1982,74116.0,0,0,53,871,111,704,145,55,166,1,4,4,10,2,0,1,0,0,0,0,0,44,13,0,1,2052,19,1,108.0,6,0.05263157894736842,21,0,0,0,0,0,0,0,1,0,0,0,1,0,0,0,0,0,1
1993,74293.0,0,0,66,375,152,335,93,91,81,1,5,4,6,2,0,0,0,0,0,0,0,33,12,0,1,1127,16,0,70.4375,7,0.0625,18,0,1,0,0,0,0,0,1,0,0,0,1,0,0,0,0,0,1
1976,68397.0,0,1,6,760,80,466,17,13,80,1,6,9,5,3,0,0,0,0,0,0,0,50,13,1,3,1416,21,0,67.42857142857143,9,0.047619047619047616,24,0,0,0,1,0,0,1,0,0,0,0,0,0,0,0,0,0,1
1974,79632.0,0,0,42,471,0,510,99,21,12,1,6,4,9,2,0,0,0,0,0,0,0,52,12,0,2,1113,20,0,55.65,8,0.05,22,0,0,0,1,0,0,0,0,1,0,0,1,0,0,0,1,0,0
1989,46107.0,1,0,78,31,9,27,16,9,33,1,1,1,4,3,0,0,0,0,0,0,0,37,12,1,2,125,7,0,17.857142857142858,4,0.14285714285714285,10,0,1,0,0,0,0,0,1,0,0,0,1,0,0,1,0,0,0
1951,64950.0,0,1,29,819,0,72,12,0,63,2,11,2,10,7,0,1,0,0,0,0,0,75,14,1,2,966,25,1,38.64,18,0.08,32,0,0,0,1,0,0,0,1,0,0,0,0,1,0,0,0,0,1
1989,25443.0,1,0,82,1,4,3,8,9,7,1,1,0,3,8,0,0,0,0,0,0,0,37,14,1,3,32,5,0,6.4,9,0.2,13,1,0,0,0,0,0,1,0,0,0,0,1,0,0,0,0,1,0
1952,75127.0,0,0,92,203,35,305,46,17,227,1,2,11,5,1,0,0,0,0,0,0,0,74,12,0,1,833,19,0,43.8421052631579,3,0.05263157894736842,20,0,1,0,0,0,0,0,1,0,0,0,0,0,0,0,1,0,0
1971,32892.0,1,0,78,26,0,15,2,1,2,2,3,0,3,8,0,0,0,0,0,0,0,55,12,1,3,46,8,0,5.75,11,0.25,16,0,0,0,1,0,0,0,0,1,0,0,0,1,0,0,0,0,1
1971,71796.0,0,0,54,354,21,311,167,75,32,1,9,3,4,4,0,0,0,0,0,0,0,55,13,0,2,960,17,0,56.470588235294116,13,0.058823529411764705,21,0,1,0,0,0,0,0,0,1,0,0,0,1,0,0,0,0,1
1970,67536.0,0,1,45,1253,0,447,23,71,35,3,11,5,11,8,0,0,0,1,0,0,0,56,13,1,3,1829,30,1,60.96666666666667,19,0.1,38,0,0,0,1,0,0,1,0,0,0,0,0,1,0,0,0,0,1
1971,55239.0,0,1,59,371,17,238,23,24,106,3,7,5,11,5,0,0,0,0,0,0,0,55,13,1,2,779,26,0,29.96153846153846,12,0.11538461538461539,31,0,1,0,0,0,0,0,1,0,0,0,1,0,0,0,0,0,1
1975,60554.0,1,0,8,588,7,76,110,15,15,2,8,4,9,6,0,0,0,0,0,0,0,51,13,1,2,811,23,0,35.26086956521739,14,0.08695652173913043,29,0,0,0,1,0,1,0,0,0,0,0,1,0,0,0,0,0,1
1952,64831.0,1,1,51,480,86,249,75,86,144,8,6,3,5,6,0,0,0,0,0,0,0,74,13,2,3,1120,22,0,50.90909090909091,12,0.36363636363636365,28,0,0,0,0,0,0,0,1,0,0,0,0,1,0,0,0,0,1
1962,56067.0,0,1,51,517,12,54,16,6,120,2,7,4,7,5,0,0,0,0,0,0,0,64,13,1,3,725,20,0,36.25,12,0.1,25,0,0,0,1,0,0,0,0,1,0,0,0,1,0,0,0,0,1
1983,82025.0,0,0,76,267,98,606,48,70,98,1,3,2,6,1,0,0,1,0,0,0,1,43,13,0,1,1187,12,2,98.91666666666667,4,0.08333333333333333,13,0,1,0,0,0,1,0,0,0,0,0,1,0,0,0,1,0,0
1953,94384.0,0,0,62,1111,24,790,160,45,172,0,5,8,5,2,0,1,1,1,0,0,1,73,13,0,2,2302,18,4,127.88888888888889,7,0.0,20,0,1,0,0,0,0,0,0,1,0,0,0,0,0,0,0,0,1
1986,14906.0,0,0,86,7,7,14,7,16,15,3,2,1,3,7,0,0,0,0,0,0,0,40,14,0,1,66,9,0,7.333333333333333,9,0.3333333333333333,16,1,0,0,0,0,0,0,1,0,0,0,1,0,0,0,0,1,0
1987,51563.0,0,0,60,1166,0,48,0,0,36,1,4,4,10,8,0,1,1,0,0,0,0,39,14,0,2,1250,19,2,65.78947368421052,12,0.05263157894736842,27,0,0,0,1,0,0,1,0,0,0,0,1,0,0,0,0,0,1
1982,57937.0,0,1,56,261,42,144,55,48,133,3,4,4,9,3,0,0,0,0,0,0,0,44,12,1,3,683,20,0,34.15,7,0.15,23,0,0,0,0,0,0,1,0,0,0,0,1,0,0,0,0,0,1
1979,68274.0,1,1,83,135,25,51,23,25,46,2,4,2,5,3,0,0,0,0,0,0,0,47,13,2,3,305,13,0,23.46153846153846,7,0.15384615384615385,16,0,1,0,0,0,1,0,0,0,0,0,1,0,0,0,0,0,1
1977,39771.0,1,0,92,6,2,18,2,8,14,1,2,0,3,4,0,0,0,0,0,0,0,49,13,1,3,50,6,0,8.333333333333334,6,0.16666666666666666,10,0,1,0,0,0,0,0,0,1,0,0,1,0,0,0,1,0,0
1975,67893.0,0,1,31,711,28,142,49,18,47,2,3,2,9,8,0,0,0,0,0,0,0,51,14,1,2,995,16,0,62.1875,11,0.125,24,0,0,0,0,0,1,0,0,0,0,0,1,0,0,0,0,0,1
1979,27922.0,1,0,80,11,0,13,2,4,11,1,2,0,3,4,0,0,0,0,0,0,0,47,12,1,3,41,6,0,6.833333333333333,6,0.16666666666666666,10,0,0,0,1,0,0,0,0,1,0,0,1,0,0,0,1,0,0
1976,52190.0,1,1,39,42,0,17,0,0,18,3,2,1,3,5,1,0,0,0,0,0,0,50,12,2,4,77,9,1,8.555555555555555,7,0.3333333333333333,14,0,0,0,1,0,0,0,0,1,0,0,1,0,0,0,0,0,1
1973,44051.0,1,1,20,79,7,58,6,3,18,4,3,1,4,6,0,0,0,0,0,0,1,53,13,2,3,171,12,1,14.25,9,0.3333333333333333,18,0,0,1,0,0,1,0,0,0,0,0,1,0,0,0,0,0,1
1971,42767.0,2,0,53,20,6,43,19,5,38,1,3,1,2,8,0,0,0,0,0,0,0,55,13,2,3,131,7,0,18.714285714285715,11,0.14285714285714285,15,0,0,0,1,0,0,0,1,0,0,0,0,1,0,0,1,0,0
1976,46106.0,1,1,84,30,0,8,2,0,14,1,1,1,2,6,0,0,0,0,0,0,0,50,12,2,4,54,5,0,10.8,7,0.2,11,0,0,1,0,0,0,0,0,1,0,0,1,0,0,0,0,0,1
1976,16927.0,1,1,50,20,2,23,3,1,4,5,3,0,4,8,0,0,0,0,0,0,0,50,13,2,4,53,12,0,4.416666666666667,11,0.4166666666666667,20,0,0,0,1,0,0,1,0,0,0,0,1,0,0,0,1,0,0
1965,59754.0,0,1,96,115,27,44,4,146,139,3,5,2,6,5,0,0,0,0,0,0,1,61,14,1,3,475,16,1,29.6875,10,0.1875,21,0,1,0,0,0,0,1,0,0,0,0,1,0,0,0,0,1,0
1952,53700.0,0,1,94,263,5,233,69,41,83,4,5,5,8,5,0,0,0,0,0,0,0,74,14,1,2,694,22,0,31.545454545454547,10,0.18181818181818182,27,0,1,0,0,0,0,0,1,0,0,0,1,0,0,0,0,0,1
1973,59041.0,1,1,25,69,2,15,2,2,6,2,2,0,4,5,0,0,0,0,0,0,0,53,12,2,4,96,8,0,12.0,7,0.25,13,0,1,0,0,0,0,1,0,0,0,0,1,0,0,0,0,0,1
1957,54237.0,0,1,48,267,3,30,4,0,57,4,5,2,5,6,0,0,0,0,0,0,0,69,13,1,2,361,16,0,22.5625,11,0.25,22,0,0,0,1,0,1,0,0,0,0,0,0,1,0,0,0,0,1
1967,70647.0,0,1,65,561,85,171,25,123,114,2,4,7,13,2,0,0,0,0,0,0,0,59,14,1,2,1079,26,0,41.5,6,0.07692307692307693,28,0,1,0,0,0,1,0,0,0,0,0,1,0,0,0,0,0,1
1962,52597.0,0,1,69,492,0,37,7,0,42,3,6,3,8,5,0,0,0,0,0,0,0,64,12,1,2,578,20,0,28.9,11,0.15,25,0,0,0,1,0,0,0,1,0,0,0,1,0,0,0,0,0,1
1969,41021.0,1,0,12,14,7,9,6,16,12,2,2,0,3,6,0,0,0,0,0,0,1,57,14,1,3,64,7,1,9.142857142857142,8,0.2857142857142857,13,0,0,1,0,0,0,0,0,1,0,0,1,0,0,0,0,1,0
1975,40233.0,0,1,84,80,4,46,0,17,2,5,2,1,5,6,0,0,0,0,0,0,0,51,13,1,3,149,13,0,11.461538461538462,8,0.38461538461538464,19,0,0,0,1,0,0,1,0,0,0,0,1,0,0,0,0,0,1
1980,50183.0,1,1,47,97,12,84,13,10,15,7,3,1,6,5,0,0,0,0,0,0,0,46,12,2,4,231,17,0,13.588235294117647,8,0.4117647058823529,22,0,1,0,0,0,0,1,0,0,0,0,1,0,0,0,0,0,1
1959,54753.0,0,1,87,197,107,227,7,59,131,3,5,2,11,4,0,0,0,0,0,0,0,67,13,1,3,728,21,0,34.666666666666664,9,0.14285714285714285,25,0,1,0,0,0,0,0,0,1,0,0,1,0,0,0,1,0,0
1973,92955.0,0,0,35,693,21,925,31,24,84,1,6,7,9,2,0,0,1,1,0,0,1,53,13,0,2,1778,23,3,77.30434782608695,8,0.043478260869565216,25,0,1,0,0,0,0,1,0,0,0,0,1,0,0,0,1,0,0
1973,33471.0,1,0,47,43,2,27,0,9,12,3,3,0,4,7,0,0,0,0,0,0,0,53,14,1,3,93,10,0,9.3,10,0.3,17,0,1,0,0,0,0,1,0,0,0,0,1,0,0,0,0,0,1
1974,34596.0,1,0,48,14,0,2,0,0,7,1,1,0,2,8,0,0,0,0,0,0,1,52,13,1,3,23,4,1,5.75,9,0.25,12,0,0,0,1,0,0,1,0,0,0,0,1,0,0,0,0,0,1
1980,44010.0,1,0,46,186,36,234,86,72,48,6,10,2,6,9,0,0,0,0,0,0,0,46,14,1,3,662,24,0,27.583333333333332,19,0.25,33,0,1,0,0,0,0,0,0,1,0,0,0,1,0,0,1,0,0
1988,84219.0,0,0,27,434,137,400,45,137,45,1,3,4,10,1,0,0,0,0,0,0,0,38,12,0,2,1198,18,0,66.55555555555556,4,0.05555555555555555,19,0,1,0,0,0,0,1,0,0,0,0,1,0,0,0,0,0,1
1968,40706.0,2,1,37,59,0,11,4,2,5,4,3,0,4,7,0,0,0,0,0,0,0,58,13,3,5,81,11,0,7.363636363636363,10,0.36363636363636365,18,0,0,0,1,0,0,0,0,1,0,0,1,0,0,0,0,0,1
1988,15716.0,1,0,8,16,5,30,8,7,26,3,3,0,4,8,0,0,0,0,0,1,0,38,14,1,3,92,10,0,9.2,11,0.3,18,0,0,0,0,0,0,1,0,0,0,0,1,0,0,0,1,0,0
1959,59052.0,0,1,29,230,35,75,63,57,31,3,7,1,7,5,0,0,0,0,0,0,0,67,13,1,2,491,18,0,27.27777777777778,12,0.16666666666666666,23,0,0,0,0,0,1,0,0,0,0,0,0,1,0,0,0,0,1
1971,80573.0,0,0,85,829,138,430,60,92,15,1,4,6,13,2,0,0,0,0,0,0,0,55,14,0,2,1564,24,0,65.16666666666667,6,0.041666666666666664,26,0,0,1,0,0,0,0,0,1,0,0,1,0,0,0,0,0,1
1962,83715.0,0,0,2,318,8,407,150,35,8,1,2,8,13,0,0,0,0,0,0,0,0,64,12,0,2,926,24,0,38.583333333333336,2,0.041666666666666664,24,0,1,0,0,0,0,1,0,0,0,0,1,0,0,0,1,0,0
1959,82576.0,0,0,66,1206,55,445,168,18,18,1,2,4,12,1,0,0,1,0,0,0,0,67,14,0,2,1910,19,1,100.52631578947368,3,0.05263157894736842,20,0,0,1,0,0,0,0,0,1,0,0,1,0,0,0,0,0,1
1965,56962.0,2,1,60,292,3,77,10,3,26,7,6,3,5,7,0,0,0,0,0,0,0,61,13,3,5,411,21,0,19.571428571428573,13,0.3333333333333333,28,0,0,1,0,0,0,1,0,0,0,0,0,1,0,0,0,0,1
1952,35704.0,1,1,54,30,9,12,2,11,30,3,2,0,4,4,0,0,0,0,0,0,0,74,12,2,4,94,9,0,10.444444444444445,6,0.3333333333333333,13,0,1,0,0,0,0,1,0,0,0,0,1,0,0,0,0,0,1
1954,53103.0,0,1,70,729,17,133,11,0,195,5,10,6,7,7,1,0,0,0,0,0,0,72,13,1,3,1085,28,1,38.75,17,0.17857142857142858,35,0,1,0,0,0,0,0,0,1,0,0,0,1,0,0,0,0,1
1960,46779.0,1,1,55,12,1,3,0,0,7,1,0,1,2,4,0,0,0,0,0,0,0,66,13,2,3,23,4,0,5.75,4,0.25,8,0,0,0,0,0,0,0,0,0,1,0,1,0,0,0,0,0,1
1965,4861.0,0,0,20,2,1,1,1,0,1,0,0,0,0,14,0,0,0,0,0,0,0,61,12,0,1,6,0,0,0.0,14,0.0,14,0,1,0,0,0,1,0,0,0,0,0,0,1,0,0,0,0,1
1979,33462.0,1,0,78,22,3,18,0,0,11,1,2,0,3,7,0,0,0,0,0,0,0,47,13,1,2,54,6,0,9.0,9,0.16666666666666666,13,0,0,1,0,0,1,0,0,0,0,0,1,0,0,0,0,0,1
1978,63693.0,0,1,63,587,43,337,42,87,54,3,11,6,9,6,0,0,0,0,0,0,0,48,13,1,2,1150,29,0,39.6551724137931,17,0.10344827586206896,35,0,1,0,0,0,1,0,0,0,0,0,0,1,0,0,0,0,1
1950,80763.0,0,0,17,674,168,108,192,42,231,1,5,11,6,3,0,0,1,1,0,0,1,76,13,0,2,1415,23,3,61.52173913043478,8,0.043478260869565216,26,0,1,0,0,0,0,1,0,0,0,0,0,0,0,0,0,0,1
1974,65352.0,0,1,43,284,3,84,4,7,23,2,4,2,8,4,0,0,0,0,0,0,0,52,13,1,3,405,16,0,25.3125,8,0.125,20,0,0,0,1,0,0,1,0,0,0,0,1,0,0,0,0,0,1
1978,82170.0,0,0,13,1023,93,651,49,55,37,1,5,6,7,2,0,0,0,0,0,0,0,48,13,0,2,1908,19,0,100.42105263157895,7,0.05263157894736842,21,0,0,0,1,0,0,1,0,0,0,0,1,0,0,0,0,0,1
1969,75759.0,0,0,46,1394,22,708,89,91,182,1,9,7,9,5,1,0,1,1,0,0,1,57,13,0,2,2486,26,4,95.61538461538461,14,0.038461538461538464,31,0,1,0,0,0,0,1,0,0,0,0,0,1,0,0,0,0,1
1976,79689.0,0,0,65,311,26,640,180,37,121,1,4,9,13,2,0,0,0,0,0,0,0,50,13,0,1,1315,27,0,48.7037037037037,6,0.037037037037037035,29,0,0,0,0,0,0,0,1,0,0,0,1,0,0,0,1,0,0
1956,35340.0,1,1,1,27,0,12,0,1,5,2,2,0,3,5,0,0,0,0,0,0,0,70,12,2,3,45,7,0,6.428571428571429,7,0.2857142857142857,12,0,0,0,1,0,0,0,0,0,1,0,1,0,0,0,0,0,1
1954,85683.0,0,0,6,1296,17,311,45,69,51,1,2,4,10,1,0,1,1,1,1,0,1,72,12,0,1,1789,17,5,105.23529411764706,3,0.058823529411764705,18,0,1,0,0,0,1,0,0,0,0,0,1,0,0,0,0,0,1
1972,24884.0,1,0,32,3,6,7,0,0,3,1,0,0,3,7,0,0,0,0,0,0,0,54,14,1,3,19,4,0,4.75,7,0.25,11,0,0,0,0,0,0,1,0,0,0,0,1,0,0,0,1,0,0
1981,42021.0,1,0,34,393,5,136,7,5,27,5,10,1,6,9,1,0,0,0,0,0,0,45,14,1,3,573,22,1,26.045454545454547,19,0.22727272727272727,31,0,0,1,0,0,0,0,0,1,0,0,0,1,0,0,0,0,1
1989,64449.0,1,0,70,218,63,282,137,35,70,4,5,3,12,4,0,0,0,0,0,0,0,37,12,1,2,805,24,0,33.541666666666664,9,0.16666666666666666,28,0,1,0,0,0,0,0,1,0,0,0,1,0,0,0,1,0,0
1954,64587.0,1,1,49,66,0,16,0,6,20,2,1,1,4,3,0,0,0,0,0,0,0,72,12,2,3,108,8,0,13.5,4,0.25,11,0,1,0,0,0,1,0,0,0,0,0,1,0,0,0,0,0,1
1995,34824.0,0,0,65,4,2,11,2,0,4,1,1,0,2,6,0,0,0,0,0,0,0,31,12,0,1,23,4,0,5.75,7,0.25,10,0,1,0,0,0,0,0,1,0,0,0,1,0,0,0,1,0,0
1978,75437.0,0,0,25,795,0,545,95,58,0,1,8,4,10,6,0,0,0,1,0,0,0,48,13,0,2,1493,23,1,64.91304347826087,14,0.043478260869565216,29,0,1,0,0,0,0,0,0,1,0,0,1,0,0,0,0,0,1
1957,26091.0,1,1,84,15,10,19,8,17,20,3,2,1,3,5,0,0,0,0,0,0,0,69,12,2,4,89,9,0,9.88888888888889,7,0.3333333333333333,14,0,1,0,0,0,0,0,0,1,0,0,1,0,0,1,0,0,0
1973,52845.0,1,0,7,384,25,292,130,41,64,3,8,8,6,6,1,0,0,0,0,0,0,53,13,1,3,936,25,1,37.44,14,0.12,31,0,1,0,0,0,0,1,0,0,0,0,0,1,0,0,0,0,1
1956,46086.0,0,1,34,244,8,32,7,2,50,4,3,1,8,4,0,0,0,0,0,0,0,70,13,1,2,343,16,0,21.4375,7,0.25,20,0,1,0,0,0,1,0,0,0,0,0,1,0,0,0,0,0,1
1956,78028.0,0,1,38,158,19,288,25,0,38,1,6,4,9,7,0,1,1,0,0,0,1,70,14,1,2,528,20,3,26.4,13,0.05,27,0,0,0,1,0,0,0,0,0,1,0,1,0,0,0,1,0,0
1987,95169.0,0,0,1,1285,21,449,106,20,20,1,4,3,4,1,0,0,1,1,0,0,1,39,13,0,1,1901,12,3,158.41666666666666,5,0.08333333333333333,13,0,0,0,1,0,0,0,1,0,0,0,0,1,0,0,0,0,1
1981,56337.0,1,1,25,349,16,144,28,5,182,5,8,5,4,8,1,0,0,1,0,0,1,45,13,2,4,724,22,3,32.90909090909091,16,0.22727272727272727,30,0,0,0,0,0,0,1,0,0,0,0,0,1,0,0,0,0,1
1987,22434.0,1,0,25,4,12,11,3,13,15,2,2,0,3,8,0,0,0,0,0,0,0,39,13,1,3,58,7,0,8.285714285714286,10,0.2857142857142857,15,0,1,0,0,0,0,0,0,1,0,0,1,0,0,1,0,0,0
1954,36930.0,0,1,50,223,2,31,0,2,39,5,5,2,4,8,0,0,0,0,0,0,0,72,13,1,3,297,16,0,18.5625,13,0.3125,24,0,0,0,1,0,0,1,0,0,0,0,0,1,0,0,0,0,1
1954,36130.0,0,1,46,157,43,127,68,56,37,6,3,8,4,4,1,0,0,0,0,0,1,72,13,1,2,488,21,2,23.238095238095237,7,0.2857142857142857,25,0,1,0,0,0,0,0,1,0,0,0,0,0,0,0,0,0,1
1953,65569.0,0,1,96,397,46,288,20,38,70,2,6,5,10,3,0,0,0,0,0,0,0,73,14,1,3,859,23,0,37.34782608695652,9,0.08695652173913043,26,0,0,1,0,0,0,1,0,0,0,0,1,0,0,0,0,0,1
1952,83844.0,0,0,57,901,31,345,75,31,191,1,4,4,11,1,0,0,1,0,0,0,0,74,13,0,2,1574,20,1,78.7,5,0.05,21,0,1,0,0,0,0,0,0,1,0,0,1,0,0,0,0,0,1
1968,19514.0,1,1,47,14,3,21,2,1,28,4,3,1,2,8,1,0,0,0,0,0,0,58,12,2,4,69,10,1,6.9,11,0.4,18,0,1,0,0,0,0,1,0,0,0,0,0,1,0,1,0,0,0
1963,36736.0,1,1,52,10,0,3,0,0,4,1,1,0,2,6,0,0,0,0,0,0,0,63,13,2,3,17,4,0,4.25,7,0.25,10,0,0,0,1,0,0,0,1,0,0,0,1,0,0,0,0,0,1
1979,77568.0,0,1,30,1230,0,396,232,178,158,1,10,2,8,5,0,1,1,1,0,0,0,47,14,1,3,2194,21,3,104.47619047619048,15,0.047619047619047616,26,0,1,0,0,0,0,0,0,1,0,0,0,1,0,0,0,0,1
1976,49187.0,0,1,63,81,1,31,2,1,0,1,1,1,5,2,0,0,0,0,0,0,0,50,12,1,3,116,8,0,14.5,3,0.125,10,0,0,0,1,0,0,0,0,1,0,0,1,0,0,0,0,0,1
1978,30168.0,1,0,51,154,20,66,0,12,27,7,6,1,4,9,0,0,0,0,0,0,0,48,13,1,2,279,18,0,15.5,15,0.3888888888888889,27,0,1,0,0,0,0,0,1,0,0,0,0,1,0,0,0,0,1
1968,34053.0,0,1,14,63,0,21,7,0,12,1,3,0,3,8,0,0,0,0,0,0,0,58,14,1,3,103,7,0,14.714285714285714,11,0.14285714285714285,15,0,0,1,0,0,0,0,0,1,0,0,0,1,0,0,0,0,1
1971,38196.0,1,1,20,30,0,11,0,0,3,3,2,0,4,5,0,0,0,0,0,0,0,55,12,2,4,44,9,0,4.888888888888889,7,0.3333333333333333,14,0,0,1,0,0,0,1,0,0,0,0,1,0,0,0,0,0,1
1951,59412.0,0,0,56,90,67,165,30,43,11,1,4,2,8,3,0,0,0,0,0,0,0,75,12,0,2,406,15,0,27.066666666666666,7,0.06666666666666667,18,0,0,1,0,0,0,1,0,0,0,0,1,0,0,0,1,0,0
1965,70924.0,0,0,41,635,114,254,132,152,76,1,6,6,7,3,0,0,1,0,0,0,0,61,12,0,2,1363,20,1,68.15,9,0.05,23,0,0,0,0,0,0,1,0,0,0,0,1,0,0,0,0,0,1
1969,54165.0,0,0,72,127,4,73,15,6,11,1,2,1,7,2,0,0,0,0,0,0,0,57,13,0,2,236,11,0,21.454545454545453,4,0.09090909090909091,13,0,1,0,0,0,0,0,0,1,0,0,1,0,0,0,0,0,1
1973,32300.0,1,0,1,13,3,6,6,5,6,1,1,0,3,8,0,0,0,0,0,0,0,53,13,1,3,39,5,0,7.8,9,0.2,13,0,1,0,0,0,0,1,0,0,0,0,1,0,0,0,0,0,1
1976,20180.0,0,0,27,18,42,24,15,20,18,1,2,1,4,7,0,0,0,0,0,0,0,50,13,0,1,137,8,0,17.125,9,0.125,15,0,1,0,0,0,0,0,1,0,0,0,1,0,1,0,0,0,0
1973,34961.0,1,0,77,45,2,26,4,1,1,3,3,1,3,7,0,0,0,0,0,0,0,53,12,1,3,79,10,0,7.9,10,0.3,17,0,1,0,0,0,0,1,0,0,0,0,0,1,0,0,0,0,1
1974,28440.0,1,0,87,38,1,24,0,0,0,1,2,0,3,8,0,0,0,0,0,0,0,52,13,1,3,63,6,0,10.5,10,0.16666666666666666,14,0,0,0,1,0,0,0,0,1,0,0,1,0,0,0,0,0,1
1953,64504.0,1,2,81,986,36,168,16,0,108,7,11,3,4,7,0,0,0,0,0,0,1,73,13,3,5,1314,25,1,52.56,18,0.28,32,0,0,0,1,0,0,0,0,1,0,0,0,1,0,0,0,0,1
1966,33564.0,0,1,51,61,0,3,0,0,7,1,1,1,3,5,0,0,0,0,0,0,0,60,12,1,3,71,6,0,11.833333333333334,6,0.16666666666666666,11,0,0,1,0,0,0,0,0,1,0,0,1,0,0,0,0,0,1
1978,17345.0,1,0,79,4,9,16,17,0,12,2,2,1,2,8,0,0,0,0,0,0,0,48,14,1,3,58,7,0,8.285714285714286,10,0.2857142857142857,15,0,1,0,0,0,0,1,0,0,0,0,0,1,0,0,0,0,0
1967,56320.0,0,1,11,201,53,172,116,77,83,3,5,4,9,4,0,0,0,0,0,0,0,59,13,1,3,702,21,0,33.42857142857143,9,0.14285714285714285,25,0,0,0,1,0,0,1,0,0,0,0,1,0,0,0,0,0,1
1978,28647.0,1,0,54,19,8,29,0,12,26,1,2,2,2,7,1,0,0,0,0,0,1,48,13,1,2,94,7,2,13.428571428571429,9,0.14285714285714285,14,0,1,0,0,0,0,0,1,0,0,0,0,1,0,0,1,0,0
1987,15038.0,1,0,93,4,8,11,19,12,26,2,2,1,2,9,0,0,0,0,0,0,0,39,13,1,2,80,7,0,11.428571428571429,11,0.2857142857142857,16,1,0,0,0,0,0,0,1,0,0,0,0,1,0,1,0,0,0
1958,32173.0,0,1,0,18,0,2,0,0,2,1,1,0,3,4,0,0,0,0,0,0,0,68,13,1,2,22,5,0,4.4,5,0.2,9,0,0,0,1,0,1,0,0,0,0,0,1,0,0,0,0,0,1
1964,68316.0,0,1,54,806,80,161,120,11,33,5,10,7,10,6,0,0,0,0,0,0,0,62,14,1,3,1211,32,0,37.84375,16,0.15625,38,0,0,0,0,0,0,0,0,1,0,0,0,1,0,0,0,0,1
1971,74538.0,0,0,21,380,98,733,110,112,28,1,8,8,5,3,0,0,1,0,0,0,1,55,13,0,2,1461,22,2,66.4090909090909,11,0.045454545454545456,25,0,1,0,0,0,0,0,0,1,0,0,0,1,0,0,1,0,0
1971,91700.0,0,0,58,576,172,961,125,115,19,1,8,6,5,3,0,0,0,0,0,0,1,55,13,0,1,1968,20,1,98.4,11,0.05,23,0,1,0,0,0,0,0,1,0,0,0,0,1,0,0,1,0,0
1969,68695.0,0,0,3,458,81,356,106,50,40,1,4,4,7,2,0,0,0,0,0,0,0,57,12,0,2,1091,16,0,68.1875,6,0.0625,18,0,1,0,0,0,0,0,0,1,0,0,1,0,0,0,0,0,1
1977,31056.0,1,0,99,5,10,13,3,8,16,1,1,0,3,8,0,0,0,0,0,0,0,49,13,1,3,55,5,0,11.0,9,0.2,13,0,0,0,0,0,0,1,0,0,0,0,1,0,0,1,0,0,0
1973,79593.0,0,0,70,350,60,568,110,133,145,1,5,6,7,2,0,0,1,0,0,0,0,53,12,0,2,1366,19,1,71.89473684210526,7,0.05263157894736842,21,0,1,0,0,0,0,1,0,0,0,0,1,0,0,0,1,0,0
1980,28071.0,0,0,65,39,33,130,41,26,44,2,5,1,5,8,0,0,0,0,0,0,0,46,14,0,1,313,13,0,24.076923076923077,13,0.15384615384615385,21,0,1,0,0,0,0,0,1,0,0,0,0,1,0,0,1,0,0
1958,37334.0,1,1,44,26,1,16,2,2,15,4,3,0,4,4,0,0,0,0,0,0,0,68,12,2,4,62,11,0,5.636363636363637,7,0.36363636363636365,15,0,0,0,1,0,0,0,0,1,0,0,1,0,0,0,0,0,1
1972,46423.0,1,1,6,68,0,16,0,0,8,3,2,0,4,7,0,0,0,0,0,0,0,54,13,2,3,92,9,0,10.222222222222221,9,0.3333333333333333,16,0,0,1,0,0,0,0,1,0,0,0,1,0,0,0,0,0,1
1971,37126.0,1,0,9,45,3,9,4,4,7,1,1,2,2,6,1,0,0,0,0,0,1,55,12,1,3,72,6,2,12.0,7,0.16666666666666666,12,0,0,0,1,0,0,1,0,0,0,0,0,0,0,0,0,0,1
1953,47703.0,0,1,95,359,0,134,13,26,123,4,6,3,8,5,0,0,0,0,0,0,0,73,13,1,3,655,21,0,31.19047619047619,11,0.19047619047619047,26,0,1,0,0,0,0,1,0,0,0,0,1,0,0,0,0,0,1
1959,61180.0,0,1,70,403,24,29,6,24,218,2,5,5,6,3,1,0,0,0,0,0,0,67,12,1,3,704,18,1,39.111111111111114,8,0.1111111111111111,21,0,1,0,0,0,0,1,0,0,0,0,1,0,0,0,0,0,1
1954,38998.0,1,1,92,34,1,14,0,0,5,3,2,0,3,8,0,0,0,0,0,1,0,72,14,2,4,54,8,0,6.75,10,0.375,16,0,1,0,0,0,0,1,0,0,0,0,1,0,0,0,0,0,1
1991,8028.0,0,0,62,73,18,66,7,12,2,15,0,1,0,19,0,0,0,0,0,0,0,35,14,0,1,178,16,0,11.125,19,0.9375,35,0,1,0,0,0,0,0,1,0,0,0,0,0,0,0,0,0,1
1962,76081.0,0,0,85,292,30,415,63,33,200,1,4,5,4,2,0,0,0,1,0,0,0,64,12,0,2,1033,14,1,73.78571428571429,6,0.07142857142857142,16,0,1,0,0,0,0,0,0,1,0,0,0,0,0,0,1,0,0
1986,34728.0,1,0,2,14,0,16,0,0,6,1,1,1,2,6,0,0,0,0,0,0,1,40,13,1,3,36,5,1,7.2,7,0.2,11,0,1,0,0,0,0,0,0,1,0,0,1,0,0,0,1,0,0
1965,33168.0,0,1,0,80,1,37,0,1,3,3,2,1,4,7,0,0,0,0,0,0,0,61,14,1,2,122,10,0,12.2,9,0.3,17,0,0,1,0,0,0,0,1,0,0,0,1,0,0,0,0,0,1
1966,33585.0,0,1,91,30,11,33,13,6,29,1,2,0,4,4,0,0,0,0,0,0,0,60,13,1,3,122,7,0,17.428571428571427,6,0.14285714285714285,11,0,0,1,0,0,0,1,0,0,0,0,1,0,0,0,1,0,0
1960,77037.0,0,1,3,463,96,333,168,53,10,1,7,7,12,3,0,0,0,0,0,0,0,66,13,1,3,1123,27,0,41.592592592592595,10,0.037037037037037035,30,0,0,0,1,0,0,1,0,0,0,0,1,0,0,0,0,0,1
1984,35196.0,1,0,68,75,12,141,43,39,187,6,6,1,5,8,0,0,0,0,0,0,1,42,14,1,3,497,18,1,27.61111111111111,14,0.3333333333333333,26,0,1,0,0,0,0,0,0,1,0,0,0,1,0,1,0,0,0
1966,44529.0,0,1,98,538,13,91,17,6,26,6,6,2,11,5,0,1,0,0,0,0,0,60,13,1,3,691,25,1,27.64,11,0.24,30,0,1,0,0,0,0,1,0,0,0,0,1,0,0,0,0,0,1
1965,70924.0,0,0,41,635,114,254,132,152,76,1,6,6,7,3,0,0,1,0,0,0,0,61,12,0,2,1363,20,1,68.15,9,0.05,23,0,0,0,0,0,0,1,0,0,0,0,1,0,0,0,0,0,1
1966,28764.0,1,1,16,8,0,3,0,0,1,1,1,0,2,8,1,0,0,0,0,0,0,60,12,2,4,12,4,1,3.0,9,0.25,12,0,0,0,1,0,0,0,0,1,0,0,1,0,0,0,0,0,1
1949,69098.0,0,0,82,1315,22,780,145,0,178,1,7,8,9,5,0,0,0,0,0,0,0,77,13,0,2,2440,25,0,97.6,12,0.04,30,0,0,0,1,0,0,1,0,0,0,0,1,0,0,0,0,0,1
1970,25959.0,1,1,1,4,2,12,7,5,26,2,1,2,2,6,0,0,0,0,0,0,1,56,13,2,3,56,7,1,8.0,7,0.2857142857142857,13,0,0,0,0,0,1,0,0,0,0,0,0,0,0,1,0,0,0
1983,27100.0,1,0,64,12,0,13,2,0,10,1,1,0,3,7,0,0,0,0,0,0,0,43,13,1,3,37,5,0,7.4,8,0.2,12,0,0,1,0,0,0,1,0,0,0,0,1,0,0,0,1,0,0
1985,70596.0,0,0,68,347,44,534,17,0,26,1,3,5,12,2,0,0,0,0,0,0,0,41,14,0,1,968,21,0,46.095238095238095,5,0.047619047619047616,23,0,1,0,0,0,0,0,1,0,0,0,1,0,0,0,1,0,0
1974,42557.0,0,1,98,192,5,53,0,5,15,4,6,1,4,8,0,0,0,0,0,0,0,52,14,1,3,270,15,0,18.0,14,0.26666666666666666,23,0,1,0,0,0,0,1,0,0,0,0,0,1,0,0,0,0,1
1951,53312.0,0,0,32,241,0,12,0,0,25,1,5,1,5,7,0,0,0,0,0,0,0,75,13,0,2,278,12,0,23.166666666666668,12,0.08333333333333333,19,0,0,0,1,0,0,1,0,0,0,0,0,1,0,0,0,0,1
1952,72228.0,0,0,87,631,28,491,30,14,56,1,6,7,8,3,0,0,0,0,0,0,0,74,14,0,1,1250,22,0,56.81818181818182,9,0.045454545454545456,25,0,1,0,0,0,0,0,1,0,0,0,1,0,0,0,0,0,1
1987,67605.0,0,0,84,336,28,282,184,54,54,1,2,8,6,1,0,0,0,0,0,0,0,39,13,0,2,938,17,0,55.1764705882353,3,0.058823529411764705,18,0,1,0,0,0,0,0,0,1,0,0,0,0,0,0,0,0,1
1949,62845.0,1,1,3,1099,0,45,0,0,34,11,3,4,10,8,0,1,0,0,0,0,0,77,14,2,4,1178,28,1,42.07142857142857,11,0.39285714285714285,36,0,0,1,0,0,0,1,0,0,0,0,1,0,0,0,0,0,1
1958,65196.0,0,2,34,743,19,181,12,0,200,2,7,6,11,5,1,0,0,0,0,0,0,68,13,2,4,1155,26,1,44.42307692307692,12,0.07692307692307693,31,0,1,0,0,0,0,0,0,1,0,0,1,0,0,0,0,0,1
1987,42000.0,0,0,23,124,83,267,85,59,35,2,5,2,11,5,0,0,0,0,0,0,1,39,13,0,1,653,20,1,32.65,10,0.1,25,0,0,0,1,0,0,0,1,0,0,0,1,0,0,0,1,0,0
1973,35860.0,1,1,37,15,0,8,4,2,20,2,1,1,2,5,1,0,0,0,0,0,0,53,12,2,3,49,6,1,8.166666666666666,6,0.3333333333333333,11,0,0,0,1,0,1,0,0,0,0,0,1,0,0,1,0,0,0
1964,65526.0,0,1,22,397,19,69,12,0,9,1,4,4,8,2,0,0,0,0,0,0,0,62,12,1,3,506,17,0,29.764705882352942,6,0.058823529411764705,19,0,0,0,1,0,0,1,0,0,0,0,1,0,0,0,0,0,1
1961,16860.0,1,1,19,10,4,4,3,3,14,3,1,1,3,7,0,0,0,0,0,0,0,65,14,2,4,38,8,0,4.75,8,0.375,15,0,1,0,0,0,0,1,0,0,0,0,1,0,0,1,0,0,0
1992,83528.0,0,0,7,530,117,678,134,44,147,1,4,10,8,1,1,0,0,1,0,0,1,34,12,0,1,1650,23,3,71.73913043478261,5,0.043478260869565216,24,0,1,0,0,0,0,0,1,0,0,0,0,0,0,0,1,0,0
1965,64176.0,0,1,52,1215,33,249,64,116,149,8,8,9,8,6,0,0,0,0,0,0,0,61,14,1,2,1826,33,0,55.333333333333336,14,0.24242424242424243,39,0,0,0,0,0,1,0,0,0,0,0,0,0,0,0,0,0,1
1956,22304.0,0,0,91,3,2,7,0,4,2,1,1,0,2,8,0,0,0,0,0,0,0,70,14,0,1,18,4,0,4.5,9,0.25,12,0,1,0,0,0,1,0,0,0,0,0,1,0,0,0,1,0,0
1978,67023.0,0,0,93,444,44,382,11,8,17,1,3,7,13,2,0,0,0,0,0,1,0,48,12,0,2,906,24,0,37.75,5,0.041666666666666664,26,0,1,0,0,0,0,1,0,0,0,0,1,0,0,0,0,0,1
1971,32892.0,1,0,78,26,0,15,2,1,2,2,3,0,3,8,0,0,0,0,0,0,0,55,12,1,3,46,8,0,5.75,11,0.25,16,0,0,0,1,0,0,0,0,1,0,0,0,1,0,0,0,0,1
1966,70713.0,0,1,23,736,114,279,82,76,190,6,5,6,8,3,0,0,0,0,0,0,0,60,14,1,3,1477,25,0,59.08,8,0.24,28,0,1,0,0,0,0,0,0,1,0,0,1,0,0,0,0,0,1
1955,59925.0,0,1,83,473,21,176,19,21,56,3,9,2,9,6,0,0,0,0,0,0,0,71,14,1,3,766,23,0,33.30434782608695,15,0.13043478260869565,29,0,1,0,0,0,0,0,0,1,0,0,0,1,0,0,0,0,1
1953,39722.0,0,1,92,32,0,5,2,0,8,2,2,0,3,5,0,0,0,0,0,0,0,73,12,1,3,47,7,0,6.714285714285714,7,0.2857142857142857,12,0,1,0,0,0,0,1,0,0,0,0,1,0,0,0,0,0,1
1958,46610.0,0,0,4,288,10,30,4,10,125,1,6,1,6,6,0,0,0,0,0,0,0,68,13,0,2,467,14,0,33.357142857142854,12,0.07142857142857142,20,0,1,0,0,0,0,0,0,1,0,0,0,1,0,0,0,0,1
1961,88347.0,0,0,32,1050,178,555,77,138,118,1,4,7,9,1,0,0,0,1,0,0,0,65,13,0,2,2116,21,1,100.76190476190476,5,0.047619047619047616,22,0,1,0,0,0,0,0,0,1,0,0,1,0,0,0,0,0,1
1981,87171.0,0,0,27,1001,44,107,58,44,44,1,6,7,11,2,1,0,1,0,0,0,0,45,13,0,2,1298,25,2,51.92,8,0.04,27,0,0,0,1,0,0,1,0,0,0,0,1,0,0,0,0,0,1
1976,26907.0,1,1,10,9,1,7,0,3,2,2,1,0,3,7,0,0,0,0,0,0,0,50,13,2,4,22,6,0,3.6666666666666665,8,0.3333333333333333,13,0,0,0,0,0,0,0,0,1,0,0,1,0,0,0,0,0,1
1968,50014.0,1,0,9,234,14,77,19,10,42,2,4,1,8,5,0,0,0,0,0,0,0,58,12,1,2,396,15,0,26.4,9,0.13333333333333333,20,0,0,1,0,0,0,0,1,0,0,0,1,0,0,0,0,0,1
1978,41014.0,1,0,65,7,2,6,2,0,3,1,1,0,2,7,0,0,0,0,0,0,0,48,13,1,3,20,4,0,5.0,8,0.25,11,0,0,0,1,0,0,1,0,0,0,0,1,0,0,0,0,0,1
1965,66294.0,0,0,68,251,108,334,65,92,117,1,4,3,5,2,0,0,0,0,0,0,0,61,12,0,1,967,13,0,74.38461538461539,6,0.07692307692307693,15,0,1,0,0,0,0,0,1,0,0,0,1,0,0,0,1,0,0
1971,36715.0,1,0,16,172,10,125,21,13,16,6,7,2,4,9,0,0,0,0,0,0,1,55,14,1,3,357,19,1,18.789473684210527,16,0.3157894736842105,28,0,1,0,0,0,0,1,0,0,0,0,0,1,0,0,0,0,1
1956,79456.0,0,0,12,565,42,548,64,83,99,1,5,6,4,3,0,0,0,0,0,0,1,70,14,0,2,1401,16,1,87.5625,8,0.0625,19,0,1,0,0,0,0,1,0,0,0,0,0,0,0,0,0,0,1
1982,40479.0,1,0,95,5,0,8,2,0,0,1,0,0,3,4,0,0,0,0,0,0,0,44,13,1,3,15,4,0,3.75,4,0.25,8,0,1,0,0,0,0,0,0,1,0,0,1,0,0,0,1,0,0
1970,75345.0,0,0,16,918,57,842,99,38,133,1,5,8,6,3,0,0,0,1,0,0,1,56,13,0,1,2087,20,2,104.35,8,0.05,23,0,0,1,0,0,0,0,1,0,0,0,0,0,0,0,0,0,1
1977,54233.0,0,1,46,652,8,158,21,0,142,4,11,6,5,8,0,0,0,0,0,0,0,49,13,1,3,981,26,0,37.73076923076923,19,0.15384615384615385,34,0,1,0,0,0,0,1,0,0,0,0,0,1,0,0,0,0,1
1970,24163.0,1,1,3,4,1,7,2,1,2,2,1,0,3,4,0,0,0,0,0,0,0,56,13,2,3,17,6,0,2.8333333333333335,5,0.3333333333333333,10,0,1,0,0,0,0,0,1,0,0,0,1,0,0,0,1,0,0
1958,84460.0,0,0,80,152,27,103,106,54,81,0,9,9,4,5,0,1,1,1,1,0,1,68,13,0,2,523,22,5,23.772727272727273,14,0.0,27,0,0,0,1,0,0,0,0,1,0,0,0,1,0,0,0,0,1
1983,43776.0,1,0,77,8,0,9,2,1,3,1,1,0,2,6,0,0,0,0,0,0,0,43,12,1,3,23,4,0,5.75,7,0.25,10,0,1,0,0,0,0,0,0,1,0,0,1,0,0,0,1,0,0
1958,71691.0,0,0,0,336,130,411,240,32,43,1,4,7,5,2,0,0,0,0,0,0,1,68,12,0,1,1192,17,1,70.11764705882354,6,0.058823529411764705,19,0,0,0,1,0,0,0,1,0,0,0,0,0,0,0,1,0,0
1973,85844.0,0,0,62,938,19,843,25,95,38,1,6,6,7,2,0,0,1,0,0,0,0,53,12,0,2,1958,20,1,97.9,8,0.05,22,0,0,0,1,0,0,1,0,0,0,0,1,0,0,0,0,0,1
1974,39190.0,1,0,91,68,8,18,19,8,12,2,2,1,4,5,0,0,0,0,0,0,0,52,12,1,2,133,9,0,14.777777777777779,7,0.2222222222222222,14,0,0,0,1,0,0,0,1,0,0,0,1,0,0,0,0,0,1
1959,71367.0,0,0,24,227,23,389,42,21,75,1,4,5,7,2,0,0,0,0,0,0,0,67,13,0,2,777,17,0,45.705882352941174,6,0.058823529411764705,19,0,1,0,0,0,0,0,0,1,0,0,1,0,0,0,1,0,0
1972,38578.0,1,1,2,38,4,22,3,3,3,3,3,0,3,8,0,0,0,0,0,0,0,54,13,2,3,73,9,0,8.11111111111111,11,0.3333333333333333,17,0,0,0,1,0,0,0,1,0,0,0,0,1,0,0,0,0,1
1965,57236.0,1,1,22,105,0,9,2,1,4,3,2,1,4,3,0,0,0,0,0,0,0,61,12,2,4,121,10,0,12.1,5,0.3,13,0,0,0,1,0,0,1,0,0,0,0,1,0,0,0,0,0,1
1979,61825.0,0,1,56,162,50,100,55,30,27,1,4,2,8,4,0,0,0,0,0,0,0,47,13,1,2,424,15,0,28.266666666666666,8,0.06666666666666667,19,0,1,0,0,0,0,0,1,0,0,0,1,0,0,0,0,0,1
1958,79803.0,0,1,54,574,8,216,21,16,33,1,4,3,5,1,0,0,0,0,0,0,0,68,12,1,2,868,13,0,66.76923076923077,5,0.07692307692307693,14,0,1,0,0,0,1,0,0,0,0,0,1,0,0,0,0,0,1
1986,80910.0,0,0,71,160,80,369,67,39,41,1,3,3,8,1,0,0,0,0,0,0,0,40,14,0,1,756,15,0,50.4,4,0.06666666666666667,16,0,0,0,0,0,0,0,1,0,0,0,1,0,0,0,1,0,0
1982,27590.0,1,0,38,6,0,5,0,0,1,1,1,0,2,7,0,0,0,0,0,0,0,44,13,1,3,12,4,0,3.0,8,0.25,11,0,0,1,0,0,0,0,0,1,0,0,1,0,0,0,0,0,1
1979,56775.0,0,1,62,614,35,160,58,35,35,2,5,8,10,5,0,0,0,0,0,0,0,47,13,1,3,937,25,0,37.48,10,0.08,30,0,1,0,0,0,0,1,0,0,0,0,1,0,0,0,0,0,1
1975,83829.0,0,0,78,897,161,430,186,161,27,0,4,7,6,1,1,0,1,1,0,0,1,51,13,0,1,1862,17,4,109.52941176470588,5,0.0,18,0,1,0,0,0,1,0,0,0,0,0,0,0,0,0,0,0,1
1979,54210.0,0,1,18,70,54,109,80,9,45,2,4,1,7,5,0,0,0,0,0,0,0,47,13,1,3,367,14,0,26.214285714285715,9,0.14285714285714285,19,0,0,0,0,0,0,1,0,0,0,0,1,0,0,0,1,0,0
1986,38508.0,1,0,95,120,19,206,25,19,54,6,7,2,5,8,0,0,0,0,0,0,0,40,13,1,3,443,20,0,22.15,15,0.3,28,0,1,0,0,0,0,1,0,0,0,0,0,1,0,0,1,0,0
1970,53187.0,1,0,66,211,2,30,7,7,10,2,4,1,6,5,0,0,0,0,0,0,0,56,13,1,3,267,13,0,20.53846153846154,9,0.15384615384615385,18,0,1,0,0,0,0,0,0,1,0,0,1,0,0,0,0,0,1
1972,30023.0,1,0,28,11,0,16,7,6,21,1,2,0,3,8,0,0,0,0,0,0,0,54,12,1,3,61,6,0,10.166666666666666,10,0.16666666666666666,14,0,1,0,0,0,0,1,0,0,0,0,1,0,0,1,0,0,0
1960,76045.0,0,0,78,760,53,400,17,93,0,1,4,5,11,2,0,0,0,1,0,0,0,66,13,0,1,1323,21,1,63.0,6,0.047619047619047616,23,0,0,0,1,0,0,0,1,0,0,0,1,0,0,0,0,0,1
1952,50870.0,0,1,13,53,0,8,0,0,2,1,2,0,3,5,0,0,0,0,0,0,0,74,12,1,3,63,6,0,10.5,7,0.16666666666666666,11,0,0,0,1,0,0,1,0,0,0,0,1,0,0,0,0,0,1
1970,15315.0,0,0,27,7,4,13,15,8,17,2,2,0,4,5,0,0,0,0,0,0,0,56,13,0,2,64,8,0,8.0,7,0.25,13,0,0,0,0,0,0,1,0,0,0,0,1,0,0,1,0,0,0
1974,65463.0,1,0,17,391,32,70,21,32,16,2,6,2,9,5,0,1,0,0,0,0,0,52,12,1,3,562,19,1,29.57894736842105,11,0.10526315789473684,24,0,0,0,0,0,0,1,0,0,0,0,1,0,0,0,0,0,1
1965,66480.0,1,1,71,199,9,57,20,21,6,7,4,1,7,4,0,0,0,0,0,0,0,61,12,2,4,312,19,0,16.42105263157895,8,0.3684210526315789,23,0,1,0,0,0,0,1,0,0,0,0,1,0,0,0,0,0,1
1954,76773.0,0,0,79,516,56,449,86,33,16,1,2,2,11,1,0,0,0,0,0,0,0,72,13,0,1,1156,16,0,72.25,3,0.0625,17,0,1,0,0,0,1,0,0,0,0,0,1,0,0,0,0,0,1
1983,81698.0,0,0,1,709,45,115,30,160,45,1,8,2,5,5,0,0,0,1,0,0,1,43,13,0,1,1104,16,2,69.0,13,0.0625,21,0,0,0,0,0,0,0,1,0,0,0,0,1,0,0,0,0,1
1973,54466.0,1,1,78,12,0,4,0,0,0,1,1,0,2,5,0,0,0,0,0,0,0,53,12,2,3,16,4,0,4.0,6,0.25,9,0,0,0,1,0,0,0,1,0,0,0,1,0,0,0,0,0,1
1960,98777.0,0,0,23,1000,19,711,125,115,38,0,4,6,9,1,0,1,0,0,0,0,0,66,12,0,1,2008,19,1,105.6842105263158,5,0.0,20,0,0,1,0,0,0,0,1,0,0,0,1,0,0,0,0,0,1
1984,16269.0,1,0,75,19,3,18,3,1,0,3,3,0,3,8,0,0,0,0,0,0,0,42,13,1,2,44,9,0,4.888888888888889,11,0.3333333333333333,17,0,0,0,1,0,0,0,1,0,0,0,0,1,0,0,0,0,1
1971,71819.0,0,1,70,1224,28,140,0,14,168,3,3,3,5,6,0,1,1,0,0,0,0,55,13,1,3,1574,14,2,112.42857142857143,9,0.21428571428571427,20,0,1,0,0,0,0,0,0,1,0,0,1,0,0,0,0,0,1
1983,33569.0,1,0,10,16,2,18,3,0,24,1,1,1,2,8,1,0,0,0,0,0,1,43,13,1,3,63,5,2,12.6,9,0.2,13,0,0,0,1,0,0,1,0,0,0,0,1,0,0,1,0,0,0
1983,36262.0,0,0,24,88,39,54,64,28,153,1,3,5,3,6,1,0,0,0,0,0,1,43,13,0,2,426,12,2,35.5,9,0.08333333333333333,18,0,0,1,0,0,0,1,0,0,0,0,0,0,0,1,0,0,0
1966,22634.0,0,0,47,2,23,11,8,6,46,1,2,1,2,8,0,0,0,0,0,0,0,60,13,0,2,96,6,0,16.0,10,0.16666666666666666,14,1,0,0,0,0,0,0,0,1,0,0,0,1,0,1,0,0,0
1978,47025.0,0,1,98,508,11,59,23,5,29,5,11,1,6,9,0,0,0,0,0,0,0,48,13,1,3,635,23,0,27.608695652173914,20,0.21739130434782608,32,0,0,0,0,0,0,1,0,0,0,0,0,1,0,0,0,0,1
1968,70566.0,0,1,4,381,28,215,84,28,21,2,6,5,9,3,0,0,0,0,0,0,0,58,13,1,2,757,22,0,34.40909090909091,9,0.09090909090909091,25,0,1,0,0,0,0,0,1,0,0,0,1,0,0,0,0,0,1
1979,31605.0,1,0,15,74,0,42,2,1,6,2,2,1,4,7,0,0,0,0,0,0,0,47,14,1,3,125,9,0,13.88888888888889,9,0.2222222222222222,16,0,0,0,1,0,0,1,0,0,0,0,1,0,0,0,0,0,1
1973,52034.0,1,1,67,146,0,93,7,13,73,5,4,2,5,7,0,0,0,0,0,0,0,53,13,2,3,332,16,0,20.75,11,0.3125,23,0,0,1,0,0,1,0,0,0,0,0,1,0,0,0,0,0,1
1979,48526.0,1,0,32,23,17,23,43,20,9,1,2,1,4,3,0,0,0,0,0,0,0,47,13,1,2,135,8,0,16.875,5,0.125,11,0,1,0,0,0,0,0,1,0,0,0,1,0,0,0,0,0,0
1954,46734.0,0,1,40,110,5,137,26,23,29,2,6,1,5,7,0,0,0,0,0,0,0,72,14,1,3,330,14,0,23.571428571428573,13,0.14285714285714285,21,0,1,0,0,0,0,1,0,0,0,0,0,1,0,0,1,0,0
1962,39552.0,1,1,54,165,3,147,4,24,41,7,6,2,5,8,0,0,0,0,0,0,1,64,14,2,3,384,20,1,19.2,14,0.35,28,0,1,0,0,0,1,0,0,0,0,0,0,1,0,0,0,0,1
1966,86358.0,1,1,78,957,47,494,82,47,95,4,5,3,6,8,0,0,0,0,0,0,0,60,14,2,3,1722,18,0,95.66666666666667,13,0.2222222222222222,26,0,1,0,0,0,0,0,1,0,0,0,1,0,0,0,0,0,1
1977,46931.0,2,1,94,41,0,17,3,1,16,2,1,1,3,3,0,0,0,0,0,0,0,49,12,3,5,78,7,0,11.142857142857142,4,0.2857142857142857,10,0,1,0,0,0,0,0,0,1,0,0,1,0,0,0,0,0,1
1985,16581.0,0,0,51,1,3,4,2,3,11,1,0,0,3,4,0,0,0,0,0,0,0,41,13,0,1,24,4,0,6.0,4,0.25,8,1,0,0,0,0,0,0,1,0,0,0,1,0,0,1,0,0,0
1952,63998.0,0,0,42,176,29,818,0,33,112,1,7,6,11,4,0,0,0,0,0,0,1,74,13,0,1,1168,25,1,46.72,11,0.04,29,0,0,0,0,0,1,0,0,0,0,0,1,0,0,0,1,0,0
1951,67381.0,0,1,67,815,8,53,11,0,70,4,2,2,9,7,0,1,0,0,0,0,0,75,13,1,3,957,17,1,56.294117647058826,9,0.23529411764705882,24,0,0,1,0,0,0,1,0,0,0,0,1,0,0,0,0,0,1
1967,25930.0,1,1,87,6,1,2,2,0,4,1,1,0,2,7,0,0,0,0,0,0,0,59,13,2,3,15,4,0,3.75,8,0.25,11,0,1,0,0,0,0,0,1,0,0,0,1,0,0,0,0,0,1
1978,42693.0,1,0,29,8,4,20,6,3,16,1,1,0,3,5,0,0,0,0,0,0,0,48,12,1,3,57,5,0,11.4,6,0.2,10,0,1,0,0,0,0,1,0,0,0,0,1,0,0,0,1,0,0
1976,85606.0,0,1,89,717,42,864,219,30,84,2,6,7,9,3,0,0,0,1,0,0,0,50,14,1,3,1956,24,1,81.5,9,0.08333333333333333,27,0,1,0,0,0,0,0,0,1,0,0,1,0,0,0,1,0,0
1985,72903.0,0,0,74,1067,138,750,0,19,39,1,7,5,8,4,0,1,1,1,0,0,1,41,13,0,1,2013,21,4,95.85714285714286,11,0.047619047619047616,25,0,1,0,0,0,0,0,1,0,0,0,1,0,0,0,0,0,1
1974,49669.0,1,0,97,166,5,107,11,8,29,2,5,1,6,6,0,0,0,0,0,0,0,52,12,1,3,326,14,0,23.285714285714285,11,0.14285714285714285,20,0,0,0,0,0,0,0,0,1,0,0,1,0,0,0,0,0,1
1968,36778.0,1,1,63,29,4,34,2,4,4,3,3,0,3,9,0,0,0,0,0,0,0,58,14,2,4,77,9,0,8.555555555555555,12,0.3333333333333333,18,0,0,0,1,0,0,1,0,0,0,0,0,1,0,0,1,0,0
1962,85696.0,0,0,88,714,76,395,116,0,12,1,4,6,9,1,0,0,0,0,0,0,1,64,13,0,1,1313,20,1,65.65,5,0.05,21,0,0,0,1,0,1,0,0,0,0,0,1,0,0,0,0,0,1
1989,10979.0,0,0,34,8,4,10,2,2,4,2,3,0,3,5,0,0,0,0,0,0,0,37,12,0,1,30,8,0,3.75,8,0.25,13,0,0,1,0,0,1,0,0,0,0,0,0,1,0,0,1,0,0
1961,49678.0,0,1,81,229,5,56,3,2,20,2,6,2,4,7,0,0,0,0,0,0,0,65,13,1,3,315,14,0,22.5,13,0.14285714285714285,21,0,1,0,0,0,0,1,0,0,0,0,0,1,0,0,0,0,1
1953,56129.0,0,1,65,320,48,133,39,72,48,4,6,2,10,4,0,0,0,0,0,0,0,73,13,1,3,660,22,0,30.0,10,0.18181818181818182,26,0,0,1,0,0,0,0,0,1,0,0,1,0,0,0,0,0,1
1989,37155.0,1,0,51,23,0,26,7,15,3,1,2,0,4,5,0,0,0,0,0,0,0,37,13,1,3,74,7,0,10.571428571428571,7,0.14285714285714285,12,0,1,0,0,0,0,1,0,0,0,0,1,0,0,0,1,0,0
1978,21282.0,1,0,76,1,5,8,4,8,20,2,2,1,2,6,0,0,0,0,0,0,0,48,12,1,2,46,7,0,6.571428571428571,8,0.2857142857142857,13,0,0,0,0,0,1,0,0,0,0,0,0,1,0,1,0,0,0
1962,33419.0,0,1,76,56,0,12,0,0,18,2,2,0,4,7,0,0,0,0,0,0,0,64,13,1,2,86,8,0,10.75,9,0.25,15,0,0,0,1,0,0,0,1,0,0,0,1,0,0,0,0,0,1
1945,63285.0,0,0,84,508,124,249,50,38,134,1,6,5,13,3,0,0,0,0,0,0,0,81,13,0,1,1103,25,0,44.12,9,0.04,28,0,1,0,0,0,0,0,0,0,1,0,1,0,0,0,0,0,1
1974,21255.0,1,0,56,29,0,25,2,2,3,4,2,1,4,4,0,0,0,0,0,0,0,52,12,1,3,61,11,0,5.545454545454546,6,0.36363636363636365,15,0,0,1,0,0,0,0,0,1,0,0,1,0,0,0,0,0,1
1981,42162.0,1,0,31,46,7,59,2,4,27,2,3,1,3,6,1,0,0,0,0,0,1,45,13,1,3,145,9,2,16.11111111111111,9,0.2222222222222222,15,0,1,0,0,0,0,0,0,1,0,0,0,1,0,0,1,0,0
1956,54450.0,1,1,0,454,0,171,8,19,32,12,9,2,8,8,0,0,0,0,0,0,0,70,14,2,4,684,31,0,22.06451612903226,17,0.3870967741935484,39,0,1,0,0,0,0,0,0,1,0,0,0,1,0,0,0,0,1
1954,57744.0,0,1,91,350,3,39,0,0,19,2,9,1,4,8,0,0,0,0,0,0,0,72,13,1,3,411,16,0,25.6875,17,0.125,24,0,0,0,1,0,0,1,0,0,0,0,0,1,0,0,0,0,1
1986,26576.0,1,0,40,10,0,8,0,0,9,1,1,0,2,9,1,0,0,0,0,0,1,40,14,1,2,27,4,2,6.75,10,0.25,13,0,1,0,0,0,0,0,1,0,0,0,1,0,0,0,0,0,1
1943,57513.0,0,0,59,735,40,183,52,20,30,2,9,3,13,6,0,0,0,0,0,0,0,83,13,0,1,1060,27,0,39.25925925925926,15,0.07407407407407407,33,0,0,0,1,0,0,0,0,0,1,0,1,0,0,0,0,0,1
1964,68142.0,0,1,96,897,126,196,91,112,37,3,10,4,7,6,0,0,0,0,0,0,0,62,14,1,3,1459,24,0,60.791666666666664,16,0.125,30,0,1,0,0,0,0,0,0,1,0,0,0,1,0,0,0,0,1
1979,7500.0,0,1,61,5,2,3,3,0,5,1,1,0,2,8,0,0,0,0,0,0,0,47,14,1,3,18,4,0,4.5,9,0.25,12,0,1,0,0,0,0,1,0,0,0,0,1,0,0,0,0,0,1
1974,83145.0,0,0,14,777,35,731,39,137,114,1,5,9,11,2,0,0,1,0,0,0,1,52,14,0,2,1833,26,2,70.5,7,0.038461538461538464,28,0,1,0,0,0,0,0,0,1,0,0,1,0,0,0,0,0,1
1960,54197.0,0,1,16,162,6,37,6,13,13,2,1,3,6,1,0,0,0,0,0,0,0,66,12,1,3,237,12,0,19.75,2,0.16666666666666666,13,0,0,1,0,0,0,1,0,0,0,0,1,0,0,0,0,0,1
1963,23091.0,1,1,98,35,0,11,0,0,2,4,2,1,3,7,0,0,0,0,0,0,0,63,12,2,3,48,10,0,4.8,9,0.4,17,0,0,0,1,0,0,0,1,0,0,0,1,0,0,0,0,0,1
1976,46049.0,1,1,11,342,9,112,19,14,19,10,5,2,9,7,0,0,0,0,0,0,1,50,13,2,4,515,26,1,19.807692307692307,12,0.38461538461538464,33,0,1,0,0,0,0,1,0,0,0,0,1,0,0,0,0,0,1
1974,56715.0,0,0,52,258,105,239,237,172,9,1,7,3,4,4,0,0,0,0,0,0,0,52,14,0,2,1020,15,0,68.0,11,0.06666666666666667,19,0,1,0,0,0,0,0,0,1,0,0,0,1,0,0,0,0,1
1961,79410.0,0,0,19,658,80,483,123,13,13,1,3,2,5,1,0,0,0,0,0,0,0,65,12,0,2,1370,11,0,124.54545454545455,4,0.09090909090909091,12,0,1,0,0,0,0,1,0,0,0,0,1,0,0,0,0,0,1
1951,57304.0,0,1,61,356,80,329,138,17,106,2,7,6,10,5,0,0,0,0,0,0,0,75,13,1,3,1026,25,0,41.04,12,0.08,30,0,1,0,0,0,0,1,0,0,0,0,1,0,0,0,0,0,1
1965,44375.0,0,1,73,213,5,28,7,7,41,1,4,1,6,5,0,0,0,0,0,0,0,61,12,1,3,301,12,0,25.083333333333332,9,0.08333333333333333,17,0,1,0,0,0,0,1,0,0,0,0,1,0,0,0,0,0,1
1956,54450.0,1,1,0,454,0,171,8,19,32,12,9,2,8,8,0,0,0,0,0,0,0,70,14,2,4,684,31,0,22.06451612903226,17,0.3870967741935484,39,0,1,0,0,0,0,0,0,1,0,0,0,1,0,0,0,0,1
1965,59594.0,0,1,74,457,4,29,0,0,9,1,8,1,7,7,0,1,0,0,0,0,0,61,14,1,3,499,17,1,29.352941176470587,15,0.058823529411764705,24,0,1,0,0,0,0,1,0,0,0,0,0,1,0,0,0,0,1
1994,80685.0,0,0,55,241,45,604,34,26,54,1,6,4,10,2,0,0,0,0,0,0,0,32,14,0,2,1004,21,0,47.80952380952381,8,0.047619047619047616,23,0,1,0,0,0,0,0,0,1,0,0,1,0,0,0,1,0,0
1974,40344.0,0,1,48,210,0,6,0,0,2,2,4,1,5,7,0,0,0,0,0,0,0,52,13,1,3,218,12,0,18.166666666666668,11,0.16666666666666666,19,0,0,0,1,0,0,1,0,0,0,0,1,0,0,0,0,0,1
1972,62710.0,0,1,53,441,35,83,7,29,11,4,4,2,12,4,0,0,0,0,0,0,0,54,13,1,3,606,22,0,27.545454545454547,8,0.18181818181818182,26,0,1,0,0,0,0,1,0,0,0,0,1,0,0,0,0,0,1
1968,48985.0,0,1,13,19,13,18,10,7,8,1,1,1,3,3,0,0,0,0,0,0,0,58,13,1,3,75,6,0,12.5,4,0.16666666666666666,9,0,0,0,0,0,0,1,0,0,0,0,1,0,0,0,0,0,1
1968,35322.0,1,2,34,28,9,37,12,7,13,3,2,0,4,8,0,0,0,0,0,0,0,58,14,3,5,106,9,0,11.777777777777779,10,0.3333333333333333,17,0,1,0,0,0,0,0,0,1,0,0,1,0,0,0,1,0,0
1948,77142.0,0,0,54,476,75,162,29,151,97,1,4,4,8,2,0,0,0,0,0,0,0,78,13,0,2,990,17,0,58.23529411764706,6,0.058823529411764705,19,0,1,0,0,0,0,1,0,0,0,0,1,0,0,0,0,0,1
1969,81657.0,0,0,69,364,40,425,158,60,50,1,3,4,8,1,0,0,0,0,0,0,0,57,12,0,1,1097,16,0,68.5625,4,0.0625,17,0,1,0,0,0,0,0,1,0,0,0,1,0,0,0,1,0,0
1996,14421.0,0,0,81,0,0,2,3,3,8,1,1,0,2,5,1,0,0,0,0,0,0,30,12,0,2,16,4,1,4.0,6,0.25,9,1,0,0,0,0,0,1,0,0,0,0,1,0,0,1,0,0,0
1974,20130.0,0,0,99,0,6,3,7,6,12,1,1,0,3,8,0,0,0,0,0,0,0,52,12,0,2,34,5,0,6.8,9,0.2,13,0,0,0,0,0,0,1,0,0,0,0,1,0,0,1,0,0,0
1990,74214.0,0,0,3,863,83,547,86,99,33,1,8,2,5,5,0,0,0,0,0,0,0,36,14,0,2,1711,16,0,106.9375,13,0.0625,21,0,0,0,1,0,0,1,0,0,0,0,0,1,0,0,0,0,1
1957,66726.0,1,1,61,349,7,35,0,0,47,3,8,2,4,7,0,1,0,0,0,0,0,69,12,2,4,438,17,1,25.764705882352942,15,0.17647058823529413,24,0,0,1,0,0,0,1,0,0,0,0,0,1,0,0,0,0,1
1979,23724.0,1,0,65,5,23,15,0,18,14,2,2,0,3,8,0,0,0,0,0,0,0,47,13,1,3,75,7,0,10.714285714285714,10,0.2857142857142857,15,1,0,0,0,0,0,0,0,1,0,0,1,0,1,0,0,0,0
1960,47353.0,0,1,93,184,2,19,8,8,4,3,2,2,6,5,0,0,0,0,0,0,0,66,13,1,3,225,13,0,17.307692307692307,7,0.23076923076923078,18,0,0,1,0,0,0,1,0,0,0,0,1,0,0,0,0,0,1
1952,33444.0,1,1,24,8,0,8,0,0,2,1,1,0,2,8,0,0,0,0,0,0,0,74,14,2,4,18,4,0,4.5,9,0.25,12,0,0,1,0,0,0,1,0,0,0,0,1,0,0,0,0,0,1
1981,54386.0,0,1,8,277,21,64,62,21,25,2,3,2,10,3,0,0,0,0,0,0,0,45,13,1,3,470,17,0,27.647058823529413,6,0.11764705882352941,20,0,1,0,0,0,0,1,0,0,0,0,1,0,0,0,0,0,1
1981,28510.0,1,1,72,44,5,19,0,4,19,3,2,0,4,5,0,0,0,0,0,0,0,45,13,2,3,91,9,0,10.11111111111111,7,0.3333333333333333,14,0,1,0,0,0,1,0,0,0,0,0,1,0,0,0,0,0,1
1991,90638.0,0,0,29,1156,120,915,94,144,96,1,3,4,10,1,0,0,1,0,0,0,0,35,12,0,1,2525,18,1,140.27777777777777,4,0.05555555555555555,19,0,0,1,0,0,0,0,1,0,0,0,1,0,0,0,0,0,1
1950,48070.0,0,1,33,373,14,83,6,9,19,3,8,2,6,7,0,0,0,0,0,1,0,76,13,1,3,504,19,0,26.526315789473685,15,0.15789473684210525,26,0,1,0,0,0,0,0,0,1,0,0,0,1,0,0,0,0,1
1957,43140.0,0,1,68,134,8,76,6,0,11,1,4,1,5,6,0,0,0,0,0,0,0,69,13,1,3,235,11,0,21.363636363636363,10,0.09090909090909091,17,0,1,0,0,0,0,1,0,0,0,0,1,0,0,0,0,0,1
1961,54959.0,0,1,55,1148,0,60,0,0,24,3,9,5,4,7,0,1,0,0,0,0,1,65,13,1,2,1232,21,2,58.666666666666664,16,0.14285714285714285,28,0,0,0,1,0,1,0,0,0,0,0,0,1,0,0,0,0,1
1958,15056.0,1,1,76,6,12,3,21,6,40,5,2,2,3,5,0,0,0,0,0,0,0,68,13,2,3,88,12,0,7.333333333333333,7,0.4166666666666667,17,1,0,0,0,0,0,0,1,0,0,0,1,0,0,1,0,0,0
1971,26954.0,1,0,17,4,1,11,0,0,1,1,1,0,2,7,0,0,0,0,0,0,0,55,12,1,2,17,4,0,4.25,8,0.25,11,0,1,0,0,0,0,0,1,0,0,0,1,0,0,0,1,0,0
1985,22327.0,1,0,94,5,4,8,2,0,5,1,1,0,3,5,0,0,0,0,0,0,0,41,13,1,2,24,5,0,4.8,6,0.2,10,0,1,0,0,0,0,0,1,0,0,0,1,0,0,0,1,0,0
1965,44393.0,1,1,86,24,2,20,2,2,10,2,1,0,4,4,0,0,0,0,0,0,0,61,13,2,4,60,7,0,8.571428571428571,5,0.2857142857142857,11,0,1,0,0,0,0,1,0,0,0,0,1,0,0,0,0,0,1
1952,62000.0,0,1,25,899,0,101,0,0,20,1,6,6,13,4,0,0,0,1,0,0,0,74,13,1,2,1020,26,1,39.23076923076923,10,0.038461538461538464,30,0,0,0,1,0,0,0,1,0,0,0,1,0,0,0,0,0,1
1962,31497.0,0,1,22,108,1,28,13,1,4,2,3,1,4,8,0,0,0,0,0,0,0,64,14,1,3,155,10,0,15.5,11,0.2,18,0,0,0,1,0,0,0,0,1,0,0,1,0,0,0,0,0,1
1974,45894.0,0,2,15,27,2,7,0,2,13,1,1,0,3,5,0,0,0,0,0,0,0,52,12,2,4,51,5,0,10.2,6,0.2,10,0,0,0,0,0,0,1,0,0,0,0,1,0,0,0,0,0,1
1970,78579.0,0,0,35,816,66,549,216,66,99,1,5,6,4,3,0,0,0,0,0,0,1,56,14,0,1,1812,16,1,113.25,8,0.0625,19,0,0,1,0,0,1,0,0,0,0,0,0,0,0,0,0,0,1
1969,67369.0,0,1,81,1298,0,70,37,14,42,4,7,4,10,4,0,1,1,0,0,0,1,57,14,1,2,1461,25,3,58.44,11,0.16,29,0,0,1,0,0,0,0,0,0,1,0,1,0,0,0,0,0,1
1960,58401.0,0,1,55,10,0,11,17,29,29,1,1,2,2,4,0,0,0,0,0,0,0,66,12,1,2,96,6,0,16.0,5,0.16666666666666666,10,0,1,0,0,0,1,0,0,0,0,0,0,0,0,0,0,1,0
1952,62307.0,0,1,94,87,13,34,10,6,10,1,4,0,4,5,0,0,0,0,0,0,0,74,12,1,2,160,9,0,17.77777777777778,9,0.1111111111111111,14,0,1,0,0,0,0,0,1,0,0,0,0,1,0,0,0,0,1
1969,43641.0,1,1,50,57,2,51,4,2,23,3,2,1,4,6,0,0,0,0,0,0,0,57,13,2,4,139,10,0,13.9,8,0.3,16,0,0,1,0,0,0,1,0,0,0,0,1,0,0,0,0,0,1
1968,63841.0,0,1,64,635,15,100,20,7,131,1,9,3,9,6,0,0,0,0,0,0,0,58,13,1,2,908,22,0,41.27272727272727,15,0.045454545454545456,28,0,0,1,0,0,1,0,0,0,0,0,0,1,0,0,0,0,1
1965,46891.0,0,1,91,43,12,23,29,15,61,1,2,1,4,4,0,0,0,0,0,0,0,61,13,1,3,183,8,0,22.875,6,0.125,12,0,0,0,0,0,0,1,0,0,0,0,1,0,0,1,0,0,0
1969,70091.0,1,0,11,964,34,137,15,0,11,2,5,2,10,8,0,1,0,0,0,0,0,57,13,1,3,1161,19,1,61.10526315789474,13,0.10526315789473684,27,0,0,1,0,0,0,1,0,0,0,0,1,0,0,0,0,0,1
1972,78075.0,0,0,72,572,8,259,34,35,80,1,3,5,5,1,0,0,0,0,0,0,0,54,12,0,2,988,14,0,70.57142857142857,4,0.07142857142857142,15,0,0,0,1,0,0,1,0,0,0,0,0,0,0,0,0,0,1
1961,59184.0,0,1,6,341,142,113,259,151,66,3,6,6,12,5,0,0,0,0,0,0,0,65,14,1,2,1072,27,0,39.7037037037037,11,0.1111111111111111,32,0,0,0,0,0,0,0,0,0,1,0,1,0,0,0,0,0,1
1977,54809.0,1,1,0,63,6,57,13,13,22,4,2,1,5,4,0,0,0,0,0,0,0,49,13,2,4,174,12,0,14.5,6,0.3333333333333333,16,0,1,0,0,0,0,1,0,0,0,0,1,0,0,0,0,0,1
1959,58113.0,0,1,66,221,104,169,102,78,84,3,9,2,8,7,0,0,0,0,0,1,0,67,13,1,3,758,22,0,34.45454545454545,16,0.13636363636363635,29,0,1,0,0,0,0,1,0,0,0,0,0,1,0,0,0,0,1
1958,51412.0,0,1,42,140,3,29,4,5,14,2,3,2,4,4,0,0,0,0,0,0,0,68,13,1,3,195,11,0,17.727272727272727,7,0.18181818181818182,15,0,0,1,0,0,0,1,0,0,0,0,1,0,0,0,0,0,1
1979,15287.0,1,0,60,1,2,8,4,3,13,2,1,1,2,7,1,0,0,0,0,0,1,47,14,1,2,31,6,2,5.166666666666667,8,0.3333333333333333,13,0,1,0,0,0,1,0,0,0,0,0,1,0,0,1,0,0,0
1957,66636.0,0,0,64,291,10,689,84,10,0,1,3,4,9,1,0,0,0,0,0,0,0,69,13,0,2,1084,17,0,63.76470588235294,4,0.058823529411764705,18,0,0,1,0,0,0,0,0,1,0,0,1,0,0,0,1,0,0
1956,50965.0,0,1,87,544,13,85,8,6,29,3,10,4,5,8,1,0,0,0,0,0,0,70,13,1,3,685,22,1,31.136363636363637,18,0.13636363636363635,30,0,0,1,0,0,0,1,0,0,0,0,0,1,0,0,0,0,1
1965,84618.0,0,0,96,684,100,801,21,66,0,1,6,9,10,2,0,0,1,0,0,0,0,61,13,0,2,1672,26,1,64.3076923076923,8,0.038461538461538464,28,0,0,0,1,0,0,1,0,0,0,0,1,0,0,0,1,0,0
1990,18351.0,0,0,1,1,12,9,0,14,7,1,2,0,3,7,0,0,0,0,0,0,0,36,13,0,2,43,6,0,7.166666666666667,9,0.16666666666666666,13,0,1,0,0,0,0,1,0,0,0,0,1,0,0,0,0,1,0
1957,40451.0,0,2,54,35,0,4,0,0,10,1,1,1,2,5,1,0,0,0,0,0,0,69,12,2,4,49,5,1,9.8,6,0.2,10,0,0,0,1,0,0,0,0,1,0,0,1,0,0,0,0,0,1
1965,36317.0,0,1,53,87,3,25,3,2,13,2,3,0,4,7,0,0,0,0,0,0,0,61,13,1,3,133,9,0,14.777777777777779,10,0.2222222222222222,16,0,1,0,0,0,0,0,0,1,0,0,1,0,0,0,0,0,1
1957,42213.0,0,1,96,309,3,24,4,3,20,2,5,1,7,7,0,1,0,0,0,0,0,69,13,1,3,363,15,1,24.2,12,0.13333333333333333,22,0,1,0,0,0,0,0,0,1,0,0,1,0,0,0,0,0,1
1955,65748.0,0,1,58,172,73,93,95,78,34,2,2,4,10,1,0,0,0,0,0,1,0,71,13,1,3,545,18,0,30.27777777777778,3,0.1111111111111111,19,0,1,0,0,0,0,0,0,1,0,0,1,0,0,0,0,0,1
1972,77044.0,0,1,12,625,38,242,50,34,76,2,7,11,11,4,1,0,0,0,0,0,0,54,13,1,3,1065,31,1,34.354838709677416,11,0.06451612903225806,35,0,1,0,0,0,0,0,0,1,0,0,0,0,0,0,0,0,1
1969,74918.0,0,0,78,972,59,913,25,19,59,1,5,9,6,3,0,0,1,0,0,0,0,57,13,0,2,2047,21,1,97.47619047619048,8,0.047619047619047616,24,0,1,0,0,0,0,0,0,1,0,0,0,0,0,0,0,0,1
1972,56721.0,1,1,64,157,6,39,6,13,75,5,4,1,5,6,0,0,0,0,0,0,0,54,14,2,4,296,15,0,19.733333333333334,10,0.3333333333333333,21,0,1,0,0,0,0,1,0,0,0,0,1,0,0,0,0,0,1
1975,42160.0,1,1,26,48,9,45,3,15,20,4,2,1,4,6,0,0,0,0,0,0,1,51,13,2,3,140,11,1,12.727272727272727,8,0.36363636363636365,17,0,1,0,0,0,0,0,1,0,0,0,1,0,0,0,0,0,1
1965,61559.0,0,1,8,279,83,88,32,14,34,1,4,2,10,3,0,0,0,0,0,0,0,61,13,1,2,530,17,0,31.176470588235293,7,0.058823529411764705,20,0,1,0,0,0,0,0,1,0,0,0,1,0,0,0,0,0,1
1963,33629.0,1,1,49,132,0,16,0,0,4,5,3,1,4,9,0,0,0,0,0,0,0,63,14,2,4,152,13,0,11.692307692307692,12,0.38461538461538464,22,0,0,0,1,0,0,0,0,1,0,0,1,0,0,0,0,0,1
1991,68682.0,0,0,56,919,0,505,99,30,45,1,4,9,10,2,0,0,0,0,0,0,0,35,13,0,2,1598,24,0,66.58333333333333,6,0.041666666666666664,26,0,0,0,1,0,0,0,0,1,0,0,1,0,0,0,0,0,1
1963,34377.0,0,1,55,62,0,22,3,1,26,2,2,2,2,7,0,0,0,0,0,0,0,63,13,1,2,114,8,0,14.25,9,0.25,15,0,1,0,0,0,0,0,1,0,0,0,0,1,0,0,0,0,1
1986,8940.0,1,0,25,1,45,3,4,6,42,3,3,1,3,8,0,0,0,0,0,0,0,40,14,1,2,101,10,0,10.1,11,0.3,18,1,0,0,0,0,0,0,1,0,0,0,0,1,1,0,0,0,0
1973,26228.0,1,0,50,2,6,4,3,1,9,1,1,0,2,8,0,0,0,0,0,0,0,53,13,1,3,25,4,0,6.25,9,0.25,12,0,1,0,0,0,0,1,0,0,0,0,1,0,0,1,0,0,0
1957,77297.0,0,0,84,408,61,109,48,122,41,1,5,7,9,4,0,0,0,1,0,0,0,69,13,0,1,789,22,1,35.86363636363637,9,0.045454545454545456,26,0,0,0,0,0,1,0,0,0,0,0,1,0,0,0,0,0,1
1981,40211.0,1,1,30,51,1,7,2,1,25,2,2,1,2,8,1,0,0,0,0,0,0,45,13,2,4,87,7,1,12.428571428571429,10,0.2857142857142857,15,0,1,0,0,0,0,1,0,0,0,0,0,1,0,0,0,0,1
1958,33438.0,1,1,81,62,1,16,3,2,6,4,2,1,4,5,0,0,0,0,0,0,0,68,13,2,3,90,11,0,8.181818181818182,7,0.36363636363636365,16,0,0,0,1,0,0,0,0,0,1,0,1,0,0,0,0,0,1
1959,75032.0,0,1,74,952,12,180,47,12,12,2,5,4,9,3,0,0,0,0,0,0,0,67,13,1,3,1215,20,0,60.75,8,0.1,23,0,0,0,1,0,0,1,0,0,0,0,1,0,0,0,0,0,1
1955,61284.0,0,0,76,618,15,106,20,7,45,1,11,2,8,6,0,1,0,0,0,0,0,71,13,0,1,811,22,1,36.86363636363637,17,0.045454545454545456,28,0,0,0,1,0,0,0,1,0,0,0,0,1,0,0,0,0,1
1986,22518.0,1,0,36,11,7,12,2,2,27,2,2,1,2,5,1,0,0,0,0,0,1,40,14,1,3,61,7,2,8.714285714285714,7,0.2857142857142857,12,0,1,0,0,0,0,1,0,0,0,0,0,1,0,1,0,0,0
1975,54730.0,0,1,64,318,3,17,4,7,56,5,4,1,8,4,0,0,0,0,0,0,0,51,13,1,3,405,18,0,22.5,8,0.2777777777777778,22,0,0,1,0,0,0,1,0,0,0,0,1,0,0,0,0,0,1
1955,38452.0,1,1,62,56,0,14,0,0,2,3,3,0,3,7,0,0,0,0,0,0,0,71,12,2,4,72,9,0,8.0,10,0.3333333333333333,16,0,0,1,0,0,0,1,0,0,0,0,0,1,0,0,0,0,1
1971,44421.0,1,1,53,110,5,59,7,1,7,5,5,0,4,8,0,0,0,0,0,0,0,55,13,2,3,189,14,0,13.5,13,0.35714285714285715,22,0,1,0,0,0,1,0,0,0,0,0,0,1,0,0,0,0,1
1986,38197.0,1,0,86,23,0,11,2,1,3,1,1,0,3,5,0,0,0,0,0,0,0,40,13,1,3,40,5,0,8.0,6,0.2,10,0,0,0,1,0,0,0,0,1,0,0,1,0,0,0,0,0,1
1978,41986.0,0,1,15,27,5,8,8,3,12,3,3,0,4,4,0,0,0,0,0,0,0,48,12,1,2,63,10,0,6.3,7,0.3,14,0,1,0,0,0,1,0,0,0,0,0,1,0,0,0,0,0,1
1983,28427.0,1,0,67,18,3,19,3,3,6,2,2,0,3,8,0,0,0,0,0,0,0,43,13,1,3,52,7,0,7.428571428571429,10,0.2857142857142857,15,0,1,0,0,0,0,0,0,1,0,0,1,0,0,0,1,0,0
1976,37395.0,1,0,47,18,0,9,0,1,11,1,1,0,3,6,0,0,0,0,0,0,0,50,12,1,3,39,5,0,7.8,7,0.2,11,0,0,0,1,0,0,0,0,1,0,0,1,0,0,0,0,0,1
1971,64722.0,1,0,47,303,0,280,60,147,15,4,8,2,11,6,0,0,0,0,0,0,0,55,12,1,3,805,25,0,32.2,14,0.16,31,0,1,0,0,0,0,1,0,0,0,0,1,0,0,0,0,0,1
1956,55249.0,0,1,81,97,1,19,2,0,11,1,2,1,4,3,0,0,0,0,0,0,0,70,12,1,3,130,8,0,16.25,5,0.125,11,0,0,1,0,0,0,0,0,1,0,0,1,0,0,0,0,0,1
1972,84906.0,0,0,98,997,15,414,99,30,76,1,5,6,12,2,0,1,1,0,1,0,0,54,13,0,2,1631,24,3,67.95833333333333,7,0.041666666666666664,26,0,1,0,0,0,0,0,0,1,0,0,1,0,0,0,0,0,1
1989,28691.0,1,0,56,5,4,13,8,0,4,1,1,0,3,8,0,0,0,0,0,0,0,37,13,1,3,34,5,0,6.8,9,0.2,13,0,1,0,0,0,0,1,0,0,0,0,1,0,0,0,1,0,0
1952,44213.0,1,1,48,95,11,35,0,4,7,4,2,1,5,6,0,0,0,0,0,0,0,74,13,2,3,152,12,0,12.666666666666666,8,0.3333333333333333,18,0,1,0,0,0,0,0,1,0,0,0,1,0,0,0,0,0,1
1984,25707.0,1,0,18,1,6,2,3,6,3,1,1,0,3,7,0,0,0,0,0,0,0,42,12,1,2,21,5,0,4.2,8,0.2,12,1,0,0,0,0,0,0,1,0,0,0,1,0,1,0,0,0,0
1967,59062.0,2,1,74,46,1,12,3,0,9,2,2,0,3,4,0,0,0,0,0,0,0,59,13,3,5,71,7,0,10.142857142857142,6,0.2857142857142857,11,0,0,0,1,0,0,1,0,0,0,0,1,0,0,0,0,0,1
1962,76624.0,0,1,68,411,106,147,54,115,66,1,5,10,7,1,1,0,0,0,0,0,0,64,12,1,2,899,23,1,39.08695652173913,6,0.043478260869565216,24,0,1,0,0,0,0,0,1,0,0,0,0,0,0,0,0,0,1
1947,66000.0,0,0,36,244,51,270,101,0,45,1,1,3,5,1,0,0,0,0,0,0,0,79,12,0,2,711,10,0,71.1,2,0.1,11,0,0,1,0,0,0,0,0,1,0,0,1,0,0,0,1,0,0
1978,27683.0,1,0,90,152,9,121,12,12,45,4,6,2,4,8,0,0,0,0,0,0,0,48,14,1,3,351,16,0,21.9375,14,0.25,24,0,0,0,1,0,0,0,0,1,0,0,0,1,0,0,0,0,1
1971,1730.0,0,0,65,1,1,3,1,1,1,15,0,0,0,20,0,0,0,0,0,0,0,55,12,0,1,8,15,0,0.5333333333333333,20,1.0,35,0,1,0,0,0,1,0,0,0,0,0,0,1,0,0,1,0,0
1992,7500.0,1,0,63,10,17,18,8,26,40,4,3,2,2,9,0,0,0,0,0,0,0,34,14,1,2,119,11,0,10.818181818181818,12,0.36363636363636365,20,1,0,0,0,0,0,0,1,0,0,0,0,1,0,1,0,0,0
1968,40521.0,1,1,82,12,0,5,0,0,4,1,0,1,2,5,0,0,0,0,0,0,0,58,13,2,4,21,4,0,5.25,5,0.25,9,0,1,0,0,0,0,0,0,1,0,0,1,0,0,0,0,0,1
1973,20427.0,1,0,63,5,0,4,0,0,1,1,1,0,2,8,0,0,0,0,0,0,0,53,12,1,3,10,4,0,2.5,9,0.25,12,0,0,0,1,0,0,0,0,1,0,0,1,0,0,0,0,0,1
1975,65106.0,0,1,55,790,19,133,12,0,19,3,8,3,13,6,0,1,0,0,0,0,0,51,12,1,3,973,27,1,36.03703703703704,14,0.1111111111111111,33,0,1,0,0,0,0,1,0,0,0,0,1,0,0,0,0,0,1
1965,69969.0,0,0,64,882,29,514,38,29,44,1,4,2,6,3,0,0,1,1,0,0,1,61,13,0,2,1536,13,3,118.15384615384616,7,0.07692307692307693,16,0,0,0,1,0,0,1,0,0,0,0,1,0,0,0,0,0,1
1952,67433.0,0,2,51,615,28,259,12,48,30,4,6,5,13,4,0,1,0,0,0,0,0,74,13,2,4,992,28,1,35.42857142857143,10,0.14285714285714285,32,0,1,0,0,0,0,1,0,0,0,0,1,0,0,0,0,0,1
1967,77766.0,0,1,97,1004,59,265,115,59,27,2,11,10,11,6,1,0,0,0,0,0,1,59,13,1,3,1529,34,2,44.970588235294116,17,0.058823529411764705,40,0,0,0,1,0,0,1,0,0,0,0,0,1,0,0,0,0,1
1972,74716.0,0,1,92,133,27,421,13,195,71,2,7,3,5,4,0,0,0,0,0,0,0,54,13,1,3,860,17,0,50.588235294117645,11,0.11764705882352941,21,0,1,0,0,0,0,1,0,0,0,0,0,1,0,0,1,0,0
1963,68118.0,0,1,51,595,23,123,10,23,154,2,8,9,4,6,0,0,0,0,0,0,0,63,13,1,2,928,23,0,40.34782608695652,14,0.08695652173913043,29,0,1,0,0,0,1,0,0,0,0,0,0,0,0,0,0,0,1
1970,55158.0,1,1,72,293,0,87,4,11,23,4,7,2,5,7,0,0,0,0,0,0,1,56,14,2,4,418,18,1,23.22222222222222,14,0.2222222222222222,25,0,0,0,1,0,0,1,0,0,0,0,0,1,0,0,0,0,1
1955,62972.0,0,1,39,313,15,47,20,0,192,2,7,4,3,6,0,0,0,0,0,0,1,71,14,1,3,587,16,1,36.6875,13,0.125,22,0,0,0,0,0,0,1,0,0,0,0,0,1,0,0,0,0,1
1975,74190.0,0,1,49,151,81,86,168,91,64,2,4,2,11,2,0,0,0,0,0,0,0,51,12,1,3,641,19,0,33.73684210526316,6,0.10526315789473684,21,0,1,0,0,0,0,1,0,0,0,0,1,0,0,0,0,0,0
1976,39356.0,1,1,21,15,0,2,0,0,6,1,1,0,2,6,1,0,0,0,0,0,0,50,12,2,4,23,4,1,5.75,7,0.25,10,0,1,0,0,0,0,1,0,0,0,0,1,0,0,0,0,0,1
1969,76653.0,0,0,91,736,63,946,219,189,126,1,4,7,11,2,0,0,1,1,0,0,0,57,13,0,2,2279,23,2,99.08695652173913,6,0.043478260869565216,25,0,1,0,0,0,0,0,0,1,0,0,1,0,0,0,1,0,0
1973,35860.0,1,1,37,15,0,8,4,2,20,2,1,1,2,5,1,0,0,0,0,0,0,53,12,2,3,49,6,1,8.166666666666666,6,0.3333333333333333,11,0,0,0,1,0,1,0,0,0,0,0,1,0,0,1,0,0,0
1983,90687.0,0,0,98,982,17,672,23,34,51,1,6,2,8,2,0,0,1,0,0,0,1,43,13,0,1,1779,17,2,104.6470588235294,8,0.058823529411764705,19,0,0,0,1,0,1,0,0,0,0,0,1,0,0,0,0,0,1
1982,73450.0,0,0,85,1142,51,415,90,69,37,1,7,8,11,3,1,0,0,1,0,0,0,44,13,0,2,1804,27,2,66.81481481481481,10,0.037037037037037035,30,0,0,1,0,0,0,0,0,1,0,0,1,0,0,0,0,0,1
1960,31454.0,1,1,40,28,0,11,0,0,9,3,2,0,3,8,0,0,0,0,0,0,0,66,13,2,4,48,8,0,6.0,10,0.375,16,0,1,0,0,0,0,1,0,0,0,0,1,0,0,0,0,0,1
1952,47139.0,1,1,2,46,0,12,0,2,23,2,2,1,2,7,0,0,0,0,0,0,1,74,12,2,3,83,7,1,11.857142857142858,9,0.2857142857142857,14,0,1,0,0,0,0,0,1,0,0,0,0,1,0,0,0,0,1
1975,83829.0,0,0,78,897,161,430,186,161,27,0,4,7,6,1,1,0,1,1,0,0,1,51,13,0,1,1862,17,4,109.52941176470588,5,0.0,18,0,1,0,0,0,1,0,0,0,0,0,0,0,0,0,0,0,1
1963,53378.0,1,1,41,489,6,152,8,6,132,10,9,4,6,8,0,0,0,0,0,0,1,63,14,2,4,793,29,1,27.344827586206897,17,0.3448275862068966,37,0,0,0,1,0,0,1,0,0,0,0,0,1,0,0,0,0,1
1970,19656.0,1,0,94,25,4,9,6,8,32,3,2,1,3,7,0,0,0,0,0,0,0,56,13,1,3,84,9,0,9.333333333333334,9,0.3333333333333333,16,0,1,0,0,0,0,0,0,1,0,0,1,0,0,1,0,0,0
1948,45579.0,0,1,10,145,1,33,2,1,1,1,4,1,4,6,0,0,0,0,0,0,0,78,13,1,3,183,10,0,18.3,10,0.1,16,0,0,0,1,0,0,1,0,0,0,0,0,1,0,0,0,0,1
1958,85485.0,0,0,73,630,26,611,44,18,54,1,6,6,6,2,0,0,0,0,0,0,0,68,12,0,1,1383,19,0,72.78947368421052,8,0.05263157894736842,21,0,0,0,0,0,0,0,1,0,0,0,0,1,0,0,0,0,1
1944,55956.0,0,0,22,760,38,104,50,9,38,2,7,3,4,4,0,1,0,0,0,0,0,82,12,0,2,999,16,1,62.4375,11,0.125,20,0,1,0,0,0,0,1,0,0,0,0,0,1,0,0,0,0,1
1963,64191.0,0,1,30,420,15,186,151,38,15,3,5,3,13,3,0,0,0,0,0,0,0,63,13,1,2,825,24,0,34.375,8,0.125,27,0,0,1,0,0,0,0,1,0,0,0,1,0,0,0,0,0,1
1972,38808.0,1,0,21,125,17,52,3,19,30,4,5,1,4,8,1,0,0,0,0,0,1,54,14,1,2,246,14,2,17.571428571428573,13,0.2857142857142857,22,0,1,0,0,0,0,0,1,0,0,0,0,1,0,0,0,0,1
1966,57183.0,1,1,51,464,5,64,7,0,70,8,9,1,7,8,0,0,0,0,0,0,0,60,13,2,4,610,25,0,24.4,17,0.32,33,0,0,1,0,0,0,1,0,0,0,0,0,1,0,0,0,0,1
1968,23748.0,1,0,97,6,6,29,12,15,8,3,2,1,3,8,0,0,0,0,0,0,0,58,14,1,2,76,9,0,8.444444444444445,10,0.3333333333333333,17,0,0,1,0,0,1,0,0,0,0,0,1,0,0,0,1,0,0
1971,66303.0,0,1,56,1090,12,96,16,12,60,4,3,4,11,8,0,1,0,0,0,0,0,55,13,1,3,1286,22,1,58.45454545454545,11,0.18181818181818182,30,0,1,0,0,0,0,1,0,0,0,0,1,0,0,0,0,0,1
1975,37368.0,1,0,4,3,2,11,2,2,10,1,1,0,2,6,1,0,0,0,0,0,0,51,13,1,3,30,4,1,7.5,7,0.25,10,0,0,1,0,0,0,1,0,0,0,0,1,0,0,0,1,0,0
1964,40800.0,1,2,77,24,0,27,8,30,10,2,3,0,3,7,0,0,0,0,0,1,0,62,13,3,5,99,8,0,12.375,10,0.25,15,0,1,0,0,0,0,1,0,0,0,0,0,1,0,0,0,1,0
1978,71847.0,0,0,95,737,21,106,55,63,210,0,6,7,9,3,0,0,0,1,0,0,0,48,14,0,1,1192,22,1,54.18181818181818,9,0.0,25,0,1,0,0,0,1,0,0,0,0,0,1,0,0,0,0,0,1
1975,46149.0,0,1,36,254,6,71,4,0,27,5,5,1,7,5,0,0,0,0,0,0,0,51,13,1,3,362,18,0,20.11111111111111,10,0.2777777777777778,23,0,1,0,0,0,0,1,0,0,0,0,1,0,0,0,0,0,1
1983,78687.0,0,0,13,817,185,687,145,55,241,1,4,6,8,2,0,0,1,0,0,0,1,43,14,0,2,2130,19,2,112.10526315789474,6,0.05263157894736842,21,0,1,0,0,0,0,0,0,1,0,0,1,0,0,0,0,0,1
1971,49118.0,0,0,90,620,54,239,99,98,119,2,9,7,10,7,0,1,0,0,1,0,1,55,14,0,1,1229,28,3,43.892857142857146,16,0.07142857142857142,35,0,0,0,0,0,1,0,0,0,0,0,1,0,0,0,0,0,1
1957,37633.0,1,1,49,13,4,20,0,0,1,2,1,0,3,9,0,0,0,0,0,0,0,69,14,2,4,38,6,0,6.333333333333333,10,0.3333333333333333,15,0,0,0,1,0,0,1,0,0,0,0,1,0,0,0,1,0,0
1951,39767.0,0,0,18,113,61,204,34,26,47,2,7,1,7,8,0,0,0,0,0,0,0,75,13,0,2,485,17,0,28.529411764705884,15,0.11764705882352941,25,0,0,1,0,0,0,0,0,1,0,0,0,1,0,0,1,0,0
1951,26997.0,0,0,89,7,23,78,133,49,144,2,4,2,5,7,0,0,0,0,0,0,0,75,14,0,2,434,13,0,33.38461538461539,11,0.15384615384615385,20,1,0,0,0,0,0,1,0,0,0,0,1,0,0,1,0,0,0
1970,33986.0,1,0,43,16,2,18,2,1,5,1,1,0,3,7,0,0,0,0,0,0,0,56,13,1,2,44,5,0,8.8,8,0.2,12,0,1,0,0,0,1,0,0,0,0,0,1,0,0,0,1,0,0
1972,57091.0,0,1,82,462,0,24,6,0,4,2,9,2,5,7,0,1,0,0,0,0,1,54,14,1,3,496,18,2,27.555555555555557,16,0.1111111111111111,25,0,0,0,1,0,0,1,0,0,0,0,0,1,0,0,0,0,1
1969,46831.0,1,1,84,22,2,10,6,4,34,2,1,2,2,4,0,0,0,0,0,0,0,57,13,2,4,78,7,0,11.142857142857142,5,0.2857142857142857,11,0,0,0,0,0,0,1,0,0,0,0,0,0,0,1,0,0,0
1972,83151.0,0,0,80,968,147,842,137,42,210,1,5,7,10,2,1,0,1,1,0,0,1,54,13,0,2,2346,23,4,102.0,7,0.043478260869565216,25,0,0,1,0,0,0,1,0,0,0,0,1,0,0,0,0,0,1
1971,52531.0,0,0,68,283,112,151,51,72,125,2,7,2,10,6,0,0,0,0,0,0,0,55,14,0,2,794,21,0,37.80952380952381,13,0.09523809523809523,27,0,1,0,0,0,0,1,0,0,0,0,1,0,0,0,0,0,1
1956,15759.0,0,0,12,1,2,5,6,0,3,1,1,0,2,7,0,0,0,0,0,0,0,70,13,0,2,17,4,0,4.25,8,0.25,11,0,1,0,0,0,0,1,0,0,0,0,1,0,0,0,0,0,0
1971,22804.0,1,0,75,14,1,7,2,1,1,1,2,0,2,9,0,0,0,0,0,0,0,55,13,1,2,26,5,0,5.2,11,0.2,14,0,1,0,0,0,0,0,1,0,0,0,0,1,0,0,0,0,1
1973,43050.0,1,0,10,30,5,24,6,3,8,2,2,0,4,5,0,0,0,0,0,0,0,53,12,1,3,76,8,0,9.5,7,0.25,13,0,0,0,0,0,0,1,0,0,0,0,1,0,0,0,0,0,1
1977,42997.0,1,1,91,4,0,5,0,1,5,1,1,0,2,7,0,0,0,0,0,0,0,49,13,2,3,15,4,0,3.75,8,0.25,11,0,0,0,1,0,0,0,1,0,0,0,1,0,0,0,1,0,0
1963,48918.0,1,1,21,52,0,9,0,0,1,2,1,0,4,4,0,0,0,0,0,0,0,63,12,2,3,62,7,0,8.857142857142858,5,0.2857142857142857,11,0,0,0,1,0,0,0,1,0,0,0,1,0,0,0,0,0,1
1954,60033.0,0,1,28,62,1,57,19,11,48,2,2,1,5,2,0,0,0,0,0,0,0,72,12,1,3,198,10,0,19.8,4,0.2,12,0,0,1,0,0,0,0,0,1,0,0,1,0,0,0,0,0,1
1978,34043.0,1,0,97,20,2,14,3,0,10,1,2,0,2,9,0,0,0,0,0,0,0,48,13,1,3,49,5,0,9.8,11,0.2,14,0,0,0,1,0,0,0,0,1,0,0,0,1,0,0,0,0,1
1966,57811.0,0,1,49,545,7,114,37,21,78,5,7,2,11,5,0,1,0,0,0,0,0,60,13,1,3,802,25,1,32.08,12,0.2,30,0,1,0,0,0,0,0,0,1,0,0,1,0,0,0,0,0,1
1946,78569.0,0,0,14,558,79,622,207,175,95,1,4,6,4,1,0,0,1,0,0,0,1,80,12,0,2,1736,15,2,115.73333333333333,5,0.06666666666666667,16,0,1,0,0,0,0,1,0,0,0,0,0,0,0,0,1,0,0
1978,7500.0,1,1,5,6,5,4,13,4,25,4,2,1,3,6,0,0,0,0,0,0,0,48,14,2,3,57,10,0,5.7,8,0.4,16,0,1,0,0,0,0,0,1,0,0,0,1,0,0,1,0,0,0
1971,157733.0,1,0,37,39,1,9,2,0,8,0,1,0,1,1,0,0,0,0,0,0,0,55,13,1,3,59,2,0,29.5,2,0.0,3,0,0,1,0,0,0,0,0,1,0,0,0,1,0,0,0,0,1
1953,94384.0,0,0,62,1111,24,790,160,45,172,0,5,8,5,2,0,1,1,1,0,0,1,73,13,0,2,2302,18,4,127.88888888888889,7,0.0,20,0,1,0,0,0,0,0,0,1,0,0,0,0,0,0,0,0,1
1985,23148.0,0,0,83,4,6,8,6,3,10,1,2,0,3,7,0,0,0,0,0,0,0,41,12,0,2,37,6,0,6.166666666666667,9,0.16666666666666666,13,0,0,0,0,0,0,1,0,0,0,0,1,0,0,1,0,0,0
1970,44267.0,1,1,48,183,5,65,3,5,49,5,5,2,4,9,0,0,0,0,0,0,0,56,13,2,3,310,16,0,19.375,14,0.3125,25,0,1,0,0,0,1,0,0,0,0,0,0,1,0,0,0,0,1
1979,71626.0,0,0,94,546,72,376,94,145,72,1,5,5,8,3,0,1,0,0,0,0,0,47,14,0,2,1305,19,1,68.6842105263158,8,0.05263157894736842,22,0,1,0,0,0,0,1,0,0,0,0,1,0,0,0,0,0,1
1966,60894.0,0,1,61,606,7,155,10,0,54,5,10,3,8,7,0,0,0,0,0,0,0,60,13,1,3,832,26,0,32.0,17,0.19230769230769232,33,0,1,0,0,0,0,0,0,1,0,0,0,1,0,0,0,0,1
1976,50200.0,1,1,70,266,6,51,8,6,64,6,7,1,5,8,0,0,0,0,0,0,0,50,13,2,4,401,19,0,21.105263157894736,15,0.3157894736842105,27,0,1,0,0,0,0,0,0,1,0,0,0,1,0,0,0,0,1
1965,81051.0,0,0,43,1142,29,249,38,29,14,1,5,5,12,2,0,1,1,0,0,0,0,61,12,0,2,1501,23,2,65.26086956521739,7,0.043478260869565216,25,0,0,0,1,0,0,1,0,0,0,0,1,0,0,0,0,0,1
1982,65169.0,0,0,23,1074,0,69,0,0,46,1,10,4,13,6,1,0,1,1,1,0,1,44,12,0,2,1189,28,5,42.464285714285715,16,0.03571428571428571,34,0,1,0,0,0,0,1,0,0,0,0,1,0,0,0,0,0,1
1972,59868.0,0,1,37,771,51,154,54,10,154,7,11,2,12,6,0,0,0,0,0,0,0,54,13,1,3,1194,32,0,37.3125,17,0.21875,38,0,1,0,0,0,0,0,0,1,0,0,1,0,0,0,0,0,1
1960,65695.0,0,1,50,371,32,189,0,58,6,2,5,4,10,4,0,0,0,0,0,0,0,66,12,1,3,656,21,0,31.238095238095237,9,0.09523809523809523,25,0,0,0,1,0,0,1,0,0,0,0,1,0,0,0,0,0,1
1956,64857.0,0,0,78,556,14,717,210,0,43,1,7,5,10,4,0,0,0,0,0,0,0,70,14,0,1,1540,23,0,66.95652173913044,11,0.043478260869565216,27,0,0,1,0,0,0,0,1,0,0,0,1,0,0,0,1,0,0
1965,45143.0,0,1,74,202,5,74,11,5,14,3,6,1,5,7,0,0,0,0,0,0,0,61,13,1,3,311,15,0,20.733333333333334,13,0.2,22,0,0,1,0,0,0,0,0,1,0,0,0,1,0,0,0,0,1
1955,74805.0,0,1,14,209,162,209,41,162,37,5,4,7,10,2,0,0,0,0,0,0,0,71,13,1,3,820,26,0,31.53846153846154,6,0.19230769230769232,28,0,0,0,0,0,0,0,0,1,0,0,1,0,0,0,0,0,1
1989,59060.0,1,0,77,35,40,111,36,40,12,3,3,1,7,4,0,0,0,0,0,0,0,37,12,1,3,274,14,0,19.571428571428573,7,0.21428571428571427,18,0,0,0,0,0,0,1,0,0,0,0,1,0,0,0,1,0,0
1962,27238.0,1,1,39,37,0,17,0,0,3,3,3,0,3,9,0,0,0,0,0,0,0,64,13,2,3,57,9,0,6.333333333333333,12,0.3333333333333333,18,0,0,0,1,0,0,0,1,0,0,0,0,1,0,0,0,0,1
1965,47009.0,0,1,89,171,45,73,59,10,90,4,3,2,8,4,0,0,0,0,0,0,0,61,13,1,3,448,17,0,26.352941176470587,7,0.23529411764705882,21,0,1,0,0,0,0,0,0,1,0,0,1,0,0,0,0,0,1
1973,46094.0,1,1,62,12,2,20,3,2,5,1,1,0,3,7,0,0,0,0,0,0,0,53,12,2,4,44,5,0,8.8,8,0.2,12,0,0,0,0,0,0,1,0,0,0,0,1,0,0,0,1,0,0
1972,40321.0,1,1,59,44,4,21,6,0,27,2,3,0,3,7,0,0,0,0,0,0,0,54,13,2,4,102,8,0,12.75,10,0.25,15,0,1,0,0,0,0,1,0,0,0,0,0,1,0,0,0,0,1
1984,37235.0,1,0,68,20,2,9,4,6,20,1,1,1,2,4,0,0,0,0,0,0,0,42,12,1,3,61,5,0,12.2,5,0.2,9,0,1,0,0,0,0,0,0,1,0,0,1,0,0,0,0,0,1
1960,81843.0,0,0,13,779,86,537,34,69,138,1,5,9,12,3,0,0,0,0,0,0,0,66,13,0,2,1643,27,0,60.851851851851855,8,0.037037037037037035,30,0,0,1,0,0,0,1,0,0,0,0,1,0,0,0,0,0,1
1958,46692.0,0,1,37,170,6,97,24,12,88,3,6,1,5,6,0,0,0,0,0,0,0,68,13,1,3,397,15,0,26.466666666666665,12,0.2,21,0,0,1,0,0,0,0,0,1,0,0,0,1,0,0,0,0,1
1968,77382.0,0,1,36,491,48,231,112,105,134,2,5,7,12,1,0,0,1,0,0,0,0,58,12,1,3,1121,26,1,43.11538461538461,6,0.07692307692307693,27,0,1,0,0,0,0,0,0,1,0,0,1,0,0,0,0,0,1
1977,37774.0,2,0,28,173,8,107,7,2,176,4,7,2,3,9,1,0,0,0,0,1,1,49,14,2,3,473,16,2,29.5625,16,0.25,25,0,1,0,0,0,0,0,1,0,0,0,0,1,0,1,0,0,0
1974,18393.0,1,0,2,7,10,13,16,0,4,2,3,0,3,8,0,0,0,0,0,0,0,52,12,1,3,50,8,0,6.25,11,0.25,16,1,0,0,0,0,0,1,0,0,0,0,0,1,0,0,0,0,0
1962,72828.0,0,1,17,1205,0,235,19,14,205,6,6,3,13,7,0,0,0,0,0,0,0,64,13,1,3,1678,28,0,59.92857142857143,13,0.21428571428571427,35,0,0,1,0,0,0,1,0,0,0,0,1,0,0,0,0,0,1
1982,24711.0,0,0,86,10,7,25,6,3,7,1,3,0,3,7,0,0,0,0,0,0,0,44,12,0,2,58,7,0,8.285714285714286,10,0.14285714285714285,14,0,1,0,0,0,0,1,0,0,0,0,0,1,0,0,1,0,0
1975,45503.0,1,0,54,97,4,44,6,1,18,1,3,1,4,5,0,0,0,0,0,0,0,51,13,1,3,170,9,0,18.88888888888889,8,0.1111111111111111,14,0,0,0,1,0,0,1,0,0,0,0,1,0,0,0,0,0,1
1982,6560.0,0,0,2,67,11,26,4,3,262,0,1,0,1,17,0,0,0,0,0,0,0,44,13,0,1,373,2,0,186.5,18,0.0,19,0,0,1,0,0,0,0,1,0,0,0,0,1,0,1,0,0,0
1945,71604.0,0,0,3,345,53,528,98,75,97,1,8,3,5,4,1,0,0,0,0,0,1,81,13,0,2,1196,17,2,70.3529411764706,12,0.058823529411764705,21,0,0,0,1,0,0,0,0,1,0,0,0,1,0,0,1,0,0
1979,27244.0,1,0,84,6,5,17,3,24,46,2,2,2,2,7,0,0,0,0,0,0,0,47,12,1,3,101,8,0,12.625,9,0.25,15,0,1,0,0,0,0,1,0,0,0,0,0,1,0,1,0,0,0
1969,48752.0,1,1,8,73,57,100,71,15,0,5,6,1,5,9,0,0,0,0,0,0,1,57,14,2,4,316,17,1,18.58823529411765,15,0.29411764705882354,26,0,1,0,0,0,0,1,0,0,0,0,0,1,0,0,1,0,0
1962,71434.0,0,1,4,711,36,217,172,96,168,3,7,4,7,4,0,1,0,1,0,0,0,64,13,1,3,1400,21,2,66.66666666666667,11,0.14285714285714285,25,0,1,0,0,0,0,1,0,0,0,0,0,1,0,0,0,0,1
1948,90842.0,0,0,57,774,70,118,182,187,93,1,4,9,13,1,0,0,0,0,0,0,0,78,13,0,1,1424,27,0,52.74074074074074,5,0.037037037037037035,28,0,1,0,0,0,0,0,1,0,0,0,1,0,0,0,0,0,1
1978,88097.0,1,0,24,163,0,480,0,126,75,1,6,5,8,9,0,1,1,1,0,0,1,48,14,1,3,844,20,4,42.2,15,0.05,29,0,0,1,0,0,0,1,0,0,0,0,1,0,0,0,1,0,0
1975,51948.0,0,1,51,82,33,54,71,30,41,2,5,2,4,5,0,0,0,0,0,0,0,51,13,1,3,311,13,0,23.923076923076923,10,0.15384615384615385,18,0,1,0,0,0,0,1,0,0,0,0,0,1,0,0,0,0,1
1982,71853.0,0,0,29,358,108,413,141,97,32,1,2,8,6,1,0,0,0,0,0,0,0,44,13,0,2,1149,17,0,67.58823529411765,3,0.058823529411764705,18,0,1,0,0,0,0,0,0,1,0,0,0,0,0,0,1,0,0
1983,35876.0,0,0,13,66,2,40,4,3,14,1,3,1,3,6,0,0,0,0,0,0,0,43,12,0,2,129,8,0,16.125,9,0.125,14,0,0,1,0,0,0,1,0,0,0,0,0,1,0,0,0,0,1
1952,40049.0,0,1,23,13,6,7,0,3,3,1,1,0,3,6,0,0,0,0,0,0,0,74,13,1,2,32,5,0,6.4,7,0.2,11,0,1,0,0,0,0,0,0,0,1,0,1,0,0,0,0,0,1
1982,39660.0,1,0,36,139,13,78,20,13,36,3,7,1,3,9,0,0,0,0,0,0,1,44,14,1,2,299,14,1,21.357142857142858,16,0.21428571428571427,23,0,1,0,0,0,0,0,1,0,0,0,0,1,0,0,0,0,1
1962,50127.0,0,1,88,274,0,21,4,6,15,1,5,1,6,6,0,1,0,0,0,0,0,64,12,1,3,320,13,1,24.615384615384617,11,0.07692307692307693,19,0,1,0,0,0,0,0,0,1,0,0,1,0,0,0,0,0,1
1977,43263.0,0,1,2,262,6,61,0,10,102,3,5,2,6,5,0,0,0,0,0,0,0,49,14,1,3,441,16,0,27.5625,10,0.1875,21,0,0,1,0,0,0,1,0,0,0,0,1,0,0,0,0,0,1
1949,62845.0,1,1,3,1099,0,45,0,0,34,11,3,4,10,8,0,1,0,0,0,0,1,77,14,2,4,1178,28,2,42.07142857142857,11,0.39285714285714285,36,0,0,1,0,0,0,1,0,0,0,0,1,0,0,0,0,0,1
1990,18929.0,0,0,15,32,0,8,23,4,18,1,1,0,4,6,0,0,0,0,0,0,0,36,13,0,2,85,6,0,14.166666666666666,7,0.16666666666666666,12,0,1,0,0,0,0,1,0,0,0,0,1,0,0,0,0,0,1
1982,24367.0,1,0,58,2,4,2,0,11,5,1,1,0,2,9,0,0,0,0,0,0,0,44,13,1,2,24,4,0,6.0,10,0.25,13,1,0,0,0,0,0,0,1,0,0,0,1,0,0,0,0,1,0
1975,33249.0,1,0,11,6,10,21,19,14,42,2,2,1,3,6,0,0,0,0,0,0,0,51,13,1,2,112,8,0,14.0,8,0.25,14,0,1,0,0,0,0,0,1,0,0,0,1,0,0,1,0,0,0
1959,26887.0,0,1,27,6,7,4,3,4,6,1,1,0,3,6,0,0,0,0,0,0,0,67,13,1,3,30,5,0,6.0,7,0.2,11,0,0,0,0,0,0,1,0,0,0,0,1,0,1,0,0,0,0
1983,50150.0,0,0,32,135,46,92,65,61,11,2,5,2,7,5,0,0,0,0,0,0,0,43,13,0,2,410,16,0,25.625,10,0.125,21,0,0,0,1,0,0,1,0,0,0,0,1,0,0,0,0,0,1
1976,62061.0,0,1,12,641,7,84,0,30,38,3,10,4,7,6,0,1,0,0,0,0,0,50,13,1,3,800,24,1,33.333333333333336,16,0.125,30,0,1,0,0,0,0,0,0,1,0,0,0,1,0,0,0,0,1
1962,85696.0,0,0,88,714,76,395,116,0,12,1,4,6,9,1,0,0,0,0,0,0,1,64,13,0,1,1313,20,1,65.65,5,0.05,21,0,0,0,1,0,1,0,0,0,0,0,1,0,0,0,0,0,1
1956,76542.0,0,0,91,794,73,573,0,29,14,1,4,8,10,2,0,0,0,0,0,0,0,70,13,0,2,1483,23,0,64.47826086956522,6,0.043478260869565216,25,0,0,0,1,0,0,0,0,1,0,0,1,0,0,0,0,0,1
1993,70515.0,0,0,12,420,0,452,182,64,140,1,6,6,4,2,0,0,0,0,0,0,1,33,13,0,1,1258,17,1,74.0,8,0.058823529411764705,19,0,1,0,0,0,0,0,1,0,0,0,0,1,0,0,1,0,0
1987,18227.0,1,0,21,1,2,7,4,3,11,1,0,1,2,8,0,0,0,0,0,0,0,39,14,1,3,28,4,0,7.0,8,0.25,12,0,1,0,0,0,0,0,0,1,0,0,1,0,0,1,0,0,0
1965,69139.0,0,1,23,86,12,75,33,15,6,1,4,1,5,4,0,0,0,0,0,0,0,61,12,1,3,227,11,0,20.636363636363637,8,0.09090909090909091,15,0,1,0,0,0,0,1,0,0,0,0,1,0,0,0,0,0,1
1982,69109.0,0,0,10,823,25,459,124,29,95,1,6,6,7,4,0,0,1,0,0,0,1,44,14,0,2,1555,20,2,77.75,10,0.05,24,0,1,0,0,0,0,1,0,0,0,0,1,0,0,0,0,0,1
1962,69627.0,0,1,35,231,161,215,171,30,53,2,8,2,11,5,0,0,0,0,0,0,0,64,13,1,2,861,23,0,37.43478260869565,13,0.08695652173913043,28,0,1,0,0,0,0,0,1,0,0,0,1,0,0,0,0,0,1
1978,38136.0,1,0,69,8,15,27,0,20,33,2,3,1,2,8,1,0,0,0,0,0,0,48,13,1,3,103,8,1,12.875,11,0.25,16,0,1,0,0,0,0,1,0,0,0,0,0,1,0,1,0,0,0
1946,62159.0,0,0,68,182,17,259,77,70,29,1,6,2,10,4,0,0,0,0,0,0,0,80,12,0,1,634,19,0,33.36842105263158,10,0.05263157894736842,23,0,0,0,1,0,0,0,1,0,0,0,1,0,0,0,1,0,0
1963,80695.0,0,0,85,557,129,984,193,37,18,1,5,8,5,2,0,0,0,0,0,0,0,63,13,0,1,1918,19,0,100.94736842105263,7,0.05263157894736842,21,0,1,0,0,0,0,0,1,0,0,0,0,0,0,0,1,0,0
1971,33316.0,1,1,34,79,1,31,4,4,12,3,2,1,4,6,0,0,0,0,0,0,0,55,13,2,3,131,10,0,13.1,8,0.3,16,0,0,1,0,0,0,0,1,0,0,0,1,0,0,0,0,0,1
1968,58554.0,1,1,55,368,24,68,38,0,88,6,8,2,6,7,0,0,0,0,0,0,0,58,14,2,4,586,22,0,26.636363636363637,15,0.2727272727272727,29,0,1,0,0,0,0,0,0,1,0,0,0,1,0,0,0,0,1
1992,17256.0,1,0,10,6,4,14,8,8,22,2,2,1,2,8,1,0,0,0,0,0,0,34,13,1,3,62,7,1,8.857142857142858,10,0.2857142857142857,15,1,0,0,0,0,0,1,0,0,0,0,0,1,0,1,0,0,0
1974,53034.0,1,1,30,160,15,196,15,11,50,8,6,1,7,8,0,0,0,0,0,0,0,52,13,2,3,447,22,0,20.318181818181817,14,0.36363636363636365,30,0,1,0,0,0,1,0,0,0,0,0,1,0,0,0,1,0,0
1950,52203.0,0,0,36,488,21,238,56,108,28,1,8,7,11,6,0,0,0,0,0,0,0,76,14,0,2,939,27,0,34.77777777777778,14,0.037037037037037035,33,0,0,0,0,0,0,0,0,1,0,0,1,0,0,0,0,0,1
1977,59601.0,0,1,14,691,7,69,0,7,23,4,2,2,7,8,0,1,0,0,0,0,0,49,13,1,2,797,15,1,53.13333333333333,10,0.26666666666666666,23,0,0,0,0,0,1,0,0,0,0,0,1,0,0,0,0,0,1
1958,75154.0,0,1,79,543,10,205,160,143,82,1,6,3,6,3,0,0,0,0,0,0,1,68,14,1,2,1143,16,1,71.4375,9,0.0625,19,0,0,1,0,0,0,0,1,0,0,0,0,1,0,0,0,0,1
1976,47025.0,0,1,52,254,7,108,20,0,26,3,6,3,5,6,0,0,0,0,0,0,0,50,13,1,2,415,17,0,24.41176470588235,12,0.17647058823529413,23,0,1,0,0,0,0,0,1,0,0,0,0,1,0,0,0,0,1
1973,37971.0,1,0,97,5,4,10,2,2,7,1,1,0,3,8,0,0,0,0,0,0,0,53,13,1,3,30,5,0,6.0,9,0.2,13,0,1,0,0,0,0,1,0,0,0,0,1,0,0,0,1,0,0
1968,41335.0,1,0,24,112,19,21,16,14,5,3,4,1,4,7,0,0,0,0,0,0,0,58,13,1,2,187,12,0,15.583333333333334,11,0.25,19,0,0,1,0,0,1,0,0,0,0,0,0,1,0,0,0,0,1
1958,67267.0,0,1,0,134,11,59,15,2,30,1,3,2,5,2,0,0,0,0,0,0,0,68,12,1,3,251,11,0,22.818181818181817,5,0.09090909090909091,13,0,1,0,0,0,0,1,0,0,0,0,1,0,0,0,0,0,1
1975,57338.0,0,1,96,143,6,52,11,8,17,2,4,1,5,5,0,0,0,0,0,0,0,51,12,1,2,237,12,0,19.75,9,0.16666666666666666,17,0,1,0,0,0,0,0,1,0,0,0,1,0,0,0,0,0,1
1960,50523.0,1,1,89,51,4,24,4,7,1,2,2,0,4,6,0,0,0,0,0,0,0,66,13,2,4,91,8,0,11.375,8,0.25,14,0,0,0,0,0,0,0,0,1,0,0,1,0,0,0,0,0,1
1965,35791.0,2,1,94,27,0,5,0,0,3,2,1,0,3,8,0,0,0,0,0,0,0,61,13,3,4,35,6,0,5.833333333333333,9,0.3333333333333333,14,0,0,1,0,0,0,0,1,0,0,0,1,0,0,0,0,0,1
1960,50611.0,0,1,98,459,0,24,6,0,4,6,4,5,7,6,0,1,0,0,0,0,0,66,14,1,2,493,22,1,22.40909090909091,10,0.2727272727272727,28,0,0,0,1,0,1,0,0,0,0,0,1,0,0,0,0,0,1
1969,56242.0,0,1,72,689,8,167,11,8,88,5,8,4,11,6,0,0,0,0,0,0,0,57,13,1,3,971,28,0,34.67857142857143,14,0.17857142857142858,34,0,0,0,1,0,0,1,0,0,0,0,1,0,0,0,0,0,1
1960,48904.0,0,1,1,283,10,38,0,13,27,4,7,2,4,8,0,0,0,0,0,0,0,66,14,1,2,371,17,0,21.823529411764707,15,0.23529411764705882,25,0,1,0,0,0,0,0,1,0,0,0,0,1,0,0,0,0,1
1975,56243.0,1,2,26,347,0,35,4,3,7,6,4,2,8,5,0,0,0,0,0,0,0,51,13,3,4,396,20,0,19.8,9,0.3,25,0,1,0,0,0,0,0,1,0,0,0,1,0,0,0,0,0,1
1985,21355.0,1,0,5,5,13,14,0,5,31,2,2,1,2,6,1,0,0,0,0,0,1,41,13,1,3,68,7,2,9.714285714285714,8,0.2857142857142857,13,0,1,0,0,0,0,1,0,0,0,0,0,1,0,1,0,0,0
1971,57420.0,0,1,22,280,0,18,0,0,24,3,5,1,6,7,0,1,0,0,0,0,0,55,13,1,3,322,15,1,21.466666666666665,12,0.2,22,0,0,1,0,0,0,0,0,1,0,0,1,0,0,0,0,0,1
1970,,0,1,39,187,5,65,26,20,14,2,4,2,6,5,0,0,0,0,0,0,0,56,13,1,3,317,14,0,22.642857142857142,9,0.14285714285714285,19,0,0,1,0,0,0,0,0,1,0,0,1,0,0,0,0,0,1
1955,46390.0,0,1,56,95,14,64,2,9,38,1,4,2,3,7,0,0,0,0,0,0,0,71,12,1,2,222,10,0,22.2,11,0.1,17,0,0,1,0,0,1,0,0,0,0,0,0,1,0,0,0,0,1
1956,54342.0,1,1,74,84,10,34,11,10,28,4,3,1,4,6,0,0,0,0,0,0,0,70,13,2,4,177,12,0,14.75,9,0.3333333333333333,18,0,0,0,0,0,0,0,0,1,0,0,1,0,0,0,0,0,1
1958,,1,1,87,19,4,12,2,2,6,1,1,0,3,5,0,0,0,0,0,0,0,68,14,2,4,45,5,0,9.0,6,0.2,10,0,1,0,0,0,0,0,0,1,0,0,1,0,0,0,0,0,1
1964,,1,1,49,5,1,9,2,0,4,1,1,0,2,7,0,0,0,0,0,0,0,62,12,2,3,21,4,0,5.25,8,0.25,11,0,0,0,0,0,0,0,1,0,0,0,1,0,0,0,1,0,0
1973,20895.0,1,0,24,18,3,17,3,0,4,1,2,0,3,9,0,0,0,0,0,0,0,53,14,1,3,45,6,0,7.5,11,0.16666666666666666,15,0,1,0,0,0,0,1,0,0,0,0,1,0,0,0,0,0,1
1948,92344.0,0,0,9,992,24,694,51,19,119,0,5,10,5,1,1,0,1,0,0,0,0,78,12,0,2,1899,20,2,94.95,6,0.0,21,0,1,0,0,0,0,1,0,0,0,0,0,0,0,0,0,0,1
1972,,1,0,17,25,1,13,0,0,3,1,1,0,3,7,0,0,0,0,0,0,0,54,12,1,3,42,5,0,8.4,8,0.2,12,0,0,0,1,0,0,0,0,1,0,0,1,0,0,0,0,0,1
1976,26907.0,1,1,10,9,1,7,0,3,2,2,1,0,3,7,0,0,0,0,0,0,0,50,13,2,4,22,6,0,3.6666666666666665,8,0.3333333333333333,13,0,0,0,0,0,0,0,0,1,0,0,1,0,0,0,0,0,1
1980,44964.0,1,1,35,19,1,17,2,0,2,1,1,0,3,8,0,0,0,0,0,0,0,46,14,2,4,41,5,0,8.2,9,0.2,13,0,1,0,0,0,0,0,0,1,0,0,1,0,0,0,0,0,1
1979,75507.0,0,0,56,709,93,374,104,80,80,1,8,6,6,3,0,0,0,0,0,0,0,47,12,0,2,1440,21,0,68.57142857142857,11,0.047619047619047616,24,0,1,0,0,0,0,0,0,1,0,0,0,1,0,0,0,0,1
1972,53761.0,1,1,7,158,0,76,13,7,71,6,4,4,3,5,0,0,0,0,0,0,0,54,13,2,4,325,17,0,19.11764705882353,9,0.35294117647058826,22,0,0,1,0,0,0,1,0,0,0,0,0,1,0,0,0,0,1
1973,22682.0,1,0,51,10,14,29,4,2,36,3,2,1,4,4,0,0,0,0,0,0,0,53,13,1,3,95,10,0,9.5,6,0.3,14,0,1,0,0,0,0,0,0,1,0,0,1,0,0,1,0,0,0
1972,38887.0,1,0,17,25,1,13,0,0,3,1,1,0,3,7,0,0,0,0,0,0,0,54,12,1,3,42,5,0,8.4,8,0.2,12,0,0,0,1,0,0,0,0,1,0,0,1,0,0,0,0,0,1
1975,41658.0,1,1,30,8,4,12,15,4,29,2,1,1,2,4,0,0,0,0,0,0,0,51,14,2,3,72,6,0,12.0,5,0.3333333333333333,10,0,0,0,0,0,0,0,1,0,0,0,1,0,0,1,0,0,0
1972,29791.0,1,0,21,14,0,6,0,0,0,2,2,0,3,5,0,0,0,0,0,0,0,54,12,1,3,20,7,0,2.857142857142857,7,0.2857142857142857,12,0,0,0,1,0,0,1,0,0,0,0,1,0,0,0,0,0,1
1956,63915.0,0,2,2,622,7,115,30,0,15,2,6,3,12,5,0,0,0,0,0,0,0,70,13,2,4,789,23,0,34.30434782608695,11,0.08695652173913043,28,0,0,1,0,0,0,1,0,0,0,0,1,0,0,0,0,0,1
1974,39996.0,1,1,85,11,0,3,0,0,1,1,1,0,2,6,0,0,0,0,0,0,0,52,12,2,3,15,4,0,3.75,7,0.25,10,0,1,0,0,0,1,0,0,0,0,0,1,0,0,0,0,0,1
1972,26759.0,1,0,65,25,3,16,8,5,2,2,2,1,3,6,0,0,0,0,0,0,0,54,12,1,2,59,8,0,7.375,8,0.25,14,0,1,0,0,0,1,0,0,0,0,0,1,0,0,0,0,0,1
1968,63841.0,0,1,64,635,15,100,20,7,131,1,9,3,9,6,0,0,0,0,0,0,0,58,13,1,2,908,22,0,41.27272727272727,15,0.045454545454545456,28,0,0,1,0,0,1,0,0,0,0,0,0,1,0,0,0,0,1
1969,51039.0,1,1,11,100,64,79,65,0,109,2,6,2,4,7,0,0,0,0,0,0,0,57,14,2,4,417,14,0,29.785714285714285,13,0.14285714285714285,21,0,0,0,1,0,0,1,0,0,0,0,0,1,0,1,0,0,0
1961,60544.0,1,1,92,201,2,43,3,5,35,4,5,1,5,6,0,0,0,0,0,0,0,65,14,2,4,289,15,0,19.266666666666666,11,0.26666666666666666,21,0,1,0,0,0,0,1,0,0,0,0,0,1,0,0,0,0,1
1972,65685.0,0,1,54,642,14,49,0,7,57,1,9,2,9,5,0,0,0,0,0,0,0,54,12,1,3,769,21,0,36.61904761904762,14,0.047619047619047616,26,0,1,0,0,0,0,1,0,0,0,0,0,1,0,0,0,0,1
1953,37716.0,0,1,4,97,1,41,6,2,41,2,4,1,3,7,0,0,0,0,0,0,0,73,12,1,3,188,10,0,18.8,11,0.2,17,0,1,0,0,0,0,1,0,0,0,0,0,1,0,0,0,0,1
1957,36864.0,0,1,53,204,5,39,17,0,89,3,5,2,4,8,0,0,0,0,0,0,1,69,14,1,2,354,14,1,25.285714285714285,13,0.21428571428571427,22,0,1,0,0,0,0,0,1,0,0,0,0,1,0,0,0,0,1
1970,44511.0,1,0,39,513,7,133,46,14,14,6,8,4,8,8,0,0,0,0,0,0,0,56,14,1,3,727,26,0,27.96153846153846,16,0.23076923076923078,34,0,0,1,0,0,0,1,0,0,0,0,0,1,0,0,0,0,1
1967,36947.0,1,1,49,88,3,21,4,1,29,4,3,0,4,9,0,0,0,0,0,0,0,59,14,2,4,146,11,0,13.272727272727273,12,0.36363636363636365,20,0,0,0,1,0,0,1,0,0,0,0,1,0,0,0,0,0,1
1951,47352.0,0,1,70,172,12,112,8,0,15,4,6,1,5,7,0,0,0,0,0,0,0,75,13,1,3,319,16,0,19.9375,13,0.25,23,0,0,1,0,0,0,0,0,1,0,0,0,1,0,0,0,0,1
1953,67087.0,0,1,40,329,35,222,130,35,43,2,7,5,8,4,0,0,0,0,0,0,0,73,13,1,3,794,22,0,36.09090909090909,11,0.09090909090909091,26,0,0,1,0,0,0,1,0,0,0,0,1,0,0,0,0,0,1
1950,57045.0,0,1,40,296,13,104,11,13,17,3,4,2,9,3,0,0,0,0,0,0,0,76,14,1,3,454,18,0,25.22222222222222,7,0.16666666666666666,21,0,1,0,0,0,0,1,0,0,0,0,1,0,0,0,0,0,1
1953,36957.0,1,1,43,100,2,16,2,1,31,4,3,2,2,9,0,0,0,0,0,0,1,73,14,2,3,152,11,1,13.818181818181818,12,0.36363636363636365,20,0,0,0,1,0,1,0,0,0,0,0,0,1,0,0,0,0,1
1977,69389.0,0,1,17,422,7,238,69,46,15,1,7,2,12,4,0,0,0,0,0,0,0,49,14,1,3,797,22,0,36.22727272727273,11,0.045454545454545456,26,0,0,0,1,0,0,1,0,0,0,0,1,0,0,0,0,0,1
1972,80134.0,1,0,40,1218,16,272,104,0,80,2,5,3,6,6,0,1,1,1,0,0,1,54,13,1,3,1690,16,4,105.625,11,0.125,22,0,1,0,0,0,0,1,0,0,0,0,1,0,0,0,0,0,1
1969,43142.0,1,1,84,5,1,7,2,1,4,1,1,0,2,7,0,0,0,0,0,0,0,57,12,2,4,20,4,0,5.0,8,0.25,11,0,0,1,0,0,0,1,0,0,0,0,1,0,0,0,1,0,0
1944,80589.0,0,0,25,507,93,520,242,40,26,1,5,10,5,1,0,0,0,1,0,0,1,82,12,0,2,1428,21,2,68.0,6,0.047619047619047616,22,0,1,0,0,0,0,1,0,0,0,0,0,0,0,0,1,0,0
1990,34412.0,1,0,62,52,12,50,4,36,55,3,5,0,3,9,0,0,0,0,0,0,0,36,13,1,2,209,11,0,19.0,14,0.2727272727272727,20,0,1,0,0,0,0,0,1,0,0,0,0,1,0,1,0,0,0
1979,57537.0,1,0,83,191,56,139,51,8,100,4,4,3,8,4,0,0,0,0,0,0,0,47,13,1,2,545,19,0,28.68421052631579,8,0.21052631578947367,23,0,1,0,0,0,0,0,1,0,0,0,1,0,0,0,0,0,1
1966,22634.0,0,0,47,2,23,11,8,6,46,1,2,1,2,8,0,0,0,0,0,0,0,60,13,0,2,96,6,0,16.0,10,0.16666666666666666,14,1,0,0,0,0,0,0,0,1,0,0,0,1,0,1,0,0,0
1948,51315.0,0,0,45,68,28,39,16,30,41,1,2,2,5,2,0,0,0,0,0,0,0,78,12,0,2,222,10,0,22.2,4,0.1,12,0,1,0,0,0,0,0,0,1,0,0,1,0,0,0,0,0,1
1972,36026.0,2,1,34,20,4,10,6,4,17,2,2,0,3,6,0,0,0,0,0,0,0,54,12,3,5,61,7,0,8.714285714285714,8,0.2857142857142857,13,0,1,0,0,0,0,1,0,0,0,0,1,0,0,0,0,0,1
1973,24639.0,1,1,3,20,3,16,0,4,1,3,2,0,4,6,0,0,0,0,0,0,0,53,12,2,4,44,9,0,4.888888888888889,8,0.3333333333333333,15,0,1,0,0,0,0,1,0,0,0,0,1,0,0,0,0,0,1
1972,34578.0,2,1,1,7,0,1,0,0,0,1,1,0,2,6,0,0,0,0,0,0,0,54,12,3,5,8,4,0,2.0,7,0.25,10,0,0,0,1,0,0,0,0,1,0,0,1,0,0,0,0,0,1
1972,65704.0,0,0,18,279,172,74,38,8,246,1,2,10,10,1,0,0,0,0,0,0,0,54,13,0,1,817,23,0,35.52173913043478,3,0.043478260869565216,24,0,0,0,0,0,0,0,1,0,0,0,0,0,0,0,0,0,1
1966,63810.0,0,1,45,977,12,253,16,12,101,4,4,3,12,8,0,1,0,0,0,0,0,60,14,1,2,1371,23,1,59.608695652173914,12,0.17391304347826086,31,0,1,0,0,0,0,0,1,0,0,0,1,0,0,0,0,0,1
1969,54132.0,0,1,81,30,1,8,0,0,3,1,1,0,3,7,0,0,0,0,0,0,0,57,12,1,3,42,5,0,8.4,8,0.2,12,0,0,0,1,0,0,0,0,1,0,0,1,0,0,0,0,0,1
1959,18690.0,0,0,77,6,1,7,23,4,19,1,1,1,2,8,0,0,0,0,0,0,0,67,14,0,2,60,5,0,12.0,9,0.2,13,0,1,0,0,0,0,1,0,0,0,0,1,0,0,0,0,0,0
1970,28164.0,1,0,23,3,18,26,11,8,12,3,2,0,4,7,0,0,0,0,0,0,0,56,13,1,3,78,9,0,8.666666666666666,9,0.3333333333333333,16,0,1,0,0,0,0,1,0,0,0,0,1,0,0,0,1,0,0
1974,34596.0,1,0,48,14,0,2,0,0,7,1,1,0,2,8,0,0,0,0,0,0,0,52,13,1,3,23,4,0,5.75,9,0.25,12,0,0,0,1,0,0,1,0,0,0,0,1,0,0,0,0,0,1
1972,43269.0,1,0,61,10,1,7,0,0,1,1,1,0,2,8,0,0,0,0,0,0,0,54,13,1,3,19,4,0,4.75,9,0.25,12,0,0,0,1,0,0,1,0,0,0,0,1,0,0,0,0,0,1
1958,38741.0,1,1,60,7,10,17,8,6,13,2,2,0,3,7,0,0,0,0,0,0,0,68,12,2,3,61,7,0,8.714285714285714,9,0.2857142857142857,14,0,0,0,0,0,0,0,1,0,0,0,1,0,0,0,1,0,0
1972,31907.0,0,0,75,33,87,64,175,16,74,1,6,1,6,7,0,0,0,0,0,0,0,54,13,0,1,449,14,0,32.07142857142857,13,0.07142857142857142,21,0,1,0,0,0,0,0,1,0,0,0,0,1,0,0,0,0,0
1983,27100.0,1,0,64,12,0,13,2,0,10,1,1,0,3,7,0,0,0,0,0,0,0,43,13,1,3,37,5,0,7.4,8,0.2,12,0,0,1,0,0,0,1,0,0,0,0,1,0,0,0,1,0,0
1973,31163.0,1,0,54,2,3,10,11,2,10,1,1,0,3,6,0,0,0,0,0,0,0,53,12,1,2,38,5,0,7.6,7,0.2,11,0,0,0,0,0,1,0,0,0,0,0,1,0,0,0,0,0,0
1985,92533.0,0,0,84,693,21,118,110,147,42,1,6,5,11,2,0,0,1,1,0,0,0,41,13,0,2,1131,23,2,49.17391304347826,8,0.043478260869565216,25,0,1,0,0,0,0,1,0,0,0,0,1,0,0,0,0,0,1
1973,34853.0,1,1,75,9,3,15,2,3,2,2,2,0,3,6,0,0,0,0,0,0,0,53,13,2,3,34,7,0,4.857142857142857,8,0.2857142857142857,13,0,1,0,0,0,0,0,1,0,0,0,1,0,0,0,1,0,0
1967,70844.0,1,1,16,129,26,67,3,67,2,5,6,1,5,7,0,0,0,0,0,0,0,59,13,2,3,294,17,0,17.294117647058822,13,0.29411764705882354,24,0,1,0,0,0,1,0,0,0,0,0,0,1,0,0,0,0,1
1979,31086.0,1,1,79,16,2,11,3,0,16,2,1,1,2,8,1,0,0,0,0,0,0,47,13,2,4,48,6,1,8.0,9,0.3333333333333333,14,0,0,0,0,0,0,1,0,0,0,0,1,0,0,0,0,0,1
1961,60544.0,1,1,92,201,2,43,3,5,35,4,5,1,5,6,0,0,0,0,0,0,0,65,14,2,4,289,15,0,19.266666666666666,11,0.26666666666666666,21,0,1,0,0,0,0,1,0,0,0,0,0,1,0,0,0,0,1
1986,20491.0,0,0,16,5,4,5,4,2,10,1,0,1,2,7,0,0,0,0,0,0,0,40,13,0,2,30,4,0,7.5,7,0.25,11,0,0,0,0,0,0,0,0,1,0,0,1,0,0,1,0,0,0
1964,42523.0,0,0,96,14,36,11,3,26,35,1,1,1,4,2,0,0,0,0,0,0,0,62,12,0,2,125,7,0,17.857142857142858,3,0.14285714285714285,9,0,1,0,0,0,0,1,0,0,0,0,1,0,1,0,0,0,0
1983,39922.0,1,0,30,29,12,59,19,1,36,2,3,0,4,8,0,0,0,0,0,0,0,43,13,1,3,156,9,0,17.333333333333332,11,0.2222222222222222,17,0,1,0,0,0,0,1,0,0,0,0,1,0,0,0,1,0,0
1952,33402.0,1,1,60,26,2,19,10,5,8,3,2,1,3,8,0,0,0,0,0,0,0,74,13,2,4,70,9,0,7.777777777777778,10,0.3333333333333333,17,0,1,0,0,0,0,0,0,1,0,0,1,0,0,0,0,0,1
1949,36408.0,1,1,11,9,1,4,3,2,3,1,1,0,2,6,0,0,0,0,0,0,0,77,13,2,4,22,4,0,5.5,7,0.25,10,0,0,1,0,0,0,1,0,0,0,0,1,0,0,0,0,0,1
1979,21645.0,1,0,75,14,0,23,4,5,19,3,3,0,3,9,0,0,0,0,0,0,1,47,14,1,3,65,9,1,7.222222222222222,12,0.3333333333333333,18,0,1,0,0,0,0,0,0,1,0,0,0,1,0,0,1,0,0
1948,78427.0,0,0,36,972,19,595,180,26,138,3,3,7,10,3,0,0,0,1,0,0,1,78,14,0,1,1930,23,2,83.91304347826087,6,0.13043478260869565,26,0,0,1,0,0,0,0,0,0,1,0,1,0,0,0,0,0,1
1946,82657.0,0,0,71,966,168,672,246,105,126,1,7,5,10,4,0,1,0,1,0,0,0,80,13,0,2,2283,23,2,99.26086956521739,11,0.043478260869565216,27,0,1,0,0,0,0,0,0,1,0,0,1,0,0,0,0,0,1
1958,51876.0,0,0,88,99,27,102,28,48,6,1,2,2,8,1,0,0,0,0,0,0,0,68,13,0,2,310,13,0,23.846153846153847,3,0.07692307692307693,14,0,1,0,0,0,0,1,0,0,0,0,1,0,0,0,1,0,0
1971,78041.0,0,0,93,482,35,553,72,160,17,1,4,4,9,2,0,0,0,0,0,0,0,55,14,0,2,1319,18,0,73.27777777777777,6,0.05555555555555555,20,0,0,0,0,0,0,1,0,0,0,0,1,0,0,0,1,0,0
1957,52852.0,0,1,93,714,8,99,11,0,47,4,10,7,5,8,1,0,0,0,0,0,0,69,14,1,3,879,26,1,33.80769230769231,18,0.15384615384615385,34,0,1,0,0,0,0,1,0,0,0,0,0,1,0,0,0,0,1
1982,70038.0,0,0,54,587,54,348,71,54,130,1,4,4,8,2,0,0,0,0,0,0,0,44,13,0,2,1244,17,0,73.17647058823529,6,0.058823529411764705,19,0,0,0,1,0,0,0,0,1,0,0,1,0,0,0,0,0,1
1973,69401.0,0,1,41,399,27,159,58,8,39,4,4,4,5,2,0,0,0,0,0,0,0,53,12,1,3,690,17,0,40.588235294117645,6,0.23529411764705882,19,0,0,0,0,0,0,0,0,1,0,0,1,0,0,0,0,0,1
1972,46053.0,1,0,46,56,10,92,19,7,25,3,3,2,4,5,0,0,0,0,0,0,0,54,13,1,3,209,12,0,17.416666666666668,8,0.25,17,0,1,0,0,0,0,0,0,1,0,0,1,0,0,0,1,0,0
1965,77343.0,0,0,28,227,151,573,98,54,31,1,3,4,9,1,0,0,0,0,0,0,0,61,12,0,2,1134,17,0,66.70588235294117,4,0.058823529411764705,18,0,1,0,0,0,0,1,0,0,0,0,1,0,0,0,1,0,0
1953,73892.0,0,0,40,703,102,601,0,58,43,1,3,11,8,1,0,0,0,0,0,0,1,73,13,0,1,1507,23,1,65.52173913043478,4,0.043478260869565216,24,0,1,0,0,0,0,0,1,0,0,0,0,0,0,0,0,0,1
1967,40304.0,1,0,82,37,0,17,0,0,3,1,2,0,3,7,0,0,0,0,0,0,0,59,13,1,2,57,6,0,9.5,9,0.16666666666666666,13,0,0,0,1,0,0,0,1,0,0,0,1,0,0,0,0,0,1
1965,32727.0,0,0,38,167,13,180,86,13,70,2,7,3,5,8,0,0,0,0,0,0,0,61,14,0,2,529,17,0,31.11764705882353,15,0.11764705882352941,25,0,0,0,1,0,0,0,0,1,0,0,0,1,0,0,1,0,0
1969,68695.0,0,0,3,458,81,356,106,50,40,1,4,4,7,2,0,0,0,0,0,0,0,57,12,0,2,1091,16,0,68.1875,6,0.0625,18,0,1,0,0,0,0,0,0,1,0,0,1,0,0,0,0,0,1
1971,43300.0,0,1,87,91,3,52,2,1,31,3,4,0,4,8,0,0,0,0,0,0,1,55,14,1,2,180,11,1,16.363636363636363,12,0.2727272727272727,19,0,1,0,0,0,1,0,0,0,0,0,0,1,0,0,0,0,1
1972,26290.0,1,1,49,15,8,16,11,5,22,4,2,0,4,6,0,0,0,0,0,0,0,54,13,2,4,77,10,0,7.7,8,0.4,16,0,1,0,0,0,0,0,0,1,0,0,1,0,0,1,0,0,0
1970,93790.0,0,0,16,1302,68,731,89,114,45,0,6,7,12,2,0,1,1,1,0,0,1,56,12,0,1,2349,25,4,93.96,8,0.0,27,0,1,0,0,0,0,0,1,0,0,0,1,0,0,0,0,0,1
1974,38410.0,0,0,65,153,64,123,116,64,14,2,5,2,9,6,0,0,0,0,0,0,1,52,14,0,2,534,18,1,29.666666666666668,11,0.1111111111111111,24,0,0,0,1,0,0,1,0,0,0,0,1,0,0,0,0,0,1
1950,64866.0,0,1,9,508,5,21,7,5,10,4,7,3,7,5,0,1,0,0,0,0,0,76,12,1,2,556,21,1,26.476190476190474,12,0.19047619047619047,26,0,0,1,0,0,0,0,0,0,1,0,0,1,0,0,0,0,1
1959,57957.0,0,1,24,290,59,177,77,5,29,7,4,6,8,3,0,0,0,0,0,1,0,67,13,1,3,637,25,0,25.48,7,0.28,28,0,1,0,0,0,0,0,0,1,0,0,1,0,0,0,0,0,1
1955,46015.0,1,1,25,38,0,2,0,0,6,1,1,0,3,7,1,0,0,0,1,0,0,71,12,2,4,46,5,2,9.2,8,0.2,12,0,0,0,1,0,0,0,0,1,0,0,1,0,0,0,0,0,1
1978,16531.0,1,0,43,2,13,6,7,5,11,3,3,0,3,7,0,0,0,0,0,0,0,48,12,1,3,44,9,0,4.888888888888889,10,0.3333333333333333,16,0,1,0,0,0,0,0,0,1,0,0,0,1,1,0,0,0,0
1986,28072.0,1,0,10,30,0,10,2,0,5,1,1,0,3,7,0,0,0,0,0,0,0,40,13,1,3,47,5,0,9.4,8,0.2,12,0,0,1,0,0,0,1,0,0,0,0,1,0,0,0,0,0,1
1963,49476.0,0,1,29,386,23,95,54,41,196,4,2,11,5,2,0,0,0,0,0,0,0,63,13,1,2,795,22,0,36.13636363636363,4,0.18181818181818182,24,0,0,1,0,0,1,0,0,0,0,0,0,0,0,0,0,0,1
1953,50725.0,0,1,45,443,10,75,0,10,48,4,8,1,8,8,0,0,0,0,0,0,0,73,13,1,3,586,21,0,27.904761904761905,16,0.19047619047619047,29,0,1,0,0,0,0,1,0,0,0,0,0,1,0,0,0,0,1
1952,83844.0,0,0,57,901,31,345,75,31,191,1,4,4,11,1,0,0,1,0,0,0,0,74,13,0,2,1574,20,1,78.7,5,0.05,21,0,1,0,0,0,0,0,0,1,0,0,1,0,0,0,0,0,1
1950,41145.0,1,1,20,9,0,3,0,0,1,1,0,0,3,3,0,0,0,0,0,0,0,76,12,2,4,13,4,0,3.25,3,0.25,7,0,0,0,1,0,0,1,0,0,0,0,1,0,0,0,0,0,1
1970,67419.0,0,1,29,846,84,352,91,56,42,4,9,4,8,5,0,0,0,0,0,0,0,56,13,1,3,1471,25,0,58.84,14,0.16,30,0,1,0,0,0,0,0,0,1,0,0,0,1,0,0,0,0,1
1970,23162.0,1,1,82,8,3,9,19,4,22,3,1,1,3,6,0,0,0,0,0,0,0,56,13,2,4,65,8,0,8.125,7,0.375,14,0,0,0,0,0,0,1,0,0,0,0,1,0,0,1,0,0,0
1977,34380.0,1,0,68,72,7,58,13,1,24,4,4,1,3,8,0,0,0,0,0,0,0,49,13,1,3,175,12,0,14.583333333333334,12,0.3333333333333333,20,0,1,0,0,0,0,1,0,0,0,0,0,1,0,0,0,0,1
1966,34704.0,0,1,65,29,0,5,0,1,5,1,1,0,3,5,0,0,0,0,0,0,0,60,13,1,2,40,5,0,8.0,6,0.2,10,0,1,0,0,0,0,0,1,0,0,0,1,0,0,0,0,0,1
1969,94871.0,0,2,99,169,24,553,188,0,144,1,8,5,4,7,0,1,1,0,0,0,1,57,14,2,4,1078,18,3,59.888888888888886,15,0.05555555555555555,25,0,0,0,1,0,0,1,0,0,0,0,0,1,0,0,1,0,0
1958,65148.0,0,1,9,460,35,422,33,12,153,2,6,6,7,4,0,0,0,0,0,0,0,68,14,1,3,1115,21,0,53.095238095238095,10,0.09523809523809523,25,0,1,0,0,0,0,1,0,0,0,0,1,0,0,0,0,0,1
1954,39898.0,0,1,20,69,8,26,12,7,12,2,3,0,4,7,0,0,0,0,0,0,0,72,13,1,3,134,9,0,14.88888888888889,10,0.2222222222222222,16,0,1,0,0,0,0,0,0,1,0,0,1,0,0,0,0,0,1
1956,64857.0,0,0,78,556,14,717,210,0,43,1,7,5,10,4,0,0,0,0,0,0,0,70,14,0,1,1540,23,0,66.95652173913044,11,0.043478260869565216,27,0,0,1,0,0,0,0,1,0,0,0,1,0,0,0,1,0,0
1970,59892.0,0,1,26,73,0,13,0,1,0,1,2,1,3,3,0,0,0,0,0,0,0,56,13,1,3,87,7,0,12.428571428571429,5,0.14285714285714285,10,0,0,0,1,0,0,1,0,0,0,0,1,0,0,0,0,0,1
1987,41020.0,0,0,68,112,1,54,7,7,36,1,3,2,4,3,0,0,0,0,0,0,0,39,13,0,1,217,10,0,21.7,6,0.1,13,0,0,1,0,0,0,0,1,0,0,0,1,0,0,0,0,0,1
1961,57072.0,0,1,79,944,0,60,0,0,30,2,7,5,13,5,1,0,0,0,0,0,0,65,12,1,3,1034,27,1,38.2962962962963,12,0.07407407407407407,32,0,0,0,1,0,0,1,0,0,0,0,1,0,0,0,0,0,1
1979,60474.0,0,1,25,265,199,303,234,9,170,7,10,2,12,7,0,0,0,0,0,0,0,47,13,1,2,1180,31,0,38.064516129032256,17,0.22580645161290322,38,0,1,0,0,0,0,0,1,0,0,0,1,0,0,0,1,0,0
1960,62807.0,0,1,83,526,28,135,10,21,99,3,5,3,12,5,0,0,0,0,0,0,0,66,14,1,3,819,23,0,35.608695652173914,10,0.13043478260869565,28,0,1,0,0,0,0,0,0,1,0,0,1,0,0,0,0,0,1
1981,19414.0,1,0,32,2,3,12,3,5,7,1,1,0,3,8,0,0,0,0,0,0,0,45,13,1,3,32,5,0,6.4,9,0.2,13,0,0,0,0,0,0,0,0,1,0,0,1,0,0,0,1,0,0
1980,19107.0,1,0,49,2,4,9,10,5,16,2,1,0,3,7,0,0,0,0,0,0,0,46,13,1,3,46,6,0,7.666666666666667,8,0.3333333333333333,13,0,1,0,0,0,0,1,0,0,0,0,1,0,0,1,0,0,0
1976,75484.0,0,1,50,378,97,259,197,194,34,2,7,3,6,4,0,0,0,0,0,0,0,50,14,1,3,1159,18,0,64.38888888888889,11,0.1111111111111111,22,0,0,0,0,0,0,0,0,1,0,0,0,1,0,0,0,0,1
1976,70379.0,0,1,84,553,25,142,65,67,8,3,6,3,13,4,0,0,0,0,0,0,0,50,13,1,2,860,25,0,34.4,10,0.12,29,0,0,1,0,0,0,0,1,0,0,0,1,0,0,0,0,0,1
1970,79419.0,0,0,96,751,127,687,20,15,31,1,4,6,4,2,0,0,0,0,0,0,0,56,12,0,2,1631,15,0,108.73333333333333,6,0.06666666666666667,17,0,0,1,0,0,0,0,0,1,0,0,0,0,0,0,0,0,1
1946,64014.0,2,1,56,406,0,30,0,0,8,7,8,2,5,7,0,0,0,1,0,0,0,80,12,3,5,444,22,1,20.181818181818183,15,0.3181818181818182,29,0,0,0,1,0,0,0,0,1,0,0,0,1,0,0,0,0,1
1955,76998.0,0,1,85,1449,89,161,69,35,107,2,11,8,8,6,0,0,1,0,0,0,0,71,13,1,3,1910,29,1,65.86206896551724,17,0.06896551724137931,35,0,1,0,0,0,0,1,0,0,0,0,0,1,0,0,0,0,1
1972,49854.0,1,0,63,123,17,171,39,0,30,5,6,2,5,6,0,0,0,0,0,0,0,54,13,1,3,380,18,0,21.11111111111111,12,0.2777777777777778,24,0,0,1,0,0,0,0,0,1,0,0,0,1,0,0,1,0,0
1971,60585.0,1,1,17,267,42,309,55,42,21,10,7,4,9,5,0,0,0,0,0,0,1,55,13,2,4,736,30,1,24.533333333333335,12,0.3333333333333333,35,0,0,0,1,0,0,1,0,0,0,0,1,0,0,0,1,0,0
1950,42873.0,1,1,11,209,0,40,3,2,15,4,6,1,4,8,0,0,0,0,0,0,0,76,13,2,3,269,15,0,17.933333333333334,14,0.26666666666666666,23,0,0,0,1,0,1,0,0,0,0,0,0,1,0,0,0,0,1
1988,87679.0,0,0,62,1259,172,815,97,148,33,1,7,11,10,4,1,0,1,1,0,0,1,38,13,0,2,2524,29,4,87.03448275862068,11,0.034482758620689655,33,0,1,0,0,0,0,0,0,1,0,0,0,0,0,0,0,0,1
1978,57867.0,1,0,48,344,35,178,15,23,17,7,7,2,9,6,0,0,0,0,0,0,0,48,13,1,3,612,25,0,24.48,13,0.28,31,0,1,0,0,0,0,0,0,1,0,0,1,0,0,0,0,0,1
1990,35765.0,1,0,86,22,3,30,0,5,15,2,2,0,4,6,0,0,0,0,0,0,0,36,13,1,3,75,8,0,9.375,8,0.25,14,0,1,0,0,0,0,1,0,0,0,0,1,0,0,0,1,0,0
1959,65492.0,0,0,73,247,161,295,210,85,47,2,4,7,13,2,0,0,0,0,0,0,0,67,12,0,2,1045,26,0,40.19230769230769,6,0.07692307692307693,28,0,1,0,0,0,0,1,0,0,0,0,1,0,0,0,1,0,0
1977,32952.0,1,0,36,38,0,12,3,1,1,1,2,0,3,7,0,0,0,0,0,0,0,49,13,1,2,55,6,0,9.166666666666666,9,0.16666666666666666,13,0,1,0,0,0,1,0,0,0,0,0,1,0,0,0,0,0,1
1969,53374.0,0,1,34,896,10,101,13,10,34,6,4,2,9,9,1,0,0,0,0,0,1,57,14,1,3,1064,21,2,50.666666666666664,13,0.2857142857142857,30,0,0,0,1,0,0,0,0,1,0,0,1,0,0,0,0,0,1
1959,71706.0,0,1,16,931,56,253,91,98,14,4,9,5,7,5,0,0,0,0,0,0,0,67,14,1,3,1443,25,0,57.72,14,0.16,30,0,1,0,0,0,0,0,0,1,0,0,0,1,0,0,0,0,1
1988,68487.0,0,0,48,758,12,385,33,89,89,1,9,7,13,4,0,0,0,0,0,0,0,38,13,0,2,1366,30,0,45.53333333333333,13,0.03333333333333333,34,0,1,0,0,0,0,1,0,0,0,0,1,0,0,0,0,0,1
1975,53253.0,1,1,61,216,9,57,20,9,125,7,4,3,5,5,0,0,0,0,0,0,0,51,13,2,4,436,19,0,22.94736842105263,9,0.3684210526315789,24,0,0,1,0,0,0,0,0,1,0,0,1,0,0,0,0,0,1
1973,31163.0,1,0,54,2,3,10,11,2,10,1,1,0,3,6,0,0,0,0,0,0,0,53,12,1,2,38,5,0,7.6,7,0.2,11,0,0,0,0,0,1,0,0,0,0,0,1,0,0,0,0,0,0
1977,42014.0,1,0,56,244,15,108,4,15,50,6,7,1,6,8,0,0,0,0,0,0,1,49,14,1,3,436,20,1,21.8,15,0.3,28,0,1,0,0,0,0,1,0,0,0,0,0,1,0,0,0,0,1
1973,54108.0,1,1,74,539,6,91,8,6,97,13,8,2,9,8,0,0,0,0,0,0,0,53,14,2,4,747,32,0,23.34375,16,0.40625,40,0,0,1,0,0,0,1,0,0,0,0,1,0,0,0,0,0,1
1955,49667.0,0,0,35,1181,26,120,17,13,39,2,5,10,5,8,1,0,0,0,0,0,1,71,14,0,1,1396,22,2,63.45454545454545,13,0.09090909090909091,30,0,0,0,1,0,0,0,1,0,0,0,0,0,0,0,0,0,1
1974,63206.0,0,0,65,750,8,125,11,8,26,1,4,3,6,2,0,0,1,0,0,0,0,52,12,0,2,928,14,1,66.28571428571429,6,0.07142857142857142,16,0,0,1,0,0,0,1,0,0,0,0,1,0,0,0,0,0,1
1972,57136.0,1,1,48,306,5,109,21,109,92,9,5,2,10,6,0,0,0,0,0,0,0,54,13,2,4,642,26,0,24.692307692307693,11,0.34615384615384615,32,0,0,1,0,0,0,1,0,0,0,0,1,0,0,0,0,0,1
1975,46772.0,0,1,88,350,104,189,197,151,57,6,11,8,5,8,1,0,0,0,0,0,0,51,14,1,3,1048,30,1,34.93333333333333,19,0.2,38,0,0,0,0,0,0,0,0,1,0,0,0,1,0,0,0,0,1
1971,78931.0,0,0,19,331,197,170,58,152,35,1,2,8,13,1,0,0,0,0,0,0,0,55,13,0,2,943,24,0,39.291666666666664,3,0.041666666666666664,25,0,0,0,1,0,0,1,0,0,0,0,1,0,0,0,0,0,1
1958,53977.0,0,1,21,620,16,165,0,24,82,5,5,5,12,5,0,0,0,0,0,0,0,68,13,1,3,907,27,0,33.592592592592595,10,0.18518518518518517,32,0,1,0,0,0,0,0,0,1,0,0,1,0,0,0,0,0,1
1988,84219.0,0,0,27,434,137,400,45,137,45,1,3,4,10,1,0,0,0,0,0,0,0,38,12,0,2,1198,18,0,66.55555555555556,4,0.05555555555555555,19,0,1,0,0,0,0,1,0,0,0,0,1,0,0,0,0,0,1
1975,46098.0,1,1,86,57,0,27,0,0,36,4,3,2,2,8,0,0,0,0,0,0,0,51,14,2,3,120,11,0,10.909090909090908,11,0.36363636363636365,19,0,0,1,0,0,0,0,1,0,0,0,0,1,0,0,0,0,1
1965,73538.0,0,1,92,811,76,428,99,137,107,3,10,4,9,7,0,0,0,0,0,0,0,61,14,1,3,1658,26,0,63.76923076923077,17,0.11538461538461539,33,0,1,0,0,0,0,1,0,0,0,0,0,1,0,0,0,0,1
1986,79529.0,0,0,1,423,42,706,73,197,197,1,4,8,9,2,0,0,0,0,0,0,0,40,12,0,2,1638,22,0,74.45454545454545,6,0.045454545454545456,24,0,1,0,0,0,0,1,0,0,0,0,1,0,0,0,1,0,0
1977,20981.0,0,0,14,2,12,10,6,13,30,1,3,1,2,8,0,0,0,0,0,0,1,49,13,0,2,73,7,1,10.428571428571429,11,0.14285714285714285,15,0,0,0,0,0,0,0,0,1,0,0,0,1,0,1,0,0,0
1980,51766.0,1,0,74,60,51,87,6,20,51,2,4,2,4,5,0,0,0,0,0,0,0,46,12,1,2,275,12,0,22.916666666666668,9,0.16666666666666666,17,0,1,0,0,0,0,0,1,0,0,0,0,1,0,0,1,0,0
1962,55759.0,0,1,84,675,0,85,10,7,77,5,10,3,8,8,0,0,0,0,0,0,0,64,14,1,3,854,26,0,32.84615384615385,18,0.19230769230769232,34,0,1,0,0,0,0,1,0,0,0,0,0,1,0,0,0,0,1
1978,33039.0,1,0,4,30,8,12,8,8,12,1,2,0,4,5,0,0,0,0,0,0,0,48,13,1,3,78,7,0,11.142857142857142,7,0.14285714285714285,12,0,1,0,0,0,0,1,0,0,0,0,1,0,0,0,0,0,1
1972,37787.0,1,0,50,40,1,40,4,3,18,1,3,0,3,8,0,0,0,0,0,0,0,54,13,1,3,106,7,0,15.142857142857142,11,0.14285714285714285,15,0,0,1,0,0,0,1,0,0,0,0,0,1,0,0,0,0,1
1970,27242.0,1,0,2,3,17,26,20,1,39,2,2,0,3,9,0,0,0,0,0,0,1,56,14,1,2,106,7,1,15.142857142857142,11,0.2857142857142857,16,0,1,0,0,0,0,0,1,0,0,0,1,0,0,1,0,0,0
1983,87188.0,0,0,73,910,111,724,49,74,55,1,10,2,6,3,0,0,0,0,0,0,1,43,13,0,1,1923,19,1,101.21052631578948,13,0.05263157894736842,22,0,0,0,1,0,0,0,1,0,0,0,0,1,0,0,0,0,1
1971,69930.0,0,0,21,252,98,827,219,70,196,1,4,5,12,3,0,0,0,0,0,0,0,55,13,0,2,1662,22,0,75.54545454545455,7,0.045454545454545456,25,0,1,0,0,0,0,0,0,1,0,0,1,0,0,0,1,0,0
1976,37697.0,1,0,82,34,6,21,11,4,8,1,2,1,3,6,0,0,0,0,0,0,0,50,12,1,2,84,7,0,12.0,8,0.14285714285714285,13,0,1,0,0,0,0,0,1,0,0,0,1,0,0,0,0,0,1
1973,37401.0,1,0,14,19,3,19,3,1,3,2,2,0,3,7,0,0,0,0,0,0,0,53,12,1,3,48,7,0,6.857142857142857,9,0.2857142857142857,14,0,0,0,1,0,0,1,0,0,0,0,1,0,0,0,0,0,1
1973,3502.0,1,0,56,2,1,1,0,0,1,0,0,0,0,14,0,0,0,0,0,0,0,53,13,1,2,5,0,0,0.0,14,0.0,14,0,1,0,0,0,0,0,1,0,0,0,0,1,0,0,0,0,1
1976,58597.0,1,1,20,490,0,184,10,28,21,12,7,4,9,7,0,0,0,0,0,0,0,50,14,2,4,733,32,0,22.90625,14,0.375,39,0,1,0,0,0,0,1,0,0,0,0,1,0,0,0,0,0,1
1948,82032.0,0,0,54,332,194,377,149,125,57,0,4,6,7,1,0,0,0,0,0,0,0,78,12,0,1,1234,17,0,72.58823529411765,5,0.0,18,0,0,0,1,0,0,0,0,0,1,0,1,0,0,0,1,0,0
1958,28087.0,1,1,77,53,8,17,13,0,21,3,2,2,2,7,0,0,0,0,0,0,0,68,14,2,4,112,9,0,12.444444444444445,9,0.3333333333333333,16,0,1,0,0,0,0,0,0,1,0,0,0,1,0,0,0,0,1
1987,74004.0,0,0,5,784,48,560,42,176,48,1,4,6,4,3,0,0,1,1,0,0,1,39,12,0,1,1658,15,3,110.53333333333333,7,0.06666666666666667,18,0,0,0,1,0,0,0,1,0,0,0,0,0,0,0,0,0,1
1960,19740.0,0,1,65,7,11,3,10,4,20,2,1,1,3,5,0,0,0,0,0,0,0,66,13,1,3,55,7,0,7.857142857142857,6,0.2857142857142857,12,0,1,0,0,0,0,0,0,1,0,0,1,0,0,1,0,0,0
1975,57036.0,0,1,33,1171,43,219,19,14,47,4,6,3,13,9,1,0,0,0,0,0,0,51,14,1,3,1513,26,1,58.19230769230769,15,0.15384615384615385,35,0,0,0,0,0,0,1,0,0,0,0,1,0,0,0,0,0,1
1958,53083.0,1,1,65,215,7,33,3,0,13,6,5,1,5,7,0,1,0,0,0,0,0,68,13,2,4,271,17,1,15.941176470588236,12,0.35294117647058826,24,0,0,0,0,0,0,0,0,1,0,0,0,1,0,0,0,0,1
1975,69283.0,0,1,41,674,62,134,0,26,8,4,7,3,13,5,0,0,0,0,0,0,0,51,12,1,3,904,27,0,33.48148148148148,12,0.14814814814814814,32,0,0,0,1,0,0,1,0,0,0,0,1,0,0,0,0,0,1
1975,46098.0,1,1,86,57,0,27,0,0,36,4,3,2,2,8,0,0,0,0,0,0,1,51,14,2,3,120,11,1,10.909090909090908,11,0.36363636363636365,19,0,0,1,0,0,0,0,1,0,0,0,0,1,0,0,0,0,1
1988,23331.0,1,0,92,5,36,7,0,10,45,2,3,0,3,8,0,0,0,0,0,0,0,38,14,1,3,103,8,0,12.875,11,0.25,16,0,0,0,0,0,0,1,0,0,0,0,0,1,0,1,0,0,0
1988,23331.0,1,0,97,104,20,101,24,15,5,6,5,1,5,9,0,0,0,0,0,0,0,38,14,1,2,269,17,0,15.823529411764707,14,0.35294117647058826,26,0,0,0,0,0,0,0,1,0,0,0,0,1,0,0,0,0,1
1989,9255.0,1,0,91,9,0,7,2,0,4,1,1,1,2,8,0,0,0,0,0,0,0,37,13,1,2,22,5,0,4.4,9,0.2,13,0,1,0,0,0,0,0,1,0,0,0,1,0,0,0,0,0,1
1959,67786.0,0,0,0,431,82,441,80,20,102,1,3,6,6,1,0,0,0,0,0,0,1,67,13,0,1,1156,16,1,72.25,4,0.0625,17,0,0,0,1,0,0,0,0,0,1,0,0,0,0,0,1,0,0
1971,71969.0,0,1,59,1000,0,76,0,0,10,3,3,4,9,8,0,1,0,0,0,0,0,55,14,1,3,1086,19,1,57.1578947368421,11,0.15789473684210525,27,0,0,0,1,0,0,1,0,0,0,0,1,0,0,0,0,0,1
1967,59235.0,1,0,4,448,40,469,80,0,91,3,11,2,12,7,0,0,0,0,0,0,0,59,13,1,2,1128,28,0,40.285714285714285,18,0.10714285714285714,35,0,0,1,0,0,0,0,1,0,0,0,1,0,0,0,1,0,0
1989,31928.0,1,0,5,33,4,24,4,2,5,2,3,0,4,7,0,0,0,0,0,0,0,37,12,1,3,72,9,0,8.0,10,0.2222222222222222,16,0,1,0,0,0,0,0,0,1,0,0,1,0,0,0,0,0,1
1961,74881.0,1,1,48,505,72,270,36,27,54,4,9,2,12,5,0,0,0,0,0,0,0,65,13,2,4,964,27,0,35.7037037037037,14,0.14814814814814814,32,0,0,1,0,0,0,0,0,1,0,0,1,0,0,0,0,0,1
1978,65819.0,0,0,99,267,38,701,149,165,63,1,5,4,10,3,0,0,0,0,0,0,0,48,14,0,2,1383,20,0,69.15,8,0.05,23,0,1,0,0,0,0,1,0,0,0,0,1,0,0,0,1,0,0
1953,51411.0,1,2,81,14,0,3,0,0,1,1,0,0,3,5,0,0,0,0,0,0,0,73,13,3,4,18,4,0,4.5,5,0.25,9,0,0,0,1,0,0,0,1,0,0,0,1,0,0,0,0,0,1
1964,51983.0,0,1,95,631,0,115,10,7,30,3,9,2,10,7,0,0,0,0,0,0,0,62,14,1,2,793,24,0,33.041666666666664,16,0.125,31,0,1,0,0,0,1,0,0,0,0,0,1,0,0,0,0,0,1
1986,42386.0,1,0,43,65,4,16,0,4,11,1,3,0,3,8,0,0,0,0,0,0,0,40,13,1,3,100,7,0,14.285714285714286,11,0.14285714285714285,15,0,0,1,0,0,0,0,0,1,0,0,0,1,0,0,0,0,1
1987,30390.0,0,0,5,10,12,12,25,1,20,1,2,0,3,6,0,0,0,0,0,0,0,39,13,0,2,80,6,0,13.333333333333334,8,0.16666666666666666,12,0,0,0,0,0,0,1,0,0,0,0,1,0,0,0,0,0,0
1963,30983.0,0,0,50,51,4,50,12,1,49,1,4,0,3,8,0,0,0,0,0,0,1,63,14,0,1,167,8,1,20.875,12,0.125,16,0,1,0,0,0,0,0,1,0,0,0,0,1,0,0,0,0,1
1957,66033.0,0,1,76,293,35,179,46,59,65,2,8,3,7,7,0,0,0,0,0,0,0,69,13,1,2,677,20,0,33.85,15,0.1,27,0,1,0,0,0,0,0,0,0,1,0,0,1,0,0,0,0,1
1975,37284.0,1,1,46,11,1,2,2,1,6,1,0,0,3,6,0,0,0,0,0,0,0,51,13,2,4,23,4,0,5.75,6,0.25,10,0,0,0,0,0,0,1,0,0,0,0,1,0,0,0,0,0,1
1951,57530.0,0,1,68,50,1,27,6,7,1,1,1,1,4,1,0,0,0,0,0,0,0,75,13,1,2,92,7,0,13.142857142857142,2,0.14285714285714285,8,0,0,1,0,0,1,0,0,0,0,0,1,0,0,0,0,0,1
1965,76800.0,0,0,33,173,26,255,35,71,81,1,4,4,7,1,0,0,0,0,0,0,0,61,12,0,2,641,16,0,40.0625,5,0.0625,17,0,0,0,0,0,0,1,0,0,0,0,1,0,0,0,1,0,0
1956,63943.0,0,1,50,423,184,368,13,97,21,1,6,4,6,5,0,0,0,0,0,0,0,70,14,1,3,1106,17,0,65.05882352941177,11,0.058823529411764705,22,0,1,0,0,0,0,1,0,0,0,0,0,1,0,0,0,0,1
1962,76081.0,0,0,85,292,30,415,63,33,200,1,4,5,4,2,0,0,0,1,0,0,0,64,12,0,2,1033,14,1,73.78571428571429,6,0.07142857142857142,16,0,1,0,0,0,0,0,0,1,0,0,0,0,0,0,1,0,0
1974,67445.0,0,1,63,757,80,217,29,80,11,5,9,6,12,6,0,0,0,0,0,0,0,52,14,1,3,1174,32,0,36.6875,15,0.15625,38,0,1,0,0,0,0,1,0,0,0,0,1,0,0,0,0,0,1
1967,37054.0,1,1,89,12,1,6,0,1,5,2,1,0,3,7,0,0,0,0,0,0,0,59,13,2,4,25,6,0,4.166666666666667,8,0.3333333333333333,13,0,0,1,0,0,0,1,0,0,0,0,1,0,0,0,0,0,1
1962,47175.0,1,1,81,167,2,44,6,2,19,7,4,2,4,8,1,0,0,0,0,0,1,64,14,2,4,240,17,2,14.117647058823529,12,0.4117647058823529,25,0,0,1,0,0,0,0,0,1,0,0,0,1,0,0,0,0,1
1976,31859.0,1,0,77,3,1,3,8,0,5,1,1,0,2,7,0,0,0,0,0,0,0,50,13,1,2,20,4,0,5.0,8,0.25,11,0,1,0,0,0,1,0,0,0,0,0,1,0,0,0,0,0,0
1961,27215.0,2,1,50,30,5,22,8,9,28,4,2,1,4,6,0,0,0,0,0,0,0,65,13,3,4,102,11,0,9.272727272727273,8,0.36363636363636365,17,0,1,0,0,0,1,0,0,0,0,0,1,0,0,0,0,0,1
1976,70179.0,0,1,10,532,88,168,69,44,133,3,7,3,13,5,0,0,0,0,0,0,0,50,13,1,2,1034,26,0,39.76923076923077,12,0.11538461538461539,31,0,0,0,1,0,1,0,0,0,0,0,1,0,0,0,0,0,1
1983,39922.0,1,0,30,29,12,59,19,1,36,2,3,0,4,8,0,0,0,0,0,0,0,43,13,1,3,156,9,0,17.333333333333332,11,0.2222222222222222,17,0,1,0,0,0,0,1,0,0,0,0,1,0,0,0,1,0,0
1976,49681.0,0,2,66,411,0,26,0,0,21,6,7,1,7,7,0,0,0,0,0,0,0,50,13,2,4,458,21,0,21.80952380952381,14,0.2857142857142857,28,0,0,1,0,0,0,1,0,0,0,0,0,1,0,0,0,0,1
1988,24645.0,1,0,16,5,3,4,4,1,0,1,1,0,2,8,0,0,0,0,0,0,0,38,14,1,3,17,4,0,4.25,9,0.25,12,0,1,0,0,0,0,1,0,0,0,0,1,0,0,0,0,0,1
1954,79865.0,0,1,12,71,99,278,185,121,38,1,5,10,5,1,0,0,0,0,0,0,0,72,12,1,2,792,21,0,37.714285714285715,6,0.047619047619047616,22,0,1,0,0,0,1,0,0,0,0,0,0,0,0,0,1,0,0
1985,44322.0,1,0,30,46,0,40,3,0,3,2,3,0,3,8,0,0,0,0,0,0,0,41,12,1,3,92,8,0,11.5,11,0.25,16,0,1,0,0,0,0,1,0,0,0,0,0,1,0,0,0,0,1
1952,47958.0,0,1,8,268,11,88,15,3,22,2,6,3,5,5,0,0,0,0,0,0,0,74,13,1,2,407,16,0,25.4375,11,0.125,21,0,1,0,0,0,0,0,1,0,0,0,0,1,0,0,0,0,1
1964,63972.0,0,1,93,928,63,254,0,12,12,4,5,4,10,4,0,1,0,0,0,0,0,62,14,1,2,1269,23,1,55.17391304347826,9,0.17391304347826086,27,0,0,1,0,0,0,0,1,0,0,0,1,0,0,0,0,0,1
1954,75315.0,0,1,14,459,15,171,142,23,31,2,5,4,12,2,0,0,0,0,0,0,0,72,12,1,3,841,23,0,36.56521739130435,7,0.08695652173913043,25,0,1,0,0,0,0,0,0,1,0,0,1,0,0,0,0,0,1
1950,55517.0,1,1,53,483,0,108,0,6,36,5,11,1,6,9,0,0,0,0,0,0,1,76,14,2,4,633,23,1,27.52173913043478,20,0.21739130434782608,32,0,0,0,1,0,0,1,0,0,0,0,0,1,0,0,0,0,1
1957,75283.0,1,2,26,733,9,180,12,19,66,11,6,3,5,4,0,0,0,0,0,0,0,69,13,3,5,1019,25,0,40.76,10,0.44,29,0,0,0,1,0,0,1,0,0,0,0,0,1,0,0,0,0,1
1946,82800.0,0,0,23,1006,22,115,59,68,45,1,7,6,12,3,0,0,1,1,0,0,1,80,14,0,1,1315,26,3,50.57692307692308,10,0.038461538461538464,29,0,0,0,1,0,0,0,1,0,0,0,1,0,0,0,0,0,1
1954,38998.0,1,1,92,34,1,14,0,0,5,3,2,0,3,8,0,0,0,0,0,1,0,72,14,2,4,54,8,0,6.75,10,0.375,16,0,1,0,0,0,0,1,0,0,0,0,1,0,0,0,0,0,1
1991,90638.0,0,0,29,1156,120,915,94,144,96,1,3,4,10,1,0,0,1,0,0,0,1,35,12,0,1,2525,18,2,140.27777777777777,4,0.05555555555555555,19,0,0,1,0,0,0,0,1,0,0,0,1,0,0,0,0,0,1
1986,27161.0,1,0,41,7,4,23,7,0,11,1,1,0,3,7,0,0,0,0,0,0,0,40,13,1,3,52,5,0,10.4,8,0.2,12,0,0,1,0,0,0,1,0,0,0,0,1,0,0,0,1,0,0
1977,42014.0,1,0,56,244,15,108,4,15,50,6,7,1,6,8,0,0,0,0,0,0,1,49,14,1,3,436,20,1,21.8,15,0.3,28,0,1,0,0,0,0,1,0,0,0,0,0,1,0,0,0,0,1
1960,38201.0,0,1,19,233,0,23,0,0,12,4,5,1,5,8,0,0,0,0,0,0,0,66,13,1,3,268,15,0,17.866666666666667,13,0.26666666666666666,23,0,0,0,1,0,0,0,0,1,0,0,0,1,0,0,0,0,1
1982,45203.0,2,0,4,35,3,67,10,8,24,1,3,1,3,6,0,0,0,0,0,0,1,44,12,2,4,147,8,1,18.375,9,0.125,14,0,1,0,0,0,0,0,0,1,0,0,0,1,0,0,1,0,0
1947,81574.0,0,0,89,1252,0,465,46,35,0,1,4,5,8,1,0,1,1,0,0,0,0,79,12,0,2,1798,18,2,99.88888888888889,5,0.05555555555555555,19,0,0,0,1,0,0,0,0,1,0,0,1,0,0,0,0,0,1
1992,34935.0,0,0,71,34,4,66,3,10,20,1,2,1,4,7,0,0,0,0,0,0,0,34,13,0,2,137,8,0,17.125,9,0.125,15,0,1,0,0,0,0,1,0,0,0,0,1,0,0,0,1,0,0
1976,60482.0,0,1,81,255,43,134,37,14,24,1,7,2,7,7,0,0,0,0,0,0,0,50,13,1,2,507,17,0,29.823529411764707,14,0.058823529411764705,24,0,0,1,0,0,0,0,1,0,0,0,0,1,0,0,0,0,1
1956,34633.0,2,1,31,8,1,5,0,0,1,1,1,0,2,6,0,0,0,0,0,0,0,70,12,3,5,15,4,0,3.75,7,0.25,10,0,1,0,0,0,0,0,0,1,0,0,1,0,0,0,0,0,1
1947,78093.0,0,0,53,368,32,639,13,43,10,1,4,7,5,1,0,0,0,0,0,0,0,79,13,0,2,1105,17,0,65.0,5,0.058823529411764705,18,0,0,1,0,0,0,0,0,1,0,0,0,0,0,0,1,0,0
1950,82460.0,0,0,78,255,47,573,52,32,15,1,5,3,6,1,0,0,0,0,0,0,0,76,13,0,1,974,15,0,64.93333333333334,6,0.06666666666666667,16,0,1,0,0,0,1,0,0,0,0,0,1,0,0,0,1,0,0
1966,45903.0,0,1,80,33,8,10,2,10,3,2,2,1,3,4,0,0,0,0,0,0,0,60,12,1,3,66,8,0,8.25,6,0.25,12,0,0,1,0,0,0,0,0,1,0,0,1,0,0,0,0,0,1
1987,81361.0,0,0,18,163,23,424,27,65,76,1,3,10,13,1,0,0,0,0,0,0,1,39,12,0,1,778,27,1,28.814814814814813,4,0.037037037037037035,28,0,1,0,0,0,1,0,0,0,0,0,1,0,0,0,1,0,0
1973,35860.0,1,1,37,15,0,8,4,2,20,2,1,1,2,5,1,0,0,0,0,0,1,53,12,2,3,49,6,2,8.166666666666666,6,0.3333333333333333,11,0,0,0,1,0,1,0,0,0,0,0,1,0,0,1,0,0,0
1952,40442.0,1,1,52,45,12,52,25,22,13,4,3,1,4,7,0,0,0,0,0,0,1,74,14,2,4,169,12,1,14.083333333333334,10,0.3333333333333333,19,0,0,1,0,0,0,0,0,1,0,0,1,0,0,0,1,0,0
1965,61482.0,0,0,39,48,58,68,16,66,43,1,3,2,6,2,0,0,0,0,0,0,0,61,12,0,2,299,12,0,24.916666666666668,5,0.08333333333333333,14,0,1,0,0,0,0,1,0,0,0,0,1,0,0,0,1,0,0
1980,34968.0,1,0,11,158,6,45,8,2,2,7,3,2,5,7,0,0,0,0,0,0,0,46,13,1,3,221,17,0,13.0,10,0.4117647058823529,24,0,1,0,0,0,0,1,0,0,0,0,1,0,0,0,0,0,1
1987,75794.0,0,0,33,754,160,625,63,32,48,1,7,5,12,3,0,0,0,1,0,0,0,39,13,0,2,1682,25,1,67.28,10,0.04,28,0,1,0,0,0,0,1,0,0,0,0,1,0,0,0,0,0,1
1962,31497.0,0,1,22,108,1,28,13,1,4,2,3,1,4,8,0,0,0,0,0,0,0,64,14,1,3,155,10,0,15.5,11,0.2,18,0,0,0,1,0,0,0,0,1,0,0,1,0,0,0,0,0,1
1955,74268.0,0,0,83,199,66,315,97,174,41,1,4,3,5,2,0,0,0,0,0,0,0,71,13,0,2,892,13,0,68.61538461538461,6,0.07692307692307693,15,0,1,0,0,0,0,1,0,0,0,0,1,0,0,0,1,0,0
1988,13724.0,1,0,43,2,7,5,2,15,27,1,2,0,2,9,1,0,0,0,0,0,0,38,14,1,3,58,5,1,11.6,11,0.2,14,1,0,0,0,0,0,0,0,1,0,0,0,1,0,1,0,0,0
1965,45143.0,0,1,74,202,5,74,11,5,14,3,6,1,5,7,0,0,0,0,0,0,0,61,13,1,3,311,15,0,20.733333333333334,13,0.2,22,0,0,1,0,0,0,0,0,1,0,0,0,1,0,0,0,0,1
1967,52569.0,0,1,54,85,0,3,0,0,7,1,2,0,4,3,0,0,0,0,0,0,0,59,12,1,2,95,7,0,13.571428571428571,5,0.14285714285714285,10,0,0,0,1,0,0,0,1,0,0,0,1,0,0,0,0,0,1
1973,48432.0,0,1,3,322,3,50,4,3,42,5,7,1,6,8,0,0,0,0,0,0,1,53,14,1,2,424,19,1,22.31578947368421,15,0.2631578947368421,27,0,0,0,1,0,0,0,1,0,0,0,0,1,0,0,0,0,1
1960,17144.0,1,1,96,18,2,19,0,2,6,5,3,0,4,7,0,0,0,0,0,0,0,66,12,2,4,47,12,0,3.9166666666666665,10,0.4166666666666667,19,0,0,1,0,0,0,0,0,1,0,0,1,0,0,0,1,0,0
1984,36108.0,1,0,68,141,8,129,3,11,47,3,7,1,4,9,1,0,0,0,0,0,0,42,13,1,2,339,15,1,22.6,16,0.2,24,0,1,0,0,0,0,0,1,0,0,0,0,1,0,0,0,0,1
1971,76445.0,1,0,2,739,107,309,140,80,35,1,2,5,13,6,0,0,0,0,0,0,0,55,14,1,3,1410,21,0,67.14285714285714,8,0.047619047619047616,27,0,1,0,0,0,0,1,0,0,0,0,1,0,0,0,0,0,1
1975,36663.0,1,0,40,18,0,6,3,3,5,1,1,1,3,2,0,0,0,0,0,0,0,51,12,1,3,35,6,0,5.833333333333333,3,0.16666666666666666,8,0,0,0,1,0,0,1,0,0,0,0,1,0,0,0,0,0,1
1965,53843.0,0,1,64,378,0,88,19,4,73,4,8,5,3,7,0,0,0,0,0,0,0,61,13,1,3,562,20,0,28.1,15,0.2,27,0,0,1,0,0,0,1,0,0,0,0,0,1,0,0,0,0,1
1956,90226.0,0,0,26,1083,108,649,253,151,108,1,4,7,12,2,0,0,0,1,0,0,0,70,14,0,2,2352,24,1,98.0,6,0.041666666666666664,26,0,0,1,0,0,0,1,0,0,0,0,1,0,0,0,0,0,1
1955,70638.0,0,0,69,1016,12,215,16,12,63,1,4,5,10,3,0,1,0,0,0,0,0,71,13,0,1,1334,20,1,66.7,7,0.05,23,0,0,1,0,0,1,0,0,0,0,0,1,0,0,0,0,0,1
1960,44512.0,1,1,57,23,1,6,0,0,2,2,1,0,3,4,0,0,0,0,0,0,0,66,13,2,4,32,6,0,5.333333333333333,5,0.3333333333333333,10,0,1,0,0,0,0,0,0,1,0,0,1,0,0,0,0,0,1
1961,27116.0,1,1,78,12,1,21,2,2,3,2,2,0,3,7,0,0,0,0,0,0,0,65,12,2,4,41,7,0,5.857142857142857,9,0.2857142857142857,14,0,1,0,0,0,0,1,0,0,0,0,1,0,0,0,1,0,0
1963,54072.0,1,1,71,35,0,4,0,0,0,1,2,0,2,8,0,0,0,0,0,0,0,63,13,2,4,39,5,0,7.8,10,0.2,13,0,0,0,1,0,0,1,0,0,0,0,0,1,0,0,0,0,1
1977,71855.0,0,1,59,548,31,422,0,112,28,4,5,5,11,3,0,0,0,0,0,0,0,49,13,1,3,1141,25,0,45.64,8,0.16,28,0,1,0,0,0,0,1,0,0,0,0,1,0,0,0,0,0,1
1990,51250.0,1,0,28,342,32,230,34,32,40,5,10,5,4,9,1,0,0,0,0,0,0,36,13,1,2,710,24,1,29.583333333333332,19,0.20833333333333334,33,0,0,0,0,0,0,0,1,0,0,0,0,1,0,0,0,0,1
1973,60432.0,0,1,61,365,3,15,4,3,11,5,7,2,5,6,0,0,0,0,0,0,0,53,12,1,3,401,19,0,21.105263157894736,13,0.2631578947368421,25,0,0,1,0,0,0,1,0,0,0,0,0,1,0,0,0,0,1
1964,65526.0,0,1,22,397,19,69,12,0,9,1,4,4,8,2,0,0,0,0,0,0,0,62,12,1,3,506,17,0,29.764705882352942,6,0.058823529411764705,19,0,0,0,1,0,0,1,0,0,0,0,1,0,0,0,0,0,1
1988,68655.0,0,0,95,456,19,832,75,118,38,1,4,5,11,3,0,0,0,0,0,0,0,38,14,0,1,1538,21,0,73.23809523809524,7,0.047619047619047616,24,0,1,0,0,0,0,0,1,0,0,0,1,0,0,0,1,0,0
1978,12393.0,0,0,38,5,6,15,11,7,13,1,2,0,3,9,0,0,0,0,0,0,0,48,14,0,2,57,6,0,9.5,11,0.16666666666666666,15,0,0,0,0,0,0,1,0,0,0,0,1,0,0,0,1,0,0
1990,64509.0,0,0,19,836,185,575,24,25,77,1,6,3,9,4,1,0,0,0,0,0,1,36,13,0,1,1722,19,2,90.63157894736842,10,0.05263157894736842,23,0,1,0,0,0,0,0,1,0,0,0,1,0,0,0,0,0,1
1975,33955.0,1,0,92,100,2,128,23,7,10,4,5,1,5,8,0,0,0,0,0,0,0,51,13,1,2,270,15,0,18.0,13,0.26666666666666666,23,0,1,0,0,0,0,0,1,0,0,0,0,1,0,0,1,0,0
1977,31353.0,1,1,24,10,0,10,3,1,7,2,1,1,2,8,0,0,0,0,0,0,1,49,13,2,4,31,6,1,5.166666666666667,9,0.3333333333333333,14,0,1,0,0,0,0,1,0,0,0,0,1,0,0,0,0,0,1
1984,55434.0,1,0,21,238,115,215,169,69,76,3,5,3,13,4,0,0,0,0,0,0,0,42,13,1,3,882,24,0,36.75,9,0.125,28,0,1,0,0,0,0,1,0,0,0,0,1,0,0,0,0,0,1
1983,28359.0,1,0,35,6,0,5,2,1,2,1,1,0,2,7,0,0,0,0,0,0,0,43,13,1,3,16,4,0,4.0,8,0.25,11,0,1,0,0,0,0,0,0,1,0,0,1,0,0,0,0,0,1
1987,57100.0,1,0,9,158,11,99,15,11,17,2,3,2,7,3,0,0,0,0,0,0,0,39,12,1,2,311,14,0,22.214285714285715,6,0.14285714285714285,17,0,1,0,0,0,0,0,1,0,0,0,1,0,0,0,0,0,1
1965,69139.0,0,1,23,86,12,75,33,15,6,1,4,1,5,4,0,0,0,0,0,0,0,61,12,1,3,227,11,0,20.636363636363637,8,0.09090909090909091,15,0,1,0,0,0,0,1,0,0,0,0,1,0,0,0,0,0,1
1956,52973.0,0,1,92,856,0,76,12,9,199,7,9,6,9,8,0,0,0,0,0,0,0,70,14,1,3,1152,31,0,37.16129032258065,17,0.22580645161290322,39,0,0,1,0,0,0,1,0,0,0,0,0,1,0,0,0,0,1
1965,51717.0,0,1,55,98,1,17,0,1,5,1,3,0,4,7,0,1,0,0,0,0,0,61,13,1,3,122,8,1,15.25,10,0.125,15,0,0,0,1,0,0,0,0,1,0,0,1,0,0,0,0,0,1
1971,18793.0,1,0,14,4,16,20,0,17,20,3,2,0,4,8,0,0,0,0,0,0,0,55,13,1,3,77,9,0,8.555555555555555,10,0.3333333333333333,17,0,1,0,0,0,0,1,0,0,0,0,1,0,0,0,1,0,0
1982,66664.0,0,0,78,398,96,447,220,96,32,1,5,7,6,3,0,0,0,0,0,0,0,44,14,0,2,1289,19,0,67.84210526315789,8,0.05263157894736842,22,0,0,0,0,0,0,0,0,1,0,0,0,0,0,0,1,0,0
1959,50664.0,1,1,64,313,8,104,6,4,126,9,8,1,6,9,0,0,0,0,0,0,0,67,13,2,3,561,24,0,23.375,17,0.375,33,0,1,0,0,0,0,0,1,0,0,0,0,1,0,0,0,0,1
1963,54414.0,1,1,49,109,18,16,24,26,18,4,3,1,5,4,0,0,0,0,0,0,0,63,13,2,4,211,13,0,16.23076923076923,7,0.3076923076923077,17,0,1,0,0,0,0,0,0,1,0,0,1,0,0,0,0,0,1
1952,54549.0,0,1,8,216,2,6,0,0,9,2,5,1,4,7,0,0,0,0,0,0,0,74,12,1,3,233,12,0,19.416666666666668,12,0.16666666666666666,19,0,0,0,1,0,0,1,0,0,0,0,0,1,0,0,0,0,1
1971,47111.0,0,1,35,595,71,153,120,112,41,6,3,2,10,9,0,0,0,0,0,0,0,55,14,1,2,1092,21,0,52.0,12,0.2857142857142857,30,0,0,0,1,0,0,0,0,0,1,0,1,0,0,0,0,0,1
1963,41003.0,0,0,11,123,133,142,71,44,88,1,6,2,8,6,0,0,0,0,0,0,0,63,13,0,1,601,17,0,35.35294117647059,12,0.058823529411764705,23,0,0,0,1,0,1,0,0,0,0,0,1,0,0,0,1,0,0
1982,19444.0,1,0,8,16,0,23,3,2,10,3,4,1,2,7,0,0,0,0,0,0,1,44,12,1,3,54,10,1,5.4,11,0.3,17,0,1,0,0,0,0,0,0,1,0,0,0,1,0,0,1,0,0
1976,36301.0,1,0,53,11,12,35,3,5,12,1,3,0,3,7,0,0,0,0,0,0,0,50,13,1,3,78,7,0,11.142857142857142,10,0.14285714285714285,14,0,0,0,0,0,0,0,0,1,0,0,0,1,0,0,1,0,0
1947,73059.0,0,1,36,410,112,420,0,82,71,1,9,3,13,4,0,0,0,0,0,0,0,79,13,1,3,1095,26,0,42.11538461538461,13,0.038461538461538464,30,0,0,0,1,0,0,0,0,1,0,0,1,0,0,0,1,0,0
1969,42731.0,1,0,64,159,2,51,6,2,24,3,4,1,5,5,0,0,0,0,0,0,0,57,13,1,3,244,13,0,18.76923076923077,9,0.23076923076923078,18,0,0,0,1,0,0,0,0,1,0,0,1,0,0,0,0,0,1
1959,52854.0,1,1,43,105,0,10,0,1,0,2,2,1,4,5,0,0,0,0,0,0,0,67,12,2,4,116,9,0,12.88888888888889,7,0.2222222222222222,14,0,0,0,1,0,0,1,0,0,0,0,1,0,0,0,0,0,1
1978,22775.0,1,0,40,5,1,8,0,0,1,1,1,0,2,8,0,0,0,0,0,0,0,48,13,1,3,15,4,0,3.75,9,0.25,12,0,1,0,0,0,0,0,0,1,0,0,1,0,0,0,1,0,0
1948,46681.0,0,2,52,269,15,69,15,19,38,2,4,6,4,5,0,0,0,0,0,0,0,78,13,2,4,425,16,0,26.5625,9,0.125,21,0,0,0,1,0,0,0,0,1,0,0,0,0,0,0,0,0,1
1955,59821.0,0,1,11,629,0,70,0,0,35,6,11,2,7,8,0,0,0,0,0,0,0,71,13,1,3,734,26,0,28.23076923076923,19,0.23076923076923078,34,0,0,0,1,0,0,1,0,0,0,0,0,1,0,0,0,0,1
1954,50002.0,0,1,21,443,5,71,21,16,82,2,8,2,7,7,0,0,0,0,0,0,0,72,13,1,2,638,19,0,33.578947368421055,15,0.10526315789473684,26,0,1,0,0,0,1,0,0,0,0,0,0,1,0,0,0,0,1
1945,69755.0,0,0,23,217,77,373,111,23,93,1,3,6,12,1,0,0,0,0,0,0,0,81,13,0,2,894,22,0,40.63636363636363,4,0.045454545454545456,23,0,1,0,0,0,0,1,0,0,0,0,1,0,0,0,1,0,0
1969,44078.0,1,1,17,24,1,10,2,0,4,2,2,0,3,5,0,0,0,0,0,0,0,57,12,2,4,41,7,0,5.857142857142857,7,0.2857142857142857,12,0,1,0,0,0,0,1,0,0,0,0,1,0,0,0,0,0,1
1976,30560.0,1,0,6,9,1,5,4,5,7,1,1,0,3,7,0,0,0,0,0,0,0,50,13,1,3,31,5,0,6.2,8,0.2,12,0,0,1,0,0,0,0,0,1,0,0,1,0,0,0,0,0,1
1969,35924.0,1,1,56,8,0,14,2,3,7,1,1,0,3,5,0,0,0,0,0,0,0,57,12,2,4,34,5,0,6.8,6,0.2,10,0,0,1,0,0,0,0,0,1,0,0,1,0,0,0,1,0,0
1964,64140.0,0,2,71,1459,0,61,0,15,215,5,2,5,6,5,1,0,1,0,1,0,1,62,13,2,3,1750,18,4,97.22222222222223,7,0.2777777777777778,23,0,0,0,1,0,1,0,0,0,0,0,1,0,0,0,0,0,1
1981,56386.0,1,1,51,230,48,214,13,32,75,8,9,1,7,9,0,0,0,0,0,0,0,45,14,2,4,612,25,0,24.48,18,0.32,34,0,1,0,0,0,0,0,0,1,0,0,0,1,0,0,0,0,1
1979,24594.0,1,0,94,1,3,6,10,0,9,1,1,0,3,5,0,0,0,0,0,0,0,47,13,1,3,29,5,0,5.8,6,0.2,10,1,0,0,0,0,0,0,0,1,0,0,1,0,0,0,0,0,0
1981,75774.0,1,0,27,340,21,134,258,14,56,1,7,5,8,4,0,0,0,0,0,0,0,45,12,1,3,823,21,0,39.19047619047619,11,0.047619047619047616,25,0,0,0,0,0,0,0,0,1,0,0,1,0,0,0,0,0,1
1960,39228.0,0,0,1,7,1,6,0,3,3,1,0,0,3,4,0,0,0,0,0,0,0,66,13,0,1,20,4,0,5.0,4,0.25,8,0,0,1,0,0,1,0,0,0,0,0,1,0,0,0,0,0,1
1974,58494.0,0,1,56,298,7,68,4,0,19,2,6,2,6,6,0,0,0,0,0,0,0,52,13,1,3,396,16,0,24.75,12,0.125,22,0,0,1,0,0,0,1,0,0,0,0,0,1,0,0,0,0,1
1981,58684.0,0,0,71,479,35,179,28,7,85,1,5,3,12,2,0,1,0,0,0,0,0,45,12,0,1,813,21,1,38.714285714285715,7,0.047619047619047616,23,0,1,0,0,0,0,0,1,0,0,0,1,0,0,0,0,0,1
1967,57136.0,0,0,18,267,140,599,34,12,127,1,7,5,7,6,0,0,0,0,0,0,1,59,13,0,1,1179,20,1,58.95,13,0.05,26,0,1,0,0,0,1,0,0,0,0,0,0,1,0,0,1,0,0
1950,56551.0,1,1,48,67,4,32,17,2,16,3,2,1,4,4,0,0,0,0,0,0,0,76,12,2,3,138,10,0,13.8,6,0.3,14,0,0,0,1,0,0,0,0,0,1,0,1,0,0,0,0,0,1
1982,22448.0,1,0,86,3,1,8,23,2,18,3,2,1,3,3,0,0,0,0,0,0,0,44,12,1,3,55,9,0,6.111111111111111,5,0.3333333333333333,12,0,1,0,0,0,0,1,0,0,0,0,1,0,0,0,0,0,0
1961,82014.0,0,0,48,980,37,265,35,163,31,1,3,6,12,6,0,0,0,0,0,0,1,65,14,0,1,1511,22,1,68.68181818181819,9,0.045454545454545456,28,0,1,0,0,0,0,0,1,0,0,0,1,0,0,0,0,0,1
1963,34213.0,1,1,2,50,4,28,6,3,26,3,3,1,2,9,0,0,0,0,0,0,1,63,14,2,3,117,9,1,13.0,12,0.3333333333333333,18,0,1,0,0,0,0,0,0,0,1,0,0,1,0,0,0,0,1
1977,157146.0,0,0,13,1,0,1725,2,1,1,0,0,28,0,1,0,0,0,0,0,0,0,49,13,0,2,1730,28,0,61.785714285714285,1,0.0,29,0,1,0,0,0,0,0,0,1,0,0,0,0,0,0,1,0,0
1947,25358.0,0,1,57,19,0,5,0,0,8,2,1,0,3,6,0,0,0,0,0,0,0,79,13,1,2,32,6,0,5.333333333333333,7,0.3333333333333333,12,0,0,0,1,0,0,0,0,0,1,0,1,0,0,0,0,0,1
1978,35544.0,1,0,77,30,5,23,4,1,4,1,2,0,3,7,0,0,0,0,0,0,0,48,12,1,2,67,6,0,11.166666666666666,9,0.16666666666666666,13,0,0,1,0,0,0,0,1,0,0,0,1,0,0,0,0,0,1
1954,36634.0,0,1,0,213,9,76,4,3,30,3,5,2,5,7,0,0,0,0,0,0,0,72,13,1,3,335,15,0,22.333333333333332,12,0.2,22,0,0,1,0,0,0,0,0,1,0,0,0,1,0,0,0,0,1
1954,62670.0,0,1,57,539,30,92,80,46,38,1,5,3,13,3,0,0,0,0,0,0,0,72,12,1,3,825,22,0,37.5,8,0.045454545454545456,25,0,0,0,1,0,0,1,0,0,0,0,1,0,0,0,0,0,1
1972,50334.0,0,1,24,284,16,160,84,16,134,6,7,4,6,6,0,0,0,0,0,0,0,54,13,1,3,694,23,0,30.17391304347826,13,0.2608695652173913,29,0,0,0,0,0,0,0,0,1,0,0,0,1,0,0,0,0,1
1981,72066.0,0,0,55,1003,34,536,134,51,34,1,4,6,6,2,0,0,1,1,0,0,1,45,12,0,1,1792,17,3,105.41176470588235,6,0.058823529411764705,19,0,1,0,0,0,0,0,1,0,0,0,0,0,0,0,0,0,1
1958,50729.0,1,1,62,239,13,143,45,4,52,9,6,2,7,6,0,0,0,0,0,0,0,68,13,2,3,496,24,0,20.666666666666668,12,0.375,30,0,0,0,1,0,0,0,1,0,0,0,1,0,0,0,0,0,1
1968,34916.0,2,0,89,51,23,82,33,0,42,4,5,1,3,9,0,0,0,0,0,0,0,58,13,2,4,231,13,0,17.76923076923077,14,0.3076923076923077,22,0,1,0,0,0,0,0,0,1,0,0,0,1,0,0,1,0,0
1976,64892.0,0,1,77,527,24,230,32,24,65,2,6,4,12,4,0,0,0,0,0,0,0,50,12,1,2,902,24,0,37.583333333333336,10,0.08333333333333333,28,0,1,0,0,0,1,0,0,0,0,0,1,0,0,0,0,0,1
1966,43602.0,1,1,45,19,5,12,10,3,19,3,3,1,2,6,0,0,0,0,0,0,0,60,12,2,3,68,9,0,7.555555555555555,9,0.3333333333333333,15,0,1,0,0,0,0,0,1,0,0,0,0,1,0,0,0,0,1
1989,33996.0,0,0,46,40,2,15,8,0,6,1,1,1,3,4,0,0,0,0,0,0,0,37,13,0,1,71,6,0,11.833333333333334,5,0.16666666666666666,10,0,0,0,1,0,0,0,1,0,0,0,1,0,0,0,0,0,1
1985,41473.0,1,0,80,21,8,20,15,3,9,1,2,0,3,7,0,0,0,0,0,0,0,41,13,1,2,76,6,0,12.666666666666666,9,0.16666666666666666,13,0,0,0,0,0,0,0,1,0,0,0,1,0,0,0,0,0,1
1967,63246.0,0,2,60,593,30,91,29,22,7,1,6,3,12,4,0,0,0,0,0,0,0,59,13,2,4,772,22,0,35.09090909090909,10,0.045454545454545456,26,0,0,0,1,0,0,1,0,0,0,0,1,0,0,0,0,0,1
1959,36732.0,1,1,71,21,5,3,10,1,7,3,1,1,4,2,0,0,0,0,0,0,0,67,13,2,4,47,9,0,5.222222222222222,3,0.3333333333333333,11,0,0,0,1,0,0,1,0,0,0,0,1,0,0,0,0,0,1
1970,69084.0,1,0,43,1181,107,199,39,30,30,2,7,3,13,8,0,0,0,0,0,0,0,56,13,1,3,1586,25,0,63.44,15,0.08,33,0,0,0,1,0,0,1,0,0,0,0,1,0,0,0,0,0,1
1967,77766.0,0,1,97,1004,59,265,115,59,27,2,11,10,11,6,1,0,0,0,0,0,1,59,13,1,3,1529,34,2,44.970588235294116,17,0.058823529411764705,40,0,0,0,1,0,0,1,0,0,0,0,0,1,0,0,0,0,1
1985,37929.0,0,0,49,202,2,46,3,2,10,2,4,2,5,7,0,1,0,1,0,0,1,41,13,0,1,265,13,3,20.384615384615383,11,0.15384615384615385,20,0,0,0,1,0,0,0,1,0,0,0,1,0,0,0,0,0,1
1951,86610.0,0,0,66,446,107,768,33,196,53,1,5,6,6,2,0,0,0,0,0,0,0,75,13,0,2,1603,18,0,89.05555555555556,7,0.05555555555555555,20,0,1,0,0,0,0,0,0,1,0,0,0,0,0,0,1,0,0
1986,80141.0,0,0,20,1184,102,673,52,40,40,1,7,4,10,6,0,0,1,0,0,0,1,40,13,0,2,2091,22,2,95.04545454545455,13,0.045454545454545456,28,0,0,1,0,0,0,1,0,0,0,0,1,0,0,0,0,0,1
1955,72635.0,0,0,54,390,22,323,104,35,107,1,6,8,6,3,0,0,0,1,0,0,0,71,13,0,2,981,21,1,46.714285714285715,9,0.047619047619047616,24,0,0,0,0,0,0,1,0,0,0,0,0,0,0,0,0,0,1
1970,69016.0,0,1,61,726,53,363,123,107,161,4,8,9,13,5,0,0,0,0,0,0,0,56,14,1,3,1533,34,0,45.088235294117645,13,0.11764705882352941,39,0,1,0,0,0,0,1,0,0,0,0,1,0,0,0,0,0,1
1991,20193.0,0,0,18,8,8,22,24,11,9,1,1,1,4,4,0,0,0,0,0,0,0,35,14,0,2,82,7,0,11.714285714285714,5,0.14285714285714285,11,0,0,0,0,0,0,0,0,1,0,0,1,0,0,0,0,0,0
1975,27573.0,1,0,45,50,15,110,39,15,15,4,5,1,4,8,0,0,0,0,0,0,0,51,13,1,3,244,14,0,17.428571428571427,13,0.2857142857142857,22,0,1,0,0,0,0,1,0,0,0,0,0,1,0,0,1,0,0
1979,15862.0,1,0,26,1,1,4,11,9,10,1,1,0,3,8,0,0,0,0,0,0,0,47,13,1,2,36,5,0,7.2,9,0.2,13,1,0,0,0,0,0,0,1,0,0,0,1,0,0,0,0,0,0
1976,49544.0,1,0,0,308,0,73,0,0,23,2,5,1,8,7,0,0,0,0,0,0,0,50,13,1,3,404,16,0,25.25,12,0.125,23,0,0,0,1,0,0,1,0,0,0,0,1,0,0,0,0,0,1
1980,33228.0,1,0,28,22,2,31,7,4,5,1,2,0,3,7,0,0,0,0,0,0,0,46,12,1,3,71,6,0,11.833333333333334,9,0.16666666666666666,13,0,1,0,0,0,0,1,0,0,0,0,1,0,0,0,1,0,0
1978,70440.0,0,0,49,690,117,499,76,102,88,1,5,10,7,3,0,0,0,1,0,0,0,48,13,0,2,1572,23,1,68.34782608695652,8,0.043478260869565216,26,0,1,0,0,0,0,0,0,1,0,0,0,0,0,0,0,0,1
1971,38232.0,1,1,84,43,5,28,7,6,33,4,3,1,3,5,0,0,0,0,0,0,0,55,12,2,4,122,11,0,11.090909090909092,8,0.36363636363636365,16,0,1,0,0,0,0,0,0,1,0,0,0,1,0,0,0,0,1
1955,22554.0,1,1,38,27,0,10,0,0,4,4,2,0,4,5,0,0,0,0,0,0,0,71,14,2,4,41,10,0,4.1,7,0.4,15,0,0,0,1,0,0,1,0,0,0,0,1,0,0,0,0,0,1
1983,23536.0,1,0,53,6,0,3,0,0,1,1,0,0,3,3,0,0,0,0,0,0,0,43,12,1,3,10,4,0,2.5,3,0.25,7,0,0,0,1,0,0,1,0,0,0,0,1,0,0,0,0,0,1
1952,49413.0,0,1,88,205,7,41,3,2,46,2,4,2,5,5,0,0,0,0,0,0,0,74,13,1,3,304,13,0,23.384615384615383,9,0.15384615384615385,18,0,1,0,0,0,0,1,0,0,0,0,1,0,0,0,0,0,1
1969,42231.0,1,1,99,24,0,8,0,1,4,1,1,0,3,5,0,0,0,0,0,0,0,57,12,2,4,37,5,0,7.4,6,0.2,10,0,1,0,0,0,0,1,0,0,0,0,1,0,0,0,0,0,1
1980,78789.0,0,0,12,667,50,850,21,83,83,1,4,6,5,2,0,0,0,0,0,0,1,46,14,0,1,1754,16,1,109.625,6,0.0625,18,0,0,1,0,0,1,0,0,0,0,0,0,0,0,0,1,0,0
1968,56534.0,0,1,35,691,7,61,10,0,46,4,10,4,7,8,0,1,0,0,1,0,1,58,13,1,3,815,25,3,32.6,18,0.16,33,0,1,0,0,0,0,0,0,1,0,0,0,1,0,0,0,0,1
1971,58350.0,0,1,5,493,26,206,116,80,80,4,8,3,12,6,0,0,0,0,0,0,0,55,13,1,2,1001,27,0,37.074074074074076,14,0.14814814814814814,33,0,1,0,0,0,0,0,1,0,0,0,1,0,0,0,0,0,1
1989,81217.0,0,0,77,493,70,324,146,40,84,1,3,7,11,1,0,0,0,0,0,0,0,37,13,0,1,1157,22,0,52.59090909090909,4,0.045454545454545456,23,0,1,0,0,0,0,0,1,0,0,0,1,0,0,0,0,0,1
1951,49090.0,0,1,45,494,5,82,7,0,100,3,7,2,9,7,0,0,0,0,0,0,0,75,13,1,2,688,21,0,32.76190476190476,14,0.14285714285714285,28,0,1,0,0,0,0,0,1,0,0,0,1,0,0,0,0,0,1
1987,61787.0,0,0,71,621,73,414,78,48,85,1,8,4,6,5,0,0,0,0,0,0,0,39,13,0,1,1319,19,0,69.42105263157895,13,0.05263157894736842,24,0,0,1,0,0,1,0,0,0,0,0,0,1,0,0,0,0,1
1985,18169.0,1,0,40,9,0,5,0,0,7,1,1,0,2,8,0,0,0,0,0,0,0,41,13,1,3,21,4,0,5.25,9,0.25,12,0,0,0,1,0,0,1,0,0,0,0,1,0,0,0,0,0,1
1981,24336.0,1,0,82,1,6,2,8,2,12,1,1,0,2,7,0,0,0,0,0,0,0,45,14,1,2,31,4,0,7.75,8,0.25,11,0,0,0,0,0,0,0,1,0,0,0,1,0,0,1,0,0,0
1990,18222.0,0,0,70,12,4,19,12,6,14,1,2,0,3,8,0,0,0,0,0,0,0,36,14,0,2,67,6,0,11.166666666666666,10,0.16666666666666666,14,0,1,0,0,0,0,1,0,0,0,0,1,0,0,0,1,0,0
1952,62335.0,0,1,87,243,131,217,85,6,26,2,3,3,13,2,0,0,0,0,0,0,0,74,13,1,2,708,21,0,33.714285714285715,5,0.09523809523809523,23,0,1,0,0,0,1,0,0,0,0,0,1,0,0,0,0,0,1
1971,42033.0,1,1,95,11,1,4,2,0,7,1,1,0,2,7,0,0,0,0,0,0,0,55,14,2,4,25,4,0,6.25,8,0.25,11,0,0,0,0,0,0,0,0,1,0,0,1,0,0,0,0,0,1
1983,86580.0,0,0,72,532,21,127,26,20,20,0,4,2,5,1,0,0,1,0,0,0,0,43,13,0,2,746,11,1,67.81818181818181,5,0.0,12,0,0,0,1,0,0,1,0,0,0,0,1,0,0,0,0,0,1
1957,41437.0,1,1,5,29,0,2,0,0,1,1,1,0,3,7,0,0,0,0,0,0,0,69,14,2,3,32,5,0,6.4,8,0.2,12,0,0,0,1,0,1,0,0,0,0,0,1,0,0,0,0,0,1
1951,73705.0,0,2,86,612,91,520,258,107,107,2,9,6,8,5,0,0,0,0,0,0,0,75,12,2,3,1695,25,0,67.8,14,0.08,30,0,0,1,0,0,0,0,0,0,1,0,0,1,0,0,0,0,1
1976,61064.0,0,1,80,387,126,342,0,45,180,5,8,4,11,6,0,0,0,0,0,0,0,50,14,1,3,1080,28,0,38.57142857142857,14,0.17857142857142858,34,0,1,0,0,0,0,1,0,0,0,0,1,0,0,0,0,0,1
1955,38452.0,1,1,62,56,0,14,0,0,2,3,3,0,3,7,0,0,0,0,0,0,0,71,12,2,4,72,9,0,8.0,10,0.3333333333333333,16,0,0,1,0,0,0,1,0,0,0,0,0,1,0,0,0,0,1
1989,18358.0,1,0,49,6,8,19,16,4,4,3,3,0,4,7,0,0,0,0,0,0,0,37,13,1,2,57,10,0,5.7,10,0.3,17,0,1,0,0,0,0,0,1,0,0,0,1,0,0,0,1,0,0
1973,55012.0,0,1,85,582,0,65,0,0,13,6,8,2,9,5,0,0,0,0,0,0,0,53,12,1,3,660,25,0,26.4,13,0.24,30,0,0,0,1,0,0,0,0,1,0,0,1,0,0,0,0,0,1
1973,9722.0,1,0,7,6,17,16,6,16,42,4,3,1,3,8,0,0,0,0,0,0,1,53,14,1,3,103,11,1,9.363636363636363,11,0.36363636363636365,19,1,0,0,0,0,0,0,0,1,0,0,0,1,0,1,0,0,0
1984,38175.0,1,0,6,70,6,69,2,3,3,3,3,1,4,7,0,0,0,0,0,0,0,42,13,1,3,153,11,0,13.909090909090908,10,0.2727272727272727,18,0,0,0,1,0,0,1,0,0,0,0,1,0,0,0,0,0,1
1956,58656.0,0,1,25,962,12,194,16,24,12,4,7,8,13,6,0,0,1,0,0,0,0,70,14,1,3,1220,32,1,38.125,13,0.125,38,0,0,1,0,0,0,0,0,1,0,0,1,0,0,0,0,0,1
1965,52117.0,0,1,55,112,10,107,30,0,20,2,5,2,4,7,0,0,0,0,0,0,0,61,14,1,3,279,13,0,21.46153846153846,12,0.15384615384615385,20,0,1,0,0,0,0,0,0,1,0,0,0,1,0,0,0,0,1
1978,64813.0,1,0,81,293,0,124,179,97,52,1,7,2,10,5,0,0,0,0,0,0,0,48,12,1,3,745,20,0,37.25,12,0.05,25,0,1,0,0,0,0,1,0,0,0,0,1,0,0,0,0,0,1
1973,54222.0,0,1,98,199,12,31,3,12,7,1,3,3,5,3,0,0,0,0,0,0,0,53,12,1,3,264,12,0,22.0,6,0.08333333333333333,15,0,0,0,1,0,0,1,0,0,0,0,1,0,0,0,0,0,1
1986,83512.0,0,0,31,1060,61,835,80,20,101,1,4,7,10,1,1,0,1,1,1,0,1,40,12,0,2,2157,22,5,98.04545454545455,5,0.045454545454545456,23,0,1,0,0,0,0,1,0,0,0,0,1,0,0,0,0,0,1
1959,77520.0,0,1,30,940,44,396,0,88,58,1,8,7,7,4,1,0,1,1,0,0,1,67,13,1,3,1526,23,4,66.34782608695652,12,0.043478260869565216,27,0,0,1,0,0,0,1,0,0,0,0,0,1,0,0,0,0,1
1978,41154.0,0,1,98,44,2,11,2,3,7,1,1,0,4,5,0,0,0,0,0,0,0,48,13,1,3,69,6,0,11.5,6,0.16666666666666666,11,0,1,0,0,0,0,0,0,1,0,0,1,0,0,0,0,0,1
1966,80398.0,0,0,92,342,51,936,207,35,26,1,5,8,12,3,0,0,1,0,0,0,0,60,14,0,2,1597,26,1,61.42307692307692,8,0.038461538461538464,29,0,1,0,0,0,0,1,0,0,0,0,1,0,0,0,1,0,0
1992,18746.0,1,0,41,2,10,11,12,9,20,2,3,0,3,6,0,0,0,0,0,0,0,34,12,1,2,64,8,0,8.0,9,0.25,14,1,0,0,0,0,0,0,1,0,0,0,0,1,0,1,0,0,0
1984,35196.0,1,0,68,75,12,141,43,39,187,6,6,1,5,8,0,0,0,0,0,0,0,42,14,1,3,497,18,0,27.61111111111111,14,0.3333333333333333,26,0,1,0,0,0,0,0,0,1,0,0,0,1,0,1,0,0,0
1956,60230.0,0,1,78,520,20,367,39,81,40,2,6,3,6,5,0,0,0,0,0,0,0,70,13,1,2,1067,17,0,62.76470588235294,11,0.11764705882352941,22,0,1,0,0,0,0,0,1,0,0,0,0,1,0,0,0,0,1
1977,22108.0,1,1,46,5,3,9,6,2,6,2,2,0,3,7,0,0,0,0,0,0,0,49,12,2,4,31,7,0,4.428571428571429,9,0.2857142857142857,14,0,1,0,0,0,0,1,0,0,0,0,1,0,0,0,1,0,0
1974,44392.0,1,1,71,87,5,71,7,12,29,5,4,1,4,7,0,0,0,0,0,0,0,52,13,2,4,211,14,0,15.071428571428571,11,0.35714285714285715,21,0,1,0,0,0,0,0,0,1,0,0,0,1,0,0,0,0,1
1976,55424.0,0,1,6,462,61,184,10,53,107,4,7,5,9,6,1,0,0,0,0,0,1,50,14,1,3,877,25,2,35.08,13,0.16,31,0,0,0,1,0,0,1,0,0,0,0,1,0,0,0,0,0,1
1979,17688.0,1,0,82,2,2,1,3,1,2,1,1,0,2,8,0,0,0,0,0,1,0,47,13,1,3,11,4,0,2.75,9,0.25,12,0,1,0,0,0,0,1,0,0,0,0,1,0,0,0,0,0,0
1983,92491.0,0,0,71,979,44,935,29,25,22,1,7,5,12,3,0,1,1,1,0,0,1,43,13,0,2,2034,25,4,81.36,10,0.04,28,0,0,0,1,0,0,1,0,0,0,0,1,0,0,0,0,0,1
1991,90273.0,0,0,32,704,129,853,120,74,111,1,5,6,7,2,0,1,1,1,0,0,1,35,13,0,1,1991,19,4,104.78947368421052,7,0.05263157894736842,21,0,1,0,0,0,0,0,1,0,0,0,1,0,0,0,1,0,0
1962,82571.0,0,0,28,861,31,558,62,95,79,0,6,5,13,2,0,0,1,0,0,0,0,64,12,0,1,1686,24,1,70.25,8,0.0,26,0,0,0,1,0,0,0,0,0,1,0,1,0,0,0,0,0,1
1982,38513.0,1,0,20,172,3,115,16,0,18,5,6,1,5,8,0,0,0,0,0,0,1,44,12,1,2,324,17,1,19.058823529411764,14,0.29411764705882354,25,0,0,0,1,0,0,0,1,0,0,0,0,1,0,0,0,0,1
1979,16653.0,1,0,10,5,7,31,15,4,7,3,2,1,3,6,0,0,0,0,0,0,1,47,12,1,2,69,9,1,7.666666666666667,8,0.3333333333333333,15,0,0,1,0,0,0,0,1,0,0,0,1,0,0,0,1,0,0
1955,42586.0,1,1,7,194,2,56,0,0,0,5,4,1,6,8,0,0,0,0,0,0,1,71,14,2,4,252,16,1,15.75,12,0.3125,24,0,1,0,0,0,0,0,0,1,0,0,1,0,0,0,0,0,1
1965,23529.0,0,1,67,9,7,13,3,2,20,1,1,1,2,6,0,0,0,0,0,0,0,61,13,1,2,54,5,0,10.8,7,0.2,11,1,0,0,0,0,0,0,1,0,0,0,1,0,0,1,0,0,0
1961,74881.0,1,1,48,505,72,270,36,27,54,4,9,2,12,5,0,0,0,0,0,0,0,65,13,2,4,964,27,0,35.7037037037037,14,0.14814814814814814,32,0,0,1,0,0,0,0,0,1,0,0,1,0,0,0,0,0,1
1951,71107.0,0,1,61,533,10,217,198,174,195,2,7,6,13,4,0,0,0,0,0,0,0,75,13,1,3,1327,28,0,47.392857142857146,11,0.07142857142857142,32,0,1,0,0,0,0,1,0,0,0,0,1,0,0,0,0,0,1
1964,46910.0,1,1,36,48,0,14,0,0,6,2,2,0,3,6,0,0,0,0,0,0,0,62,12,2,4,68,7,0,9.714285714285714,8,0.2857142857142857,13,0,0,0,1,0,0,0,0,1,0,0,1,0,0,0,0,0,1
1959,18690.0,0,0,77,6,1,7,23,4,19,1,1,1,2,8,0,0,0,0,0,0,0,67,14,0,2,60,5,0,12.0,9,0.2,13,0,1,0,0,0,0,1,0,0,0,0,1,0,0,0,0,0,0
1955,37244.0,1,1,90,18,2,10,0,0,25,1,1,1,2,7,1,0,0,0,0,0,0,71,13,2,3,55,5,1,11.0,8,0.2,12,0,1,0,0,0,1,0,0,0,0,0,1,0,0,1,0,0,0
1966,82427.0,0,0,35,482,147,509,104,107,107,1,3,5,12,1,0,0,1,0,0,0,0,60,12,0,2,1456,21,1,69.33333333333333,4,0.047619047619047616,22,0,1,0,0,0,0,0,0,1,0,0,1,0,0,0,1,0,0
1958,75342.0,0,1,38,204,97,97,21,118,26,1,5,2,10,4,0,0,0,0,0,0,0,68,13,1,2,563,18,0,31.27777777777778,9,0.05555555555555555,22,0,0,0,0,0,0,0,1,0,0,0,1,0,0,0,0,0,1
1954,70044.0,0,1,46,1073,0,250,153,14,14,4,7,10,5,5,0,0,0,0,0,0,0,72,13,1,2,1504,26,0,57.84615384615385,12,0.15384615384615385,31,0,1,0,0,0,1,0,0,0,0,0,0,0,0,0,0,0,1
1967,79146.0,1,1,33,245,16,223,21,43,16,2,8,1,8,6,0,0,0,0,0,0,0,59,12,2,3,564,19,0,29.68421052631579,14,0.10526315789473684,25,0,1,0,0,0,0,0,1,0,0,0,0,1,0,0,0,0,1
1963,77437.0,0,0,70,560,21,442,29,44,29,1,4,5,13,1,0,0,1,0,0,0,0,63,13,0,2,1125,23,1,48.91304347826087,5,0.043478260869565216,24,0,1,0,0,0,0,1,0,0,0,0,1,0,0,0,0,0,1
1959,54984.0,0,1,51,173,13,131,32,3,6,4,6,1,6,7,0,0,0,1,0,0,0,67,12,1,3,358,17,1,21.058823529411764,13,0.23529411764705882,24,0,1,0,0,0,0,1,0,0,0,0,0,1,0,0,0,0,1
1971,42403.0,1,0,18,22,1,11,0,5,3,1,1,0,3,8,0,0,0,0,0,0,0,55,13,1,3,42,5,0,8.4,9,0.2,13,0,0,0,1,0,0,1,0,0,0,0,1,0,0,0,0,0,1
1964,55761.0,0,1,97,136,1,12,0,3,32,2,4,1,3,6,0,1,0,0,0,0,0,62,12,1,3,184,10,1,18.4,10,0.2,16,0,1,0,0,0,0,0,0,1,0,0,0,1,0,0,0,0,1
1983,37292.0,1,0,32,275,0,86,10,23,66,5,6,3,5,8,0,0,0,0,0,0,0,43,13,1,3,460,19,0,24.210526315789473,14,0.2631578947368421,27,0,1,0,0,0,0,0,0,1,0,0,0,1,0,0,0,0,1
1945,45576.0,0,0,9,56,19,29,2,14,25,1,3,1,3,8,0,0,0,0,0,0,1,81,12,0,1,145,8,1,18.125,11,0.125,16,0,0,0,1,0,0,0,1,0,0,0,0,1,0,0,0,0,1
1947,70321.0,0,0,6,303,23,751,82,26,191,1,6,5,13,4,0,0,0,0,0,0,1,79,13,0,2,1376,25,1,55.04,10,0.04,29,0,1,0,0,0,0,0,0,1,0,0,1,0,0,0,1,0,0
1969,58086.0,0,1,80,708,7,62,0,0,15,2,11,3,7,8,0,0,0,0,0,0,0,57,13,1,2,792,23,0,34.43478260869565,19,0.08695652173913043,31,0,0,0,1,0,1,0,0,0,0,0,0,1,0,0,0,0,1
1952,81795.0,0,0,74,324,132,693,27,118,88,1,4,11,7,2,0,0,0,0,0,0,0,74,14,0,2,1382,23,0,60.08695652173913,6,0.043478260869565216,25,0,1,0,0,0,0,1,0,0,0,0,0,0,0,0,1,0,0
1947,28389.0,0,0,49,1,5,3,7,4,8,1,1,0,2,7,0,0,0,0,0,0,0,79,14,0,2,28,4,0,7.0,8,0.25,11,1,0,0,0,0,0,0,0,1,0,0,1,0,0,1,0,0,0
1946,66835.0,0,0,21,620,26,195,34,17,141,1,6,4,13,2,0,0,0,0,0,0,0,80,13,0,2,1033,24,0,43.041666666666664,8,0.041666666666666664,26,0,0,1,0,0,0,1,0,0,0,0,1,0,0,0,0,0,1
1969,69901.0,0,1,95,312,21,206,102,92,149,3,7,3,10,5,0,0,0,0,0,0,0,57,13,1,2,882,23,0,38.34782608695652,12,0.13043478260869565,28,0,1,0,0,0,1,0,0,0,0,0,1,0,0,0,0,0,1
1949,80360.0,0,0,56,1493,86,454,112,43,43,2,4,4,5,2,0,1,1,1,0,0,0,77,13,0,2,2231,15,3,148.73333333333332,6,0.13333333333333333,17,0,0,0,1,0,0,1,0,0,0,0,1,0,0,0,0,0,1
1961,63342.0,0,1,48,918,21,118,13,10,21,3,8,3,5,6,0,1,0,0,0,0,1,65,14,1,3,1101,19,2,57.94736842105263,14,0.15789473684210525,25,0,0,0,1,0,0,0,0,1,0,0,0,1,0,0,0,0,1
1974,44989.0,0,1,26,98,0,106,49,10,106,5,5,1,5,6,0,0,0,0,0,0,0,52,14,1,3,369,16,0,23.0625,11,0.3125,22,0,1,0,0,0,0,1,0,0,0,0,0,1,0,0,1,0,0
1980,31859.0,1,0,3,3,4,7,15,8,11,1,1,0,3,7,0,0,0,0,0,0,0,46,12,1,2,48,5,0,9.6,8,0.2,12,0,0,0,0,0,0,0,1,0,0,0,1,0,0,0,0,0,0
1949,51569.0,0,1,39,380,0,47,6,0,34,4,7,1,7,8,0,1,0,0,0,0,1,77,13,1,2,467,19,2,24.57894736842105,15,0.21052631578947367,27,0,0,0,1,0,0,0,0,0,1,0,0,1,0,0,0,0,1
1971,30372.0,1,1,33,15,0,12,7,3,7,3,2,0,3,7,0,0,0,0,0,0,0,55,14,2,3,44,8,0,5.5,9,0.375,15,0,1,0,0,0,0,0,0,0,1,0,1,0,0,0,0,0,1
1979,16014.0,1,1,42,3,9,4,7,8,7,4,1,1,4,3,0,0,0,0,0,0,0,47,13,2,3,38,10,0,3.8,4,0.4,13,1,0,0,0,0,0,0,1,0,0,0,1,0,1,0,0,0,0
1968,41120.0,1,1,80,24,2,23,0,8,24,3,2,1,3,6,0,0,0,0,0,0,0,58,13,2,4,81,9,0,9.0,8,0.3333333333333333,15,0,1,0,0,0,0,1,0,0,0,0,1,0,0,0,0,0,1
1971,39763.0,1,0,9,80,1,60,4,6,16,2,5,1,2,9,0,0,0,0,0,0,1,55,13,1,2,167,10,1,16.7,14,0.2,19,0,0,1,0,0,0,0,1,0,0,0,0,1,0,0,0,0,1
1955,38725.0,1,1,52,31,0,6,2,1,5,2,1,0,4,4,0,0,0,0,0,0,0,71,12,2,4,45,7,0,6.428571428571429,5,0.2857142857142857,11,0,0,0,1,0,0,1,0,0,0,0,1,0,0,0,0,0,1
1972,77981.0,1,0,78,138,120,204,16,126,60,3,7,4,7,5,0,0,0,0,0,0,0,54,13,1,3,664,21,0,31.61904761904762,12,0.14285714285714285,26,0,1,0,0,0,0,1,0,0,0,0,0,1,0,0,1,0,0
1964,62905.0,0,1,68,166,75,96,119,107,59,3,7,2,8,4,0,0,0,0,0,0,0,62,13,1,3,622,20,0,31.1,11,0.15,24,0,0,0,0,0,0,1,0,0,0,0,1,0,0,0,0,0,1
1979,13533.0,1,0,45,12,3,8,8,0,17,2,2,0,3,7,0,0,0,0,0,0,0,47,13,1,2,48,7,0,6.857142857142857,9,0.2857142857142857,14,0,0,0,0,0,1,0,0,0,0,0,1,0,0,1,0,0,0
1975,59481.0,0,1,47,178,3,85,71,66,58,2,3,3,8,2,0,0,0,0,0,0,0,51,13,1,3,461,16,0,28.8125,5,0.125,18,0,1,0,0,0,0,0,0,1,0,0,1,0,0,0,0,0,1
1977,72117.0,0,1,34,707,20,171,65,60,50,1,9,7,9,5,0,0,0,0,0,0,0,49,13,1,3,1073,26,0,41.26923076923077,14,0.038461538461538464,31,0,1,0,0,0,0,1,0,0,0,0,0,1,0,0,0,0,1
1986,21955.0,1,0,81,5,1,7,17,14,11,2,2,1,3,6,0,0,0,0,0,0,0,40,13,1,3,55,8,0,6.875,8,0.25,14,0,0,0,0,0,0,1,0,0,0,0,1,0,0,0,0,0,0
1956,67131.0,0,1,72,465,71,250,93,35,62,3,9,2,12,6,0,0,0,0,0,0,0,70,13,1,3,976,26,0,37.53846153846154,15,0.11538461538461539,32,0,1,0,0,0,0,1,0,0,0,0,1,0,0,0,0,0,1
1980,36802.0,1,0,23,16,1,2,0,0,1,1,1,0,3,5,0,0,0,0,0,0,0,46,12,1,2,20,5,0,4.0,6,0.2,10,0,0,0,1,0,0,0,1,0,0,0,1,0,0,0,0,0,1
1982,71853.0,0,0,29,358,108,413,141,97,32,1,2,8,6,1,0,0,0,0,0,0,0,44,13,0,2,1149,17,0,67.58823529411765,3,0.058823529411764705,18,0,1,0,0,0,0,0,0,1,0,0,0,0,0,0,1,0,0
1961,28249.0,0,0,80,1,9,7,2,14,10,1,2,0,3,6,0,0,0,0,0,0,0,65,12,0,2,43,6,0,7.166666666666667,8,0.16666666666666666,12,1,0,0,0,0,0,1,0,0,0,0,1,0,0,0,0,1,0
1975,47808.0,0,1,30,123,1,26,2,0,72,2,3,2,3,7,1,0,0,0,0,0,0,51,13,1,3,224,10,1,22.4,10,0.2,17,0,0,1,0,0,0,1,0,0,0,0,0,1,0,0,0,0,1
1974,25509.0,1,0,15,40,3,30,10,7,11,3,3,0,3,9,0,0,0,0,0,0,1,52,14,1,2,101,9,1,11.222222222222221,12,0.3333333333333333,18,0,0,0,1,0,1,0,0,0,0,0,0,1,0,0,0,0,1
1946,51012.0,0,0,86,102,9,63,2,9,24,1,4,1,4,6,0,0,0,0,0,0,0,80,13,0,2,209,10,0,20.9,10,0.1,16,0,0,0,1,0,0,1,0,0,0,0,0,1,0,0,0,0,1
1985,70596.0,0,0,68,347,44,534,17,0,26,1,3,5,12,2,0,0,0,0,0,0,0,41,14,0,1,968,21,0,46.095238095238095,5,0.047619047619047616,23,0,1,0,0,0,0,0,1,0,0,0,1,0,0,0,1,0,0
1952,85431.0,0,0,54,376,53,462,168,53,53,1,2,7,7,0,0,0,0,0,0,0,0,74,13,0,2,1165,17,0,68.52941176470588,2,0.058823529411764705,17,0,0,0,1,0,0,0,0,1,0,0,0,0,0,0,1,0,0
1967,42664.0,0,1,44,21,0,3,0,0,0,1,1,0,3,6,0,0,0,0,0,0,0,59,12,1,3,24,5,0,4.8,7,0.2,11,0,1,0,0,0,0,1,0,0,0,0,1,0,0,0,0,0,1
1955,42586.0,1,1,7,194,2,56,0,0,0,5,4,1,6,8,0,0,0,0,0,0,1,71,14,2,4,252,16,1,15.75,12,0.3125,24,0,1,0,0,0,0,0,0,1,0,0,1,0,0,0,0,0,1
1985,29760.0,1,0,87,64,4,68,7,5,17,4,3,1,4,8,0,0,0,0,0,0,0,41,14,1,2,165,12,0,13.75,11,0.3333333333333333,20,0,1,0,0,0,0,0,1,0,0,0,1,0,0,0,1,0,0
1977,28973.0,0,0,59,206,0,46,3,2,12,2,5,1,5,8,0,0,0,0,0,0,0,49,14,0,2,269,13,0,20.692307692307693,13,0.15384615384615385,21,0,0,0,1,0,0,1,0,0,0,0,0,1,0,0,0,0,1
1973,39435.0,1,0,16,71,0,18,0,0,13,1,3,1,2,7,0,0,0,0,0,0,0,53,13,1,3,102,7,0,14.571428571428571,10,0.14285714285714285,14,0,0,0,1,0,0,0,0,1,0,0,0,1,0,0,0,0,1
1984,65370.0,0,0,1,71,22,112,138,89,29,1,2,3,13,1,0,0,0,0,0,0,0,42,13,0,2,461,19,0,24.263157894736842,3,0.05263157894736842,20,0,0,0,0,0,0,1,0,0,0,0,1,0,0,0,0,0,0
1979,20194.0,1,0,64,0,4,7,11,10,15,2,2,0,3,6,0,0,0,0,0,0,0,47,14,1,2,47,7,0,6.714285714285714,8,0.2857142857142857,13,1,0,0,0,0,0,0,1,0,0,0,1,0,0,1,0,0,0
1976,42473.0,1,1,72,93,1,21,0,4,25,3,2,1,4,5,0,0,0,0,0,0,0,50,12,2,3,144,10,0,14.4,7,0.3,15,0,0,0,1,0,0,0,1,0,0,0,1,0,0,0,0,0,1
1968,64590.0,0,0,98,920,138,168,36,46,30,1,9,4,10,6,0,0,0,0,0,0,0,58,14,0,2,1338,24,0,55.75,15,0.041666666666666664,30,0,1,0,0,0,0,1,0,0,0,0,1,0,0,0,0,0,1
1959,71232.0,0,1,91,653,17,170,34,26,17,2,11,2,10,7,0,0,0,0,0,0,0,67,13,1,3,917,25,0,36.68,18,0.08,32,0,1,0,0,0,0,0,0,1,0,0,0,1,0,0,0,0,1
1971,34600.0,1,1,8,199,33,60,8,3,15,5,5,2,5,8,0,0,0,0,0,0,1,55,13,2,4,318,17,1,18.705882352941178,13,0.29411764705882354,25,0,1,0,0,0,0,0,0,1,0,0,0,1,0,0,0,0,1
1967,46904.0,1,1,20,153,4,56,0,9,31,4,5,1,4,8,0,0,0,0,0,0,0,59,14,2,3,253,14,0,18.071428571428573,13,0.2857142857142857,22,0,1,0,0,0,0,0,1,0,0,0,0,1,0,0,0,0,1
1973,49094.0,0,1,6,376,0,38,11,8,69,5,6,3,6,6,0,0,0,0,0,0,0,53,14,1,3,502,20,0,25.1,12,0.25,26,0,1,0,0,0,0,1,0,0,0,0,0,1,0,0,0,0,1
1983,36075.0,1,0,54,46,0,30,12,1,30,1,2,0,4,6,0,0,0,0,0,0,0,43,13,1,3,119,7,0,17.0,8,0.14285714285714285,13,0,1,0,0,0,0,0,0,1,0,0,1,0,0,0,0,0,1
1979,60839.0,1,1,72,600,21,128,223,150,128,13,2,2,12,8,0,0,0,0,0,0,0,47,14,2,4,1250,29,0,43.10344827586207,10,0.4482758620689655,37,0,0,0,0,0,0,0,0,1,0,0,1,0,0,0,0,0,1
1979,77298.0,0,1,46,425,115,292,23,35,79,1,6,6,11,3,0,0,0,0,0,0,0,47,13,1,3,969,24,0,40.375,9,0.041666666666666664,27,0,1,0,0,0,0,0,0,1,0,0,1,0,0,0,0,0,1
1950,34026.0,1,1,11,18,6,15,12,8,17,3,2,1,3,5,0,0,0,0,0,0,0,76,13,2,4,76,9,0,8.444444444444445,7,0.3333333333333333,14,0,1,0,0,0,0,0,0,1,0,0,1,0,0,0,0,0,1
1963,48918.0,1,1,21,52,0,9,0,0,1,2,1,0,4,4,0,0,0,0,0,0,0,63,12,2,3,62,7,0,8.857142857142858,5,0.2857142857142857,11,0,0,0,1,0,0,0,1,0,0,0,1,0,0,0,0,0,1
1962,82122.0,0,0,89,734,22,350,151,25,100,1,3,9,13,1,0,0,1,0,0,0,0,64,13,0,2,1382,26,1,53.15384615384615,4,0.038461538461538464,27,0,0,0,0,0,0,0,0,1,0,0,1,0,0,0,0,0,1
1976,37697.0,1,0,82,34,6,21,11,4,8,1,2,1,3,6,0,0,0,0,0,0,0,50,12,1,2,84,7,0,12.0,8,0.14285714285714285,13,0,1,0,0,0,0,0,1,0,0,0,1,0,0,0,0,0,1
1952,34074.0,1,1,69,135,1,41,10,1,67,5,3,3,3,6,1,0,0,0,0,0,0,74,13,2,4,255,14,1,18.214285714285715,9,0.35714285714285715,20,0,1,0,0,0,0,0,0,1,0,0,0,1,0,0,0,0,1
1960,28520.0,1,1,55,11,0,10,0,2,20,1,1,1,2,6,0,0,0,0,0,0,0,66,13,2,4,43,5,0,8.6,7,0.2,11,0,0,1,0,0,0,1,0,0,0,0,1,0,0,1,0,0,0
1955,62535.0,0,1,13,163,48,90,0,45,52,1,3,2,8,3,0,0,0,0,0,0,0,71,13,1,2,398,14,0,28.428571428571427,6,0.07142857142857142,17,0,1,0,0,0,0,0,1,0,0,0,1,0,0,0,0,0,1
1977,36273.0,1,0,80,29,3,30,3,2,9,2,3,0,3,6,0,0,0,0,0,0,0,49,12,1,2,76,8,0,9.5,9,0.25,14,0,0,1,0,0,0,0,1,0,0,0,0,1,0,0,1,0,0
1964,63404.0,0,2,97,734,26,70,11,44,17,2,6,3,4,4,0,0,0,1,0,0,0,62,12,2,4,902,15,1,60.13333333333333,10,0.13333333333333333,19,0,1,0,0,0,0,0,0,1,0,0,0,1,0,0,0,0,1
1981,75774.0,1,0,27,340,21,134,258,14,56,1,7,5,8,4,0,0,0,0,0,0,0,45,12,1,3,823,21,0,39.19047619047619,11,0.047619047619047616,25,0,0,0,0,0,0,0,0,1,0,0,1,0,0,0,0,0,1
1976,78416.0,0,1,99,453,38,279,188,38,183,2,7,7,10,3,0,0,0,0,0,0,0,50,12,1,3,1179,26,0,45.34615384615385,10,0.07692307692307693,29,0,1,0,0,0,0,0,0,1,0,0,1,0,0,0,0,0,1
1974,75702.0,0,1,87,1073,0,629,145,37,37,1,10,5,13,6,0,0,1,0,0,0,0,52,14,1,3,1921,29,1,66.24137931034483,16,0.034482758620689655,35,0,1,0,0,0,0,0,0,1,0,0,1,0,0,0,0,0,1
1951,59385.0,1,1,85,135,0,10,0,4,36,2,3,1,4,5,0,0,0,0,0,0,0,75,13,2,4,185,10,0,18.5,8,0.2,15,0,0,1,0,0,0,0,0,1,0,0,1,0,0,0,0,0,1
1966,37070.0,1,1,30,231,7,137,4,15,39,9,5,1,8,7,0,0,0,0,0,0,1,60,13,2,3,433,23,1,18.82608695652174,12,0.391304347826087,30,0,1,0,0,0,0,0,1,0,0,0,1,0,0,0,0,0,1
1951,44689.0,1,1,82,18,0,5,0,0,11,2,1,1,2,7,1,0,0,0,0,0,0,75,12,2,4,34,6,1,5.666666666666667,8,0.3333333333333333,13,0,1,0,0,0,0,1,0,0,0,0,1,0,0,0,0,0,1
1958,53977.0,0,1,21,620,16,165,0,24,82,5,5,5,12,5,0,0,0,0,0,0,0,68,13,1,3,907,27,0,33.592592592592595,10,0.18518518518518517,32,0,1,0,0,0,0,0,0,1,0,0,1,0,0,0,0,0,1
1966,7144.0,0,2,92,81,4,33,5,2,291,0,23,1,1,0,0,0,0,0,0,0,0,60,13,2,3,416,25,0,16.64,23,0.0,25,0,0,0,1,0,0,0,1,0,0,0,0,1,0,1,0,0,0
1964,18701.0,1,1,95,12,4,2,10,6,10,4,2,0,4,5,0,0,0,0,0,0,0,62,13,2,3,44,10,0,4.4,7,0.4,15,0,1,0,0,0,0,0,1,0,0,0,1,0,0,0,0,0,1
1956,90369.0,0,0,2,292,51,981,224,23,17,1,4,6,6,1,0,0,0,0,0,0,1,70,12,0,2,1588,17,1,93.41176470588235,5,0.058823529411764705,18,0,1,0,0,0,0,1,0,0,0,0,0,0,0,0,1,0,0
1974,63159.0,0,0,74,965,34,586,89,86,37,1,3,5,8,3,1,0,0,0,0,0,0,52,14,0,1,1797,17,1,105.70588235294117,6,0.058823529411764705,20,0,0,0,1,0,0,0,1,0,0,0,1,0,0,0,0,0,1
1966,37758.0,1,1,49,27,2,10,0,0,1,2,1,0,3,8,0,0,0,0,0,0,0,60,14,2,4,40,6,0,6.666666666666667,9,0.3333333333333333,14,0,1,0,0,0,0,0,0,1,0,0,1,0,0,0,0,0,1
1963,46757.0,0,1,71,777,30,163,0,51,122,6,4,4,7,9,0,0,0,0,0,0,0,63,14,1,2,1143,21,0,54.42857142857143,13,0.2857142857142857,30,0,0,0,1,0,0,0,1,0,0,0,1,0,0,0,0,0,1
1969,79734.0,0,0,72,572,8,232,23,62,17,1,4,3,6,1,0,0,0,1,0,0,0,57,12,0,2,914,14,1,65.28571428571429,5,0.07142857142857142,15,0,0,1,0,0,0,1,0,0,0,0,1,0,0,0,0,0,1
1992,63207.0,0,0,68,438,169,565,91,169,70,1,2,3,6,7,0,0,0,1,0,0,0,34,13,0,2,1502,12,1,125.16666666666667,9,0.08333333333333333,19,0,1,0,0,0,0,0,0,1,0,0,1,0,0,0,1,0,0
1954,72071.0,0,1,4,531,69,300,150,138,150,3,5,4,8,2,0,0,0,0,0,0,0,72,13,1,2,1338,20,0,66.9,7,0.15,22,0,1,0,0,0,1,0,0,0,0,0,1,0,0,0,0,0,1
1983,21840.0,1,0,80,17,0,9,0,0,1,1,1,0,3,9,0,0,0,0,0,0,0,43,13,1,3,27,5,0,5.4,10,0.2,14,0,0,0,1,0,0,0,0,1,0,0,1,0,0,0,0,0,1
1982,58582.0,0,1,15,402,35,106,101,77,42,2,9,2,9,5,0,1,0,0,0,0,0,44,13,1,3,763,22,1,34.68181818181818,14,0.09090909090909091,27,0,0,0,0,0,0,0,0,1,0,0,0,1,0,0,0,0,1
1951,72282.0,0,0,70,503,27,419,90,139,153,1,5,7,9,7,0,0,0,0,0,0,1,75,13,0,1,1331,22,1,60.5,12,0.045454545454545456,29,0,1,0,0,0,0,0,1,0,0,0,1,0,0,0,0,0,1
1956,50387.0,0,2,91,369,9,87,12,14,34,3,6,2,8,5,0,0,0,0,0,0,0,70,13,2,4,525,19,0,27.63157894736842,11,0.15789473684210525,24,0,1,0,0,0,0,1,0,0,0,0,1,0,0,0,0,0,1
1961,32583.0,1,1,10,5,0,3,0,0,1,1,1,0,2,7,0,0,0,0,0,0,0,65,12,2,4,9,4,0,2.25,8,0.25,11,0,0,0,1,0,0,0,0,1,0,0,1,0,0,0,0,0,1
1962,62568.0,0,1,99,362,17,398,80,35,61,3,5,3,5,4,0,0,0,1,0,0,0,64,12,1,3,953,16,1,59.5625,9,0.1875,20,0,1,0,0,0,0,0,0,1,0,0,0,1,0,0,1,0,0
1971,44635.0,1,1,25,56,0,9,0,0,3,2,2,0,3,7,0,0,0,0,0,0,0,55,13,2,3,68,7,0,9.714285714285714,9,0.2857142857142857,14,0,0,1,0,0,1,0,0,0,0,0,1,0,0,0,0,0,1
1971,33316.0,1,1,34,79,1,31,4,4,12,3,2,1,4,6,0,0,0,0,0,0,0,55,13,2,3,131,10,0,13.1,8,0.3,16,0,0,1,0,0,0,0,1,0,0,0,1,0,0,0,0,0,1
1968,63967.0,0,1,57,387,84,141,73,35,162,3,4,4,12,2,0,0,0,0,0,0,0,58,13,1,3,882,23,0,38.34782608695652,6,0.13043478260869565,25,0,1,0,0,0,0,1,0,0,0,0,1,0,0,0,0,0,1
1978,52513.0,0,0,84,367,17,241,104,188,232,2,9,5,9,7,0,0,0,0,0,0,0,48,14,0,2,1149,25,0,45.96,16,0.08,32,0,0,0,0,0,0,0,0,1,0,0,0,1,0,0,0,0,1
1969,25293.0,1,0,51,15,0,11,0,2,9,1,1,1,2,8,0,0,0,0,0,0,0,57,13,1,3,37,5,0,7.4,9,0.2,13,0,1,0,0,0,0,1,0,0,0,0,1,0,0,0,0,0,1
1965,54111.0,0,1,97,267,6,54,8,3,50,2,5,2,6,5,0,0,0,0,0,0,0,61,13,1,2,388,15,0,25.866666666666667,10,0.13333333333333333,20,0,0,0,1,0,0,0,0,0,1,0,1,0,0,0,0,0,1
1986,78394.0,0,0,13,298,27,697,216,24,166,1,4,6,5,2,0,0,0,0,0,0,1,40,13,0,2,1428,16,1,89.25,6,0.0625,18,0,1,0,0,0,0,0,0,1,0,0,0,0,0,0,1,0,0
1958,80739.0,0,0,92,674,92,736,39,0,92,1,3,11,9,1,0,0,0,0,0,0,0,68,13,0,2,1633,24,0,68.04166666666667,4,0.041666666666666664,25,0,0,1,0,0,0,1,0,0,0,0,0,0,0,0,1,0,0
1975,22669.0,1,0,30,16,14,36,37,22,48,3,4,1,2,9,0,0,0,0,0,0,1,51,13,1,3,173,10,1,17.3,13,0.3,19,0,0,1,0,0,0,0,0,1,0,0,0,1,0,1,0,0,0
1987,29236.0,1,0,30,37,4,24,16,9,9,2,4,0,3,9,0,0,0,0,0,0,0,39,13,1,2,99,9,0,11.0,13,0.2222222222222222,18,0,1,0,0,0,0,0,1,0,0,0,0,1,0,0,0,0,1
1959,44911.0,0,1,11,159,0,22,2,1,31,3,4,1,4,7,0,0,0,0,0,0,0,67,13,1,3,215,12,0,17.916666666666668,11,0.25,19,0,1,0,0,0,0,0,0,1,0,0,0,1,0,0,0,0,1
1962,54693.0,0,1,72,686,17,142,23,26,35,8,6,4,13,6,0,0,0,0,0,0,0,64,13,1,3,929,31,0,29.967741935483872,12,0.25806451612903225,37,0,0,0,1,0,0,1,0,0,0,0,1,0,0,0,0,0,1
1974,48186.0,1,0,39,97,3,66,12,7,34,3,4,1,4,7,0,0,0,0,0,0,0,52,12,1,3,219,12,0,18.25,11,0.25,19,0,1,0,0,0,0,0,0,1,0,0,0,1,0,0,0,0,1
1977,54809.0,1,1,0,63,6,57,13,13,22,4,2,1,5,4,0,0,0,0,0,0,1,49,13,2,4,174,12,1,14.5,6,0.3333333333333333,16,0,1,0,0,0,0,1,0,0,0,0,1,0,0,0,0,0,1
1978,41580.0,1,1,15,56,5,24,4,0,3,3,2,1,3,5,0,0,0,0,0,0,0,48,14,2,4,92,9,0,10.222222222222221,7,0.3333333333333333,14,0,1,0,0,0,0,0,0,1,0,0,1,0,0,0,0,0,1
1970,80336.0,0,0,12,209,19,456,160,142,66,1,2,9,13,1,0,0,0,0,0,0,0,56,13,0,2,1052,25,0,42.08,3,0.04,26,0,0,0,1,0,0,1,0,0,0,0,1,0,0,0,1,0,0
1957,47743.0,0,1,56,198,2,43,0,12,20,3,4,1,6,6,0,1,0,0,0,0,0,69,13,1,3,275,14,1,19.642857142857142,10,0.21428571428571427,20,0,1,0,0,0,0,1,0,0,0,0,1,0,0,0,0,0,1
1955,62972.0,0,1,39,313,15,47,20,0,192,2,7,4,3,6,0,0,0,0,0,0,0,71,14,1,3,587,16,0,36.6875,13,0.125,22,0,0,0,0,0,0,1,0,0,0,0,0,1,0,0,0,0,1
1954,57333.0,0,1,55,941,14,397,76,58,176,11,8,5,9,6,0,0,0,0,0,0,1,72,14,1,2,1662,33,1,50.36363636363637,14,0.3333333333333333,39,0,0,0,1,0,1,0,0,0,0,0,1,0,0,0,0,0,1
1982,32313.0,1,0,60,86,4,56,2,4,7,3,4,0,4,9,0,0,0,0,0,0,0,44,13,1,3,159,11,0,14.454545454545455,13,0.2727272727272727,20,0,0,0,1,0,0,0,0,1,0,0,0,1,0,0,0,0,1
1953,84953.0,0,0,73,167,48,602,63,72,72,1,3,10,4,2,0,1,1,1,0,0,1,73,13,0,1,1024,18,4,56.888888888888886,5,0.05555555555555555,20,0,0,1,0,0,0,0,0,0,1,0,0,0,0,0,1,0,0
1968,27071.0,1,0,90,8,3,19,0,2,3,2,2,0,3,6,0,0,0,0,0,0,0,58,12,1,2,35,7,0,5.0,8,0.2857142857142857,13,0,0,1,0,0,1,0,0,0,0,0,1,0,0,0,1,0,0
1957,68148.0,0,0,86,389,66,408,37,57,85,1,4,4,6,2,0,0,0,0,0,0,0,69,13,0,2,1042,15,0,69.46666666666667,6,0.06666666666666667,17,0,0,1,0,0,0,0,0,1,0,0,1,0,0,0,1,0,0
1965,65735.0,1,1,37,239,7,119,4,15,11,5,6,2,6,7,0,0,0,0,0,0,0,61,13,2,4,395,19,0,20.789473684210527,13,0.2631578947368421,26,0,0,1,0,0,0,0,0,1,0,0,0,1,0,0,0,0,1
1975,86836.0,0,0,7,179,21,273,0,21,63,1,6,10,6,5,1,0,1,1,0,0,1,51,14,0,2,557,23,4,24.217391304347824,11,0.043478260869565216,28,0,0,0,1,0,0,1,0,0,0,0,0,0,0,0,1,0,0
1963,4023.0,1,1,29,5,0,1,1,1,1,15,0,0,0,19,0,0,0,0,0,0,0,63,12,2,4,9,15,0,0.6,19,1.0,34,0,0,0,1,0,0,1,0,0,0,0,0,1,0,0,0,0,1
1990,30093.0,0,0,19,2,6,28,13,4,16,1,2,0,3,7,0,0,0,0,0,0,0,36,13,0,2,69,6,0,11.5,9,0.16666666666666666,13,0,1,0,0,0,0,1,0,0,0,0,1,0,0,0,1,0,0
1966,57705.0,0,1,14,383,0,53,6,4,40,3,8,1,6,6,0,0,0,0,0,0,0,60,12,1,3,486,18,0,27.0,14,0.16666666666666666,24,0,0,0,1,0,0,1,0,0,0,0,0,1,0,0,0,0,1
1988,25008.0,1,0,72,2,8,8,6,1,9,2,1,0,3,8,0,0,0,0,0,0,0,38,12,1,2,34,6,0,5.666666666666667,9,0.3333333333333333,14,0,1,0,0,0,0,0,1,0,0,0,1,0,0,1,0,0,0
1995,83257.0,0,0,56,536,27,590,38,107,67,1,5,10,12,6,1,0,1,0,0,1,1,31,14,0,1,1365,28,3,48.75,11,0.03571428571428571,34,0,0,0,0,0,0,0,1,0,0,0,1,0,0,0,1,0,0
1975,22280.0,1,0,85,2,1,4,3,1,2,1,1,0,2,8,0,0,0,0,0,0,0,51,13,1,3,13,4,0,3.25,9,0.25,12,0,1,0,0,0,0,0,0,1,0,0,1,0,0,0,1,0,0
1978,72159.0,0,0,62,322,53,899,34,40,53,1,4,6,10,2,0,0,0,0,0,0,0,48,14,0,2,1401,21,0,66.71428571428571,6,0.047619047619047616,23,0,0,0,1,0,0,1,0,0,0,0,1,0,0,0,1,0,0
1961,64260.0,0,0,1,539,169,816,20,0,30,1,4,5,4,3,0,0,0,0,0,0,1,65,13,0,2,1574,14,1,112.42857142857143,7,0.07142857142857142,17,0,1,0,0,0,0,0,0,1,0,0,0,0,0,0,1,0,0
1984,82733.0,0,0,28,712,50,420,65,38,38,1,8,4,7,4,0,0,0,0,0,0,1,42,13,0,1,1323,20,1,66.15,12,0.05,24,0,0,0,1,0,0,0,1,0,0,0,0,1,0,0,0,0,1
1971,74290.0,0,1,70,1121,0,72,0,12,12,4,10,8,10,6,0,1,0,1,0,0,0,55,13,1,2,1217,32,2,38.03125,16,0.125,38,0,0,1,0,0,1,0,0,0,0,0,0,1,0,0,0,0,1
1951,58217.0,2,1,84,68,1,13,3,5,13,1,2,0,4,6,0,0,0,0,0,0,0,75,14,3,4,103,7,0,14.714285714285714,8,0.14285714285714285,13,0,0,1,0,0,0,0,1,0,0,0,1,0,0,0,0,0,1
1976,21024.0,0,0,89,36,4,18,6,2,18,1,2,0,4,7,0,0,0,0,0,0,0,50,13,0,2,84,7,0,12.0,9,0.14285714285714285,14,0,0,1,0,0,0,0,0,1,0,0,1,0,0,0,0,0,1
1972,70116.0,0,0,73,707,44,603,95,58,29,1,2,8,12,1,0,0,0,0,0,0,0,54,13,0,2,1536,23,0,66.78260869565217,3,0.043478260869565216,24,0,0,0,1,0,0,1,0,0,0,0,1,0,0,0,0,0,1
1985,54006.0,1,0,42,174,77,203,6,24,97,2,8,1,7,7,0,0,0,0,0,0,0,41,14,1,3,581,18,0,32.27777777777778,15,0.1111111111111111,25,0,1,0,0,0,0,0,0,1,0,0,0,1,0,0,1,0,0
1966,69063.0,0,1,16,666,35,124,69,8,26,1,5,3,5,3,0,0,0,0,0,0,0,60,14,1,3,928,14,0,66.28571428571429,8,0.07142857142857142,17,0,0,0,1,0,0,1,0,0,0,0,0,1,0,0,0,0,1
1975,11448.0,0,0,16,0,0,0,6,2,6,1,1,0,2,6,0,0,0,0,0,0,0,51,13,0,1,14,4,0,3.5,7,0.25,10,0,0,0,0,0,1,0,0,0,0,0,1,0,0,0,0,0,0
1979,61825.0,0,1,56,162,50,100,55,30,27,1,4,2,8,4,0,0,0,0,0,0,0,47,13,1,2,424,15,0,28.266666666666666,8,0.06666666666666667,19,0,1,0,0,0,0,0,1,0,0,0,1,0,0,0,0,0,1
1971,70886.0,1,0,65,407,70,239,103,88,53,1,5,4,4,2,0,0,0,0,0,0,0,55,13,1,3,960,14,0,68.57142857142857,7,0.07142857142857142,16,0,1,0,0,0,0,1,0,0,0,0,0,1,0,0,0,0,1
1982,69109.0,0,0,10,823,25,459,124,29,95,1,6,6,7,4,0,0,1,0,0,0,1,44,14,0,2,1555,20,2,77.75,10,0.05,24,0,1,0,0,0,0,1,0,0,0,0,1,0,0,0,0,0,1
1973,60208.0,1,1,13,488,23,71,15,0,59,11,8,3,7,7,0,1,0,0,0,0,1,53,14,2,3,656,29,2,22.620689655172413,15,0.3793103448275862,36,0,1,0,0,0,0,0,0,0,1,0,0,1,0,0,0,0,1
1968,32889.0,1,1,78,28,0,13,4,2,8,3,2,1,3,5,0,0,0,0,0,0,0,58,13,2,4,55,9,0,6.111111111111111,7,0.3333333333333333,14,0,0,1,0,0,0,0,0,1,0,0,1,0,0,0,0,0,1
1984,34738.0,1,0,51,3,2,10,3,0,2,1,1,0,3,6,0,0,0,0,0,0,0,42,12,1,2,20,5,0,4.0,7,0.2,11,0,1,0,0,0,0,0,1,0,0,0,1,0,0,0,1,0,0
1971,30538.0,1,0,27,284,0,52,8,3,20,4,9,0,4,10,0,0,0,0,0,0,0,55,14,1,3,367,17,0,21.58823529411765,19,0.23529411764705882,27,0,0,1,0,0,0,0,0,1,0,0,0,1,0,0,0,0,1
1977,82326.0,0,0,30,938,142,754,159,81,183,1,5,10,6,2,0,1,1,1,0,0,1,49,12,0,2,2257,22,4,102.5909090909091,7,0.045454545454545456,24,0,0,0,0,0,0,0,0,1,0,0,0,0,0,0,0,0,1
1967,26642.0,1,0,71,13,2,15,2,2,8,2,2,0,3,6,0,0,0,0,0,0,0,59,12,1,2,42,7,0,6.0,8,0.2857142857142857,13,0,0,0,1,0,1,0,0,0,0,0,1,0,0,0,1,0,0
1964,69932.0,0,1,97,412,172,153,150,105,57,2,7,6,11,4,0,0,0,0,0,0,0,62,13,1,2,1049,26,0,40.34615384615385,11,0.07692307692307693,30,0,1,0,0,0,1,0,0,0,0,0,1,0,0,0,0,0,1
1972,44503.0,1,1,83,31,1,8,0,0,8,2,2,0,3,6,0,0,0,0,0,0,0,54,12,2,3,48,7,0,6.857142857142857,8,0.2857142857142857,13,0,1,0,0,0,0,0,1,0,0,0,1,0,0,0,0,0,1
1948,60200.0,0,1,3,502,19,132,0,6,26,6,6,2,11,6,0,0,0,0,0,0,0,78,13,1,2,685,25,0,27.4,12,0.24,31,0,0,0,1,0,0,0,1,0,0,0,1,0,0,0,0,0,1
1952,49638.0,0,1,71,18,10,3,3,5,0,1,1,0,3,2,0,0,0,0,0,0,0,74,12,1,2,39,5,0,7.8,3,0.2,7,0,1,0,0,0,1,0,0,0,0,0,1,0,0,0,0,0,1
1987,23830.0,0,0,3,1,8,6,4,8,16,1,1,0,3,7,0,0,0,0,0,0,0,39,12,0,1,43,5,0,8.6,8,0.2,12,0,0,0,0,0,0,0,1,0,0,0,1,0,0,1,0,0,0
1959,33051.0,0,0,15,100,71,243,108,94,219,3,9,1,8,9,0,0,0,0,0,0,1,67,14,0,1,835,21,1,39.76190476190476,18,0.14285714285714285,30,0,0,1,0,0,0,0,0,0,1,0,0,1,0,0,1,0,0
1958,72905.0,0,0,52,407,114,445,181,165,203,1,3,7,9,1,0,0,0,1,0,0,0,68,12,0,2,1515,20,1,75.75,4,0.05,21,0,1,0,0,0,0,1,0,0,0,0,1,0,0,0,1,0,0
1951,69702.0,0,1,8,664,9,240,50,19,57,2,7,7,10,4,0,0,0,0,0,0,0,75,13,1,3,1039,26,0,39.96153846153846,11,0.07692307692307693,30,0,0,0,1,0,0,0,0,1,0,0,1,0,0,0,0,0,1
1975,70300.0,1,0,89,1045,61,338,60,46,46,3,5,5,13,8,0,0,0,0,0,0,0,51,13,1,2,1596,26,0,61.38461538461539,13,0.11538461538461539,34,0,1,0,0,0,1,0,0,0,0,0,1,0,0,0,0,0,1
1984,70643.0,0,0,66,1218,107,304,23,143,33,1,5,8,4,6,0,0,0,0,0,0,1,42,14,0,2,1828,18,1,101.55555555555556,11,0.05555555555555555,24,0,0,0,1,0,0,1,0,0,0,0,0,0,0,0,0,0,1
1969,30396.0,1,0,22,15,0,6,0,1,12,2,1,1,2,7,1,0,0,0,0,0,1,57,12,1,3,34,6,2,5.666666666666667,8,0.3333333333333333,13,0,0,0,1,0,0,1,0,0,0,0,1,0,0,0,0,0,1
1968,50616.0,0,1,56,128,0,16,0,1,4,2,4,0,4,7,0,0,0,0,0,0,0,58,12,1,2,149,10,0,14.9,11,0.2,17,0,0,0,1,0,1,0,0,0,0,0,0,1,0,0,0,0,1
1969,62772.0,0,1,74,581,49,157,43,8,108,1,5,6,11,2,0,1,0,0,0,0,0,57,13,1,2,946,23,1,41.130434782608695,7,0.043478260869565216,25,0,0,1,0,0,0,0,1,0,0,0,1,0,0,0,0,0,1
1985,30298.0,0,0,48,6,3,12,6,1,0,1,1,1,3,3,0,0,0,0,0,0,0,41,12,0,1,28,6,0,4.666666666666667,4,0.16666666666666666,9,0,0,0,1,0,0,0,1,0,0,0,1,0,0,0,1,0,0
1984,52413.0,1,0,67,185,8,133,56,56,12,2,7,1,7,7,0,0,0,0,0,0,0,42,14,1,2,450,17,0,26.470588235294116,14,0.11764705882352941,24,0,1,0,0,0,0,0,1,0,0,0,0,1,0,0,0,0,1
1957,44155.0,1,1,24,22,1,9,0,0,14,1,1,1,2,4,0,0,0,0,0,0,0,69,12,2,4,46,5,0,9.2,5,0.2,9,0,0,0,1,0,0,1,0,0,0,0,1,0,0,0,0,0,1
1971,86979.0,0,0,67,584,100,835,65,83,35,1,5,5,5,2,1,0,0,0,0,0,1,55,13,0,1,1702,16,2,106.375,7,0.0625,18,0,0,0,1,0,1,0,0,0,0,0,0,1,0,0,1,0,0
1975,76532.0,1,1,38,355,30,177,90,138,30,4,9,5,7,5,0,0,0,0,0,0,0,51,13,2,4,820,25,0,32.8,14,0.16,30,0,1,0,0,0,0,0,0,1,0,0,0,1,0,0,0,0,1
1982,42081.0,1,0,86,175,10,110,54,6,27,2,6,3,4,6,1,0,0,0,0,0,0,44,13,1,3,382,15,1,25.466666666666665,12,0.13333333333333333,21,0,1,0,0,0,0,1,0,0,0,0,0,1,0,0,0,0,1
1988,67546.0,0,0,90,864,134,768,150,38,172,1,4,10,5,3,0,0,0,0,0,0,0,38,14,0,2,2126,20,0,106.3,7,0.05,23,0,0,0,1,0,0,1,0,0,0,0,0,0,0,0,0,0,1
1989,88420.0,0,0,87,957,153,612,99,95,153,1,4,7,8,1,1,0,1,1,0,0,0,37,12,0,2,2069,20,3,103.45,5,0.05,21,0,0,1,0,0,0,0,0,1,0,0,1,0,0,0,0,0,1
1985,31158.0,1,0,62,25,6,16,20,0,5,2,2,0,3,8,0,0,0,0,0,0,0,41,13,1,3,72,7,0,10.285714285714286,10,0.2857142857142857,15,0,1,0,0,0,0,1,0,0,0,0,1,0,0,0,0,0,1
1968,61671.0,0,1,23,641,7,56,0,0,28,8,10,4,6,8,0,1,0,1,0,0,0,58,12,1,2,732,28,2,26.142857142857142,18,0.2857142857142857,36,0,1,0,0,0,1,0,0,0,0,0,0,1,0,0,0,0,1
1974,69719.0,0,0,99,273,86,208,177,14,43,1,2,3,5,1,0,0,0,0,0,0,0,52,12,0,1,801,11,0,72.81818181818181,3,0.09090909090909091,12,0,1,0,0,0,0,0,1,0,0,0,1,0,0,0,0,0,1
1949,49160.0,0,1,29,122,21,43,25,10,15,2,3,1,6,6,0,0,0,0,0,0,0,77,13,1,2,236,12,0,19.666666666666668,9,0.16666666666666666,18,0,1,0,0,0,1,0,0,0,0,0,1,0,0,0,0,0,1
1978,24882.0,1,0,52,1,4,10,29,0,36,1,1,1,2,6,1,0,0,0,0,0,0,48,14,1,3,80,5,1,16.0,7,0.2,11,1,0,0,0,0,0,0,0,1,0,0,1,0,0,1,0,0,0
1954,90933.0,0,0,90,1020,31,430,62,63,79,1,4,6,4,1,0,0,1,0,0,0,0,72,12,0,1,1685,15,1,112.33333333333333,5,0.06666666666666667,16,0,0,0,1,0,0,0,1,0,0,0,0,0,0,0,0,0,1
1945,113734.0,0,0,9,6,2,3,1,262,3,0,27,0,0,1,0,0,0,0,0,0,0,81,12,0,1,277,27,0,10.25925925925926,28,0.0,28,0,0,0,1,0,0,0,1,0,0,0,0,1,0,0,0,1,0
1950,59292.0,0,1,71,378,14,68,19,14,14,2,3,5,8,3,0,0,0,0,0,0,0,76,13,1,3,507,18,0,28.166666666666668,6,0.1111111111111111,21,0,0,0,1,0,0,0,0,1,0,0,1,0,0,0,0,0,1
1964,45759.0,1,1,13,42,1,18,3,0,4,2,2,0,3,7,0,0,0,0,0,0,0,62,13,2,4,68,7,0,9.714285714285714,9,0.2857142857142857,14,0,0,0,1,0,0,1,0,0,0,0,1,0,0,0,0,0,1
1983,22148.0,0,0,16,15,5,14,0,4,11,1,1,0,3,7,0,0,0,0,0,0,0,43,12,0,1,49,5,0,9.8,8,0.2,12,0,1,0,0,0,0,0,1,0,0,0,1,0,0,0,0,0,1
1987,73395.0,0,0,94,272,7,80,20,7,11,1,4,4,6,2,0,0,0,0,0,0,0,39,12,0,2,397,15,0,26.466666666666665,6,0.06666666666666667,17,0,0,1,0,0,0,1,0,0,0,0,1,0,0,0,0,0,1
1971,29819.0,1,0,77,9,1,24,2,1,2,3,3,0,3,6,0,0,0,0,0,0,0,55,13,1,2,39,9,0,4.333333333333333,9,0.3333333333333333,15,0,1,0,0,0,1,0,0,0,0,0,0,1,0,0,1,0,0
1968,45688.0,0,1,20,279,0,18,0,0,9,2,3,1,8,4,0,1,0,0,0,0,0,58,12,1,3,306,14,1,21.857142857142858,7,0.14285714285714285,18,0,1,0,0,0,0,1,0,0,0,0,1,0,0,0,0,0,1
1954,62820.0,0,0,51,398,61,265,138,61,53,1,3,4,6,1,0,0,0,0,0,0,0,72,13,0,2,976,14,0,69.71428571428571,4,0.07142857142857142,15,0,1,0,0,0,0,1,0,0,0,0,1,0,0,0,0,0,1
1971,60491.0,0,1,81,637,47,237,12,19,76,4,6,11,7,5,0,0,0,0,0,0,0,55,13,1,3,1028,28,0,36.714285714285715,11,0.14285714285714285,33,0,0,0,1,0,0,1,0,0,0,0,0,0,0,0,0,0,1
1986,33235.0,1,0,71,45,0,16,2,1,6,1,3,0,3,7,0,0,0,0,0,0,0,40,12,1,3,70,7,0,10.0,10,0.14285714285714285,14,0,1,0,0,0,0,0,0,1,0,0,0,1,0,0,0,0,1
1959,35701.0,0,0,36,21,1,9,7,3,5,1,1,0,3,6,0,0,0,0,0,0,0,67,13,0,2,46,5,0,9.2,7,0.2,11,0,1,0,0,0,0,1,0,0,0,0,1,0,0,0,0,0,1
1980,31535.0,1,0,95,15,4,13,0,0,19,1,1,1,2,7,1,0,0,0,0,0,0,46,13,1,3,51,5,1,10.2,8,0.2,12,0,0,1,0,0,0,1,0,0,0,0,1,0,0,1,0,0,0
1960,92556.0,0,0,32,493,183,352,184,23,28,0,3,5,13,0,0,0,0,0,0,0,0,66,12,0,2,1263,21,0,60.142857142857146,3,0.0,21,0,0,0,0,0,0,0,0,1,0,0,1,0,0,0,0,0,1
1970,67384.0,0,1,32,957,40,175,158,53,107,2,7,8,5,5,0,1,0,0,0,0,0,56,14,1,2,1490,22,1,67.72727272727273,12,0.09090909090909091,27,0,1,0,0,0,0,0,1,0,0,0,0,0,0,0,0,0,1
1971,80573.0,0,0,85,829,138,430,60,92,15,1,4,6,13,2,0,0,0,0,0,0,0,55,14,0,2,1564,24,0,65.16666666666667,6,0.041666666666666664,26,0,0,1,0,0,0,0,0,1,0,0,1,0,0,0,0,0,1
1967,77870.0,0,1,93,1017,50,500,65,50,133,3,5,5,5,8,0,1,0,1,0,0,1,59,14,1,3,1815,18,3,100.83333333333333,13,0.16666666666666666,26,0,1,0,0,0,0,1,0,0,0,0,0,1,0,0,0,0,1
1963,52278.0,0,1,24,953,0,71,0,0,174,6,10,5,10,8,0,0,0,0,0,0,0,63,13,1,2,1198,31,0,38.645161290322584,18,0.1935483870967742,39,0,0,0,1,0,0,0,0,0,1,0,0,1,0,0,0,0,1
1968,57107.0,0,1,44,159,0,120,0,0,137,7,4,4,8,8,0,1,0,0,1,0,1,58,14,1,2,416,23,3,18.08695652173913,12,0.30434782608695654,31,0,1,0,0,0,0,0,1,0,0,0,1,0,0,0,0,0,1
1990,18929.0,0,0,15,32,0,8,23,4,18,1,1,0,4,6,0,0,0,0,0,0,0,36,13,0,2,85,6,0,14.166666666666666,7,0.16666666666666666,12,0,1,0,0,0,0,1,0,0,0,0,1,0,0,0,0,0,1
1981,36038.0,1,0,82,23,0,15,0,2,7,2,3,0,3,6,0,0,0,0,0,0,0,45,13,1,2,47,8,0,5.875,9,0.25,14,0,0,0,1,0,0,0,1,0,0,0,0,1,0,0,0,0,1
1976,20180.0,0,0,27,18,42,24,15,20,18,1,2,1,4,7,0,0,0,0,0,0,0,50,13,0,1,137,8,0,17.125,9,0.125,15,0,1,0,0,0,0,0,1,0,0,0,1,0,1,0,0,0,0
1965,34230.0,1,1,72,15,0,4,0,0,2,1,1,0,2,7,0,0,0,0,0,0,0,61,14,2,4,21,4,0,5.25,8,0.25,11,0,0,0,1,0,0,0,0,1,0,0,1,0,0,0,0,0,1
1977,31878.0,0,1,7,23,4,5,10,5,23,1,1,0,4,3,0,0,0,0,0,0,0,49,12,1,2,70,6,0,11.666666666666666,4,0.16666666666666666,9,0,0,0,0,0,0,0,1,0,0,0,1,0,0,0,0,0,1
1972,70932.0,0,1,57,200,193,100,46,185,185,2,6,2,12,3,0,0,0,0,0,0,0,54,12,1,3,909,22,0,41.31818181818182,9,0.09090909090909091,25,0,0,0,0,0,0,1,0,0,0,0,1,0,0,0,0,0,1
1956,91249.0,0,0,84,1324,27,119,71,108,27,0,7,9,6,4,0,1,1,1,1,0,1,70,14,0,1,1676,22,5,76.18181818181819,11,0.0,26,0,1,0,0,0,0,0,1,0,0,0,0,0,0,0,0,0,1
1943,77598.0,0,0,53,1193,33,281,129,66,33,1,7,5,13,3,0,0,1,0,0,0,0,83,13,0,1,1735,26,1,66.73076923076923,10,0.038461538461538464,29,0,0,1,0,0,0,0,1,0,0,0,1,0,0,0,0,0,1
1959,80982.0,1,1,48,505,137,401,104,22,22,3,11,5,11,5,0,0,0,0,0,1,0,67,13,2,3,1191,30,0,39.7,16,0.1,35,0,1,0,0,0,0,0,1,0,0,0,0,1,0,0,0,0,1
1977,22701.0,1,0,2,2,4,9,0,4,5,1,1,0,3,5,0,0,0,0,0,0,0,49,13,1,3,24,5,0,4.8,6,0.2,10,0,0,1,0,0,0,1,0,0,0,0,1,0,0,0,1,0,0
1969,55212.0,0,1,65,1103,0,45,0,0,34,3,4,2,11,8,0,1,0,0,1,0,0,57,14,1,3,1182,20,2,59.1,12,0.15,28,0,0,0,1,0,0,1,0,0,0,0,1,0,0,0,0,0,1
1970,70617.0,0,0,45,353,61,753,40,46,27,1,3,3,7,2,0,0,0,0,0,0,0,56,13,0,2,1280,14,0,91.42857142857143,5,0.07142857142857142,16,0,1,0,0,0,0,1,0,0,0,0,1,0,0,0,1,0,0
1957,64849.0,0,0,42,652,48,350,94,84,108,1,9,3,6,5,0,0,0,0,0,0,1,69,14,0,1,1336,19,1,70.3157894736842,14,0.05263157894736842,24,0,1,0,0,0,0,0,1,0,0,0,0,1,0,0,0,0,1
1965,62694.0,1,1,29,379,6,157,25,91,91,5,9,3,7,7,0,0,0,0,0,0,0,61,13,2,4,749,24,0,31.208333333333332,16,0.20833333333333334,31,0,0,1,0,0,0,1,0,0,0,0,0,1,0,0,0,0,1
1974,61917.0,1,1,83,46,4,36,2,2,1,1,2,0,4,5,0,0,0,0,0,0,0,52,13,2,4,91,7,0,13.0,7,0.14285714285714285,12,0,0,0,1,0,0,1,0,0,0,0,1,0,0,0,0,0,1
1947,67472.0,0,1,93,162,31,127,8,17,69,2,4,2,7,3,0,0,0,0,0,0,0,79,13,1,3,414,15,0,27.6,7,0.13333333333333333,18,0,0,0,1,0,0,1,0,0,0,0,1,0,0,0,0,0,1
1982,21059.0,1,0,40,8,3,19,3,3,8,3,3,0,3,6,0,0,0,0,0,0,0,44,12,1,3,44,9,0,4.888888888888889,9,0.3333333333333333,15,0,0,1,0,0,0,1,0,0,0,0,0,1,0,0,1,0,0
1968,29543.0,2,0,47,17,3,18,3,4,18,2,3,1,2,7,0,0,0,0,0,0,0,58,12,2,4,63,8,0,7.875,10,0.25,15,0,0,1,0,0,0,1,0,0,0,0,0,1,0,0,1,0,0
1951,75903.0,0,1,50,340,108,185,130,38,100,2,6,6,9,3,0,0,0,0,0,0,0,75,13,1,3,901,23,0,39.17391304347826,9,0.08695652173913043,26,0,1,0,0,0,0,1,0,0,0,0,1,0,0,0,0,0,1
1975,34984.0,1,1,40,8,4,15,3,5,3,2,1,0,3,7,0,0,0,0,0,0,0,51,14,2,4,38,6,0,6.333333333333333,8,0.3333333333333333,13,0,0,0,0,0,0,0,0,1,0,0,1,0,0,0,1,0,0
1956,54998.0,0,1,3,154,22,202,39,30,8,5,4,2,9,4,0,0,0,0,0,0,1,70,13,1,2,455,20,1,22.75,8,0.25,24,0,0,0,1,0,0,0,1,0,0,0,1,0,0,0,1,0,0
1949,54356.0,0,1,62,710,15,30,20,0,0,3,11,2,8,8,0,0,0,0,0,0,1,77,14,1,2,775,24,1,32.291666666666664,19,0.125,32,0,0,0,1,0,0,0,0,0,1,0,0,1,0,0,0,0,1
1959,34242.0,0,1,25,8,2,4,0,0,1,1,0,0,3,5,0,0,0,0,0,0,0,67,12,1,3,15,4,0,3.75,5,0.25,9,0,0,1,0,0,0,1,0,0,0,0,1,0,0,0,0,0,1
1973,25410.0,1,0,48,2,2,4,13,13,4,1,1,0,4,4,0,0,0,0,0,0,0,53,13,1,3,38,6,0,6.333333333333333,5,0.16666666666666666,10,0,1,0,0,0,0,1,0,0,0,0,1,0,0,0,0,0,0
1984,73356.0,0,0,56,1050,14,322,0,14,112,1,5,11,5,2,1,0,1,1,0,0,1,42,12,0,2,1512,22,4,68.72727272727273,7,0.045454545454545456,24,0,0,0,1,0,0,1,0,0,0,0,0,0,0,0,0,0,1
1950,28320.0,0,1,68,19,1,14,3,2,4,1,1,0,3,8,0,0,0,0,0,0,0,76,13,1,3,43,5,0,8.6,9,0.2,13,0,1,0,0,0,0,0,0,1,0,0,1,0,0,0,0,0,1
1977,23763.0,1,0,64,22,0,6,6,2,6,1,1,0,3,7,0,0,0,0,0,0,0,49,14,1,2,42,5,0,8.4,8,0.2,12,0,1,0,0,0,0,0,1,0,0,0,1,0,0,0,0,0,1
1984,72570.0,0,0,67,274,83,216,151,141,224,1,4,6,12,1,0,0,0,0,0,0,0,42,12,0,2,1089,23,0,47.34782608695652,5,0.043478260869565216,24,0,1,0,0,0,0,1,0,0,0,0,1,0,0,0,0,0,1
1976,34529.0,1,0,94,68,6,38,3,6,41,2,2,2,3,7,0,0,0,0,0,0,0,50,14,1,3,162,9,0,18.0,9,0.2222222222222222,16,0,0,1,0,0,0,1,0,0,0,0,1,0,0,0,0,0,1
1951,70792.0,0,0,82,344,45,654,104,11,114,2,3,4,10,3,0,0,0,0,0,0,0,75,13,0,1,1272,19,0,66.94736842105263,6,0.10526315789473684,22,0,1,0,0,0,0,0,0,0,1,0,1,0,0,0,1,0,0
1982,63211.0,0,0,3,145,193,459,205,26,145,2,3,8,7,2,0,0,0,0,0,0,1,44,14,0,2,1173,20,1,58.65,5,0.1,22,0,1,0,0,0,0,1,0,0,0,0,0,0,0,0,1,0,0
1974,83891.0,0,1,24,217,38,350,111,85,15,1,4,7,10,1,0,0,0,0,0,0,0,52,12,1,3,816,22,0,37.09090909090909,5,0.045454545454545456,23,0,0,1,0,0,0,1,0,0,0,0,1,0,0,0,1,0,0
1968,36065.0,1,1,54,18,7,34,10,2,3,3,3,0,3,8,0,0,0,0,0,0,0,58,13,2,3,74,9,0,8.222222222222221,11,0.3333333333333333,17,0,1,0,0,0,0,0,1,0,0,0,0,1,0,0,1,0,0
1954,39898.0,0,1,20,69,8,26,12,7,12,2,3,0,4,7,0,0,0,0,0,0,0,72,13,1,3,134,9,0,14.88888888888889,10,0.2222222222222222,16,0,1,0,0,0,0,0,0,1,0,0,1,0,0,0,0,0,1
1940,51141.0,0,0,96,144,0,7,0,0,6,1,3,1,4,5,0,0,0,0,0,0,0,86,13,0,1,157,9,0,17.444444444444443,8,0.1111111111111111,14,0,0,0,1,0,0,0,1,0,0,0,1,0,0,0,0,0,1
1976,56939.0,0,1,19,256,34,103,90,29,49,2,3,3,10,3,0,0,0,0,0,0,0,50,13,1,3,561,18,0,31.166666666666668,6,0.1111111111111111,21,0,1,0,0,0,0,1,0,0,0,0,1,0,0,0,0,0,1
1951,80872.0,0,0,60,483,72,567,94,12,108,1,4,4,10,1,0,0,0,0,0,0,0,75,12,0,1,1336,19,0,70.3157894736842,5,0.05263157894736842,20,0,1,0,0,0,0,0,1,0,0,0,1,0,0,0,1,0,0
1976,72335.0,0,0,2,1285,105,653,28,21,0,1,10,4,8,8,0,0,0,0,0,0,1,50,14,0,2,2092,23,1,90.95652173913044,18,0.043478260869565216,31,0,0,0,1,0,0,0,0,1,0,0,0,1,0,0,0,0,1
1964,61798.0,0,0,13,338,4,89,11,8,13,1,4,2,9,4,0,0,0,0,0,0,0,62,13,0,1,463,16,0,28.9375,8,0.0625,20,0,0,0,1,0,0,0,1,0,0,0,1,0,0,0,0,0,1
1950,76842.0,0,0,37,605,10,345,84,54,32,1,1,8,7,0,0,0,0,0,0,0,0,76,12,0,1,1130,17,0,66.47058823529412,1,0.058823529411764705,17,0,0,0,1,0,0,0,0,0,1,0,0,0,0,0,0,0,1
1976,29478.0,1,0,59,8,0,7,3,1,1,1,1,0,3,6,0,0,0,0,0,0,0,50,12,1,3,20,5,0,4.0,7,0.2,11,0,1,0,0,0,0,0,0,1,0,0,1,0,0,0,0,0,1
1956,46998.0,0,1,55,172,41,86,45,6,27,5,5,3,5,7,1,0,0,0,0,0,0,70,14,1,2,377,18,1,20.944444444444443,12,0.2777777777777778,25,0,1,0,0,0,0,0,1,0,0,0,0,1,0,0,0,0,1
1990,96843.0,0,0,60,448,71,951,40,17,17,1,6,11,10,2,0,0,1,0,0,0,1,36,13,0,1,1544,28,2,55.142857142857146,8,0.03571428571428571,30,0,1,0,0,0,0,0,1,0,0,0,0,0,0,0,1,0,0
1950,56551.0,1,1,48,67,4,32,17,2,16,3,2,1,4,4,0,0,0,0,0,0,0,76,12,2,3,138,10,0,13.8,6,0.3,14,0,0,0,1,0,0,0,0,0,1,0,1,0,0,0,0,0,1
1965,70053.0,0,1,38,512,53,98,81,179,89,3,8,5,10,5,0,0,0,0,0,0,0,61,13,1,3,1012,26,0,38.92307692307692,13,0.11538461538461539,31,0,0,1,0,0,0,1,0,0,0,0,1,0,0,0,0,0,1
1962,71670.0,0,0,8,1462,16,128,0,0,160,1,5,3,6,6,0,1,1,0,1,0,1,64,13,0,1,1766,15,4,117.73333333333333,11,0.06666666666666667,21,0,0,0,1,0,0,0,0,0,1,0,1,0,0,0,0,0,1
1978,44359.0,1,1,19,20,0,14,7,3,1,3,2,0,4,3,0,0,0,0,0,0,0,48,12,2,4,45,9,0,5.0,5,0.3333333333333333,12,0,1,0,0,0,0,1,0,0,0,0,1,0,0,0,0,0,1
1952,40887.0,1,1,32,50,4,44,10,10,43,3,3,1,3,9,0,0,0,0,0,0,1,74,13,2,3,161,10,1,16.1,12,0.3,19,0,1,0,0,0,0,0,1,0,0,0,0,1,0,0,0,0,1
1966,48877.0,0,1,27,102,1,15,2,0,24,1,3,0,4,7,0,0,0,0,0,0,0,60,12,1,2,144,8,0,18.0,10,0.125,15,0,1,0,0,0,1,0,0,0,0,0,1,0,0,0,0,0,1
1947,74485.0,0,0,58,499,149,815,173,49,49,1,6,7,12,3,0,0,0,0,0,0,0,79,13,0,2,1734,26,0,66.6923076923077,9,0.038461538461538464,29,0,1,0,0,0,0,0,0,1,0,0,1,0,0,0,1,0,0
1972,64474.0,0,1,59,381,35,172,56,86,93,2,8,2,10,5,0,0,0,0,0,0,0,54,13,1,3,823,22,0,37.40909090909091,13,0.09090909090909091,27,0,1,0,0,0,0,0,0,1,0,0,1,0,0,0,0,0,1
1963,77226.0,0,1,29,631,43,239,128,76,21,2,6,8,12,3,0,0,0,0,0,0,0,63,12,1,3,1138,28,0,40.642857142857146,9,0.07142857142857142,31,0,1,0,0,0,0,0,0,1,0,0,1,0,0,0,0,0,1
1949,72643.0,0,0,60,526,80,553,123,94,53,1,3,10,7,2,0,0,0,1,0,0,1,77,13,0,1,1429,21,2,68.04761904761905,5,0.047619047619047616,23,0,1,0,0,0,0,0,0,0,1,0,0,0,0,0,1,0,0
1978,85738.0,0,0,41,913,26,376,17,26,13,1,3,6,11,1,0,1,1,0,0,0,0,48,12,0,2,1371,21,2,65.28571428571429,4,0.047619047619047616,22,0,0,1,0,0,0,0,0,1,0,0,1,0,0,0,0,0,1
1966,55686.0,0,1,27,673,0,199,37,47,26,2,6,3,5,4,1,0,0,0,0,0,0,60,13,1,2,982,16,1,61.375,10,0.125,20,0,1,0,0,0,1,0,0,0,0,0,0,1,0,0,0,0,1
1983,39062.0,1,0,28,23,0,9,0,0,12,1,1,0,3,4,1,0,0,0,0,0,0,43,12,1,2,44,5,1,8.8,5,0.2,9,0,1,0,0,0,0,0,1,0,0,0,1,0,0,0,0,0,1
1971,34600.0,1,1,8,199,33,60,8,3,15,5,5,2,5,8,0,0,0,0,0,0,1,55,13,2,4,318,17,1,18.705882352941178,13,0.29411764705882354,25,0,1,0,0,0,0,0,0,1,0,0,0,1,0,0,0,0,1
1975,40794.0,0,1,18,261,23,73,4,23,50,2,6,3,5,7,0,0,0,0,0,0,0,51,13,1,3,434,16,0,27.125,13,0.125,23,0,1,0,0,0,0,1,0,0,0,0,0,1,0,0,0,0,1
1971,54690.0,1,1,76,111,16,37,7,9,18,3,3,1,5,3,0,0,0,0,0,0,0,55,13,2,4,198,12,0,16.5,6,0.25,15,0,0,0,0,0,0,1,0,0,0,0,1,0,0,0,0,0,1
1969,4428.0,0,1,0,16,4,12,2,4,321,0,25,0,0,1,0,0,0,0,0,0,0,57,13,1,3,359,25,0,14.36,26,0.0,26,0,1,0,0,0,0,1,0,0,0,0,0,1,0,1,0,0,0
1963,32632.0,0,0,32,63,151,137,153,19,53,2,4,4,8,5,0,0,0,0,0,0,0,63,14,0,2,576,18,0,32.0,9,0.1111111111111111,23,0,0,0,0,0,0,1,0,0,0,0,1,0,0,0,0,0,0
1968,38236.0,1,1,2,58,0,18,2,0,10,4,3,0,4,7,0,0,0,0,0,0,0,58,13,2,3,88,11,0,8.0,10,0.36363636363636365,18,0,0,0,1,0,0,0,1,0,0,0,1,0,0,0,0,0,1
1979,36781.0,1,0,16,29,1,17,0,3,13,1,2,1,2,8,0,0,0,0,0,0,1,47,12,1,3,63,6,1,10.5,10,0.16666666666666666,14,0,1,0,0,0,0,1,0,0,0,0,0,1,0,0,0,0,1
1984,31385.0,1,0,56,3,2,12,0,1,9,1,1,0,2,8,1,0,0,0,0,0,1,42,14,1,2,27,4,2,6.75,9,0.25,12,0,0,1,0,0,0,0,1,0,0,0,1,0,0,0,1,0,0
1984,24570.0,1,0,97,28,34,62,11,14,44,3,4,0,4,9,0,0,0,0,0,0,0,42,13,1,3,193,11,0,17.545454545454547,13,0.2727272727272727,20,0,1,0,0,0,0,1,0,0,0,0,0,1,0,0,1,0,0
1974,25509.0,1,0,15,40,3,30,10,7,11,3,3,0,3,9,0,0,0,0,0,0,1,52,14,1,2,101,9,1,11.222222222222221,12,0.3333333333333333,18,0,0,0,1,0,1,0,0,0,0,0,0,1,0,0,0,0,1
1951,94642.0,0,0,35,879,143,797,106,143,143,0,5,7,9,1,0,0,1,1,0,0,0,75,12,0,2,2211,21,2,105.28571428571429,6,0.0,22,0,1,0,0,0,0,1,0,0,0,0,1,0,0,0,0,0,1
1962,58646.0,0,1,3,62,1,44,6,5,22,1,2,1,4,4,0,0,0,0,0,0,0,64,13,1,3,140,8,0,17.5,6,0.125,12,0,0,1,0,0,0,1,0,0,0,0,1,0,0,0,0,0,1
1975,53201.0,1,1,49,280,7,81,20,0,27,8,6,3,5,7,0,0,0,0,0,0,0,51,13,2,3,415,22,0,18.863636363636363,13,0.36363636363636365,29,0,1,0,0,0,0,0,1,0,0,0,0,1,0,0,0,0,1
1957,21994.0,0,1,4,9,0,6,3,1,3,1,0,0,3,5,0,0,0,0,0,0,0,69,14,1,3,22,4,0,5.5,5,0.25,9,0,1,0,0,0,0,0,0,1,0,0,1,0,0,0,0,0,1
1978,57113.0,1,1,45,182,4,33,0,2,42,6,4,1,5,7,0,0,0,0,0,0,0,48,13,2,4,263,16,0,16.4375,11,0.375,23,0,1,0,0,0,0,1,0,0,0,0,1,0,0,0,0,0,1
1991,51373.0,0,0,37,83,2,101,64,26,117,1,3,5,3,4,0,0,0,0,0,0,0,35,13,0,2,393,12,0,32.75,7,0.08333333333333333,16,0,1,0,0,0,0,1,0,0,0,0,0,0,0,1,0,0,0
1986,23477.0,1,0,39,38,15,54,3,8,29,3,3,0,4,8,0,0,0,0,0,0,0,40,13,1,3,147,10,0,14.7,11,0.3,18,0,1,0,0,0,0,1,0,0,0,0,1,0,0,0,1,0,0
1956,58116.0,0,1,38,228,19,130,4,11,51,2,3,3,8,2,0,0,0,0,0,0,0,70,12,1,3,443,16,0,27.6875,5,0.125,18,0,1,0,0,0,0,1,0,0,0,0,1,0,0,0,0,0,1
1963,72968.0,0,0,8,1092,37,592,145,37,55,1,5,5,8,3,0,0,0,1,0,0,1,63,13,0,1,1958,19,2,103.05263157894737,8,0.05263157894736842,22,0,0,0,1,0,1,0,0,0,0,0,1,0,0,0,0,0,1
1971,39791.0,0,1,89,85,15,27,13,13,21,2,3,1,4,7,0,0,0,0,0,0,0,55,13,1,3,174,10,0,17.4,10,0.2,17,0,0,1,0,0,0,1,0,0,0,0,1,0,0,0,0,0,1
1947,91712.0,0,0,47,1276,24,746,94,29,48,0,9,7,11,3,0,0,1,0,0,0,1,79,13,0,1,2217,27,2,82.11111111111111,12,0.0,30,0,0,1,0,0,0,0,1,0,0,0,1,0,0,0,0,0,1
1958,94472.0,0,1,75,1017,33,417,108,100,16,1,5,5,5,5,0,1,1,0,0,0,0,68,12,1,2,1691,16,2,105.6875,10,0.0625,21,0,1,0,0,0,0,0,1,0,0,0,0,1,0,0,0,0,1
1960,13672.0,1,1,86,6,2,9,2,1,5,2,1,0,3,8,0,0,0,0,0,0,0,66,13,2,4,25,6,0,4.166666666666667,9,0.3333333333333333,14,0,1,0,0,0,0,0,0,1,0,0,1,0,0,0,1,0,0
1980,96547.0,0,0,4,448,21,125,52,101,62,0,7,6,8,2,1,0,1,1,0,0,1,46,12,0,2,809,21,4,38.523809523809526,9,0.0,23,0,0,0,0,0,0,1,0,0,0,0,1,0,0,0,0,0,1
1975,79205.0,0,0,73,504,23,117,179,28,44,1,6,5,4,4,0,0,0,1,0,0,1,51,14,0,2,895,16,2,55.9375,10,0.0625,20,0,1,0,0,0,0,1,0,0,0,0,0,1,0,0,0,0,1
1975,56559.0,0,1,46,226,22,133,41,31,31,3,4,3,8,4,0,0,0,0,0,0,0,51,14,1,3,484,18,0,26.88888888888889,8,0.16666666666666666,22,0,0,0,1,0,0,0,0,1,0,0,1,0,0,0,0,0,1
1973,32644.0,1,0,38,239,3,141,0,7,23,4,7,1,6,8,1,0,0,0,0,0,0,53,13,1,3,413,18,1,22.944444444444443,15,0.2222222222222222,26,0,0,0,1,0,0,1,0,0,0,0,0,1,0,0,0,0,1
1980,67506.0,0,1,73,90,38,67,33,36,67,1,4,1,6,3,0,0,0,0,0,0,0,46,12,1,2,331,12,0,27.583333333333332,7,0.08333333333333333,15,0,0,0,0,0,0,0,1,0,0,0,1,0,0,0,0,0,1
1970,24206.0,1,0,66,7,2,8,3,2,3,1,1,0,3,6,0,0,0,0,0,0,0,56,13,1,2,25,5,0,5.0,7,0.2,11,0,1,0,0,0,0,0,1,0,0,0,1,0,0,0,1,0,0
1967,28420.0,1,0,36,4,2,5,2,0,0,1,1,0,2,6,0,0,0,0,0,0,0,59,13,1,2,13,4,0,3.25,7,0.25,10,0,0,0,1,0,1,0,0,0,0,0,1,0,0,0,1,0,0
1970,22979.0,1,0,29,16,17,19,20,21,22,3,3,2,2,8,0,0,0,0,0,0,1,56,14,1,3,115,10,1,11.5,11,0.3,18,0,1,0,0,0,0,1,0,0,0,0,0,1,0,1,0,0,0
1966,33279.0,0,0,29,10,3,3,0,0,0,1,0,0,3,3,0,0,0,0,0,0,0,60,12,0,1,16,4,0,4.0,3,0.25,7,0,1,0,0,0,0,0,1,0,0,0,1,0,0,0,0,0,1
1972,46423.0,1,1,6,68,0,16,0,0,8,3,2,0,4,7,0,0,0,0,0,0,0,54,13,2,3,92,9,0,10.222222222222221,9,0.3333333333333333,16,0,0,1,0,0,0,0,1,0,0,0,1,0,0,0,0,0,1
1977,30368.0,0,1,97,35,0,13,2,0,2,2,2,0,3,8,0,0,0,0,0,0,0,49,13,1,3,52,7,0,7.428571428571429,10,0.2857142857142857,15,0,1,0,0,0,0,1,0,0,0,0,1,0,0,0,0,0,1
1970,63684.0,0,1,61,575,80,428,208,93,80,3,8,4,8,5,0,0,0,0,0,0,0,56,14,1,3,1464,23,0,63.65217391304348,13,0.13043478260869565,28,0,1,0,0,0,0,1,0,0,0,0,0,1,0,0,0,0,1
1964,41638.0,0,1,68,315,0,31,4,0,91,4,5,5,3,8,1,0,0,0,0,0,0,62,13,1,2,441,17,1,25.941176470588236,13,0.23529411764705882,25,0,1,0,0,0,1,0,0,0,0,0,0,1,0,0,0,0,1
1959,68805.0,0,1,73,182,2,49,17,13,20,1,3,1,7,2,0,0,0,0,0,0,0,67,13,1,2,283,12,0,23.583333333333332,5,0.08333333333333333,14,0,0,0,1,0,1,0,0,0,0,0,1,0,0,0,0,0,1
1966,65814.0,0,1,90,561,14,113,10,14,35,3,8,2,10,5,0,0,0,0,0,0,0,60,12,1,3,747,23,0,32.47826086956522,13,0.13043478260869565,28,0,0,0,1,0,0,0,0,1,0,0,1,0,0,0,0,0,1
1958,71964.0,0,0,81,587,51,932,180,34,86,1,5,6,5,3,0,0,0,0,0,0,0,68,13,0,1,1870,17,0,110.0,8,0.058823529411764705,20,0,1,0,0,0,1,0,0,0,0,0,0,0,0,0,1,0,0
1986,39146.0,1,0,1,94,1,33,13,12,12,3,4,0,4,8,0,0,0,0,0,0,0,40,13,1,2,165,11,0,15.0,12,0.2727272727272727,19,0,1,0,0,0,0,0,1,0,0,0,0,1,0,0,0,0,1
1977,96876.0,0,0,79,908,43,735,40,194,21,1,7,7,9,2,0,1,1,1,0,0,1,49,13,0,2,1941,24,4,80.875,9,0.041666666666666664,26,0,1,0,0,0,0,0,0,1,0,0,1,0,0,0,0,0,1
1981,34445.0,0,0,92,228,122,122,208,129,30,6,11,2,8,9,0,0,0,0,0,0,0,45,13,0,2,839,27,0,31.074074074074073,20,0.2222222222222222,36,1,0,0,0,0,0,1,0,0,0,0,0,1,0,0,0,0,1
1958,68281.0,0,0,31,995,112,417,42,48,41,1,2,9,13,5,0,0,0,0,0,0,1,68,14,0,1,1655,25,1,66.2,7,0.04,30,0,1,0,0,0,0,0,1,0,0,0,1,0,0,0,0,0,1
1975,37284.0,1,1,46,11,1,2,2,1,6,1,0,0,3,6,0,0,0,0,0,0,0,51,13,2,4,23,4,0,5.75,6,0.25,10,0,0,0,0,0,0,1,0,0,0,0,1,0,0,0,0,0,1
1983,36790.0,0,0,14,3,3,14,15,21,10,1,2,1,2,9,0,0,0,0,0,0,1,43,13,0,2,66,6,1,11.0,11,0.16666666666666666,15,0,1,0,0,0,0,1,0,0,0,0,0,1,0,0,0,1,0
1967,27943.0,1,1,89,12,1,16,4,1,3,3,2,0,3,8,0,0,0,0,0,0,0,59,13,2,4,37,8,0,4.625,10,0.375,16,0,1,0,0,0,0,0,0,1,0,0,1,0,0,0,1,0,0
1951,22263.0,1,1,31,17,0,2,0,0,2,2,1,0,3,6,0,0,0,0,0,1,0,75,12,2,3,21,6,0,3.5,7,0.3333333333333333,12,0,1,0,0,0,1,0,0,0,0,0,1,0,0,0,0,0,1
1972,30261.0,1,2,75,8,0,5,0,3,6,1,0,0,3,8,0,0,0,0,0,0,0,54,14,3,5,22,4,0,5.5,8,0.25,12,0,1,0,0,0,0,0,0,1,0,0,1,0,0,0,0,0,1
1978,28587.0,1,0,42,22,4,17,12,10,13,3,2,0,4,6,0,0,0,0,0,0,0,48,12,1,3,78,9,0,8.666666666666666,8,0.3333333333333333,15,0,1,0,0,0,0,0,0,1,0,0,1,0,0,0,0,0,1
1982,43815.0,1,0,53,14,10,29,4,7,15,1,2,0,3,6,0,0,0,0,0,0,0,44,13,1,3,79,6,0,13.166666666666666,8,0.16666666666666666,12,0,0,1,0,0,0,1,0,0,0,0,1,0,0,0,1,0,0
1956,48195.0,1,1,53,106,27,68,52,7,5,6,4,2,5,6,0,0,0,0,0,0,0,70,12,2,4,265,17,0,15.588235294117647,10,0.35294117647058826,23,0,1,0,0,0,0,1,0,0,0,0,1,0,0,0,0,0,1
1952,77027.0,0,1,23,820,57,242,45,0,11,2,8,3,6,4,0,0,0,0,0,0,0,74,12,1,3,1175,19,0,61.8421052631579,12,0.10526315789473684,23,0,0,1,0,0,0,1,0,0,0,0,0,1,0,0,0,0,1
1965,71322.0,0,1,57,753,43,226,69,10,204,2,8,5,13,4,0,0,0,0,0,0,0,61,13,1,3,1305,28,0,46.607142857142854,12,0.07142857142857142,32,0,0,0,1,0,0,1,0,0,0,0,1,0,0,0,0,0,1
1979,32765.0,1,0,49,13,3,17,7,3,3,2,2,0,4,5,0,0,0,0,0,0,0,47,12,1,3,46,8,0,5.75,7,0.25,13,0,0,1,0,0,0,1,0,0,0,0,1,0,0,0,1,0,0
1965,29672.0,1,1,6,9,1,3,0,4,8,1,0,0,3,6,0,0,0,0,0,0,0,61,13,2,4,25,4,0,6.25,6,0.25,10,0,1,0,0,0,0,0,0,1,0,0,1,0,0,0,0,0,1
1953,23272.0,0,0,29,19,3,6,4,2,12,1,1,0,3,4,0,0,0,0,0,0,0,73,13,0,1,46,5,0,9.2,5,0.2,9,0,1,0,0,0,1,0,0,0,0,0,1,0,0,0,0,0,1
1949,49912.0,0,1,5,520,8,223,32,49,42,4,10,5,7,8,1,0,0,0,0,0,1,77,14,1,3,874,26,2,33.61538461538461,18,0.15384615384615385,34,0,0,1,0,0,0,0,0,1,0,0,0,1,0,0,0,0,1
1985,7500.0,1,0,98,5,17,17,13,14,34,4,2,1,3,9,0,0,0,0,0,0,0,41,14,1,3,100,10,0,10.0,11,0.4,19,0,0,0,0,0,0,0,0,1,0,0,1,0,0,1,0,0,0
1947,68117.0,0,1,80,618,44,215,0,17,36,2,11,8,4,6,1,0,0,0,0,0,1,79,13,1,2,930,25,2,37.2,17,0.08,31,0,0,0,1,0,0,0,0,0,1,0,0,1,0,0,0,0,1
1955,67225.0,0,1,4,315,35,322,46,7,143,3,7,2,11,5,0,0,0,0,0,0,0,71,13,1,3,868,23,0,37.73913043478261,12,0.13043478260869565,28,0,1,0,0,0,0,1,0,0,0,0,1,0,0,0,1,0,0
1976,17649.0,1,0,70,15,1,23,0,5,1,3,3,0,3,8,0,0,0,0,0,0,0,50,13,1,3,45,9,0,5.0,11,0.3333333333333333,17,0,1,0,0,0,0,1,0,0,0,0,0,1,0,0,1,0,0
1975,55914.0,0,1,32,384,60,364,119,101,232,4,11,6,8,7,0,0,0,0,0,0,0,51,13,1,3,1260,29,0,43.44827586206897,18,0.13793103448275862,36,0,1,0,0,0,0,0,0,1,0,0,0,1,0,0,0,0,1
1984,40059.0,1,0,82,110,29,92,28,10,145,1,6,2,3,8,1,0,0,0,0,0,0,42,13,1,3,414,12,1,34.5,14,0.08333333333333333,20,0,1,0,0,0,0,1,0,0,0,0,0,1,0,1,0,0,0
1950,60905.0,0,1,27,208,17,76,36,17,38,2,3,3,7,2,0,0,0,0,0,0,0,76,13,1,3,392,15,0,26.133333333333333,5,0.13333333333333333,17,0,1,0,0,0,0,0,0,1,0,0,1,0,0,0,0,0,1
1977,75330.0,1,1,94,555,82,257,93,61,61,4,10,3,12,6,0,0,0,0,0,0,0,49,14,2,4,1109,29,0,38.241379310344826,16,0.13793103448275862,35,0,1,0,0,0,0,1,0,0,0,0,1,0,0,0,0,0,1
1951,60689.0,0,1,23,240,90,216,63,6,24,4,4,4,10,3,0,0,0,0,0,0,0,75,13,1,2,639,22,0,29.045454545454547,7,0.18181818181818182,25,0,1,0,0,0,0,0,1,0,0,0,1,0,0,0,0,0,1
1984,38680.0,1,0,97,11,0,36,15,5,12,1,2,0,3,7,0,0,0,0,0,0,0,42,13,1,3,79,6,0,13.166666666666666,9,0.16666666666666666,13,0,1,0,0,0,0,1,0,0,0,0,1,0,0,0,1,0,0
1982,61416.0,0,0,25,848,154,323,201,61,78,1,10,3,10,6,1,0,0,0,0,0,0,44,13,0,2,1665,24,1,69.375,16,0.041666666666666664,30,0,1,0,0,0,0,0,0,1,0,0,0,1,0,0,0,0,1
1991,49767.0,0,0,92,202,47,197,55,42,149,1,5,4,8,4,0,0,0,0,0,0,0,35,13,0,1,692,18,0,38.44444444444444,9,0.05555555555555555,22,0,1,0,0,0,0,0,1,0,0,0,1,0,0,0,0,0,1
1970,83273.0,1,2,98,433,89,650,16,102,102,10,4,6,9,7,0,0,0,0,0,0,0,56,14,3,4,1392,29,0,48.0,11,0.3448275862068966,36,0,1,0,0,0,0,0,1,0,0,0,1,0,0,0,1,0,0
1981,29009.0,1,0,19,6,6,15,10,5,2,2,2,0,3,6,0,0,0,0,0,0,0,45,13,1,3,44,7,0,6.285714285714286,8,0.2857142857142857,13,0,1,0,0,0,0,1,0,0,0,0,1,0,0,0,1,0,0
1979,45057.0,1,0,80,37,0,7,3,0,3,1,2,0,3,5,0,0,0,0,0,0,0,47,13,1,3,50,6,0,8.333333333333334,7,0.16666666666666666,11,0,0,1,0,0,0,1,0,0,0,0,1,0,0,0,0,0,1
1971,37150.0,1,0,80,167,37,64,49,34,116,8,4,3,6,7,0,0,0,0,0,0,0,55,14,1,3,467,21,0,22.238095238095237,11,0.38095238095238093,28,0,1,0,0,0,0,1,0,0,0,0,1,0,0,0,0,0,1
1970,43020.0,1,0,79,45,7,99,4,25,43,3,4,1,4,6,0,0,0,0,0,0,0,56,13,1,2,223,12,0,18.583333333333332,10,0.25,18,0,1,0,0,0,0,0,1,0,0,0,0,1,0,0,1,0,0
1959,53154.0,0,1,50,129,0,21,0,1,7,1,3,1,4,4,0,0,0,0,0,0,0,67,12,1,3,158,9,0,17.555555555555557,7,0.1111111111111111,13,0,1,0,0,0,0,1,0,0,0,0,1,0,0,0,0,0,1
1973,65308.0,0,0,60,713,0,264,120,80,34,1,7,8,12,4,0,0,1,1,0,0,0,53,13,0,2,1211,28,2,43.25,11,0.03571428571428571,32,0,1,0,0,0,0,1,0,0,0,0,1,0,0,0,0,0,1
1970,76467.0,1,0,44,676,161,426,210,44,58,2,2,5,5,6,0,0,0,0,0,0,1,56,14,1,2,1575,14,1,112.5,8,0.14285714285714285,20,0,1,0,0,0,0,0,1,0,0,0,0,0,0,0,0,0,1
1947,81044.0,0,0,0,450,26,535,73,98,26,1,5,6,10,1,0,0,0,0,0,0,0,79,13,0,2,1208,22,0,54.90909090909091,6,0.045454545454545456,23,0,0,0,0,0,0,1,0,0,0,0,1,0,0,0,1,0,0
1951,32871.0,1,1,28,22,2,12,0,2,5,1,1,0,3,4,0,0,0,0,0,0,0,75,13,2,4,43,5,0,8.6,5,0.2,9,0,1,0,0,0,0,1,0,0,0,0,1,0,0,0,0,0,1
1975,55801.0,1,1,35,367,4,51,6,4,95,6,7,2,6,7,0,0,0,1,0,0,0,51,13,2,3,527,21,1,25.095238095238095,14,0.2857142857142857,28,0,1,0,0,0,0,0,1,0,0,0,0,1,0,0,0,0,1
1959,76320.0,0,1,49,526,35,214,69,53,35,2,6,3,4,2,0,0,0,0,0,0,0,67,12,1,2,932,15,0,62.13333333333333,8,0.13333333333333333,17,0,1,0,0,0,0,0,0,0,1,0,0,1,0,0,0,0,1
1955,36927.0,1,1,46,51,0,16,0,0,4,2,3,0,3,8,0,0,0,0,0,0,0,71,12,2,3,71,8,0,8.875,11,0.25,16,0,0,1,0,0,0,0,1,0,0,0,0,1,0,0,0,0,1
1953,48794.0,1,1,97,25,0,11,3,0,15,1,1,0,3,4,0,0,0,0,0,0,0,73,12,2,4,54,5,0,10.8,5,0.2,9,0,1,0,0,0,0,0,0,1,0,0,1,0,0,0,0,0,1
1965,23478.0,0,0,51,28,6,27,12,17,39,1,3,0,3,8,0,0,0,0,0,0,0,61,13,0,1,129,7,0,18.428571428571427,11,0.14285714285714285,15,0,1,0,0,0,0,0,1,0,0,0,0,1,0,1,0,0,0
1973,71128.0,1,0,80,958,159,447,20,0,31,3,2,10,12,7,0,0,0,0,0,0,0,53,14,1,2,1615,27,0,59.81481481481482,9,0.1111111111111111,34,0,1,0,0,0,1,0,0,0,0,0,1,0,0,0,0,0,1
1976,70179.0,0,1,10,532,88,168,69,44,133,3,7,3,13,5,0,0,0,0,0,0,0,50,13,1,2,1034,26,0,39.76923076923077,12,0.11538461538461539,31,0,0,0,1,0,1,0,0,0,0,0,1,0,0,0,0,0,1
1950,59462.0,0,1,29,724,17,143,0,8,196,2,9,2,12,7,0,0,0,0,0,0,0,76,13,1,3,1088,25,0,43.52,16,0.08,32,0,1,0,0,0,0,1,0,0,0,0,1,0,0,0,0,0,1
1969,,1,1,52,375,42,48,94,66,96,7,4,10,4,3,0,0,0,0,0,0,0,57,13,2,4,721,25,0,28.84,7,0.28,28,0,0,1,0,0,0,0,0,1,0,0,0,0,0,0,0,0,1
1969,38361.0,1,0,74,39,0,56,20,8,14,3,3,1,3,7,0,0,0,0,0,0,0,57,13,1,3,137,10,0,13.7,10,0.3,17,0,1,0,0,0,0,0,0,1,0,0,0,1,0,0,1,0,0
1981,,1,0,82,23,0,15,0,2,7,2,3,0,3,6,0,0,0,0,0,0,0,45,13,1,2,47,8,0,5.875,9,0.25,14,0,0,0,1,0,0,0,1,0,0,0,0,1,0,0,0,0,1
1982,70038.0,0,0,54,587,54,348,71,54,130,1,4,4,8,2,0,0,0,0,0,0,0,44,13,0,2,1244,17,0,73.17647058823529,6,0.058823529411764705,19,0,0,0,1,0,0,0,0,1,0,0,1,0,0,0,0,0,1
1978,42554.0,1,1,93,29,1,11,0,0,0,2,2,0,3,4,0,0,0,0,0,0,0,48,13,2,4,41,7,0,5.857142857142857,6,0.2857142857142857,11,0,1,0,0,0,0,0,0,1,0,0,1,0,0,0,0,0,1
1974,67445.0,0,1,63,757,80,217,29,80,11,5,9,6,12,6,0,0,0,0,0,0,0,52,14,1,3,1174,32,0,36.6875,15,0.15625,38,0,1,0,0,0,0,1,0,0,0,0,1,0,0,0,0,0,1
1951,67046.0,0,1,92,544,35,133,23,151,107,2,4,5,4,2,0,0,0,0,0,0,0,75,13,1,2,993,15,0,66.2,6,0.13333333333333333,17,0,1,0,0,0,0,0,0,0,1,0,0,0,0,0,0,0,1
1948,42192.0,0,0,40,40,15,15,17,6,7,1,2,1,3,4,0,0,0,0,0,0,0,78,13,0,2,100,7,0,14.285714285714286,6,0.14285714285714285,11,0,1,0,0,0,0,1,0,0,0,0,1,0,0,0,0,0,1
1952,77610.0,0,1,70,1245,33,332,21,33,16,2,4,7,4,7,0,0,0,0,0,0,0,74,14,1,3,1680,17,0,98.82352941176471,11,0.11764705882352941,24,0,0,0,1,0,0,1,0,0,0,0,0,0,0,0,0,0,1
1984,31761.0,1,0,96,19,1,20,16,14,28,2,3,0,4,5,0,0,0,0,0,0,0,42,12,1,3,98,9,0,10.88888888888889,8,0.2222222222222222,14,0,1,0,0,0,0,1,0,0,0,0,1,0,0,1,0,0,0
1979,34350.0,1,0,81,16,3,15,2,1,11,1,1,0,3,7,0,0,0,0,0,0,0,47,13,1,3,48,5,0,9.6,8,0.2,12,0,1,0,0,0,0,0,0,1,0,0,1,0,0,0,0,0,1
1949,54591.0,0,1,63,376,4,94,12,9,24,3,6,2,8,5,0,0,0,0,0,0,0,77,13,1,3,519,19,0,27.31578947368421,11,0.15789473684210525,24,0,1,0,0,0,0,0,0,1,0,0,1,0,0,0,0,0,1
1956,71866.0,0,1,85,184,178,178,103,39,33,1,6,3,10,3,0,0,0,0,0,0,0,70,13,1,3,715,20,0,35.75,9,0.05,23,0,1,0,0,0,0,1,0,0,0,0,1,0,0,0,0,0,1
1969,25293.0,1,0,51,15,0,11,0,2,9,1,1,1,2,8,0,0,0,0,0,0,0,57,13,1,3,37,5,0,7.4,9,0.2,13,0,1,0,0,0,0,1,0,0,0,0,1,0,0,0,0,0,1
1987,42000.0,0,0,23,124,83,267,85,59,35,2,5,2,11,5,0,0,0,0,0,0,1,39,13,0,1,653,20,1,32.65,10,0.1,25,0,0,0,1,0,0,0,1,0,0,0,1,0,0,0,1,0,0
1983,69520.0,0,0,95,627,120,414,121,80,93,1,9,6,5,5,0,0,0,0,0,0,0,43,13,0,2,1455,21,0,69.28571428571429,14,0.047619047619047616,26,0,1,0,0,0,0,1,0,0,0,0,0,1,0,0,0,0,1
1970,64713.0,1,0,11,180,60,241,13,54,54,2,5,5,7,4,0,0,0,0,0,0,1,56,12,1,2,602,19,1,31.68421052631579,9,0.10526315789473684,23,0,1,0,0,0,1,0,0,0,0,0,1,0,0,0,1,0,0
1977,27889.0,1,0,42,14,0,4,0,0,8,1,1,1,2,6,0,0,0,0,0,0,0,49,13,1,3,26,5,0,5.2,7,0.2,11,0,0,1,0,0,0,1,0,0,0,0,1,0,0,0,0,0,1
1960,22123.0,0,0,77,3,3,24,34,7,31,1,2,1,3,5,0,0,0,0,0,0,0,66,12,0,1,102,7,0,14.571428571428571,7,0.14285714285714285,12,1,0,0,0,0,0,0,0,0,1,0,1,0,0,0,0,0,0
1971,,1,1,82,71,1,16,0,0,9,4,2,1,3,8,0,0,0,0,0,0,0,55,13,2,4,97,10,0,9.7,10,0.4,18,0,1,0,0,0,0,1,0,0,0,0,1,0,0,0,0,0,1
1954,,0,1,83,161,0,22,0,0,24,2,4,1,4,6,0,0,0,0,0,0,0,72,13,1,3,207,11,0,18.818181818181817,10,0.18181818181818182,17,0,0,1,0,0,0,0,0,1,0,0,0,1,0,0,0,0,1
1973,27803.0,1,0,40,8,26,46,38,9,49,2,3,0,4,8,0,0,0,0,0,0,0,53,14,1,3,176,9,0,19.555555555555557,11,0.2222222222222222,17,0,1,0,0,0,0,1,0,0,0,0,1,0,0,1,0,0,0
1955,,0,1,95,264,0,21,12,6,147,3,6,1,5,7,0,0,0,0,0,0,0,71,13,1,2,450,15,0,30.0,13,0.2,22,0,1,0,0,0,0,0,1,0,0,0,0,1,0,0,0,0,1
1960,51651.0,0,1,32,293,6,23,13,6,92,4,6,2,5,8,0,0,0,0,0,0,0,66,14,1,3,433,17,0,25.470588235294116,14,0.23529411764705882,25,0,1,0,0,0,0,1,0,0,0,0,0,1,0,0,0,0,1
1988,68487.0,0,0,48,758,12,385,33,89,89,1,9,7,13,4,0,0,0,0,0,0,0,38,13,0,2,1366,30,0,45.53333333333333,13,0.03333333333333333,34,0,1,0,0,0,0,1,0,0,0,0,1,0,0,0,0,0,1
1943,,0,0,75,532,126,490,164,126,126,1,5,5,11,1,0,0,1,0,0,0,1,83,13,0,1,1564,22,2,71.0909090909091,6,0.045454545454545456,23,0,0,1,0,0,0,0,0,0,1,0,1,0,0,0,0,0,1
1969,56796.0,0,1,24,656,38,161,62,47,37,3,8,9,7,7,0,0,0,0,0,0,0,57,13,1,3,1001,27,0,37.074074074074076,15,0.1111111111111111,34,0,1,0,0,0,0,1,0,0,0,0,0,0,0,0,0,0,1
1992,87000.0,0,0,61,196,25,607,67,17,49,1,4,6,7,2,0,0,0,0,0,0,0,34,14,0,2,961,18,0,53.388888888888886,6,0.05555555555555555,20,0,0,0,0,0,0,1,0,0,0,0,1,0,0,0,1,0,0
1959,79823.0,0,1,6,835,73,380,114,73,43,1,6,9,7,2,0,1,0,0,0,0,0,67,12,1,3,1518,23,1,66.0,8,0.043478260869565216,25,0,1,0,0,0,0,1,0,0,0,0,0,0,0,0,0,0,1
1980,30828.0,1,0,16,16,11,15,2,0,12,2,1,1,4,3,0,0,0,0,0,0,0,46,13,1,2,56,8,0,7.0,4,0.25,11,0,1,0,0,0,0,0,1,0,0,0,1,0,0,0,0,0,1
1971,34109.0,0,1,39,9,1,5,2,1,4,1,0,0,3,4,0,0,0,0,0,0,0,55,13,1,3,22,4,0,5.5,4,0.25,8,0,0,1,0,0,0,1,0,0,0,0,1,0,0,0,0,0,1
1974,53367.0,1,1,2,229,7,140,10,3,11,7,5,1,8,7,0,0,0,0,0,0,1,52,13,2,3,400,21,1,19.047619047619047,12,0.3333333333333333,28,0,0,1,0,0,1,0,0,0,0,0,1,0,0,0,0,0,1
1969,22390.0,0,0,49,0,1,4,15,1,5,1,1,0,2,7,0,0,0,0,0,0,0,57,13,0,2,26,4,0,6.5,8,0.25,11,1,0,0,0,0,0,0,0,1,0,0,1,0,0,0,0,0,0
1976,71322.0,0,1,31,121,24,124,24,15,42,1,4,1,7,2,0,0,0,0,0,0,0,50,12,1,3,350,13,0,26.923076923076923,6,0.07692307692307693,15,0,1,0,0,0,0,0,0,1,0,0,1,0,0,0,1,0,0
1993,79244.0,0,0,58,471,102,125,212,61,245,1,4,10,7,1,0,0,1,1,0,0,1,33,14,0,1,1216,22,3,55.27272727272727,5,0.045454545454545456,23,0,1,0,0,0,0,0,0,0,0,0,0,0,0,0,0,0,1
1949,49912.0,0,1,5,520,8,223,32,49,42,4,10,5,7,8,1,0,0,0,0,0,1,77,14,1,3,874,26,2,33.61538461538461,18,0.15384615384615385,34,0,0,1,0,0,0,0,0,1,0,0,0,1,0,0,0,0,1
1950,48699.0,1,1,90,26,1,10,2,0,1,1,1,0,3,5,0,0,0,0,0,0,0,76,13,2,4,40,5,0,8.0,6,0.2,10,0,0,0,1,0,0,1,0,0,0,0,1,0,0,0,0,0,1
1975,80144.0,0,0,47,240,132,445,250,192,108,1,3,7,8,1,0,0,0,0,0,0,0,51,13,0,2,1367,19,0,71.94736842105263,4,0.05263157894736842,20,0,1,0,0,0,0,0,0,1,0,0,1,0,0,0,1,0,0
1956,54252.0,1,1,25,178,4,26,8,4,44,5,4,1,5,6,0,0,0,0,0,0,0,70,13,2,3,264,15,0,17.6,10,0.3333333333333333,21,0,1,0,0,0,0,0,1,0,0,0,1,0,0,0,0,0,1
1976,81929.0,1,0,60,1486,55,278,49,0,185,2,4,4,10,6,1,0,1,0,0,0,1,50,14,1,3,2053,20,3,102.65,10,0.1,26,0,0,1,0,0,0,1,0,0,0,0,1,0,0,0,0,0,1
1975,76068.0,0,1,67,1115,12,128,33,12,76,1,2,3,4,6,0,1,0,0,1,0,0,51,14,1,3,1376,10,2,137.6,8,0.1,16,0,1,0,0,0,0,1,0,0,0,0,1,0,0,0,0,0,1
1976,53204.0,1,1,40,29,0,8,2,0,6,1,1,0,3,4,0,0,0,0,0,0,0,50,12,2,4,45,5,0,9.0,5,0.2,9,0,0,1,0,0,0,1,0,0,0,0,1,0,0,0,0,0,1
1949,67911.0,0,1,63,529,0,356,63,28,0,3,6,7,11,3,0,0,0,0,0,0,0,77,12,1,3,976,27,0,36.148148148148145,9,0.1111111111111111,30,0,0,0,1,0,0,0,0,1,0,0,1,0,0,0,0,0,1
1984,14796.0,1,0,1,13,3,8,7,4,16,2,1,0,3,9,0,0,0,0,0,0,1,42,14,1,3,51,6,1,8.5,10,0.3333333333333333,15,0,0,0,0,0,0,1,0,0,0,0,1,0,0,1,0,0,0
1974,78128.0,0,1,89,934,24,230,16,24,36,2,8,4,6,3,0,1,1,0,0,0,0,52,12,1,3,1264,20,2,63.2,11,0.1,23,0,0,0,1,0,0,1,0,0,0,0,0,1,0,0,0,0,1
1972,14188.0,0,0,40,2,7,11,16,12,27,1,2,0,4,6,0,0,0,0,0,0,0,54,13,0,2,75,7,0,10.714285714285714,8,0.14285714285714285,13,1,0,0,0,0,0,1,0,0,0,0,1,0,0,1,0,0,0
1986,20425.0,1,0,5,4,12,5,3,16,17,2,2,0,3,7,0,0,0,0,0,0,0,40,14,1,3,57,7,0,8.142857142857142,9,0.2857142857142857,14,1,0,0,0,0,0,1,0,0,0,0,1,0,0,1,0,0,0
1962,58646.0,0,1,3,62,1,44,6,5,22,1,2,1,4,4,0,0,0,0,0,0,0,64,13,1,3,140,8,0,17.5,6,0.125,12,0,0,1,0,0,0,1,0,0,0,0,1,0,0,0,0,0,1
1970,72967.0,0,1,1,158,35,179,0,0,125,2,7,2,8,5,1,0,0,0,0,0,1,56,14,1,2,497,19,2,26.157894736842106,12,0.10526315789473684,24,0,1,0,0,0,1,0,0,0,0,0,1,0,0,0,1,0,0
1949,48150.0,0,1,24,173,2,39,3,2,47,3,5,1,4,7,0,0,0,0,0,0,0,77,13,1,3,266,13,0,20.46153846153846,12,0.23076923076923078,20,0,0,1,0,0,0,1,0,0,0,0,0,1,0,0,0,0,1
1961,82332.0,0,0,89,830,59,968,51,79,19,1,5,3,12,2,0,0,1,0,0,0,1,65,14,0,1,2006,21,2,95.52380952380952,7,0.047619047619047616,23,0,1,0,0,0,0,0,1,0,0,0,1,0,0,0,1,0,0
1955,58275.0,1,1,48,189,10,253,56,43,64,6,8,2,7,7,0,0,0,0,0,0,0,71,13,2,3,615,23,0,26.73913043478261,15,0.2608695652173913,30,0,1,0,0,0,0,0,0,0,1,0,0,1,0,0,1,0,0
1981,44953.0,0,0,31,728,17,133,11,8,124,1,7,3,13,6,1,0,0,0,0,0,0,45,14,0,2,1021,24,1,42.541666666666664,13,0.041666666666666664,30,0,0,0,1,0,0,0,0,1,0,0,1,0,0,0,0,0,1
1953,34587.0,1,1,68,7,2,9,2,0,2,2,1,0,3,4,0,0,0,0,0,0,0,73,12,2,4,22,6,0,3.6666666666666665,5,0.3333333333333333,10,0,1,0,0,0,0,0,0,1,0,0,1,0,0,0,1,0,0
1974,43018.0,0,1,46,35,4,17,7,6,64,1,2,2,2,5,0,0,0,0,0,0,0,52,13,1,3,133,7,0,19.0,7,0.14285714285714285,12,0,0,1,0,0,0,0,0,1,0,0,0,1,0,1,0,0,0
1954,45736.0,0,1,92,188,3,180,20,3,43,5,7,1,6,7,0,0,0,0,0,0,0,72,13,1,3,437,19,0,23.0,14,0.2631578947368421,26,0,0,1,0,0,0,1,0,0,0,0,0,1,0,0,0,0,1
1969,66476.0,0,1,80,742,28,152,25,9,57,2,6,8,10,4,0,0,0,0,0,0,0,57,13,1,3,1013,26,0,38.96153846153846,10,0.07692307692307693,30,0,0,1,0,0,0,0,0,1,0,0,1,0,0,0,0,0,1
1981,27733.0,1,0,16,0,7,5,26,2,17,2,2,0,3,7,0,0,0,0,0,0,0,45,13,1,3,57,7,0,8.142857142857142,9,0.2857142857142857,14,0,0,0,0,0,0,1,0,0,0,0,1,0,0,0,0,0,0
1952,69805.0,0,1,50,750,71,174,13,10,20,2,6,8,11,2,0,0,0,0,0,0,0,74,12,1,3,1038,27,0,38.44444444444444,8,0.07407407407407407,29,0,0,0,1,0,0,0,0,1,0,0,1,0,0,0,0,0,1
1962,72217.0,0,0,93,816,42,450,55,56,154,1,3,10,8,2,0,0,0,0,0,0,0,64,13,0,1,1573,22,0,71.5,5,0.045454545454545456,24,0,0,1,0,0,0,0,1,0,0,0,0,0,0,0,0,0,1
1971,25818.0,1,0,51,5,2,8,2,2,9,1,0,1,2,7,0,0,0,0,0,0,0,55,14,1,2,28,4,0,7.0,7,0.25,11,0,1,0,0,0,1,0,0,0,0,0,1,0,0,1,0,0,0
1976,37509.0,1,0,24,37,5,56,12,8,5,2,3,0,4,7,0,0,0,0,0,0,0,50,14,1,3,123,9,0,13.666666666666666,10,0.2222222222222222,16,0,0,1,0,0,0,0,0,1,0,0,1,0,0,0,1,0,0
1976,25176.0,1,1,79,4,0,4,0,0,5,1,1,0,2,7,0,0,0,0,0,0,0,50,13,2,4,13,4,0,3.25,8,0.25,11,0,0,0,0,0,0,0,0,1,0,0,1,0,0,1,0,0,0
1980,43586.0,0,1,26,99,2,11,4,0,16,3,3,0,4,8,0,0,0,0,0,0,0,46,14,1,3,132,10,0,13.2,11,0.3,18,0,1,0,0,0,0,1,0,0,0,0,1,0,0,0,0,0,1
1956,53230.0,0,1,86,176,72,98,136,21,229,4,5,2,12,5,0,0,0,0,0,0,0,70,14,1,3,732,23,0,31.82608695652174,10,0.17391304347826086,28,0,0,0,0,0,0,1,0,0,0,0,1,0,0,1,0,0,0
1957,50116.0,1,1,68,54,0,10,0,0,2,2,1,0,4,5,0,1,0,0,0,0,0,69,12,2,4,66,7,1,9.428571428571429,6,0.2857142857142857,12,0,1,0,0,0,0,0,0,1,0,0,1,0,0,0,0,0,1
1972,84906.0,0,0,98,997,15,414,99,30,76,1,5,6,12,2,0,1,1,0,1,0,0,54,13,0,2,1631,24,3,67.95833333333333,7,0.041666666666666664,26,0,1,0,0,0,0,0,0,1,0,0,1,0,0,0,0,0,1
1966,61286.0,0,1,34,356,0,107,19,9,117,2,7,1,8,5,0,0,0,0,0,0,0,60,13,1,3,608,18,0,33.77777777777778,12,0.1111111111111111,23,0,1,0,0,0,0,1,0,0,0,0,1,0,0,0,0,0,1
1986,82333.0,0,0,60,1311,0,359,46,89,17,1,4,3,10,2,0,0,1,0,0,0,1,40,13,0,2,1822,18,2,101.22222222222223,6,0.05555555555555555,20,0,0,0,1,0,0,1,0,0,0,0,1,0,0,0,0,0,1
1965,65220.0,0,0,3,890,63,292,0,25,12,4,8,4,7,6,0,0,0,0,0,0,1,61,14,0,2,1282,23,1,55.73913043478261,14,0.17391304347826086,29,0,0,0,1,0,0,0,0,1,0,0,0,1,0,0,0,0,1
1974,33590.0,2,1,65,4,0,2,0,0,2,1,1,0,2,7,0,0,0,0,0,0,0,52,13,3,5,8,4,0,2.0,8,0.25,11,0,1,0,0,0,0,0,0,1,0,0,1,0,0,0,0,0,1
1976,30992.0,1,0,83,17,0,14,7,3,2,1,1,0,3,7,0,0,0,0,0,0,0,50,13,1,2,43,5,0,8.6,8,0.2,12,0,1,0,0,0,1,0,0,0,0,0,1,0,0,0,0,0,1
1976,72309.0,0,0,64,960,0,883,50,38,0,1,5,6,8,3,0,0,0,1,0,0,1,50,13,0,1,1931,20,2,96.55,8,0.05,23,0,0,1,0,0,0,0,1,0,0,0,1,0,0,0,0,0,1
1949,156924.0,0,0,85,2,1,2,1,1,1,0,0,0,0,0,0,0,0,0,0,0,0,77,13,0,2,8,0,0,0.0,0,0.0,0,0,0,0,1,0,0,1,0,0,0,0,0,1,0,0,0,0,1
1980,16005.0,1,0,69,1,3,2,20,30,47,3,2,1,2,8,0,0,0,0,0,0,0,46,14,1,3,103,8,0,12.875,10,0.375,16,1,0,0,0,0,0,1,0,0,0,0,0,1,0,1,0,0,0
1957,65487.0,0,0,48,240,67,500,199,0,163,3,3,5,6,2,0,0,0,0,0,0,0,69,12,0,1,1169,17,0,68.76470588235294,5,0.17647058823529413,19,0,0,1,0,0,0,0,0,0,0,0,1,0,0,0,1,0,0
1965,58692.0,0,1,21,301,11,61,4,7,11,1,8,2,4,7,0,0,0,0,0,0,0,61,12,1,3,395,15,0,26.333333333333332,15,0.06666666666666667,22,0,1,0,0,0,0,1,0,0,0,0,0,1,0,0,0,0,1
1969,40590.0,1,1,30,154,0,50,6,11,37,5,3,4,3,6,1,0,0,0,0,0,0,57,13,2,3,258,15,1,17.2,9,0.3333333333333333,21,0,1,0,0,0,0,0,0,0,1,0,0,0,0,0,0,0,1
1970,20587.0,1,0,39,2,3,6,4,1,9,1,1,1,2,7,0,0,0,0,0,0,0,56,12,1,2,25,5,0,5.0,8,0.2,12,0,1,0,0,0,0,0,1,0,0,0,1,0,0,1,0,0,0
1954,62637.0,0,1,76,104,12,48,4,12,5,1,2,2,5,2,0,0,0,0,0,0,0,72,12,1,2,185,10,0,18.5,4,0.1,12,0,0,1,0,0,1,0,0,0,0,0,1,0,0,0,0,0,1
1966,29435.0,1,1,11,70,3,37,4,2,64,4,3,2,2,9,0,0,0,0,0,0,1,60,14,2,3,180,11,1,16.363636363636363,12,0.36363636363636365,20,0,0,1,0,0,1,0,0,0,0,0,0,1,0,0,0,0,1
1974,19346.0,1,0,26,2,0,9,3,6,2,1,1,0,3,8,0,0,0,0,0,0,0,52,12,1,2,22,5,0,4.4,9,0.2,13,0,1,0,0,0,1,0,0,0,0,0,1,0,0,0,1,0,0
1971,35788.0,1,1,34,23,2,11,3,1,4,2,2,0,3,6,0,0,0,0,0,0,0,55,12,2,4,44,7,0,6.285714285714286,8,0.2857142857142857,13,0,1,0,0,0,0,1,0,0,0,0,1,0,0,0,0,0,1
1968,36997.0,1,1,72,43,4,12,8,0,27,5,2,1,4,5,0,0,0,0,0,0,0,58,13,2,3,94,12,0,7.833333333333333,7,0.4166666666666667,17,0,1,0,0,0,1,0,0,0,0,0,1,0,0,0,0,0,1
1957,23539.0,0,0,13,4,24,11,16,1,25,1,2,0,4,6,0,0,0,0,0,0,0,69,12,0,2,81,7,0,11.571428571428571,8,0.14285714285714285,13,0,1,0,0,0,0,1,0,0,0,0,1,0,0,1,0,0,0
1973,65333.0,0,1,58,654,7,92,0,15,30,7,9,4,8,6,0,1,1,0,0,0,0,53,12,1,2,798,28,2,28.5,15,0.25,34,0,1,0,0,0,0,0,1,0,0,0,0,1,0,0,0,0,1
1957,78499.0,0,0,12,912,72,170,47,36,97,1,11,3,4,4,0,0,1,0,0,0,1,69,13,0,1,1334,19,2,70.21052631578948,15,0.05263157894736842,23,0,1,0,0,0,0,0,1,0,0,0,0,1,0,0,0,0,1
1971,29732.0,1,0,23,25,0,8,0,1,4,1,2,0,2,9,0,0,0,0,0,0,0,55,12,1,3,38,5,0,7.6,11,0.2,14,0,0,0,1,0,0,0,0,1,0,0,0,1,0,0,0,0,1
1960,41275.0,1,2,33,24,4,22,0,2,9,4,3,1,3,5,0,0,0,0,0,0,0,66,12,3,5,61,11,0,5.545454545454546,8,0.36363636363636365,16,0,0,1,0,0,0,0,0,1,0,0,0,1,0,0,0,0,1
1973,63516.0,1,1,30,141,11,114,15,14,5,4,4,1,7,5,0,0,0,0,0,0,0,53,13,2,4,300,16,0,18.75,9,0.25,21,0,0,0,1,0,0,0,0,1,0,0,1,0,0,0,0,0,1
1962,42769.0,0,1,15,71,0,13,3,1,0,2,1,1,4,4,0,0,0,0,0,0,0,64,13,1,3,88,8,0,11.0,5,0.25,12,0,0,0,1,0,0,1,0,0,0,0,1,0,0,0,0,0,1
1958,49572.0,1,1,25,35,1,16,0,1,1,2,2,0,3,7,0,0,0,0,0,0,0,68,13,2,4,54,7,0,7.714285714285714,9,0.2857142857142857,14,0,0,1,0,0,0,1,0,0,0,0,1,0,0,0,0,0,1
1972,69209.0,0,0,4,496,32,849,229,48,128,2,5,3,6,4,0,0,0,1,0,0,0,54,14,0,2,1782,16,1,111.375,9,0.125,20,0,1,0,0,0,0,1,0,0,0,0,1,0,0,0,1,0,0
1976,17148.0,1,0,80,9,9,11,13,10,16,4,3,1,3,8,0,0,0,0,0,0,0,50,12,1,3,68,11,0,6.181818181818182,11,0.36363636363636365,19,0,1,0,0,0,0,1,0,0,0,0,0,1,0,1,0,0,0
1969,40590.0,1,1,30,154,0,50,6,11,37,5,3,4,3,6,1,0,0,0,0,0,0,57,13,2,3,258,15,1,17.2,9,0.3333333333333333,21,0,1,0,0,0,0,0,0,0,1,0,0,0,0,0,0,0,1
1976,30560.0,1,0,6,9,1,5,4,5,7,1,1,0,3,7,0,0,0,0,0,0,0,50,13,1,3,31,5,0,6.2,8,0.2,12,0,0,1,0,0,0,0,0,1,0,0,1,0,0,0,0,0,1
1983,32146.0,1,0,16,26,3,23,4,7,3,2,2,0,4,6,0,0,0,0,0,0,0,43,12,1,3,66,8,0,8.25,8,0.25,14,0,0,0,0,0,0,1,0,0,0,0,1,0,0,0,0,0,1
1964,41713.0,1,1,57,77,8,44,10,10,25,5,3,1,4,6,0,0,0,0,0,0,0,62,12,2,3,174,13,0,13.384615384615385,9,0.38461538461538464,19,0,0,0,0,0,1,0,0,0,0,0,1,0,0,0,0,0,1
1975,34176.0,0,1,9,11,2,7,4,2,2,1,1,0,3,3,0,0,0,0,0,0,0,51,12,1,3,28,5,0,5.6,4,0.2,8,0,0,1,0,0,0,0,0,1,0,0,1,0,0,0,0,0,1
1955,58482.0,0,1,59,576,7,115,19,7,7,2,7,4,9,6,0,1,0,0,0,0,0,71,12,1,3,731,22,1,33.22727272727273,13,0.09090909090909091,28,0,0,0,1,0,0,1,0,0,0,0,1,0,0,0,0,0,1
1965,59686.0,0,1,78,89,15,89,34,42,5,1,4,1,6,4,0,0,0,0,0,0,0,61,12,1,2,274,12,0,22.833333333333332,8,0.08333333333333333,16,0,1,0,0,0,0,0,1,0,0,0,1,0,0,0,0,0,1
1964,60896.0,0,1,90,1013,30,399,60,46,153,3,9,10,4,6,0,0,0,0,0,0,1,62,14,1,3,1701,26,1,65.42307692307692,15,0.11538461538461539,32,0,0,0,1,0,0,1,0,0,0,0,0,0,0,0,0,0,1
1980,62994.0,1,0,74,224,12,48,4,12,12,1,6,2,4,6,0,0,0,0,0,0,0,46,12,1,3,312,13,0,24.0,12,0.07692307692307693,19,0,1,0,0,0,0,0,0,1,0,0,0,1,0,0,0,0,1
1957,47320.0,0,1,10,200,19,111,50,15,19,6,5,1,8,6,0,0,0,0,0,0,0,69,13,1,3,414,20,0,20.7,11,0.3,26,0,1,0,0,0,0,0,0,1,0,0,1,0,0,0,0,0,1
1949,74859.0,0,0,63,570,73,614,133,102,73,1,6,5,11,3,0,0,0,1,0,0,0,77,13,0,1,1565,23,1,68.04347826086956,9,0.043478260869565216,26,0,0,0,0,0,0,0,0,0,1,0,1,0,0,0,1,0,0
1992,15253.0,1,0,13,1,3,3,8,1,13,2,1,0,3,7,0,0,0,0,0,0,0,34,13,1,2,29,6,0,4.833333333333333,8,0.3333333333333333,13,1,0,0,0,0,0,0,1,0,0,0,1,0,0,1,0,0,0
1974,31560.0,1,0,98,62,1,20,4,0,7,2,2,1,3,8,0,0,0,0,0,0,0,52,13,1,2,94,8,0,11.75,10,0.25,16,0,0,0,1,0,0,0,1,0,0,0,1,0,0,0,0,0,1
1954,72071.0,0,1,4,531,69,300,150,138,150,3,5,4,8,2,0,0,0,0,0,0,0,72,13,1,2,1338,20,0,66.9,7,0.15,22,0,1,0,0,0,1,0,0,0,0,0,1,0,0,0,0,0,1
1990,91172.0,0,0,94,162,28,818,0,28,56,0,4,3,7,3,1,0,1,1,1,0,1,36,13,0,1,1092,14,5,78.0,7,0.0,17,0,0,1,0,0,0,0,1,0,0,0,1,0,0,0,1,0,0
1984,90000.0,0,0,91,675,144,133,94,192,241,1,4,8,5,1,1,0,1,1,0,0,0,42,13,0,2,1479,18,3,82.16666666666667,5,0.05555555555555555,19,0,1,0,0,0,0,1,0,0,0,0,0,0,0,0,0,0,1
1981,41967.0,1,1,66,23,4,10,0,2,15,1,1,0,3,4,0,0,0,0,0,0,0,45,13,2,3,54,5,0,10.8,5,0.2,9,0,1,0,0,0,0,0,1,0,0,0,1,0,0,0,0,0,1
1965,69263.0,0,1,14,492,5,32,13,5,21,1,9,1,7,6,0,1,0,0,0,0,0,61,12,1,2,568,18,1,31.555555555555557,15,0.05555555555555555,24,0,1,0,0,0,0,0,1,0,0,0,0,1,0,0,0,0,1
1970,65706.0,0,0,77,918,10,129,13,0,129,1,11,3,12,7,0,1,1,0,1,0,1,56,13,0,1,1199,27,4,44.407407407407405,18,0.037037037037037035,34,0,0,0,0,0,1,0,0,0,0,0,1,0,0,0,0,0,1
1975,60934.0,0,1,41,224,155,155,192,93,54,2,6,4,11,4,0,0,0,0,0,0,0,51,12,1,3,873,23,0,37.95652173913044,10,0.08695652173913043,27,0,1,0,0,0,0,0,0,1,0,0,1,0,0,0,0,0,1
1951,71965.0,0,1,21,572,19,286,50,38,248,3,6,3,5,3,0,0,0,0,0,0,0,75,13,1,3,1213,17,0,71.3529411764706,9,0.17647058823529413,20,0,1,0,0,0,0,1,0,0,0,0,0,1,0,0,0,0,1
1955,65210.0,0,1,25,626,0,70,0,7,28,2,9,3,8,6,0,1,0,1,0,0,0,71,12,1,3,731,22,2,33.22727272727273,15,0.09090909090909091,28,0,1,0,0,0,0,1,0,0,0,0,0,1,0,0,0,0,1
1975,79174.0,0,0,2,1074,37,518,193,92,129,1,5,6,7,2,0,0,1,1,0,0,1,51,13,0,2,2043,19,3,107.52631578947368,7,0.05263157894736842,21,0,0,0,1,0,0,1,0,0,0,0,1,0,0,0,0,0,1
1967,81380.0,0,0,51,741,68,689,224,68,103,1,4,2,10,2,0,0,0,0,0,0,0,59,14,0,1,1893,17,0,111.3529411764706,6,0.058823529411764705,19,0,0,1,0,0,1,0,0,0,0,0,1,0,0,0,0,0,1
1973,48432.0,0,1,3,322,3,50,4,3,42,5,7,1,6,8,0,0,0,0,0,0,0,53,14,1,2,424,19,0,22.31578947368421,15,0.2631578947368421,27,0,0,0,1,0,0,0,0,0,0,1,0,1,0,0,0,0,1
1971,52914.0,0,1,32,254,10,44,30,10,227,2,7,3,3,7,1,0,0,0,0,0,0,55,13,1,3,575,15,1,38.333333333333336,14,0.13333333333333333,22,0,1,0,0,0,0,1,0,0,0,0,0,1,0,0,0,0,1
1955,38946.0,0,1,84,116,6,82,6,6,41,2,3,1,6,5,0,0,0,0,0,0,0,71,13,1,3,257,12,0,21.416666666666668,8,0.16666666666666666,17,0,1,0,0,0,0,0,0,1,0,0,1,0,0,0,0,0,1
1974,26067.0,1,0,49,22,2,18,0,2,12,3,3,0,3,8,0,0,0,0,0,0,0,52,13,1,3,56,9,0,6.222222222222222,11,0.3333333333333333,17,0,1,0,0,0,0,1,0,0,0,0,0,1,0,0,0,0,1
1972,44325.0,0,1,69,516,0,21,0,0,5,4,8,2,7,8,0,1,0,0,0,0,0,54,13,1,3,542,21,1,25.80952380952381,16,0.19047619047619047,29,0,0,0,1,0,0,1,0,0,0,0,0,1,0,0,0,0,1
1964,42523.0,0,0,96,14,36,11,3,26,35,1,1,1,4,2,0,0,0,0,0,0,0,62,12,0,2,125,7,0,17.857142857142858,3,0.14285714285714285,9,0,1,0,0,0,0,1,0,0,0,0,1,0,1,0,0,0,0
1978,26487.0,1,0,23,2,8,10,12,14,23,3,2,1,3,5,0,0,0,0,0,0,0,48,13,1,2,69,9,0,7.666666666666667,7,0.3333333333333333,14,1,0,0,0,0,0,0,1,0,0,0,1,0,0,1,0,0,0
1957,53233.0,0,1,18,28,0,9,3,0,0,1,1,0,3,4,0,0,0,0,0,0,0,69,12,1,3,40,5,0,8.0,5,0.2,9,0,0,0,0,0,0,1,0,0,0,0,1,0,0,0,0,0,1
1960,67716.0,0,1,8,530,142,217,62,9,56,4,7,4,13,5,0,1,0,0,0,0,0,66,13,1,3,1016,28,1,36.285714285714285,12,0.14285714285714285,33,0,1,0,0,0,0,1,0,0,0,0,1,0,0,0,0,0,1
1972,76234.0,0,1,21,519,50,167,130,0,41,1,8,3,11,3,0,1,0,0,0,0,0,54,12,1,3,907,23,1,39.43478260869565,11,0.043478260869565216,26,0,0,1,0,0,0,1,0,0,0,0,1,0,0,0,0,0,1
1956,84117.0,0,0,60,611,76,749,59,45,26,1,7,10,6,2,0,0,1,0,0,0,0,70,12,0,2,1566,24,1,65.25,9,0.041666666666666664,26,0,0,0,1,0,0,1,0,0,0,0,0,0,0,0,1,0,0
1957,65487.0,0,0,48,240,67,500,199,0,163,3,3,5,6,2,0,0,0,0,0,0,0,69,12,0,2,1169,17,0,68.76470588235294,5,0.17647058823529413,19,0,0,1,0,0,0,0,0,1,0,0,1,0,0,0,1,0,0
1972,25224.0,1,0,36,4,9,12,11,2,8,2,1,1,3,3,0,0,0,0,0,0,0,54,12,1,3,46,7,0,6.571428571428571,4,0.2857142857142857,10,1,0,0,0,0,0,1,0,0,0,0,1,0,0,0,1,0,0
1983,89616.0,0,0,36,671,47,655,145,111,15,1,7,5,12,2,0,0,0,0,0,0,1,43,13,0,1,1644,25,1,65.76,9,0.04,27,0,0,1,0,0,0,0,1,0,0,0,1,0,0,0,0,0,1
1971,40851.0,1,1,63,23,1,7,0,4,24,1,1,1,2,7,0,0,0,0,0,0,0,55,13,2,3,59,5,0,11.8,8,0.2,12,0,1,0,0,0,1,0,0,0,0,0,1,0,0,1,0,0,0
1947,27469.0,0,0,2,9,1,2,3,2,0,1,0,0,3,6,0,0,0,0,0,0,0,79,14,0,2,17,4,0,4.25,6,0.25,10,0,1,0,0,0,0,1,0,0,0,0,1,0,0,0,0,0,1
1957,82347.0,0,0,38,556,54,845,202,133,63,1,7,7,10,3,1,0,0,1,0,0,1,69,14,0,2,1853,25,3,74.12,10,0.04,28,0,0,0,0,0,0,1,0,0,0,0,1,0,0,0,1,0,0
1957,73803.0,0,1,61,833,80,363,52,26,174,2,9,5,6,6,1,0,0,0,0,0,1,69,14,1,3,1528,22,2,69.45454545454545,15,0.09090909090909091,28,0,1,0,0,0,0,1,0,0,0,0,0,1,0,0,0,0,1
1952,8820.0,1,1,52,12,0,13,4,2,4,4,3,0,3,8,0,0,0,0,0,0,0,74,13,2,3,35,10,0,3.5,11,0.4,18,0,0,1,0,0,0,0,1,0,0,0,0,1,0,0,1,0,0
1974,43322.0,0,0,25,56,7,48,10,2,18,1,3,0,4,7,0,0,0,0,0,0,0,52,12,0,1,141,8,0,17.625,10,0.125,15,0,1,0,0,0,0,0,1,0,0,0,1,0,0,0,0,0,1
1973,55593.0,0,1,63,293,8,124,11,4,106,2,6,6,3,6,1,0,0,0,0,0,0,53,13,1,3,546,17,1,32.11764705882353,12,0.11764705882352941,23,0,1,0,0,0,0,0,0,1,0,0,0,1,0,0,0,0,1
1954,50501.0,1,1,10,297,0,38,13,0,152,7,5,4,4,6,1,0,0,0,0,0,1,72,13,2,4,500,20,2,25.0,11,0.35,26,0,1,0,0,0,0,1,0,0,0,0,0,1,0,0,0,0,1
1975,37085.0,1,1,65,39,1,16,2,0,3,4,3,0,3,8,0,0,0,0,0,0,0,51,12,2,4,61,10,0,6.1,11,0.4,18,0,1,0,0,0,0,1,0,0,0,0,0,1,0,0,0,0,1
1990,16185.0,1,0,71,5,11,16,21,8,45,2,2,2,2,8,0,0,0,0,0,0,0,36,13,1,2,106,8,0,13.25,10,0.25,16,1,0,0,0,0,0,0,1,0,0,0,0,1,0,1,0,0,0
1969,57731.0,0,1,0,266,21,300,65,8,44,4,8,8,6,6,0,0,0,0,0,0,0,57,14,1,2,704,26,0,27.076923076923077,14,0.15384615384615385,32,0,1,0,0,0,0,0,1,0,0,0,0,1,0,0,1,0,0
1973,48432.0,0,1,3,322,3,50,4,3,42,5,7,1,6,8,0,0,0,0,0,0,1,53,14,1,2,424,19,1,22.31578947368421,15,0.2631578947368421,27,0,0,0,1,0,0,0,0,0,0,1,0,1,0,0,0,0,1
1978,73807.0,0,1,88,366,124,156,71,78,54,2,5,5,11,2,0,0,0,0,0,0,0,48,13,1,3,849,23,0,36.91304347826087,7,0.08695652173913043,25,0,1,0,0,0,0,1,0,0,0,0,1,0,0,0,0,0,1
1990,18929.0,0,0,15,32,0,8,23,4,18,1,1,0,4,6,0,0,0,0,0,0,0,36,13,0,2,85,6,0,14.166666666666666,7,0.16666666666666666,12,0,1,0,0,0,0,1,0,0,0,0,1,0,0,0,0,0,1
1968,35893.0,1,1,80,158,0,23,0,0,18,6,3,1,5,8,0,0,0,0,0,0,0,58,14,2,3,199,15,0,13.266666666666667,11,0.4,23,0,1,0,0,0,0,0,1,0,0,0,1,0,0,0,0,0,1
1980,61014.0,0,1,17,269,129,495,182,43,29,4,9,3,4,7,0,0,0,0,0,0,0,46,14,1,3,1147,20,0,57.35,16,0.2,27,0,1,0,0,0,0,1,0,0,0,0,0,1,0,0,1,0,0
1954,32144.0,1,1,76,41,0,10,0,0,3,4,2,1,3,7,0,1,0,0,0,0,0,72,12,2,4,54,10,1,5.4,9,0.4,17,0,1,0,0,0,0,0,0,1,0,0,1,0,0,0,0,0,1
1963,14918.0,0,1,52,3,3,3,15,4,15,1,1,0,3,6,0,0,0,0,0,0,0,63,14,1,3,43,5,0,8.6,7,0.2,11,1,0,0,0,0,0,0,0,1,0,0,1,0,0,0,0,0,0
1963,45146.0,1,1,28,33,0,5,0,0,15,2,1,1,2,4,0,0,0,0,0,0,0,63,13,2,3,53,6,0,8.833333333333334,5,0.3333333333333333,10,0,1,0,0,0,1,0,0,0,0,0,1,0,0,0,0,0,1
1955,41769.0,0,1,31,302,29,131,32,0,27,6,8,1,7,8,0,0,0,0,0,0,0,71,13,1,2,521,22,0,23.681818181818183,16,0.2727272727272727,30,0,0,0,0,0,1,0,0,0,0,0,0,1,0,0,0,0,1
1981,88325.0,0,0,42,519,71,860,93,27,53,1,6,2,9,2,0,0,0,0,0,0,0,45,12,0,2,1623,18,0,90.16666666666667,8,0.05555555555555555,20,0,1,0,0,0,0,0,0,1,0,0,1,0,0,0,1,0,0
1950,38054.0,1,1,24,23,2,17,2,1,0,2,2,0,3,7,0,0,0,0,0,0,0,76,12,2,3,45,7,0,6.428571428571429,9,0.2857142857142857,14,0,0,1,0,0,1,0,0,0,0,0,1,0,0,0,0,0,1
1995,80617.0,0,0,42,594,51,631,72,55,32,1,4,6,8,2,0,0,0,0,0,0,0,31,14,0,1,1435,19,0,75.52631578947368,6,0.05263157894736842,21,0,0,0,0,0,0,0,1,0,0,0,1,0,0,0,1,0,0
1976,5305.0,0,1,12,12,4,7,1,3,5,0,1,0,0,13,0,0,0,0,0,0,0,50,13,1,3,32,1,0,32.0,14,0.0,14,0,1,0,0,0,0,1,0,0,0,0,0,1,0,0,0,0,1
1954,36807.0,1,1,88,4,2,5,0,0,5,1,1,0,2,6,0,0,0,0,0,0,0,72,14,2,4,16,4,0,4.0,7,0.25,10,0,1,0,0,0,0,0,0,1,0,0,1,0,0,0,1,0,0
1983,28427.0,1,0,67,18,3,19,3,3,6,2,2,0,3,8,0,0,0,0,0,0,0,43,13,1,3,52,7,0,7.428571428571429,10,0.2857142857142857,15,0,1,0,0,0,0,0,0,1,0,0,1,0,0,0,1,0,0
1948,82032.0,0,0,54,332,194,377,149,125,57,0,4,6,7,1,0,0,0,0,0,0,0,78,12,0,1,1234,17,0,72.58823529411765,5,0.0,18,0,0,0,1,0,0,0,0,0,1,0,1,0,0,0,1,0,0
1978,22775.0,1,0,40,5,1,8,0,0,1,1,1,0,2,8,0,0,0,0,0,0,0,48,13,1,3,15,4,0,3.75,9,0.25,12,0,1,0,0,0,0,0,0,1,0,0,1,0,0,0,1,0,0
1985,40101.0,1,0,73,171,3,129,26,24,62,4,6,1,6,7,0,0,0,0,0,0,0,41,14,1,3,415,17,0,24.41176470588235,13,0.23529411764705882,24,0,0,1,0,0,0,0,0,1,0,0,0,1,0,0,0,0,1
1979,58025.0,0,1,81,270,31,88,11,48,22,3,3,2,10,4,0,0,0,0,0,0,0,47,13,1,3,470,18,0,26.11111111111111,7,0.16666666666666666,22,0,1,0,0,0,0,1,0,0,0,0,1,0,0,0,0,0,1
1982,75777.0,0,0,12,712,26,538,69,13,80,1,3,6,11,1,0,1,1,0,0,0,1,44,13,0,1,1438,21,3,68.47619047619048,4,0.047619047619047616,22,0,0,1,0,0,0,0,1,0,0,0,1,0,0,0,0,0,1
1979,7500.0,1,0,7,2,8,11,3,8,21,4,3,2,2,7,0,0,0,0,0,0,0,47,13,1,3,53,11,0,4.818181818181818,10,0.36363636363636365,18,0,0,0,0,0,0,0,0,1,0,0,0,1,0,1,0,0,0
1963,33562.0,1,2,33,21,12,12,0,3,3,3,2,0,4,4,0,0,0,0,0,0,0,63,12,3,5,51,9,0,5.666666666666667,6,0.3333333333333333,13,0,0,1,0,0,0,1,0,0,0,0,1,0,0,0,0,0,1
1970,57642.0,0,1,24,580,6,58,8,0,27,3,7,6,6,4,1,0,0,0,0,0,0,56,12,1,2,679,22,1,30.863636363636363,11,0.13636363636363635,26,0,0,0,1,0,0,0,1,0,0,0,0,1,0,0,0,0,1
1968,58554.0,1,1,55,368,24,68,38,0,88,6,8,2,6,7,0,0,0,0,0,0,0,58,14,2,4,586,22,0,26.636363636363637,15,0.2727272727272727,29,0,1,0,0,0,0,0,0,1,0,0,0,1,0,0,0,0,1
1979,63777.0,1,1,87,457,5,106,15,17,53,8,11,1,6,8,0,0,0,0,0,0,0,47,13,2,4,653,26,0,25.115384615384617,19,0.3076923076923077,34,0,1,0,0,0,0,1,0,0,0,0,0,1,0,0,0,0,1
1962,57967.0,0,1,39,229,7,137,4,0,91,5,4,2,8,5,0,0,0,0,0,0,0,64,13,1,2,468,19,0,24.63157894736842,9,0.2631578947368421,24,0,1,0,0,0,0,0,1,0,0,0,1,0,0,0,0,0,1
1978,,0,0,53,32,2,1607,12,4,22,0,0,0,1,0,0,1,0,0,0,0,0,48,14,0,2,1679,1,1,1679.0,0,0.0,1,0,0,0,0,0,0,0,0,1,0,0,1,0,0,0,1,0,0
1972,24434.0,2,0,9,3,2,8,20,0,17,2,2,1,2,7,0,0,0,0,0,0,0,54,12,2,4,50,7,0,7.142857142857143,9,0.2857142857142857,14,0,1,0,0,0,0,1,0,0,0,0,0,1,0,0,0,0,0
1984,11012.0,1,0,82,24,3,26,7,1,23,3,3,1,2,9,1,0,0,0,0,0,0,42,13,1,2,84,9,1,9.333333333333334,12,0.3333333333333333,18,0,1,0,0,0,0,0,1,0,0,0,0,1,0,0,1,0,0
1970,44802.0,0,0,71,853,10,143,13,10,20,2,9,4,12,8,0,0,0,0,0,0,0,56,14,0,1,1049,27,0,38.851851851851855,17,0.07407407407407407,35,0,0,1,0,0,0,0,1,0,0,0,1,0,0,0,0,0,1
1986,26816.0,0,0,50,5,1,6,3,4,3,1,0,0,3,4,0,0,0,0,0,0,0,40,14,0,1,22,4,0,5.5,4,0.25,8,0,1,0,0,0,0,0,1,0,0,0,1,0,0,0,1,0,0
1977,666666.0,1,0,23,9,14,18,8,1,12,4,3,1,3,6,0,0,0,0,0,0,0,49,13,1,3,62,11,0,5.636363636363637,9,0.36363636363636365,17,0,1,0,0,0,0,0,0,1,0,0,0,1,0,0,1,0,0
1974,34421.0,1,0,81,3,3,7,6,2,9,1,1,0,2,7,0,0,0,0,0,0,0,52,13,1,3,30,4,0,7.5,8,0.25,11,0,1,0,0,0,0,1,0,0,0,0,1,0,0,1,0,0,0
1967,61223.0,0,1,46,709,43,182,42,118,247,2,9,3,4,5,0,0,0,0,0,0,0,59,13,1,3,1341,18,0,74.5,14,0.1111111111111111,23,0,1,0,0,0,0,1,0,0,0,0,0,1,0,0,0,0,1
1946,64014.0,2,1,56,406,0,30,0,0,8,7,8,2,5,7,0,0,0,1,0,0,0,80,12,3,5,444,22,1,20.181818181818183,15,0.3181818181818182,29,0,0,0,1,0,0,0,0,1,0,0,0,1,0,0,0,0,1
1981,56981.0,0,0,91,908,48,217,32,12,24,1,2,3,13,6,0,1,0,0,0,0,0,45,12,0,1,1241,19,1,65.3157894736842,8,0.05263157894736842,25,0,1,0,0,0,1,0,0,0,0,0,1,0,0,0,0,0,1
1956,69245.0,0,1,8,428,30,214,80,30,61,2,6,5,10,3,0,0,0,0,0,0,0,70,12,1,3,843,23,0,36.65217391304348,9,0.08695652173913043,26,0,0,1,0,0,0,0,0,1,0,0,1,0,0,0,0,0,1
1954,52869.0,1,1,40,84,3,61,2,1,21,3,3,1,4,7,0,0,0,0,0,0,1,72,14,2,4,172,11,1,15.636363636363637,10,0.2727272727272727,18,0,0,0,1,0,0,1,0,0,0,0,1,0,0,0,0,0,1
