Year_Birth,Income,Kidhome,Teenhome,Recency,MntWines,MntFruits,MntMeatProducts,MntFishProducts,MntSweetProducts,MntGoldProds,NumDealsPurchases,NumWebPurchases,NumCatalogPurchases,NumStorePurchases,NumWebVisitsMonth,AcceptedCmp3,AcceptedCmp4,AcceptedCmp5,AcceptedCmp1,AcceptedCmp2,Complain,Response,Customer_Age,Customer_Tenure,Total_Children,Family_Size,Total_Spending,Total_Purchases,Total_Campaign_Acceptance,Average_Spending_Per_Purchase,Digital_Engagement,Deal_Dependency,Customer_Activity_Level,Education_Basic,Education_Graduation,Education_Master,Education_PhD,Marital_Status_Alone,Marital_Status_Divorced,Marital_Status_Married,Marital_Status_Single,Marital_Status_Together,Marital_Status_Widow,Marital_Status_YOLO,Preferred_Shopping_Channel_Store,Preferred_Shopping_Channel_Web,Product_Preference_Fruit,Product_Preference_Gold,Product_Preference_Meat,Product_Preference_Sweet,Product_Preference_Wine
1957,58138.0,0,0,58,6.455198563340122,4.48863636973214,6.304448802421981,5.153291594497779,4.48863636973214,4.48863636973214,1.3862943611198906,2.1972245773362196,2.3978952727983707,4,7,0.0,0.0,0.0,0.0,0.0,0.0,0.6931471805599453,69,14,0,1,1617,25,0.6931471805599453,4.184794465144173,15,0.12,32,0.0,1,0.0,0.0,0.0,0.0,0,0.6931471805599453,0.0,0.0,0.0,0,0.0,0.0,0.0,0.0,0.0,1
1954,46344.0,1,1,38,2.4849066497880004,0.6931471805599453,1.9459101490553132,1.0986122886681098,0.6931471805599453,1.9459101490553132,1.0986122886681098,0.6931471805599453,0.6931471805599453,2,5,0.0,0.0,0.0,0.0,0.0,0.0,0.0,72,12,2,3,27,6,0.0,1.7047480922384253,6,0.3333333333333333,11,0.0,1,0.0,0.0,0.0,0.0,0,0.6931471805599453,0.0,0.0,0.0,1,0.0,0.0,0.0,0.0,0.0,1
1965,71613.0,0,0,26,6.056784013228625,3.912023005428146,4.852030263919617,4.718498871295094,3.091042453358316,3.7612001156935624,0.6931471805599453,2.1972245773362196,1.0986122886681098,10,4,0.0,0.0,0.0,0.0,0.0,0.0,0.0,61,13,0,2,776,21,0.0,3.6363322410667918,12,0.047619047619047616,25,0.0,1,0.0,0.0,0.0,0.0,0,0.0,0.6931471805599453,0.0,0.0,1,0.0,0.0,0.0,0.0,0.0,1
1984,26646.0,1,0,26,2.4849066497880004,1.6094379124341003,3.044522437723423,2.3978952727983707,1.3862943611198906,1.791759469228055,1.0986122886681098,1.0986122886681098,0.0,4,6,0.0,0.0,0.0,0.0,0.0,0.0,0.0,42,12,1,3,53,8,0.0,2.031432322493475,8,0.25,14,0.0,1,0.0,0.0,0.0,0.0,0,0.0,0.6931471805599453,0.0,0.0,1,0.0,0.0,0.0,0.6931471805599453,0.0,0
1981,58293.0,1,0,94,5.159055299214529,3.784189633918261,4.77912349311153,3.8501476017100584,3.332204510175204,2.772588722239781,1.791759469228055,1.791759469228055,1.3862943611198906,6,5,0.0,0.0,0.0,0.0,0.0,0.0,0.0,45,12,1,3,422,19,0.0,3.1446058962804053,10,0.2631578947368421,24,0.0,0,0.0,0.6931471805599453,0.0,0.0,1,0.0,0.0,0.0,0.0,1,0.0,0.0,0.0,0.0,0.0,1
1967,62513.0,0,1,16,6.255750041753367,3.7612001156935624,4.59511985013459,0.0,3.7612001156935624,2.70805020110221,1.0986122886681098,1.9459101490553132,1.6094379124341003,10,6,0.0,0.0,0.0,0.0,0.0,0.0,0.0,59,13,1,3,716,22,0.0,3.512901371242157,12,0.09090909090909091,28,0.0,0,0.6931471805599453,0.0,0.0,0.0,0,0.0,0.6931471805599453,0.0,0.0,1,0.0,0.0,0.0,0.0,0.0,1
1971,55635.0,0,1,34,5.4638318050256105,4.189654742026425,5.10594547390058,3.9318256327243257,3.912023005428146,3.332204510175204,1.6094379124341003,2.0794415416798357,1.3862943611198906,7,6,0.0,0.0,0.0,0.0,0.0,0.0,0.0,55,14,1,2,590,21,0.0,3.370574521448172,13,0.19047619047619047,27,0.0,1,0.0,0.0,0.0,0.6931471805599453,0,0.0,0.0,0.0,0.0,0,0.6931471805599453,0.0,0.0,0.0,0.0,1
1985,33454.0,1,0,32,4.343805421853684,2.3978952727983707,4.04305126783455,1.3862943611198906,0.6931471805599453,3.1780538303479458,1.0986122886681098,1.6094379124341003,0.0,4,8,0.0,0.0,0.0,0.0,0.0,0.0,0.0,41,13,1,3,169,10,0.0,2.884800712846709,12,0.2,18,0.0,0,0.0,0.6931471805599453,0.0,0.0,1,0.0,0.0,0.0,0.0,0,0.6931471805599453,0.0,0.0,0.0,0.0,1
1974,30351.0,1,0,19,2.70805020110221,0.0,3.2188758248682006,1.3862943611198906,1.3862943611198906,1.0986122886681098,0.6931471805599453,1.3862943611198906,0.0,2,9,0.0,0.0,0.0,0.0,0.0,0.0,0.6931471805599453,52,13,1,3,46,6,0.6931471805599453,2.1594842493533726,12,0.16666666666666666,15,0.0,0,0.0,0.6931471805599453,0.0,0.0,0,0.0,0.6931471805599453,0.0,0.0,0,0.6931471805599453,0.0,0.0,0.6931471805599453,0.0,0
1950,5648.0,1,1,68,3.367295829986474,0.0,1.9459101490553132,0.6931471805599453,0.6931471805599453,2.6390573296152584,0.6931471805599453,0.6931471805599453,0.0,0,20,0.6931471805599453,0.0,0.0,0.0,0.0,0.0,0.0,76,12,2,4,49,2,0.6931471805599453,3.2386784521643803,21,0.5,22,0.0,0,0.0,0.6931471805599453,0.0,0.0,0,0.0,0.6931471805599453,0.0,0.0,0,0.6931471805599453,0.0,0.0,0.0,0.0,1
1983,,1,0,11,1.791759469228055,1.791759469228055,1.9459101490553132,0.0,1.0986122886681098,0.6931471805599453,0.6931471805599453,0.6931471805599453,0.0,2,7,0.0,0.0,0.0,0.0,0.0,0.0,0.0,43,13,1,3,19,4,0.0,1.749199854809259,8,0.25,11,0.0,1,0.0,0.0,0.0,0.0,1,0.0,0.0,0.0,0.0,1,0.0,0.0,0.0,0.6931471805599453,0.0,0
1976,7500.0,0,0,59,1.9459101490553132,2.833213344056216,2.4849066497880004,2.4849066497880004,0.6931471805599453,2.833213344056216,0.6931471805599453,1.0986122886681098,0.0,3,8,0.0,0.0,0.0,0.0,0.0,0.0,0.0,50,14,0,2,61,6,0.0,2.412933150162911,10,0.16666666666666666,14,0.6931471805599453,0,0.0,0.0,0.0,0.0,1,0.0,0.0,0.0,0.0,1,0.0,0.6931471805599453,0.0,0.0,0.0,0
1959,63033.0,0,0,82,5.272999558563747,4.127134385045092,6.175867270105761,5.420534999272286,4.727387818712341,3.4339872044851463,0.6931471805599453,1.3862943611198906,1.6094379124341003,8,2,0.0,0.0,0.0,0.0,0.0,0.0,0.0,67,13,0,1,1102,16,0.0,4.246707931475263,5,0.0625,18,0.0,1,0.0,0.0,0.0,0.6931471805599453,0,0.0,0.0,0.0,0.0,1,0.0,0.0,0.0,0.6931471805599453,0.0,0
1952,59354.0,1,1,53,5.455321115357702,1.0986122886681098,3.9889840465642745,1.3862943611198906,1.791759469228055,2.70805020110221,1.3862943611198906,1.9459101490553132,0.6931471805599453,5,6,0.0,0.0,0.0,0.0,0.0,0.0,0.0,74,13,2,3,310,15,0.0,3.0757749812275277,12,0.2,21,0.0,0,0.6931471805599453,0.0,0.0,0.6931471805599453,0,0.0,0.0,0.0,0.0,0,0.6931471805599453,0.0,0.0,0.0,0.0,1
1987,17323.0,0,0,38,1.3862943611198906,2.70805020110221,2.8903717578961645,1.9459101490553132,0.6931471805599453,1.791759469228055,0.6931471805599453,0.6931471805599453,0.0,3,8,0.0,0.0,0.0,0.0,0.0,0.0,0.0,39,14,0,2,46,5,0.0,2.322387720290225,9,0.2,13,0.0,1,0.0,0.0,0.0,0.0,1,0.0,0.0,0.0,0.0,1,0.0,0.0,0.0,0.6931471805599453,0.0,0
1946,82800.0,0,0,23,6.914730892718563,3.1354942159291497,4.7535901911063645,4.0943445622221,4.23410650459726,3.828641396489095,0.6931471805599453,2.0794415416798357,1.9459101490553132,12,3,0.0,0.0,0.6931471805599453,0.6931471805599453,0.0,0.0,0.6931471805599453,80,14,0,1,1315,26,1.3862943611198906,3.9430743452601966,10,0.038461538461538464,29,0.0,0,0.0,0.6931471805599453,0.0,0.0,0,0.6931471805599453,0.0,0.0,0.0,1,0.0,0.0,0.0,0.0,0.0,1
1980,41850.0,1,1,51,3.9889840465642745,1.791759469228055,2.995732273553991,1.0986122886681098,2.6390573296152584,1.6094379124341003,1.3862943611198906,1.3862943611198906,0.0,3,8,0.0,0.0,0.0,0.0,0.0,0.0,0.0,46,14,2,4,96,9,0.0,2.456735772821304,11,0.3333333333333333,17,0.0,1,0.0,0.0,0.0,0.0,1,0.0,0.0,0.0,0.0,0,0.6931471805599453,0.0,0.0,0.0,0.0,1
1946,37760.0,0,0,20,4.442651256490317,1.791759469228055,3.6635616461296463,5.017279836814924,2.5649493574615367,3.367295829986474,1.0986122886681098,1.6094379124341003,0.6931471805599453,6,7,0.0,0.0,0.0,0.0,0.0,0.0,0.0,80,14,0,2,317,13,0.0,3.234143296998989,11,0.15384615384615385,20,0.0,1,0.0,0.0,0.0,0.0,0,0.0,0.6931471805599453,0.0,0.0,1,0.0,0.0,0.0,0.0,0.0,0
1949,76995.0,0,1,91,6.920671504248683,4.394449154672439,6.212606095751519,0.0,2.833213344056216,5.176149732573829,1.0986122886681098,2.4849066497880004,1.6094379124341003,9,5,0.0,0.0,0.0,0.6931471805599453,0.0,0.0,0.0,77,13,1,3,1782,26,0.6931471805599453,4.24188000293064,16,0.07692307692307693,31,0.0,0,0.6931471805599453,0.0,0.0,0.0,1,0.0,0.0,0.0,0.0,0,0.6931471805599453,0.0,0.0,0.0,0.0,1
1985,33812.0,1,0,86,1.6094379124341003,2.8903717578961645,2.995732273553991,3.4339872044851463,3.2188758248682006,3.6888794541139363,1.0986122886681098,1.0986122886681098,0.6931471805599453,3,6,0.0,0.0,0.0,0.0,0.0,0.0,0.0,41,14,1,2,133,8,0.0,2.8693183486983322,8,0.25,14,0.0,0,0.0,0.0,0.0,0.0,0,0.6931471805599453,0.0,0.0,0.0,1,0.0,0.0,0.6931471805599453,0.0,0.0,0
1982,37040.0,0,0,41,4.465908118654584,1.0986122886681098,4.30406509320417,4.248495242049359,3.6635616461296463,3.8918202981106265,0.6931471805599453,1.6094379124341003,1.0986122886681098,5,8,0.0,0.0,0.0,0.0,0.0,0.0,0.0,44,14,0,2,316,12,0.0,3.3081069585961433,12,0.08333333333333333,20,0.0,1,0.0,0.0,0.0,0.0,1,0.0,0.0,0.0,0.0,1,0.0,0.0,0.0,0.0,0.0,1
1979,2447.0,1,0,42,0.6931471805599453,0.6931471805599453,7.453561871643373,0.6931471805599453,0.6931471805599453,0.6931471805599453,2.772588722239781,0.0,3.367295829986474,0,1,0.0,0.0,0.0,0.0,0.0,0.0,0.0,47,13,1,3,1730,43,0.0,3.7192281903806452,1,0.3488372093023256,44,0.0,1,0.0,0.0,0.0,0.0,1,0.0,0.0,0.0,0.0,0,0.0,0.0,0.0,0.6931471805599453,0.0,0
1949,58607.0,0,1,63,6.7661917146603505,0.0,4.465908118654584,0.0,0.0,2.995732273553991,1.3862943611198906,1.0986122886681098,1.3862943611198906,9,8,0.0,0.6931471805599453,0.0,0.0,0.0,0.0,0.0,77,14,1,3,972,17,0.6931471805599453,4.063480987566496,10,0.17647058823529413,25,0.0,0,0.0,0.6931471805599453,0.0,0.0,1,0.0,0.0,0.0,0.0,1,0.0,0.0,0.0,0.0,0.0,1
1954,65324.0,0,1,0,5.953243334287785,0.0,4.634728988229636,3.091042453358316,3.4965075614664802,1.791759469228055,1.3862943611198906,1.9459101490553132,1.0986122886681098,9,4,0.0,0.0,0.0,0.0,0.0,0.0,0.0,72,12,1,3,544,20,0.0,3.339321977944068,10,0.15,24,0.0,0,0.0,0.6931471805599453,0.0,0.0,1,0.0,0.0,0.0,0.0,1,0.0,0.0,0.0,0.0,0.0,1
1951,40689.0,0,1,69,5.602118820879701,1.3862943611198906,3.332204510175204,3.6888794541139363,1.9459101490553132,4.605170185988092,2.0794415416798357,2.0794415416798357,0.6931471805599453,5,8,0.0,0.0,0.0,0.0,0.0,0.0,0.0,75,13,1,3,444,20,0.0,3.1441522786722644,15,0.35,28,0.0,1,0.0,0.0,0.0,0.0,0,0.0,0.6931471805599453,0.0,0.0,0,0.6931471805599453,0.0,0.0,0.0,0.0,1
1969,18589.0,0,0,89,1.9459101490553132,1.6094379124341003,3.258096538021482,2.772588722239781,2.5649493574615367,2.6390573296152584,1.0986122886681098,1.0986122886681098,0.6931471805599453,3,7,0.0,0.0,0.0,0.0,0.0,0.0,0.0,57,13,0,1,75,8,0.0,2.339399066116762,9,0.25,15,0.0,1,0.0,0.0,0.0,0.0,0,0.6931471805599453,0.0,0.0,0.0,1,0.0,0.0,0.0,0.6931471805599453,0.0,0
1976,53359.0,1,1,4,5.159055299214529,1.6094379124341003,3.4339872044851463,1.3862943611198906,1.9459101490553132,3.7376696182833684,1.6094379124341003,1.791759469228055,0.6931471805599453,4,7,0.0,0.0,0.0,0.0,0.0,0.0,0.0,50,13,2,4,257,14,0.0,2.963061491264442,12,0.2857142857142857,21,0.0,1,0.0,0.0,0.0,0.0,1,0.0,0.0,0.0,0.0,0,0.6931471805599453,0.0,0.0,0.0,0.0,1
1986,,1,0,19,1.791759469228055,0.6931471805599453,1.3862943611198906,1.3862943611198906,5.575949103146316,5.8944028342648505,0.0,3.332204510175204,0.0,0,1,0.0,0.0,0.0,0.0,0.0,0.0,0.0,40,13,1,2,637,27,0.0,3.202445283472105,28,0.0,28,0.0,1,0.0,0.0,0.0,0.0,0,0.6931471805599453,0.0,0.0,0.0,0,0.6931471805599453,0.0,0.6931471805599453,0.0,0.0,0
1989,38360.0,1,0,26,3.6109179126442243,1.0986122886681098,3.7612001156935624,3.044522437723423,3.091042453358316,2.3978952727983707,1.0986122886681098,1.0986122886681098,0.6931471805599453,4,3,0.0,0.0,0.0,0.0,0.0,0.0,0.0,37,13,1,3,131,9,0.0,2.7444178452730847,5,0.2222222222222222,12,0.0,1,0.0,0.0,0.0,0.0,1,0.0,0.0,0.0,0.0,1,0.0,0.0,0.0,0.6931471805599453,0.0,0
1965,84618.0,0,0,96,6.529418838262226,4.61512051684126,6.687108607866515,3.091042453358316,4.204692619390966,0.0,0.6931471805599453,1.9459101490553132,2.302585092994046,10,2,0.0,0.0,0.6931471805599453,0.0,0.0,0.0,0.0,61,13,0,2,1672,26,0.6931471805599453,4.1791098288498105,8,0.038461538461538464,28,0.0,0,0.0,0.6931471805599453,0.0,0.0,1,0.0,0.0,0.0,0.0,1,0.0,0.0,0.0,0.6931471805599453,0.0,0
1989,10979.0,0,0,34,2.1972245773362196,1.6094379124341003,2.3978952727983707,1.0986122886681098,1.0986122886681098,1.6094379124341003,1.0986122886681098,1.3862943611198906,0.0,3,5,0.0,0.0,0.0,0.0,0.0,0.0,0.0,37,12,0,1,30,8,0.0,1.55814461804655,8,0.25,13,0.0,0,0.6931471805599453,0.0,0.0,0.6931471805599453,0,0.0,0.0,0.0,0.0,0,0.6931471805599453,0.0,0.0,0.6931471805599453,0.0,0
1963,38620.0,0,0,56,4.727387818712341,2.8903717578961645,3.8066624897703196,3.5553480614894135,3.1354942159291497,4.499809670330265,0.6931471805599453,1.0986122886681098,1.791759469228055,3,3,0.0,0.0,0.0,0.0,0.0,0.0,0.0,63,13,0,2,318,11,0.0,3.398162477967001,5,0.09090909090909091,14,0.0,0,0.6931471805599453,0.0,0.0,0.0,0,0.0,0.6931471805599453,0.0,0.0,0,0.0,0.0,0.0,0.0,0.0,1
1970,40548.0,0,1,31,4.709530201312334,0.0,1.791759469228055,1.0986122886681098,0.0,1.3862943611198906,1.0986122886681098,1.0986122886681098,0.6931471805599453,4,5,0.0,0.6931471805599453,0.0,0.0,0.0,0.0,0.0,56,14,1,3,120,9,0.6931471805599453,2.662587827025453,7,0.2222222222222222,14,0.0,1,0.0,0.0,0.0,0.0,0,0.0,0.6931471805599453,0.0,0.0,1,0.0,0.0,0.0,0.0,0.0,1
1952,46610.0,0,2,8,4.574710978503383,2.5649493574615367,4.574710978503383,3.5263605246161616,3.1354942159291497,3.784189633918261,1.9459101490553132,1.6094379124341003,0.6931471805599453,6,6,0.0,0.0,0.0,0.0,0.0,0.0,0.6931471805599453,74,14,2,3,302,17,0.6931471805599453,2.9319777587286286,10,0.35294117647058826,23,0.0,0,0.0,0.6931471805599453,0.0,0.6931471805599453,0,0.0,0.0,0.0,0.0,1,0.0,0.0,0.0,0.0,0.0,1
1946,68657.0,0,0,4,6.180016653652572,3.5553480614894135,6.156978985585555,4.787491742782046,4.23410650459726,3.1354942159291497,0.6931471805599453,1.3862943611198906,1.791759469228055,9,7,0.0,0.0,0.0,0.0,0.0,0.0,0.0,80,13,0,2,1196,18,0.0,4.211304213723279,10,0.05555555555555555,25,0.0,0,0.6931471805599453,0.0,0.0,0.0,1,0.0,0.0,0.0,0.0,1,0.0,0.0,0.0,0.0,0.0,1
1951,49389.0,1,1,55,3.713572066704308,0.0,2.995732273553991,1.0986122886681098,0.6931471805599453,1.3862943611198906,0.6931471805599453,1.0986122886681098,0.0,3,7,0.0,0.0,0.0,0.0,0.0,0.0,0.0,75,13,2,3,65,6,0.0,2.4709204078132605,9,0.16666666666666666,13,0.0,0,0.6931471805599453,0.0,0.0,0.0,0,0.6931471805599453,0.0,0.0,0.0,1,0.0,0.0,0.0,0.0,0.0,1
1970,67353.0,0,1,37,6.555356891810665,2.8903717578961645,5.0238805208462765,0.0,2.1972245773362196,3.58351893845611,1.791759469228055,1.791759469228055,1.9459101490553132,12,2,0.0,0.0,0.0,0.0,0.0,0.0,0.0,56,13,1,3,913,28,0.0,3.5147386294101755,7,0.17857142857142858,30,0.0,0,0.0,0.6931471805599453,0.0,0.0,1,0.0,0.0,0.0,0.0,1,0.0,0.0,0.0,0.0,0.0,1
1976,23718.0,1,0,76,1.9459101490553132,1.3862943611198906,2.70805020110221,2.772588722239781,2.0794415416798357,3.6109179126442243,1.3862943611198906,1.3862943611198906,0.6931471805599453,2,7,0.0,0.0,0.0,0.0,0.0,0.0,0.0,50,13,1,3,81,9,0.0,2.302585092994046,10,0.3333333333333333,16,0.0,0,0.0,0.0,0.0,0.0,1,0.0,0.0,0.0,0.0,0,0.6931471805599453,0.0,0.6931471805599453,0.0,0.0,0
1973,42429.0,0,1,99,4.02535169073515,0.0,1.9459101490553132,1.0986122886681098,0.0,1.6094379124341003,1.0986122886681098,0.6931471805599453,0.6931471805599453,3,5,0.0,0.0,0.0,0.0,0.0,0.0,0.0,53,12,1,2,67,7,0.0,2.3581549441488563,6,0.2857142857142857,12,0.0,1,0.0,0.0,0.0,0.0,0,0.0,0.0,0.6931471805599453,0.0,1,0.0,0.0,0.0,0.0,0.0,1
1943,48948.0,0,0,53,6.082218910376446,2.1972245773362196,5.332718793265369,5.081404364984463,3.912023005428146,3.7612001156935624,1.0986122886681098,2.0794415416798357,2.3978952727983707,5,6,0.6931471805599453,0.0,0.0,0.0,0.0,0.0,0.6931471805599453,83,13,0,1,902,24,1.0986122886681098,3.6528204042982337,13,0.08333333333333333,30,0.0,0,0.0,0.6931471805599453,0.0,0.6931471805599453,0,0.0,0.0,0.0,0.0,0,0.0,0.0,0.0,0.0,0.0,1
1980,80011.0,0,1,3,6.045005314036012,4.343805421853684,6.285998094508865,4.418840607796598,5.187385805840755,4.634728988229636,1.0986122886681098,2.1972245773362196,1.9459101490553132,5,4,0.0,0.0,0.0,0.0,0.0,0.0,0.0,46,13,1,3,1395,21,0.0,4.211068836530242,12,0.09523809523809523,25,0.0,1,0.0,0.0,0.0,0.0,1,0.0,0.0,0.0,0.0,0,0.6931471805599453,0.0,0.0,0.6931471805599453,0.0,0
1985,20559.0,1,0,88,2.6390573296152584,0.6931471805599453,3.4011973816621555,1.3862943611198906,0.0,2.0794415416798357,1.0986122886681098,1.0986122886681098,0.0,3,8,0.0,0.0,0.0,0.0,0.0,0.0,0.0,41,13,1,3,53,7,0.0,2.1484344131667874,10,0.2857142857142857,15,0.0,0,0.6931471805599453,0.0,0.0,0.0,1,0.0,0.0,0.0,0.0,1,0.0,0.0,0.0,0.6931471805599453,0.0,0
1957,21994.0,0,1,4,2.302585092994046,0.0,1.9459101490553132,1.3862943611198906,0.6931471805599453,1.3862943611198906,0.6931471805599453,0.0,0.0,3,5,0.0,0.0,0.0,0.0,0.0,0.0,0.0,69,14,1,3,22,4,0.0,1.8718021769015913,5,0.25,9,0.0,1,0.0,0.0,0.0,0.0,0,0.0,0.6931471805599453,0.0,0.0,1,0.0,0.0,0.0,0.0,0.0,1
1959,,0,0,80,4.406719247264253,2.4849066497880004,3.9318256327243257,1.3862943611198906,1.0986122886681098,3.6888794541139363,0.6931471805599453,0.6931471805599453,1.3862943611198906,4,2,0.0,0.0,0.0,0.0,0.0,0.0,0.0,67,13,0,1,186,9,0.0,3.0757749812275277,3,0.1111111111111111,11,0.0,0,0.0,0.6931471805599453,0.0,0.0,0,0.6931471805599453,0.0,0.0,0.0,1,0.0,0.0,0.0,0.0,0.0,1
1975,7500.0,1,0,19,1.3862943611198906,0.6931471805599453,2.3978952727983707,1.3862943611198906,1.0986122886681098,2.5649493574615367,1.3862943611198906,1.0986122886681098,0.0,3,5,0.0,0.0,0.0,0.0,0.0,0.0,0.0,51,13,1,3,31,8,0.0,1.5841201044498106,7,0.375,13,0.0,0,0.6931471805599453,0.0,0.0,0.0,1,0.0,0.0,0.0,0.0,1,0.0,0.0,0.6931471805599453,0.0,0.0,0
1976,79941.0,0,0,72,4.820281565605037,5.10594547390058,5.58724865840025,5.429345628954441,3.4339872044851463,5.1647859739235145,0.6931471805599453,1.0986122886681098,1.6094379124341003,9,1,0.0,0.0,0.0,0.0,0.0,0.0,0.0,50,12,0,1,984,16,0.0,4.135166556742356,3,0.0625,17,0.0,1,0.0,0.0,0.0,0.0,0,0.6931471805599453,0.0,0.0,0.0,1,0.0,0.0,0.0,0.6931471805599453,0.0,0
1996,7500.0,0,0,24,1.3862943611198906,2.9444389791664403,2.70805020110221,2.772588722239781,3.1354942159291497,3.9318256327243257,1.3862943611198906,1.3862943611198906,0.6931471805599453,3,9,0.0,0.0,0.0,0.0,0.0,0.0,0.6931471805599453,30,14,0,2,122,10,0.6931471805599453,2.580216829592325,12,0.3,19,0.0,0,0.0,0.0,0.0,0.0,1,0.0,0.0,0.0,0.0,0,0.6931471805599453,0.0,0.6931471805599453,0.0,0.0,0
1968,41728.0,1,0,92,2.6390573296152584,1.9459101490553132,2.772588722239781,1.3862943611198906,1.791759469228055,2.6390573296152584,0.6931471805599453,1.0986122886681098,0.0,2,10,0.0,0.0,0.0,0.0,0.0,0.0,0.0,58,13,1,3,55,5,0.0,2.4849066497880004,12,0.2,15,0.0,1,0.0,0.0,0.0,0.0,0,0.0,0.6931471805599453,0.0,0.0,0,0.6931471805599453,0.0,0.0,0.6931471805599453,0.0,0
1951,,2,1,96,3.8918202981106265,1.791759469228055,3.8918202981106265,1.9459101490553132,2.3978952727983707,2.0794415416798357,1.3862943611198906,1.0986122886681098,0.6931471805599453,4,6,0.0,0.0,0.0,0.0,0.0,0.0,0.0,75,12,3,4,124,10,0.0,2.5952547069568657,8,0.3,16,0.0,1,0.0,0.0,0.0,0.0,0,0.6931471805599453,0.0,0.0,0.0,1,0.0,0.0,0.0,0.0,0.0,1
1954,72550.0,1,1,39,6.717804695023691,3.9318256327243257,5.762051382780177,3.9318256327243257,3.6635616461296463,3.6635616461296463,2.302585092994046,1.791759469228055,1.0986122886681098,12,8,0.0,0.0,0.0,0.0,0.0,0.0,0.0,72,14,2,4,1319,28,0.0,3.87343066623516,13,0.32142857142857145,36,0.0,0,0.0,0.6931471805599453,0.0,0.0,1,0.0,0.0,0.0,0.0,1,0.0,0.0,0.0,0.0,0.0,1
1957,65486.0,0,1,29,5.5053315359323625,2.995732273553991,4.836281906951478,3.6375861597263857,4.219507705176107,2.70805020110221,0.6931471805599453,1.6094379124341003,1.0986122886681098,10,2,0.0,0.0,0.0,0.0,0.0,0.0,0.0,69,12,1,2,507,17,0.0,3.4282783402648263,6,0.058823529411764705,19,0.0,1,0.0,0.0,0.0,0.0,0,0.0,0.0,0.6931471805599453,0.0,1,0.0,0.0,0.0,0.0,0.0,1
1964,79143.0,0,0,2,6.478509642208569,3.6375861597263857,6.660575149839686,3.332204510175204,5.123963979403259,3.4965075614664802,0.6931471805599453,1.9459101490553132,2.302585092994046,13,3,0.0,0.0,0.0,0.0,0.0,0.0,0.0,62,14,0,2,1693,29,0.0,4.083945855001202,9,0.034482758620689655,32,0.0,0,0.6931471805599453,0.0,0.0,0.0,1,0.0,0.0,0.0,0.0,1,0.0,0.0,0.0,0.6931471805599453,0.0,0
1977,35790.0,1,0,54,2.5649493574615367,1.9459101490553132,3.044522437723423,3.4339872044851463,0.6931471805599453,1.3862943611198906,1.0986122886681098,1.0986122886681098,0.0,3,7,0.0,0.0,0.0,0.0,0.0,0.0,0.0,49,13,1,2,72,7,0.0,2.423537703411708,9,0.2857142857142857,14,0.0,1,0.0,0.0,0.0,0.0,0,0.6931471805599453,0.0,0.0,0.0,1,0.0,0.0,0.0,0.0,0.0,0
1977,82582.0,0,0,54,6.236369590203704,4.795790545596741,6.311734809152915,5.056245805348308,3.713572066704308,5.488937726156687,0.6931471805599453,1.6094379124341003,2.302585092994046,7,1,0.6931471805599453,0.0,0.0,0.6931471805599453,0.0,0.0,0.6931471805599453,49,12,0,1,1617,21,1.3862943611198906,4.356708826689592,5,0.047619047619047616,22,0.0,1,0.0,0.0,0.0,0.6931471805599453,0,0.0,0.0,0.0,0.0,0,0.0,0.0,0.0,0.6931471805599453,0.0,0
1978,66373.0,1,1,57,5.796057750765372,2.302585092994046,4.8283137373023015,2.5649493574615367,3.2188758248682006,4.700480365792417,2.0794415416798357,1.6094379124341003,1.0986122886681098,10,3,0.0,0.0,0.0,0.0,0.0,0.0,0.0,48,13,2,4,606,23,0.0,3.308637040771291,7,0.30434782608695654,26,0.0,1,0.0,0.0,0.0,0.0,1,0.0,0.0,0.0,0.0,1,0.0,0.0,0.0,0.0,0.0,1
1955,82384.0,0,0,55,6.892641641172089,3.9512437185814275,6.07073772800249,5.198497031265826,4.795790545596741,5.25227342804663,0.6931471805599453,1.3862943611198906,2.3978952727983707,13,1,0.0,0.0,0.6931471805599453,0.0,0.0,0.0,0.6931471805599453,71,14,0,2,1957,27,1.0986122886681098,4.297033421840489,4,0.037037037037037035,28,0.0,0,0.6931471805599453,0.0,0.0,0.0,0,0.0,0.6931471805599453,0.0,0.0,1,0.0,0.0,0.0,0.0,0.0,1
1966,70287.0,0,0,30,5.69035945432406,3.58351893845611,6.180016653652572,4.804021044733257,4.795790545596741,3.713572066704308,0.6931471805599453,1.791759469228055,1.791759469228055,10,3,0.0,0.0,0.0,0.0,0.0,0.0,0.6931471805599453,60,13,0,1,1093,21,0.6931471805599453,3.971189982763806,8,0.047619047619047616,24,0.0,1,0.0,0.0,0.0,0.6931471805599453,0,0.0,0.0,0.0,0.0,1,0.0,0.0,0.0,0.6931471805599453,0.0,0
1988,27938.0,1,0,31,2.6390573296152584,0.0,2.1972245773362196,1.0986122886681098,0.6931471805599453,1.791759469228055,0.6931471805599453,0.6931471805599453,0.0,4,3,0.0,0.0,0.0,0.0,0.0,0.0,0.0,38,12,1,2,29,6,0.0,1.7635885922613586,4,0.16666666666666666,9,0.0,1,0.0,0.0,0.0,0.0,0,0.6931471805599453,0.0,0.0,0.0,1,0.0,0.0,0.0,0.0,0.0,1
1982,,1,0,57,2.4849066497880004,1.3862943611198906,3.1354942159291497,1.0986122886681098,1.0986122886681098,1.9459101490553132,1.0986122886681098,1.0986122886681098,0.0,3,6,0.0,0.0,0.0,0.0,0.0,0.0,0.0,44,13,1,2,46,7,0.0,2.0243817644968085,8,0.2857142857142857,13,0.0,1,0.0,0.0,0.0,0.0,0,0.6931471805599453,0.0,0.0,0.0,1,0.0,0.0,0.0,0.6931471805599453,0.0,0
1968,55954.0,0,1,63,6.104793232414985,0.0,3.367295829986474,0.0,0.0,3.784189633918261,1.3862943611198906,2.1972245773362196,1.0986122886681098,6,7,0.0,0.0,0.0,0.0,0.0,0.0,0.0,58,12,1,3,518,19,0.0,3.3415591153424242,15,0.15789473684210525,26,0.0,0,0.0,0.6931471805599453,0.0,0.0,1,0.0,0.0,0.0,0.0,0,0.6931471805599453,0.0,0.0,0.0,0.0,1
1982,75777.0,0,0,12,6.569481420414296,3.295836866004329,6.289715570908998,4.248495242049359,2.6390573296152584,4.394449154672439,0.6931471805599453,1.3862943611198906,1.9459101490553132,11,1,0.0,0.6931471805599453,0.6931471805599453,0.0,0.0,0.0,0.6931471805599453,44,13,0,1,1438,21,1.3862943611198906,4.240984110799363,4,0.047619047619047616,22,0.0,0,0.6931471805599453,0.0,0.0,0.0,0,0.6931471805599453,0.0,0.0,0.0,1,0.0,0.0,0.0,0.0,0.0,1
1975,66653.0,1,1,18,6.115892125483034,2.9444389791664403,4.634728988229636,2.833213344056216,2.9444389791664403,1.9459101490553132,1.6094379124341003,1.6094379124341003,1.0986122886681098,12,3,0.0,0.0,0.0,0.0,0.0,0.0,0.0,51,14,2,4,612,22,0.0,3.36100650107891,7,0.18181818181818182,25,0.0,1,0.0,0.0,0.0,0.0,0,0.0,0.6931471805599453,0.0,0.0,1,0.0,0.0,0.0,0.0,0.0,1
1952,61823.0,0,1,26,6.261491684321042,2.0794415416798357,4.90527477843843,3.6375861597263857,2.70805020110221,5.135798437050262,1.6094379124341003,2.1972245773362196,1.0986122886681098,10,7,0.0,0.0,0.0,0.0,0.0,0.0,0.0,74,13,1,2,884,24,0.0,3.6331905482533475,15,0.16666666666666666,31,0.0,1,0.0,0.0,0.0,0.0,0,0.6931471805599453,0.0,0.0,0.0,1,0.0,0.0,0.0,0.0,0.0,1
1951,67680.0,0,1,8,6.304448802421981,0.0,3.8918202981106265,0.0,1.9459101490553132,1.9459101490553132,0.6931471805599453,2.0794415416798357,1.3862943611198906,8,5,0.0,0.0,0.0,0.0,0.0,0.0,0.0,75,13,1,2,606,19,0.0,3.493312670569961,12,0.05263157894736842,24,0.0,0,0.0,0.6931471805599453,0.0,0.0,0,0.0,0.0,0.6931471805599453,0.0,1,0.0,0.0,0.0,0.0,0.0,1
1948,70666.0,0,0,29,5.988961416889864,3.713572066704308,5.908082938168931,4.787491742782046,4.812184355372417,3.4339872044851463,0.6931471805599453,2.0794415416798357,1.6094379124341003,4,4,0.0,0.0,0.0,0.0,0.0,0.0,0.0,78,13,0,2,1076,16,0.0,4.223177434065069,11,0.0625,20,0.0,1,0.0,0.0,0.0,0.0,0,0.0,0.6931471805599453,0.0,0.0,0,0.6931471805599453,0.0,0.0,0.0,0.0,1
1971,25721.0,1,0,75,0.6931471805599453,1.3862943611198906,1.9459101490553132,1.3862943611198906,1.9459101490553132,2.772588722239781,0.6931471805599453,0.6931471805599453,0.6931471805599453,2,7,0.0,0.0,0.0,0.0,0.0,0.0,0.6931471805599453,55,13,1,3,34,5,0.6931471805599453,2.0541237336955462,8,0.2,12,0.0,1,0.0,0.0,0.0,0.0,1,0.0,0.0,0.0,0.0,1,0.0,0.0,0.6931471805599453,0.0,0.0,0
1967,32474.0,1,1,0,2.3978952727983707,0.0,0.6931471805599453,0.0,0.0,0.0,0.6931471805599453,0.6931471805599453,0.0,2,7,0.0,0.0,0.0,0.0,0.0,0.0,0.0,59,12,2,4,11,4,0.0,1.3217558399823195,8,0.25,11,0.0,1,0.0,0.0,0.0,0.0,0,0.0,0.6931471805599453,0.0,0.0,1,0.0,0.0,0.0,0.0,0.0,1
1979,88194.0,0,1,19,6.535241271013659,2.70805020110221,5.736572297479192,5.308267697401205,3.2188758248682006,3.6635616461296463,0.6931471805599453,2.4849066497880004,2.3978952727983707,10,5,0.6931471805599453,0.0,0.0,0.6931471805599453,0.0,0.0,0.6931471805599453,47,12,1,2,1274,32,1.3862943611198906,3.70898840703665,16,0.03125,37,0.0,0,0.0,0.0,0.0,0.0,0,0.6931471805599453,0.0,0.0,0.0,0,0.6931471805599453,0.0,0.0,0.0,0.0,1
1958,69096.0,0,1,4,5.5134287461649825,3.912023005428146,5.075173815233827,2.0794415416798357,4.418840607796598,4.700480365792417,0.6931471805599453,1.791759469228055,1.0986122886681098,10,4,0.0,0.0,0.0,0.0,0.0,0.0,0.0,68,13,1,3,653,18,0.0,3.618397379075517,9,0.05555555555555555,22,0.0,1,0.0,0.0,0.0,0.0,0,0.0,0.6931471805599453,0.0,0.0,1,0.0,0.0,0.0,0.0,0.0,1
1970,74854.0,1,2,90,6.75343791859778,4.0943445622221,6.1903154058531475,4.07753744390572,3.4011973816621555,4.30406509320417,2.0794415416798357,1.0986122886681098,1.791759469228055,5,5,0.0,0.0,0.0,0.0,0.0,0.0,0.0,56,13,3,5,1562,19,0.0,4.421373858043031,7,0.3684210526315789,24,0.0,1,0.0,0.0,0.0,0.0,0,0.0,0.6931471805599453,0.0,0.0,0,0.0,0.0,0.0,0.0,0.0,1
1954,66991.0,0,0,1,6.208590026096629,3.6109179126442243,6.133398042996649,5.247024072160486,4.110873864173311,2.5649493574615367,1.3862943611198906,1.6094379124341003,2.1972245773362196,6,3,0.0,0.0,0.0,0.0,0.0,0.0,0.0,72,14,0,2,1253,21,0.0,4.105394398408686,7,0.14285714285714285,24,0.0,0,0.6931471805599453,0.0,0.0,0.0,1,0.0,0.0,0.0,0.0,0,0.0,0.0,0.0,0.0,0.0,1
1973,,1,0,25,3.258096538021482,1.3862943611198906,3.784189633918261,2.8903717578961645,1.6094379124341003,2.8903717578961645,1.3862943611198906,1.3862943611198906,0.0,3,8,0.0,0.0,0.0,0.0,0.0,0.0,0.0,53,14,1,3,109,9,0.0,2.5734600471294455,11,0.3333333333333333,17,0.0,0,0.0,0.0,0.0,0.0,1,0.0,0.0,0.0,0.0,0,0.6931471805599453,0.0,0.0,0.6931471805599453,0.0,0
1959,65031.0,0,1,29,5.556828061699537,4.68213122712422,5.676753802268282,4.442651256490317,3.6375861597263857,4.465908118654584,1.6094379124341003,2.3978952727983707,1.3862943611198906,13,7,0.0,0.0,0.0,0.0,0.0,0.0,0.0,67,13,1,3,863,30,0.0,3.3933891992143437,17,0.13333333333333333,37,0.0,1,0.0,0.0,0.0,0.0,1,0.0,0.0,0.0,0.0,1,0.0,0.0,0.0,0.6931471805599453,0.0,0
1975,60631.0,1,1,88,6.338594078203183,1.9459101490553132,4.189654742026425,0.0,1.9459101490553132,2.995732273553991,1.791759469228055,2.302585092994046,1.0986122886681098,8,7,0.0,0.6931471805599453,0.0,0.0,0.0,0.0,0.0,51,13,2,4,661,24,0.6931471805599453,3.35136500791428,16,0.20833333333333334,31,0.0,0,0.0,0.6931471805599453,0.0,0.0,1,0.0,0.0,0.0,0.0,0,0.6931471805599453,0.0,0.0,0.0,0.0,1
1952,28332.0,0,0,58,2.70805020110221,2.3978952727983707,2.6390573296152584,1.6094379124341003,2.772588722239781,2.302585092994046,0.6931471805599453,1.0986122886681098,0.6931471805599453,4,2,0.0,0.0,0.0,0.0,0.0,0.0,0.0,74,12,0,2,65,8,0.0,2.211017899468555,4,0.125,10,0.0,1,0.0,0.0,0.0,0.0,1,0.0,0.0,0.0,0.0,1,0.0,0.0,0.0,0.0,0.6931471805599453,0
1977,40246.0,1,0,68,1.0986122886681098,0.6931471805599453,1.9459101490553132,1.0986122886681098,0.6931471805599453,0.6931471805599453,0.6931471805599453,0.6931471805599453,0.0,2,6,0.0,0.0,0.0,0.0,0.0,0.0,0.0,49,14,1,2,13,4,0.0,1.4469189829363254,7,0.25,10,0.0,1,0.0,0.0,0.0,0.6931471805599453,0,0.0,0.0,0.0,0.0,1,0.0,0.0,0.0,0.6931471805599453,0.0,0
1972,75251.0,0,0,34,6.582025138892826,4.718498871295094,6.8308742346461795,4.584967478670572,2.9444389791664403,2.9444389791664403,0.6931471805599453,2.0794415416798357,1.9459101490553132,5,5,0.0,0.0,0.0,0.0,0.0,0.0,0.6931471805599453,54,14,0,2,1890,19,0.6931471805599453,4.609895844559307,12,0.05263157894736842,24,0.0,0,0.6931471805599453,0.0,0.0,0.0,1,0.0,0.0,0.0,0.0,0,0.6931471805599453,0.0,0.0,0.6931471805599453,0.0,0
1976,75825.0,0,0,40,6.940222469119639,4.663439094112067,6.659293919683638,4.927253685157205,4.663439094112067,3.9512437185814275,0.0,1.791759469228055,2.1972245773362196,9,4,0.6931471805599453,0.0,0.0,0.0,0.0,0.0,0.6931471805599453,50,14,0,1,2209,22,1.0986122886681098,4.619162741074216,9,0.0,26,0.0,1,0.0,0.0,0.0,0.0,0,0.6931471805599453,0.0,0.0,0.0,1,0.0,0.0,0.0,0.0,0.0,1
1976,26326.0,0,0,12,0.6931471805599453,0.0,1.791759469228055,0.0,1.3862943611198906,2.302585092994046,0.6931471805599453,0.0,0.0,3,3,0.0,0.0,0.0,0.0,0.0,0.6931471805599453,0.0,50,13,0,2,18,4,0.0,1.7047480922384253,3,0.25,7,0.0,0,0.0,0.0,0.0,0.0,0,0.0,0.6931471805599453,0.0,0.0,1,0.0,0.0,0.6931471805599453,0.0,0.0,0
1965,56046.0,0,0,9,6.359573868672378,0.0,4.174387269895637,0.0,0.0,3.9512437185814275,1.0986122886681098,2.3978952727983707,0.6931471805599453,8,8,0.6931471805599453,0.0,0.0,0.0,0.0,0.0,0.6931471805599453,61,13,0,2,692,21,1.0986122886681098,3.524958982690873,18,0.09523809523809523,29,0.0,1,0.0,0.0,0.0,0.0,0,0.0,0.6931471805599453,0.0,0.0,0,0.6931471805599453,0.0,0.0,0.0,0.0,1
1985,29760.0,1,0,87,4.174387269895637,1.6094379124341003,4.23410650459726,2.0794415416798357,1.791759469228055,2.8903717578961645,1.6094379124341003,1.3862943611198906,0.6931471805599453,4,8,0.0,0.0,0.0,0.0,0.0,0.0,0.0,41,14,1,2,165,12,0.0,2.691243082785829,11,0.3333333333333333,20,0.0,1,0.0,0.0,0.0,0.0,0,0.6931471805599453,0.0,0.0,0.0,1,0.0,0.0,0.0,0.6931471805599453,0.0,0
1969,26304.0,1,0,5,1.6094379124341003,0.6931471805599453,1.791759469228055,1.0986122886681098,0.0,1.6094379124341003,0.6931471805599453,0.6931471805599453,0.0,2,7,0.0,0.0,0.0,0.0,0.0,0.0,0.0,57,13,1,3,16,4,0.0,1.6094379124341003,8,0.25,11,0.0,1,0.0,0.0,0.0,0.0,1,0.0,0.0,0.0,0.0,1,0.0,0.0,0.0,0.6931471805599453,0.0,0
1973,23559.0,1,0,87,3.258096538021482,1.791759469228055,2.995732273553991,2.0794415416798357,0.0,3.1780538303479458,1.3862943611198906,1.3862943611198906,0.0,3,7,0.0,0.0,0.0,0.0,0.0,0.0,0.0,53,13,1,3,79,9,0.0,2.2801122371419873,10,0.3333333333333333,16,0.0,0,0.0,0.0,0.0,0.0,1,0.0,0.0,0.0,0.0,0,0.6931471805599453,0.0,0.0,0.0,0.0,1
1963,38620.0,0,0,56,4.727387818712341,2.8903717578961645,3.8066624897703196,3.5553480614894135,3.1354942159291497,4.499809670330265,0.6931471805599453,1.0986122886681098,1.791759469228055,3,3,0.0,0.0,0.0,0.0,0.0,0.0,0.0,63,13,0,2,318,11,0.0,3.398162477967001,5,0.09090909090909091,14,0.0,0,0.6931471805599453,0.0,0.0,0.0,0,0.0,0.6931471805599453,0.0,0.0,0,0.0,0.0,0.0,0.0,0.0,1
1987,81361.0,0,0,18,5.099866427824199,3.1780538303479458,6.052089168924417,3.332204510175204,4.189654742026425,4.343805421853684,0.6931471805599453,1.3862943611198906,2.3978952727983707,13,1,0.0,0.0,0.0,0.0,0.0,0.0,0.0,39,12,0,1,778,27,0.0,3.395005411414234,4,0.037037037037037035,28,0.0,1,0.0,0.0,0.0,0.6931471805599453,0,0.0,0.0,0.0,0.0,1,0.0,0.0,0.0,0.6931471805599453,0.0,0
1960,29440.0,1,1,95,2.8903717578961645,2.1972245773362196,2.70805020110221,2.3978952727983707,1.6094379124341003,1.3862943611198906,1.0986122886681098,0.6931471805599453,0.0,4,7,0.0,0.0,0.0,0.0,0.0,0.0,0.0,66,13,2,4,56,7,0.0,2.1972245773362196,8,0.2857142857142857,14,0.0,1,0.0,0.0,0.0,0.0,1,0.0,0.0,0.0,0.0,1,0.0,0.0,0.0,0.0,0.0,1
1970,36138.0,1,1,48,4.875197323201151,0.0,2.833213344056216,0.0,0.0,1.791759469228055,1.791759469228055,1.3862943611198906,0.6931471805599453,4,7,0.0,0.6931471805599453,0.0,0.0,0.0,0.0,0.0,56,13,2,4,151,13,0.6931471805599453,2.5349170703626616,10,0.38461538461538464,20,0.0,0,0.6931471805599453,0.0,0.0,0.0,1,0.0,0.0,0.0,0.0,1,0.0,0.0,0.0,0.0,0.0,1
1957,50388.0,0,1,3,5.680172609017068,1.9459101490553132,3.6375861597263857,0.0,1.3862943611198906,3.5553480614894135,1.6094379124341003,1.9459101490553132,0.6931471805599453,6,7,0.0,0.6931471805599453,0.0,0.6931471805599453,0.0,0.0,0.6931471805599453,69,12,1,2,372,17,1.3862943611198906,3.13036599956223,13,0.23529411764705882,24,0.0,1,0.0,0.0,0.0,0.0,0,0.6931471805599453,0.0,0.0,0.0,0,0.6931471805599453,0.0,0.0,0.0,0.0,1
1973,79593.0,0,0,70,5.860786223465865,4.110873864173311,6.343880434126331,4.709530201312334,4.897839799950911,4.983606621708336,0.6931471805599453,1.791759469228055,1.9459101490553132,7,2,0.0,0.0,0.6931471805599453,0.0,0.0,0.0,0.0,53,12,0,2,1366,19,0.6931471805599453,4.289016439454999,7,0.05263157894736842,21,0.0,1,0.0,0.0,0.0,0.0,1,0.0,0.0,0.0,0.0,1,0.0,0.0,0.0,0.6931471805599453,0.0,0
1967,54178.0,0,1,79,4.912654885736052,2.302585092994046,3.6888794541139363,1.6094379124341003,0.0,2.0794415416798357,0.6931471805599453,1.0986122886681098,1.0986122886681098,5,2,0.0,0.0,0.0,0.0,0.0,0.0,0.0,59,12,1,3,194,10,0.0,3.0155349008501706,4,0.1,12,0.0,1,0.0,0.0,0.0,0.0,0,0.0,0.6931471805599453,0.0,0.0,1,0.0,0.0,0.0,0.0,0.0,1
1957,,2,1,4,5.442417710521793,3.7612001156935624,5.262690188904886,3.912023005428146,3.6375861597263857,3.9889840465642745,2.5649493574615367,2.0794415416798357,1.0986122886681098,8,9,0.0,0.0,0.0,0.0,0.0,0.0,0.0,69,14,3,5,603,29,0.0,3.0815935641603835,16,0.41379310344827586,38,0.0,0,0.0,0.6931471805599453,0.0,0.0,1,0.0,0.0,0.0,0.0,1,0.0,0.0,0.0,0.0,0.0,1
1957,,1,1,45,2.0794415416798357,0.0,2.1972245773362196,1.0986122886681098,0.0,0.6931471805599453,0.6931471805599453,0.6931471805599453,0.0,2,7,0.0,0.0,0.0,0.0,0.0,0.0,0.0,69,12,2,3,18,4,0.0,1.7047480922384253,8,0.25,11,0.0,1,0.0,0.0,0.0,0.0,0,0.6931471805599453,0.0,0.0,0.0,1,0.0,0.0,0.0,0.6931471805599453,0.0,0
1973,,0,0,87,6.100318952020064,3.6375861597263857,5.886104031450156,4.59511985013459,3.367295829986474,2.9444389791664403,0.6931471805599453,1.0986122886681098,1.6094379124341003,8,1,0.0,0.0,0.0,0.0,0.0,0.0,0.0,53,13,0,2,985,15,0.0,4.199705077879927,3,0.06666666666666667,16,0.0,0,0.6931471805599453,0.0,0.0,0.0,0,0.0,0.6931471805599453,0.0,0.0,1,0.0,0.0,0.0,0.0,0.0,1
1972,42394.0,1,0,69,2.772588722239781,1.0986122886681098,2.3978952727983707,0.0,0.6931471805599453,1.6094379124341003,0.6931471805599453,0.6931471805599453,0.0,3,7,0.0,0.0,0.0,0.0,0.0,0.0,0.0,54,12,1,2,32,5,0.0,2.0014800002101243,8,0.2,12,0.0,0,0.6931471805599453,0.0,0.0,0.0,0,0.6931471805599453,0.0,0.0,0.0,1,0.0,0.0,0.0,0.0,0.0,1
1970,23626.0,1,0,84,3.332204510175204,1.0986122886681098,2.70805020110221,0.0,0.0,0.0,1.3862943611198906,1.3862943611198906,0.6931471805599453,3,5,0.0,0.0,0.0,0.0,0.0,0.0,0.0,56,12,1,3,43,10,0.0,1.667706820558076,8,0.3,15,0.0,0,0.0,0.6931471805599453,0.0,0.0,1,0.0,0.0,0.0,0.0,0,0.6931471805599453,0.0,0.0,0.0,0.0,1
1983,30096.0,1,0,30,1.791759469228055,1.3862943611198906,2.4849066497880004,2.5649493574615367,1.791759469228055,2.302585092994046,0.6931471805599453,1.0986122886681098,0.0,3,6,0.0,0.0,0.0,0.0,0.0,0.0,0.0,43,12,1,3,45,6,0.0,2.1400661634962708,8,0.16666666666666666,12,0.0,1,0.0,0.0,0.0,0.0,1,0.0,0.0,0.0,0.0,1,0.0,0.0,0.0,0.0,0.0,0
1960,47916.0,0,1,72,6.226536669287466,0.0,3.295836866004329,0.0,0.0,4.330733340286331,1.791759469228055,2.0794415416798357,1.6094379124341003,6,6,0.0,0.6931471805599453,0.0,0.0,0.0,0.0,0.0,66,14,1,2,606,22,0.6931471805599453,3.351497713109883,13,0.22727272727272727,28,0.0,1,0.0,0.0,0.0,0.0,0,0.0,0.0,0.6931471805599453,0.0,0,0.6931471805599453,0.0,0.0,0.0,0.0,1
1972,51813.0,1,1,37,3.9512437185814275,1.0986122886681098,2.0794415416798357,0.0,0.6931471805599453,1.0986122886681098,1.0986122886681098,1.0986122886681098,0.0,3,7,0.0,0.0,0.0,0.0,0.0,0.0,0.0,54,13,2,3,63,7,0.0,2.302585092994046,9,0.2857142857142857,14,0.0,1,0.0,0.0,0.0,0.6931471805599453,0,0.0,0.0,0.0,0.0,1,0.0,0.0,0.0,0.0,0.0,1
1951,78497.0,0,0,44,5.337538079701318,3.295836866004329,6.104793232414985,4.330733340286331,0.0,5.4116460518550396,0.6931471805599453,1.791759469228055,2.0794415416798357,12,2,0.0,0.0,0.0,0.6931471805599453,0.0,0.0,0.0,75,13,0,2,978,25,0.6931471805599453,3.691874963093735,7,0.04,27,0.0,0,0.0,0.0,0.0,0.0,1,0.0,0.0,0.0,0.0,1,0.0,0.0,0.0,0.6931471805599453,0.0,0
1983,50150.0,0,0,32,4.912654885736052,3.8501476017100584,4.532599493153256,4.189654742026425,4.127134385045092,2.4849066497880004,1.0986122886681098,1.791759469228055,1.0986122886681098,7,5,0.0,0.0,0.0,0.0,0.0,0.0,0.0,43,13,0,2,410,16,0.0,3.2818506240295893,10,0.125,21,0.0,0,0.0,0.6931471805599453,0.0,0.0,1,0.0,0.0,0.0,0.0,1,0.0,0.0,0.0,0.0,0.0,1
1960,47823.0,0,1,0,3.9889840465642745,0.6931471805599453,1.791759469228055,1.0986122886681098,0.6931471805599453,2.3978952727983707,1.0986122886681098,1.0986122886681098,0.0,3,8,0.0,0.0,0.0,0.0,0.0,0.0,0.0,66,13,1,2,72,7,0.0,2.423537703411708,10,0.2857142857142857,15,0.0,0,0.0,0.0,0.0,0.0,0,0.6931471805599453,0.0,0.0,0.0,1,0.0,0.0,0.0,0.0,0.0,1
1959,34554.0,0,1,43,3.7376696182833684,0.6931471805599453,1.9459101490553132,1.0986122886681098,0.0,1.791759469228055,1.0986122886681098,1.0986122886681098,0.0,3,6,0.0,0.0,0.0,0.0,0.0,0.0,0.0,67,12,1,2,55,7,0.0,2.181224235989778,8,0.2857142857142857,13,0.0,0,0.0,0.6931471805599453,0.0,0.0,0,0.6931471805599453,0.0,0.0,0.0,1,0.0,0.0,0.0,0.0,0.0,1
1979,85693.0,0,1,59,5.958424693029782,5.153291594497779,5.214935757608986,5.225746673713202,4.890349128221754,4.718498871295094,1.0986122886681098,2.302585092994046,1.791759469228055,11,5,0.0,0.0,0.0,0.0,0.0,0.0,0.0,47,13,1,3,1169,27,0.0,3.790901068506248,14,0.07407407407407407,32,0.0,1,0.0,0.0,0.0,0.0,0,0.0,0.6931471805599453,0.0,0.0,1,0.0,0.0,0.0,0.0,0.0,1
1945,65846.0,0,0,68,6.333279628139691,4.406719247264253,5.6240175061873385,4.394449154672439,3.713572066704308,4.406719247264253,0.6931471805599453,1.9459101490553132,1.3862943611198906,6,4,0.0,0.0,0.0,0.0,0.0,0.0,0.0,81,13,0,2,1120,16,0.0,4.2626798770413155,10,0.0625,20,0.0,0,0.0,0.6931471805599453,0.0,0.0,1,0.0,0.0,0.0,0.0,0,0.6931471805599453,0.0,0.0,0.0,0.0,1
1959,87195.0,0,0,35,5.384495062789089,4.343805421853684,6.53813982376767,3.9318256327243257,3.295836866004329,3.6635616461296463,0.6931471805599453,1.3862943611198906,2.4849066497880004,5,1,0.0,0.0,0.0,0.0,0.0,0.0,0.6931471805599453,67,12,0,2,1097,20,0.6931471805599453,4.02266952551521,4,0.05,21,0.0,1,0.0,0.0,0.0,0.0,1,0.0,0.0,0.0,0.0,0,0.0,0.0,0.0,0.6931471805599453,0.0,0
1979,24594.0,1,0,94,0.6931471805599453,1.3862943611198906,1.9459101490553132,2.3978952727983707,0.0,2.302585092994046,0.6931471805599453,0.6931471805599453,0.0,3,5,0.0,0.0,0.0,0.0,0.0,0.0,0.0,47,13,1,3,29,5,0.0,1.916922612182061,6,0.2,10,0.6931471805599453,0,0.0,0.0,0.0,0.0,0,0.0,0.6931471805599453,0.0,0.0,1,0.0,0.0,0.0,0.0,0.0,0
1964,49096.0,1,1,15,4.976733742420574,0.6931471805599453,3.4965075614664802,1.0986122886681098,0.6931471805599453,2.0794415416798357,1.6094379124341003,1.6094379124341003,0.6931471805599453,4,7,0.0,0.0,0.0,0.0,0.0,0.0,0.0,62,13,2,4,187,13,0.0,2.7333680090865,11,0.3076923076923077,20,0.0,1,0.0,0.0,0.0,0.0,1,0.0,0.0,0.0,0.0,0,0.6931471805599453,0.0,0.0,0.0,0.0,1
1969,52413.0,0,2,56,5.69035945432406,4.672828834461906,5.605802066295998,4.330733340286331,4.59511985013459,4.189654742026425,1.6094379124341003,1.9459101490553132,1.6094379124341003,12,6,0.0,0.0,0.0,0.0,0.0,0.0,0.0,57,13,2,4,910,26,0.0,3.58351893845611,12,0.15384615384615385,32,0.0,1,0.0,0.0,0.0,0.0,1,0.0,0.0,0.0,0.0,1,0.0,0.0,0.0,0.0,0.0,1
1978,38557.0,1,0,17,4.343805421853684,1.3862943611198906,3.4657359027997265,1.6094379124341003,1.6094379124341003,3.332204510175204,1.0986122886681098,1.3862943611198906,0.6931471805599453,3,7,0.0,0.0,0.0,0.0,0.0,0.0,0.0,48,14,1,2,145,9,0.0,2.83972802507741,10,0.2222222222222222,16,0.0,1,0.0,0.0,0.0,0.0,0,0.6931471805599453,0.0,0.0,0.0,0,0.6931471805599453,0.0,0.0,0.0,0.0,1
1960,89058.0,0,0,18,6.12029741895095,5.272999558563747,4.672828834461906,3.4657359027997265,3.1354942159291497,3.784189633918261,0.6931471805599453,1.791759469228055,1.6094379124341003,4,2,0.0,0.0,0.0,0.0,0.0,0.0,0.0,66,14,0,2,850,14,0.0,4.122515439188797,7,0.07142857142857142,16,0.0,0,0.6931471805599453,0.0,0.0,0.0,1,0.0,0.0,0.0,0.0,0,0.6931471805599453,0.0,0.0,0.0,0.0,1
1979,77298.0,0,1,46,6.054439346269371,4.7535901911063645,5.680172609017068,3.1780538303479458,3.58351893845611,4.382026634673881,0.6931471805599453,1.9459101490553132,1.9459101490553132,11,3,0.0,0.0,0.0,0.0,0.0,0.0,0.0,47,13,1,3,969,24,0.0,3.722676833697227,9,0.041666666666666664,27,0.0,1,0.0,0.0,0.0,0.0,0,0.0,0.6931471805599453,0.0,0.0,1,0.0,0.0,0.0,0.0,0.0,1
1991,68126.0,0,0,40,7.195187320178709,2.8903717578961645,5.7430031878094825,3.1780538303479458,3.9512437185814275,4.465908118654584,0.6931471805599453,2.0794415416798357,1.6094379124341003,5,9,0.0,0.6931471805599453,0.0,0.0,0.0,0.0,0.6931471805599453,35,14,0,1,1820,17,1.0986122886681098,4.68267574115891,16,0.058823529411764705,26,0.0,0,0.0,0.6931471805599453,0.0,0.0,0,0.6931471805599453,0.0,0.0,0.0,0,0.6931471805599453,0.0,0.0,0.0,0.0,1
1963,57288.0,0,1,27,6.269096283706261,0.0,3.091042453358316,0.0,0.0,4.110873864173311,1.3862943611198906,2.1972245773362196,0.6931471805599453,8,6,0.0,0.6931471805599453,0.0,0.0,0.0,0.0,0.0,63,12,1,3,608,20,0.6931471805599453,3.4468078929142076,14,0.15,26,0.0,0,0.6931471805599453,0.0,0.0,0.0,0,0.0,0.6931471805599453,0.0,0.0,0,0.6931471805599453,0.0,0.0,0.0,0.0,1
1991,86037.0,0,0,95,6.19644412779452,3.8066624897703196,4.836281906951478,3.4011973816621555,3.044522437723423,3.1354942159291497,0.6931471805599453,1.9459101490553132,2.0794415416798357,11,3,0.0,0.6931471805599453,0.6931471805599453,0.0,0.0,0.0,0.6931471805599453,35,13,0,1,730,25,1.3862943611198906,3.407841924380824,9,0.04,28,0.0,1,0.0,0.0,0.0,0.0,0,0.6931471805599453,0.0,0.0,0.0,1,0.0,0.0,0.0,0.0,0.0,1
1980,43974.0,1,0,19,5.937536205082426,0.0,4.624972813284271,0.0,0.0,4.290459441148391,1.791759469228055,1.9459101490553132,1.6094379124341003,6,7,0.0,0.0,0.0,0.0,0.0,0.0,0.0,46,14,1,3,551,21,0.0,3.3046165536563747,13,0.23809523809523808,28,0.0,0,0.0,0.6931471805599453,0.0,0.0,1,0.0,0.0,0.0,0.0,0,0.6931471805599453,0.0,0.0,0.0,0.0,1
1962,50785.0,1,1,27,4.174387269895637,0.6931471805599453,3.091042453358316,0.0,0.6931471805599453,3.332204510175204,1.0986122886681098,1.0986122886681098,0.6931471805599453,3,6,0.0,0.0,0.0,0.0,0.0,0.0,0.0,64,13,2,3,114,8,0.0,2.7245795030534206,8,0.25,14,0.0,1,0.0,0.0,0.0,0.0,0,0.6931471805599453,0.0,0.0,0.0,1,0.0,0.0,0.0,0.0,0.0,1
1970,90765.0,0,0,25,6.306275286948016,4.605170185988092,6.70073110954781,5.0238805208462765,4.418840607796598,3.5263605246161616,0.0,1.6094379124341003,1.9459101490553132,5,1,0.0,0.0,0.6931471805599453,0.6931471805599453,0.0,0.0,0.0,56,12,0,2,1724,15,1.0986122886681098,4.753015313252073,5,0.0,16,0.0,1,0.0,0.0,0.0,0.0,1,0.0,0.0,0.0,0.0,0,0.0,0.0,0.0,0.6931471805599453,0.0,0
1978,36550.0,1,0,74,3.871201010907891,4.51085950651685,4.553876891600541,4.820281565605037,4.6443908991413725,4.795790545596741,1.791759469228055,2.302585092994046,0.6931471805599453,5,9,0.0,0.0,0.0,0.0,0.0,0.0,0.0,48,13,1,3,577,20,0.0,3.396184839838611,18,0.25,29,0.0,0,0.0,0.0,0.0,0.0,1,0.0,0.0,0.0,0.0,0,0.6931471805599453,0.0,0.0,0.0,0.0,0
1967,30753.0,1,1,85,2.5649493574615367,1.791759469228055,3.258096538021482,0.0,2.302585092994046,3.4339872044851463,1.0986122886681098,0.6931471805599453,0.6931471805599453,3,5,0.0,0.0,0.0,0.0,0.0,0.0,0.0,59,13,2,4,81,7,0.0,2.531426665422893,6,0.2857142857142857,12,0.0,0,0.0,0.0,0.0,0.0,0,0.0,0.6931471805599453,0.0,0.0,1,0.0,0.0,0.6931471805599453,0.0,0.0,0
1969,21918.0,1,0,37,0.6931471805599453,1.9459101490553132,2.0794415416798357,2.4849066497880004,1.791759469228055,1.3862943611198906,1.0986122886681098,1.0986122886681098,0.0,3,6,0.0,0.0,0.0,0.0,0.0,0.0,0.0,57,13,1,3,33,7,0.0,1.742969305058623,8,0.2857142857142857,13,0.0,1,0.0,0.0,0.0,0.0,0,0.0,0.6931471805599453,0.0,0.0,1,0.0,0.0,0.0,0.0,0.0,0
1953,56129.0,0,1,65,5.771441123130016,3.8918202981106265,4.897839799950911,3.6888794541139363,4.290459441148391,3.8918202981106265,1.6094379124341003,1.9459101490553132,1.0986122886681098,10,4,0.0,0.0,0.0,0.0,0.0,0.0,0.0,73,13,1,3,660,22,0.0,3.4339872044851463,10,0.18181818181818182,26,0.0,0,0.6931471805599453,0.0,0.0,0.0,0,0.0,0.6931471805599453,0.0,0.0,1,0.0,0.0,0.0,0.0,0.0,1
1967,32557.0,1,0,13,3.5553480614894135,1.3862943611198906,3.4011973816621555,0.0,1.6094379124341003,2.3978952727983707,1.3862943611198906,1.0986122886681098,0.6931471805599453,3,5,0.0,0.0,0.0,0.0,0.0,0.0,0.6931471805599453,59,12,1,2,80,9,0.6931471805599453,2.2914117923959205,7,0.3333333333333333,14,0.0,0,0.6931471805599453,0.0,0.0,0.0,0,0.6931471805599453,0.0,0.0,0.0,1,0.0,0.0,0.0,0.0,0.0,1
1985,19510.0,2,0,63,2.302585092994046,0.0,2.0794415416798357,1.3862943611198906,1.6094379124341003,2.0794415416798357,1.0986122886681098,0.6931471805599453,0.0,3,7,0.0,0.0,0.0,0.0,0.0,0.0,0.0,41,13,2,4,30,6,0.0,1.791759469228055,8,0.3333333333333333,13,0.0,0,0.6931471805599453,0.0,0.0,0.0,1,0.0,0.0,0.0,0.0,1,0.0,0.0,0.0,0.0,0.0,1
1976,30992.0,1,0,83,2.8903717578961645,0.0,2.70805020110221,2.0794415416798357,1.3862943611198906,1.0986122886681098,0.6931471805599453,0.6931471805599453,0.0,3,7,0.0,0.0,0.0,0.0,0.0,0.0,0.0,50,13,1,2,43,5,0.0,2.2617630984737906,8,0.2,12,0.0,1,0.0,0.0,0.0,0.6931471805599453,0,0.0,0.0,0.0,0.0,1,0.0,0.0,0.0,0.0,0.0,1
1983,101970.0,0,0,69,6.583409222158765,3.332204510175204,4.634728988229636,3.8066624897703196,4.290459441148391,5.1298987149230735,0.0,1.9459101490553132,2.1972245773362196,13,2,0.0,0.6931471805599453,0.6931471805599453,0.6931471805599453,0.0,0.0,0.6931471805599453,43,13,0,1,1135,27,1.6094379124341003,3.7620610714075275,8,0.0,29,0.0,1,0.0,0.0,0.0,0.0,0,0.6931471805599453,0.0,0.0,0.0,1,0.0,0.0,0.0,0.0,0.0,1
1965,71488.0,0,0,87,5.093750200806762,3.5263605246161616,4.8283137373023015,3.713572066704308,3.367295829986474,5.153291594497779,1.0986122886681098,1.3862943611198906,1.6094379124341003,7,1,0.0,0.0,0.0,0.0,0.0,0.0,0.0,61,13,0,2,559,16,0.0,3.581781318557569,4,0.125,17,0.0,0,0.0,0.0,0.0,0.0,0,0.0,0.6931471805599453,0.0,0.0,1,0.0,0.0,0.6931471805599453,0.0,0.0,0
1984,79607.0,0,0,37,6.111467339502679,4.897839799950911,6.858565034791365,5.159055299214529,0.0,5.37989735354046,0.6931471805599453,1.3862943611198906,1.9459101490553132,6,1,0.0,0.0,0.0,0.0,0.0,0.0,0.6931471805599453,42,13,0,1,1923,16,0.6931471805599453,4.79733893300287,4,0.0625,17,0.0,1,0.0,0.0,0.0,0.0,0,0.6931471805599453,0.0,0.0,0.0,0,0.0,0.0,0.0,0.6931471805599453,0.0,0
1953,54348.0,1,1,51,4.2626798770413155,0.0,2.833213344056216,0.0,0.0,1.6094379124341003,1.0986122886681098,1.0986122886681098,0.0,4,6,0.0,0.0,0.0,0.0,0.0,0.0,0.0,73,12,2,4,90,8,0.0,2.505525936990736,8,0.25,14,0.0,0,0.6931471805599453,0.0,0.0,0.0,1,0.0,0.0,0.0,0.0,1,0.0,0.0,0.0,0.0,0.0,1
1961,,0,1,23,5.8664680569332965,0.0,3.332204510175204,2.3978952727983707,0.0,2.772588722239781,1.3862943611198906,1.9459101490553132,0.6931471805599453,7,6,0.0,0.0,0.0,0.0,0.0,0.0,0.0,65,13,1,3,404,17,0.0,3.2094194896261654,12,0.17647058823529413,23,0.0,0,0.0,0.6931471805599453,0.0,0.0,1,0.0,0.0,0.0,0.0,1,0.0,0.0,0.0,0.0,0.0,1
1956,77376.0,1,1,72,6.20050917404269,2.995732273553991,4.709530201312334,2.833213344056216,2.5649493574615367,2.5649493574615367,1.6094379124341003,1.9459101490553132,1.3862943611198906,10,4,0.0,0.0,0.0,0.0,0.0,0.0,0.0,70,12,2,4,661,23,0.0,3.392463701693401,10,0.17391304347826086,27,0.0,0,0.0,0.6931471805599453,0.0,0.0,0,0.0,0.6931471805599453,0.0,0.0,1,0.0,0.0,0.0,0.0,0.0,1
1952,62998.0,0,1,10,4.795790545596741,4.07753744390572,4.30406509320417,4.189654742026425,4.499809670330265,4.07753744390572,1.791759469228055,1.791759469228055,1.6094379124341003,5,5,0.0,0.0,0.0,0.0,0.0,0.0,0.0,74,13,1,3,463,19,0.0,3.23350513488416,10,0.2631578947368421,24,0.0,1,0.0,0.0,0.0,0.0,1,0.0,0.0,0.0,0.0,0,0.6931471805599453,0.0,0.0,0.0,0.0,1
1958,61331.0,1,1,42,6.282266746896006,1.791759469228055,3.871201010907891,0.0,1.791759469228055,3.7376696182833684,1.791759469228055,2.4849066497880004,0.6931471805599453,6,8,0.0,0.0,0.0,0.0,0.0,0.0,0.0,68,13,2,3,632,23,0.0,3.3491410197061025,19,0.21739130434782608,31,0.0,0,0.6931471805599453,0.0,0.6931471805599453,0.0,0,0.0,0.0,0.0,0.0,0,0.6931471805599453,0.0,0.0,0.0,0.0,1
1969,73448.0,0,0,10,5.4680601411351315,4.672828834461906,5.247024072160486,3.1780538303479458,3.7376696182833684,4.875197323201151,0.6931471805599453,2.0794415416798357,1.0986122886681098,9,4,0.0,0.0,0.0,0.0,0.0,0.0,0.0,57,12,0,2,725,19,0.0,3.6676020556666513,11,0.05263157894736842,23,0.0,1,0.0,0.0,0.0,0.0,1,0.0,0.0,0.0,0.0,1,0.0,0.0,0.0,0.0,0.0,1
1963,,0,1,96,5.44673737166631,4.189654742026425,5.2832037287379885,3.6635616461296463,4.276666119016055,4.8283137373023015,0.6931471805599453,1.9459101490553132,1.791759469228055,7,4,0.0,0.0,0.0,0.0,0.0,0.0,0.0,63,13,1,3,725,19,0.0,3.6676020556666513,10,0.05263157894736842,23,0.0,1,0.0,0.0,0.0,0.0,1,0.0,0.0,0.0,0.0,1,0.0,0.0,0.0,0.0,0.0,1
1964,41551.0,1,1,51,5.3981627015177525,0.0,3.5263605246161616,1.3862943611198906,0.0,3.1780538303479458,1.791759469228055,1.791759469228055,0.6931471805599453,5,8,0.0,0.0,0.0,0.0,0.0,0.0,0.0,62,13,2,4,279,16,0.0,2.9143866341000386,13,0.3125,24,0.0,0,0.0,0.6931471805599453,0.0,0.0,1,0.0,0.0,0.0,0.0,0,0.6931471805599453,0.0,0.0,0.0,0.0,1
1967,62981.0,0,0,21,6.680854678790215,2.70805020110221,6.3818160174060985,3.6635616461296463,3.8066624897703196,0.0,0.6931471805599453,1.6094379124341003,1.791759469228055,13,3,0.0,0.6931471805599453,0.0,0.0,0.0,0.0,0.0,59,13,0,2,1482,23,0.6931471805599453,4.181053961253826,7,0.043478260869565216,26,0.0,0,0.0,0.6931471805599453,0.0,0.0,0,0.0,0.6931471805599453,0.0,0.0,1,0.0,0.0,0.0,0.0,0.0,1
1976,9548.0,1,0,31,0.0,0.6931471805599453,1.3862943611198906,2.3978952727983707,1.9459101490553132,2.302585092994046,1.0986122886681098,0.6931471805599453,0.0,3,8,0.0,0.0,0.0,0.0,0.0,0.0,0.0,50,14,1,2,29,6,0.0,1.7635885922613586,9,0.3333333333333333,14,0.6931471805599453,0,0.0,0.0,0.0,0.6931471805599453,0,0.0,0.0,0.0,0.0,1,0.0,0.0,0.0,0.0,0.0,0
1959,33762.0,2,1,61,3.9889840465642745,0.6931471805599453,3.5553480614894135,1.0986122886681098,0.0,2.833213344056216,1.3862943611198906,1.0986122886681098,1.0986122886681098,2,8,0.0,0.0,0.0,0.0,0.0,0.0,0.0,67,13,3,5,106,9,0.0,2.5477075510270306,10,0.3333333333333333,17,0.0,0,0.0,0.6931471805599453,0.0,0.0,1,0.0,0.0,0.0,0.0,0,0.6931471805599453,0.0,0.0,0.0,0.0,1
1973,35860.0,1,1,37,2.772588722239781,0.0,2.1972245773362196,1.6094379124341003,1.0986122886681098,3.044522437723423,1.0986122886681098,0.6931471805599453,0.6931471805599453,2,5,0.6931471805599453,0.0,0.0,0.0,0.0,0.0,0.6931471805599453,53,12,2,3,49,6,1.0986122886681098,2.2155737160044158,6,0.3333333333333333,11,0.0,0,0.0,0.6931471805599453,0.6931471805599453,0.0,0,0.0,0.0,0.0,0.0,1,0.0,0.0,0.6931471805599453,0.0,0.0,0
1965,36921.0,1,1,74,2.8903717578961645,0.6931471805599453,2.5649493574615367,1.3862943611198906,0.6931471805599453,1.6094379124341003,1.0986122886681098,1.0986122886681098,0.0,3,7,0.0,0.0,0.0,0.0,0.0,0.0,0.0,61,13,2,3,38,7,0.0,1.8607523407150064,9,0.2857142857142857,14,0.0,0,0.0,0.6931471805599453,0.0,0.6931471805599453,0,0.0,0.0,0.0,0.0,1,0.0,0.0,0.0,0.0,0.0,1
1992,92859.0,0,0,46,6.870053411798126,4.127134385045092,6.826545223556594,3.970291913552122,4.127134385045092,3.044522437723423,0.6931471805599453,1.791759469228055,1.6094379124341003,12,2,0.0,0.0,0.0,0.0,0.0,0.0,0.0,34,14,0,1,2077,22,0.0,4.558173866462317,7,0.045454545454545456,24,0.0,0,0.6931471805599453,0.0,0.0,0.0,0,0.6931471805599453,0.0,0.0,0.0,1,0.0,0.0,0.0,0.0,0.0,1
1976,65104.0,0,1,4,6.6052979209482015,0.0,5.4510384535657,2.6390573296152584,3.044522437723423,3.9318256327243257,1.0986122886681098,1.3862943611198906,1.791759469228055,7,7,0.0,0.0,0.0,0.0,0.0,0.0,0.6931471805599453,50,13,1,3,1053,17,0.6931471805599453,4.1422005833997355,10,0.11764705882352941,24,0.0,0,0.6931471805599453,0.0,0.0,0.0,0,0.0,0.6931471805599453,0.0,0.0,1,0.0,0.0,0.0,0.0,0.0,1
1962,86111.0,0,0,73,5.991464547107982,3.367295829986474,6.6293632534374485,3.6109179126442243,3.713572066704308,4.844187086458591,0.6931471805599453,1.791759469228055,2.0794415416798357,10,2,0.0,0.0,0.0,0.0,0.0,0.0,0.0,64,13,0,2,1385,23,0.0,4.114431320788838,7,0.043478260869565216,25,0.0,1,0.0,0.0,0.0,0.0,1,0.0,0.0,0.0,0.0,1,0.0,0.0,0.0,0.6931471805599453,0.0,0
1974,68352.0,0,1,47,6.421622267806518,2.833213344056216,4.890349128221754,3.784189633918261,3.5263605246161616,3.5263605246161616,1.3862943611198906,2.1972245773362196,1.791759469228055,9,6,0.0,0.0,0.0,0.0,0.0,0.0,0.0,52,13,1,2,871,25,0.0,3.57906458810673,14,0.12,31,0.0,0,0.0,0.6931471805599453,0.0,0.0,0,0.6931471805599453,0.0,0.0,0.0,1,0.0,0.0,0.0,0.0,0.0,1
1988,41883.0,1,0,13,3.4965075614664802,3.5553480614894135,3.7376696182833684,4.30406509320417,2.833213344056216,4.762173934797756,1.3862943611198906,1.6094379124341003,1.0986122886681098,3,7,0.0,0.0,0.0,0.0,0.0,0.0,0.0,38,13,1,3,312,12,0.0,3.295836866004329,11,0.25,19,0.0,1,0.0,0.0,0.0,0.0,0,0.0,0.6931471805599453,0.0,0.0,0,0.6931471805599453,0.0,0.6931471805599453,0.0,0.0,0
1976,59809.0,0,2,36,6.395261598115449,2.833213344056216,4.955827057601261,3.4965075614664802,3.7376696182833684,3.912023005428146,1.3862943611198906,1.3862943611198906,1.3862943611198906,6,8,0.0,0.0,0.0,0.0,0.0,0.0,0.0,50,14,2,4,877,15,0.0,4.085415931477799,11,0.2,23,0.0,1,0.0,0.0,0.0,0.0,1,0.0,0.0,0.0,0.0,1,0.0,0.0,0.0,0.0,0.0,1
1975,23957.0,1,0,47,1.0986122886681098,0.6931471805599453,2.9444389791664403,3.044522437723423,2.4849066497880004,2.833213344056216,0.6931471805599453,1.0986122886681098,0.0,3,6,0.0,0.0,0.0,0.0,0.0,0.0,0.6931471805599453,51,14,1,3,68,6,0.6931471805599453,2.512305623976115,8,0.16666666666666666,12,0.0,1,0.0,0.0,0.0,0.0,1,0.0,0.0,0.0,0.0,1,0.0,0.0,0.0,0.0,0.0,0
1981,38547.0,1,0,49,1.9459101490553132,0.6931471805599453,2.3978952727983707,0.0,0.6931471805599453,1.6094379124341003,0.6931471805599453,0.6931471805599453,0.0,2,8,0.0,0.0,0.0,0.0,0.0,0.6931471805599453,0.0,45,13,1,3,22,4,0.0,1.8718021769015913,9,0.25,12,0.0,1,0.0,0.0,0.0,0.0,0,0.0,0.6931471805599453,0.0,0.0,1,0.0,0.0,0.0,0.6931471805599453,0.0,0
1973,35688.0,2,1,94,4.30406509320417,1.3862943611198906,4.51085950651685,2.5649493574615367,0.6931471805599453,3.4965075614664802,2.0794415416798357,1.6094379124341003,0.6931471805599453,4,8,0.0,0.0,0.0,0.0,0.0,0.0,0.0,53,14,3,5,211,16,0.0,2.6523612952416213,12,0.4375,24,0.0,0,0.0,0.0,0.0,0.0,1,0.0,0.0,0.0,0.0,0,0.6931471805599453,0.0,0.0,0.6931471805599453,0.0,0
1966,49605.0,0,0,65,3.7612001156935624,2.833213344056216,3.4011973816621555,2.5649493574615367,3.044522437723423,2.1972245773362196,0.6931471805599453,1.0986122886681098,0.6931471805599453,4,3,0.0,0.0,0.0,0.0,0.0,0.0,0.0,60,12,0,2,127,8,0.0,2.8258332367585934,5,0.125,11,0.0,0,0.6931471805599453,0.0,0.0,0.0,1,0.0,0.0,0.0,0.0,1,0.0,0.0,0.0,0.0,0.0,1
1953,59354.0,0,2,59,5.69035945432406,3.091042453358316,4.3694478524670215,3.6888794541139363,2.6390573296152584,2.6390573296152584,0.6931471805599453,1.6094379124341003,1.6094379124341003,7,3,0.0,0.0,0.0,0.0,0.0,0.0,0.0,73,12,2,4,459,16,0.0,3.39072608179486,7,0.0625,19,0.0,0,0.6931471805599453,0.0,0.0,0.0,1,0.0,0.0,0.0,0.0,1,0.0,0.0,0.0,0.0,0.0,1
1969,65747.0,0,1,96,5.849324779946859,2.8903717578961645,3.8918202981106265,3.1780538303479458,2.6390573296152584,2.6390573296152584,1.6094379124341003,2.1972245773362196,0.6931471805599453,6,6,0.0,0.6931471805599453,0.0,0.0,0.0,0.0,0.0,57,12,1,3,460,19,0.6931471805599453,3.2272616182444747,14,0.21052631578947367,25,0.0,1,0.0,0.0,0.0,0.0,1,0.0,0.0,0.0,0.0,0,0.6931471805599453,0.0,0.0,0.0,0.0,1
1972,46344.0,0,1,28,5.455321115357702,3.044522437723423,4.060443010546419,2.1972245773362196,3.044522437723423,4.5217885770490405,1.6094379124341003,2.0794415416798357,0.6931471805599453,5,7,0.0,0.0,0.0,0.0,0.0,0.0,0.0,54,14,1,3,429,17,0.0,3.267105607963848,14,0.23529411764705882,24,0.0,0,0.0,0.0,0.0,0.0,0,0.0,0.6931471805599453,0.0,0.0,0,0.6931471805599453,0.0,0.0,0.0,0.0,1
1988,34176.0,1,0,12,1.791759469228055,2.0794415416798357,3.2188758248682006,2.995732273553991,2.70805020110221,3.044522437723423,1.6094379124341003,1.3862943611198906,0.0,4,6,0.0,0.0,0.0,0.0,0.0,0.0,0.0,38,12,1,2,89,11,0.0,2.207274913189721,9,0.36363636363636365,17,0.0,1,0.0,0.0,0.6931471805599453,0.0,0,0.0,0.0,0.0,0.0,1,0.0,0.0,0.0,0.6931471805599453,0.0,0
1952,61010.0,0,1,57,6.790097235513905,0.0,4.060443010546419,0.0,0.0,4.343805421853684,1.0986122886681098,2.1972245773362196,1.791759469228055,11,5,0.0,0.0,0.0,0.0,0.0,0.0,0.0,74,14,1,3,1021,26,0.0,3.695587672849055,13,0.07692307692307693,31,0.0,0,0.0,0.6931471805599453,0.0,0.0,0,0.0,0.6931471805599453,0.0,0.0,1,0.0,0.0,0.0,0.0,0.0,1
1949,69372.0,0,0,10,6.905753276311464,3.295836866004329,5.598421958998375,3.5553480614894135,2.6390573296152584,3.7612001156935624,0.6931471805599453,2.3978952727983707,1.6094379124341003,6,4,0.0,0.6931471805599453,0.6931471805599453,0.0,0.0,0.0,0.6931471805599453,77,13,0,2,1381,21,1.3862943611198906,4.201132629871112,14,0.047619047619047616,25,0.0,1,0.0,0.0,0.0,0.0,0,0.0,0.6931471805599453,0.0,0.0,0,0.6931471805599453,0.0,0.0,0.0,0.0,1
1958,49967.0,0,1,4,5.3612921657094255,1.9459101490553132,4.248495242049359,1.6094379124341003,2.5649493574615367,1.3862943611198906,1.3862943611198906,1.9459101490553132,0.6931471805599453,5,7,0.0,0.0,0.0,0.0,0.0,0.0,0.0,68,13,1,2,306,15,0.0,3.0633909220278057,13,0.2,22,0.0,1,0.0,0.0,0.0,0.0,0,0.6931471805599453,0.0,0.0,0.0,0,0.6931471805599453,0.0,0.0,0.0,0.0,1
1978,60199.0,1,2,49,2.1972245773362196,0.6931471805599453,2.0794415416798357,1.0986122886681098,0.0,0.0,0.6931471805599453,0.0,0.0,3,4,0.0,0.0,0.0,0.0,0.0,0.0,0.0,48,13,3,4,18,4,0.0,1.7047480922384253,4,0.25,8,0.0,1,0.0,0.0,0.0,0.0,0,0.6931471805599453,0.0,0.0,0.0,1,0.0,0.0,0.0,0.0,0.0,1
1977,55375.0,0,1,3,3.7612001156935624,2.4849066497880004,4.060443010546419,2.3978952727983707,3.367295829986474,2.70805020110221,0.6931471805599453,0.6931471805599453,0.6931471805599453,6,2,0.0,0.0,0.0,0.0,0.0,0.0,0.0,49,13,1,3,162,9,0.0,2.9444389791664403,3,0.1111111111111111,11,0.0,1,0.0,0.0,0.0,0.0,0,0.0,0.6931471805599453,0.0,0.0,1,0.0,0.0,0.0,0.6931471805599453,0.0,0
1955,80317.0,0,0,64,6.285998094508865,2.4849066497880004,5.961005339623274,5.0106352940962555,4.5217885770490405,4.060443010546419,0.6931471805599453,1.3862943611198906,1.6094379124341003,10,1,0.0,0.0,0.0,0.0,0.0,0.0,0.0,71,13,0,1,1231,18,0.0,4.239726752229413,4,0.05555555555555555,19,0.0,1,0.0,0.0,0.0,0.0,0,0.6931471805599453,0.0,0.0,0.0,1,0.0,0.0,0.0,0.0,0.0,1
1958,30523.0,2,1,0,1.791759469228055,0.0,1.3862943611198906,0.0,0.0,1.791759469228055,0.6931471805599453,0.6931471805599453,0.0,2,7,0.0,0.0,0.0,0.0,0.0,0.0,0.0,68,13,3,4,13,4,0.0,1.4469189829363254,8,0.25,11,0.0,0,0.6931471805599453,0.0,0.0,0.0,0,0.6931471805599453,0.0,0.0,0.0,1,0.0,0.0,0.0,0.0,0.0,1
1945,70356.0,0,0,20,7.2078598714324755,2.833213344056216,5.521460917862246,3.784189633918261,2.833213344056216,3.5263605246161616,1.0986122886681098,2.3978952727983707,1.9459101490553132,9,6,0.0,0.0,0.0,0.0,0.0,0.0,0.0,81,14,0,2,1706,27,0.0,4.161772423711277,16,0.07407407407407407,33,0.0,0,0.0,0.6931471805599453,0.0,0.0,1,0.0,0.0,0.0,0.0,0,0.6931471805599453,0.0,0.0,0.0,0.0,1
1984,23228.0,1,0,91,3.9889840465642745,1.3862943611198906,3.912023005428146,2.0794415416798357,1.6094379124341003,1.791759469228055,1.6094379124341003,1.3862943611198906,0.0,4,8,0.0,0.0,0.0,0.0,0.0,0.0,0.0,42,12,1,3,121,11,0.0,2.4849066497880004,11,0.36363636363636365,19,0.0,1,0.0,0.0,0.0,0.0,1,0.0,0.0,0.0,0.0,1,0.0,0.0,0.0,0.0,0.0,1
1975,74165.0,0,0,9,6.90975328164481,2.5649493574615367,5.484796933490655,2.833213344056216,2.5649493574615367,2.5649493574615367,0.6931471805599453,1.791759469228055,1.6094379124341003,10,2,0.0,0.0,0.0,0.0,0.0,0.0,0.0,51,13,0,1,1293,20,0.0,4.184337600748806,7,0.05,22,0.0,0,0.0,0.6931471805599453,0.0,0.6931471805599453,0,0.0,0.0,0.0,0.0,1,0.0,0.0,0.0,0.0,0.0,1
1973,157243.0,0,1,98,3.044522437723423,1.0986122886681098,7.367077059881012,0.6931471805599453,1.0986122886681098,0.6931471805599453,2.772588722239781,0.0,3.1354942159291497,0,0,0.0,0.0,0.0,0.0,0.0,0.0,0.0,53,12,1,3,1608,37,0.0,3.794577750555248,0,0.40540540540540543,37,0.0,0,0.0,0.6931471805599453,0.0,0.0,1,0.0,0.0,0.0,0.0,0,0.0,0.0,0.0,0.6931471805599453,0.0,0
1966,43482.0,2,1,83,2.9444389791664403,0.6931471805599453,3.4965075614664802,1.9459101490553132,1.3862943611198906,3.367295829986474,1.3862943611198906,1.0986122886681098,0.0,4,6,0.0,0.0,0.0,0.0,0.0,0.0,0.0,60,13,3,5,88,9,0.0,2.3774864011671637,8,0.3333333333333333,15,0.0,1,0.0,0.0,0.0,0.0,0,0.0,0.6931471805599453,0.0,0.0,1,0.0,0.0,0.0,0.6931471805599453,0.0,0
1953,62551.0,0,0,27,4.836281906951478,2.833213344056216,4.59511985013459,4.90527477843843,3.091042453358316,3.332204510175204,0.6931471805599453,1.9459101490553132,2.0794415416798357,4,3,0.6931471805599453,0.0,0.0,0.0,0.0,0.0,0.0,73,13,0,1,421,18,0.6931471805599453,3.1941276551790065,9,0.05555555555555555,21,0.0,1,0.0,0.0,0.0,0.6931471805599453,0,0.0,0.0,0.0,0.0,0,0.0,0.0,0.0,0.0,0.0,0
1959,52332.0,0,0,63,5.3612921657094255,1.791759469228055,3.5263605246161616,2.0794415416798357,0.0,1.0986122886681098,0.6931471805599453,1.3862943611198906,1.0986122886681098,6,4,0.0,0.6931471805599453,0.0,0.0,0.0,0.0,0.0,67,13,0,1,259,12,0.6931471805599453,3.1172121710917007,7,0.08333333333333333,16,0.0,1,0.0,0.0,0.0,0.6931471805599453,0,0.0,0.0,0.0,0.0,1,0.0,0.0,0.0,0.0,0.0,1
1988,66951.0,0,0,46,5.627621113690637,5.093750200806762,5.723585101952381,5.159055299214529,4.343805421853684,4.8283137373023015,0.6931471805599453,1.3862943611198906,1.6094379124341003,7,1,0.0,0.0,0.0,0.0,0.0,0.0,0.0,38,13,0,1,1117,15,0.0,4.323691057660918,4,0.06666666666666667,16,0.0,1,0.0,0.0,0.0,0.0,0,0.6931471805599453,0.0,0.0,0.0,1,0.0,0.0,0.0,0.6931471805599453,0.0,0
1957,26091.0,1,1,84,2.772588722239781,2.3978952727983707,2.995732273553991,2.1972245773362196,2.8903717578961645,3.044522437723423,1.3862943611198906,1.0986122886681098,0.6931471805599453,3,5,0.0,0.0,0.0,0.0,0.0,0.0,0.0,69,12,2,4,89,9,0.0,2.3877429013343527,7,0.3333333333333333,14,0.0,1,0.0,0.0,0.0,0.0,0,0.0,0.6931471805599453,0.0,0.0,1,0.0,0.0,0.6931471805599453,0.0,0.0,0
1965,33456.0,1,1,58,2.0794415416798357,1.3862943611198906,2.3978952727983707,2.1972245773362196,0.6931471805599453,2.0794415416798357,1.0986122886681098,0.6931471805599453,0.0,3,7,0.0,0.0,0.0,0.0,0.0,0.0,0.0,61,12,2,4,36,6,0.0,1.9459101490553132,8,0.3333333333333333,13,0.0,1,0.0,0.0,0.0,0.0,0,0.0,0.6931471805599453,0.0,0.0,1,0.0,0.0,0.0,0.6931471805599453,0.0,0
1982,28718.0,1,0,78,2.5649493574615367,1.6094379124341003,1.9459101490553132,2.4849066497880004,2.1972245773362196,2.833213344056216,1.0986122886681098,1.0986122886681098,0.0,3,8,0.0,0.0,0.0,0.0,0.0,0.0,0.0,44,13,1,3,57,7,0.0,2.2129729343043585,10,0.2857142857142857,15,0.0,1,0.0,0.0,0.0,0.0,1,0.0,0.0,0.0,0.0,1,0.0,0.0,0.6931471805599453,0.0,0.0,0
1970,50447.0,2,0,4,4.454347296253507,2.0794415416798357,3.2188758248682006,1.0986122886681098,1.3862943611198906,3.332204510175204,0.6931471805599453,1.3862943611198906,0.6931471805599453,3,6,0.0,0.0,0.0,0.0,0.0,0.0,0.0,56,12,2,4,148,8,0.0,2.970414465569701,9,0.125,14,0.0,1,0.0,0.0,0.0,0.0,1,0.0,0.0,0.0,0.0,0,0.6931471805599453,0.0,0.0,0.0,0.0,1
1959,53537.0,1,1,17,4.406719247264253,0.0,1.9459101490553132,0.0,0.0,1.9459101490553132,1.0986122886681098,1.0986122886681098,0.6931471805599453,3,5,0.0,0.0,0.0,0.0,0.0,0.0,0.0,67,12,2,4,93,8,0.0,2.5356789751614235,7,0.25,13,0.0,0,0.0,0.6931471805599453,0.0,0.0,0,0.0,0.6931471805599453,0.0,0.0,1,0.0,0.0,0.0,0.0,0.0,1
1967,52074.0,0,1,77,4.0943445622221,0.0,2.5649493574615367,0.0,0.0,3.8918202981106265,0.6931471805599453,1.0986122886681098,1.0986122886681098,2,4,0.6931471805599453,0.0,0.0,0.0,0.0,0.0,0.0,59,12,1,2,119,7,0.6931471805599453,2.8903717578961645,6,0.14285714285714285,11,0.0,1,0.0,0.0,0.0,0.0,0,0.6931471805599453,0.0,0.0,0.0,0,0.6931471805599453,0.0,0.0,0.0,0.0,1
1975,80427.0,0,1,56,7.047517221357296,4.276666119016055,6.1092475827643655,4.248495242049359,4.276666119016055,3.295836866004329,0.6931471805599453,2.4849066497880004,2.1972245773362196,8,5,0.0,0.0,0.0,0.0,0.0,0.0,0.0,51,14,1,3,1835,28,0.0,4.1977388604263846,16,0.03571428571428571,33,0.0,0,0.0,0.6931471805599453,0.0,0.0,1,0.0,0.0,0.0,0.0,0,0.6931471805599453,0.0,0.0,0.0,0.0,1
1948,83837.0,0,0,79,6.742880635791903,4.204692619390966,4.787491742782046,4.465908118654584,4.499809670330265,4.718498871295094,0.6931471805599453,2.302585092994046,2.3978952727983707,5,4,0.0,0.6931471805599453,0.0,0.6931471805599453,0.0,0.0,0.6931471805599453,78,14,0,2,1318,25,1.3862943611198906,3.9837853716550367,13,0.04,29,0.0,0,0.0,0.6931471805599453,0.0,0.0,1,0.0,0.0,0.0,0.0,0,0.0,0.0,0.0,0.0,0.0,1
1970,38853.0,1,1,90,3.4011973816621555,0.0,2.70805020110221,0.0,0.0,1.0986122886681098,1.0986122886681098,1.0986122886681098,0.0,3,7,0.0,0.0,0.0,0.0,0.0,0.0,0.0,56,12,2,4,45,7,0.0,2.005333569526114,9,0.2857142857142857,14,0.0,0,0.0,0.6931471805599453,0.0,0.0,1,0.0,0.0,0.0,0.0,1,0.0,0.0,0.0,0.0,0.0,1
1959,38285.0,2,1,96,1.0986122886681098,0.0,1.791759469228055,1.0986122886681098,0.0,0.6931471805599453,0.6931471805599453,0.0,0.0,3,2,0.0,0.0,0.0,0.0,0.0,0.0,0.0,67,12,3,5,10,4,0.0,1.252762968495368,2,0.25,6,0.0,1,0.0,0.0,0.0,0.0,0,0.0,0.6931471805599453,0.0,0.0,1,0.0,0.0,0.0,0.6931471805599453,0.0,0
1951,78497.0,0,0,44,5.337538079701318,3.295836866004329,6.104793232414985,4.330733340286331,0.0,5.4116460518550396,0.6931471805599453,1.791759469228055,2.0794415416798357,12,2,0.0,0.0,0.0,0.6931471805599453,0.0,0.0,0.0,75,13,0,2,978,25,0.6931471805599453,3.691874963093735,7,0.04,27,0.0,0,0.0,0.0,0.0,0.0,1,0.0,0.0,0.0,0.0,1,0.0,0.0,0.0,0.6931471805599453,0.0,0
1976,51650.0,0,1,81,5.030437921392435,1.3862943611198906,3.1354942159291497,1.0986122886681098,1.791759469228055,2.0794415416798357,0.6931471805599453,1.6094379124341003,0.6931471805599453,4,5,0.0,0.0,0.0,0.0,0.0,0.0,0.0,50,12,1,3,191,10,0.0,3.0007198150650303,9,0.1,15,0.0,0,0.0,0.6931471805599453,0.0,0.0,1,0.0,0.0,0.0,0.0,0,0.6931471805599453,0.0,0.0,0.0,0.0,1
1988,16248.0,1,0,77,2.5649493574615367,2.4849066497880004,2.3978952727983707,1.3862943611198906,2.5649493574615367,2.302585092994046,1.3862943611198906,1.0986122886681098,0.6931471805599453,3,6,0.0,0.0,0.0,0.0,0.0,0.0,0.0,38,12,1,3,57,9,0.0,1.992430164690206,8,0.3333333333333333,15,0.0,0,0.0,0.0,0.0,0.0,1,0.0,0.0,0.0,0.0,1,0.0,0.0,0.0,0.0,0.0,1
1946,66835.0,0,0,21,6.431331081933479,3.295836866004329,5.278114659230517,3.5553480614894135,2.8903717578961645,4.955827057601261,0.6931471805599453,1.9459101490553132,1.6094379124341003,13,2,0.0,0.0,0.0,0.0,0.0,0.0,0.0,80,13,0,2,1033,24,0.0,3.785136155522292,8,0.041666666666666664,26,0.0,0,0.6931471805599453,0.0,0.0,0.0,1,0.0,0.0,0.0,0.0,1,0.0,0.0,0.0,0.0,0.0,1
1984,30477.0,1,0,16,3.871201010907891,0.6931471805599453,1.9459101490553132,0.0,0.0,2.5649493574615367,0.6931471805599453,0.6931471805599453,0.6931471805599453,3,6,0.0,0.0,0.0,0.0,0.0,0.0,0.0,42,12,1,3,66,6,0.0,2.4849066497880004,7,0.16666666666666666,12,0.0,0,0.6931471805599453,0.0,0.0,0.0,1,0.0,0.0,0.0,0.0,1,0.0,0.0,0.0,0.0,0.0,1
1961,28249.0,0,0,80,0.6931471805599453,2.302585092994046,2.0794415416798357,1.0986122886681098,2.70805020110221,2.3978952727983707,0.6931471805599453,1.0986122886681098,0.0,3,6,0.0,0.0,0.0,0.0,0.0,0.0,0.0,65,12,0,2,43,6,0.0,2.100060828882572,8,0.16666666666666666,12,0.6931471805599453,0,0.0,0.0,0.0,0.0,1,0.0,0.0,0.0,0.0,1,0.0,0.0,0.0,0.0,0.6931471805599453,0
1983,25271.0,1,0,45,2.3978952727983707,0.6931471805599453,2.9444389791664403,2.3978952727983707,1.6094379124341003,2.0794415416798357,0.6931471805599453,0.6931471805599453,0.6931471805599453,2,9,0.0,0.0,0.0,0.0,0.0,0.0,0.0,43,14,1,3,50,5,0.0,2.3978952727983707,10,0.2,14,0.0,1,0.0,0.0,0.0,0.0,1,0.0,0.0,0.0,0.0,1,0.0,0.0,0.0,0.6931471805599453,0.0,0
1970,32303.0,0,1,63,3.58351893845611,0.0,1.0986122886681098,0.0,0.0,1.0986122886681098,1.0986122886681098,0.6931471805599453,0.0,4,5,0.0,0.0,0.0,0.0,0.0,0.0,0.0,56,12,1,2,39,7,0.0,1.8827312474337816,6,0.2857142857142857,12,0.0,0,0.0,0.6931471805599453,0.0,0.0,0,0.6931471805599453,0.0,0.0,0.0,1,0.0,0.0,0.0,0.0,0.0,1
1966,61286.0,0,1,34,5.877735781779639,0.0,4.68213122712422,2.995732273553991,2.302585092994046,4.770684624465665,1.0986122886681098,2.0794415416798357,0.6931471805599453,8,5,0.0,0.0,0.0,0.0,0.0,0.0,0.0,60,13,1,3,608,18,0.0,3.548978613203934,12,0.1111111111111111,23,0.0,1,0.0,0.0,0.0,0.0,1,0.0,0.0,0.0,0.0,1,0.0,0.0,0.0,0.0,0.0,1
1976,74068.0,0,0,14,6.664409020350408,3.4339872044851463,6.2878585601617845,4.948759890378168,4.343805421853684,2.772588722239781,0.6931471805599453,1.6094379124341003,2.3978952727983707,9,2,0.0,0.0,0.0,0.0,0.0,0.0,0.0,50,13,0,2,1581,24,0.0,4.202825205216171,6,0.041666666666666664,26,0.0,1,0.0,0.0,0.0,0.0,1,0.0,0.0,0.0,0.0,0,0.0,0.0,0.0,0.0,0.0,1
1964,45759.0,1,1,13,3.7612001156935624,0.6931471805599453,2.9444389791664403,1.3862943611198906,0.0,1.6094379124341003,1.0986122886681098,1.0986122886681098,0.0,3,7,0.0,0.0,0.0,0.0,0.0,0.0,0.0,62,13,2,4,68,7,0.0,2.371577964480997,9,0.2857142857142857,14,0.0,0,0.0,0.6931471805599453,0.0,0.0,1,0.0,0.0,0.0,0.0,1,0.0,0.0,0.0,0.0,0.0,1
1978,24882.0,1,0,52,0.6931471805599453,1.6094379124341003,2.3978952727983707,3.4011973816621555,0.0,3.6109179126442243,0.6931471805599453,0.6931471805599453,0.6931471805599453,2,6,0.6931471805599453,0.0,0.0,0.0,0.0,0.0,0.0,48,14,1,3,80,5,0.6931471805599453,2.833213344056216,7,0.2,11,0.6931471805599453,0,0.0,0.0,0.0,0.0,0,0.0,0.6931471805599453,0.0,0.0,1,0.0,0.0,0.6931471805599453,0.0,0.0,0
1989,66973.0,0,0,98,6.1463292576688975,3.1354942159291497,6.07073772800249,4.997212273764115,4.736198448394496,4.634728988229636,0.6931471805599453,2.1972245773362196,2.0794415416798357,12,3,0.0,0.0,0.0,0.0,0.0,0.0,0.0,37,13,0,2,1282,28,0.0,3.8455779060199933,11,0.03571428571428571,31,0.0,0,0.0,0.6931471805599453,0.0,0.0,0,0.0,0.6931471805599453,0.0,0.0,1,0.0,0.0,0.0,0.0,0.0,1
1900,36640.0,1,0,99,2.772588722239781,1.9459101490553132,2.1972245773362196,2.0794415416798357,1.6094379124341003,3.258096538021482,0.6931471805599453,1.0986122886681098,0.6931471805599453,2,5,0.0,0.0,0.0,0.0,0.0,0.6931471805599453,0.0,126,13,1,2,65,6,0.0,2.4709204078132605,7,0.16666666666666666,11,0.0,0,0.0,0.0,0.0,0.6931471805599453,0,0.0,0.0,0.0,0.0,0,0.6931471805599453,0.0,0.6931471805599453,0.0,0.0,0
1988,38872.0,1,0,93,3.1780538303479458,1.3862943611198906,3.091042453358316,1.3862943611198906,2.995732273553991,3.1354942159291497,1.0986122886681098,1.3862943611198906,0.0,3,8,0.0,0.0,0.0,0.0,0.0,0.0,0.0,38,13,1,3,91,8,0.0,2.515678308454754,11,0.25,16,0.0,1,0.0,0.0,0.0,0.0,1,0.0,0.0,0.0,0.0,0,0.6931471805599453,0.0,0.0,0.0,0.0,1
1973,51148.0,1,1,38,5.4638318050256105,1.9459101490553132,3.828641396489095,2.1972245773362196,2.302585092994046,2.5649493574615367,1.6094379124341003,1.791759469228055,0.6931471805599453,6,6,0.0,0.0,0.0,0.0,0.0,0.0,0.0,53,13,2,4,315,16,0.0,3.0295296531372817,11,0.25,22,0.0,1,0.0,0.0,0.0,0.0,1,0.0,0.0,0.0,0.0,1,0.0,0.0,0.0,0.0,0.0,1
1977,31353.0,1,1,24,2.3978952727983707,0.0,2.3978952727983707,1.3862943611198906,0.6931471805599453,2.0794415416798357,1.0986122886681098,0.6931471805599453,0.6931471805599453,2,8,0.0,0.0,0.0,0.0,0.0,0.0,0.0,49,13,2,4,31,6,0.0,1.8191584434161694,9,0.3333333333333333,14,0.0,1,0.0,0.0,0.0,0.0,1,0.0,0.0,0.0,0.0,1,0.0,0.0,0.0,0.0,0.0,1
1980,69661.0,0,0,80,6.48768401848461,2.833213344056216,4.672828834461906,3.4965075614664802,2.833213344056216,2.1972245773362196,0.6931471805599453,2.0794415416798357,1.3862943611198906,12,3,0.0,0.0,0.0,0.0,0.0,0.0,0.0,46,12,0,2,834,23,0.0,3.6179437026686303,10,0.043478260869565216,26,0.0,0,0.6931471805599453,0.0,0.0,0.0,1,0.0,0.0,0.0,0.0,1,0.0,0.0,0.0,0.0,0.0,1
1954,80067.0,0,0,82,6.253828811575473,2.8903717578961645,6.70196036600254,3.332204510175204,5.159055299214529,3.9512437185814275,0.6931471805599453,1.6094379124341003,1.9459101490553132,6,2,0.0,0.0,0.6931471805599453,0.0,0.0,0.0,0.0,72,13,0,2,1600,17,0.6931471805599453,4.5551145155208905,6,0.058823529411764705,19,0.0,1,0.0,0.0,0.0,0.0,1,0.0,0.0,0.0,0.0,0,0.0,0.0,0.0,0.6931471805599453,0.0,0
1954,86718.0,0,0,20,5.84354441703136,5.247024072160486,6.180016653652572,3.9318256327243257,3.5263605246161616,5.153291594497779,0.6931471805599453,1.791759469228055,1.9459101490553132,5,2,0.0,0.0,0.0,0.0,0.0,0.0,0.0,72,13,0,2,1270,17,0.0,4.326855863539911,7,0.058823529411764705,19,0.0,1,0.0,0.0,0.0,0.0,1,0.0,0.0,0.0,0.0,0,0.0,0.0,0.0,0.6931471805599453,0.0,0
1973,46854.0,1,1,81,4.574710978503383,0.6931471805599453,4.382026634673881,2.0794415416798357,0.6931471805599453,4.382026634673881,1.9459101490553132,1.791759469228055,0.6931471805599453,3,8,0.6931471805599453,0.0,0.0,0.0,0.0,0.0,0.6931471805599453,53,12,2,3,263,15,1.0986122886681098,2.9195709125884273,13,0.4,23,0.0,0,0.0,0.6931471805599453,0.0,0.0,0,0.6931471805599453,0.0,0.0,0.0,0,0.6931471805599453,0.0,0.0,0.0,0.0,1
1952,69142.0,0,1,50,6.1070228877422545,1.6094379124341003,3.5553480614894135,1.9459101490553132,1.6094379124341003,3.6888794541139363,1.3862943611198906,2.1972245773362196,0.6931471805599453,7,5,0.0,0.6931471805599453,0.0,0.0,0.0,0.0,0.0,74,12,1,2,535,19,0.6931471805599453,3.3727257075808432,13,0.15789473684210525,24,0.0,1,0.0,0.0,0.0,0.6931471805599453,0,0.0,0.0,0.0,0.0,0,0.6931471805599453,0.0,0.0,0.0,0.0,1
1968,75922.0,0,0,60,5.583496308781699,4.9344739331306915,6.317164686747284,5.41610040220442,3.1780538303479458,4.532599493153256,0.6931471805599453,1.6094379124341003,1.6094379124341003,9,1,0.0,0.0,0.0,0.0,0.0,0.0,0.0,58,13,0,1,1295,18,0.0,4.2896981164066315,5,0.05555555555555555,19,0.0,1,0.0,0.0,0.0,0.0,0,0.6931471805599453,0.0,0.0,0.0,1,0.0,0.0,0.0,0.6931471805599453,0.0,0
1978,63693.0,0,1,63,6.376726947898627,3.784189633918261,5.823045895483019,3.7612001156935624,4.477336814478207,4.007333185232471,1.3862943611198906,2.4849066497880004,1.9459101490553132,9,6,0.0,0.0,0.0,0.0,0.0,0.0,0.0,48,13,1,2,1150,29,0.0,3.705126070550897,17,0.10344827586206896,35,0.0,1,0.0,0.0,0.0,0.6931471805599453,0,0.0,0.0,0.0,0.0,0,0.6931471805599453,0.0,0.0,0.0,0.0,1
1977,102160.0,0,0,54,6.638567789166521,3.4011973816621555,4.9344739331306915,4.343805421853684,5.176149732573829,4.07753744390572,0.0,2.0794415416798357,2.302585092994046,10,4,0.0,0.6931471805599453,0.6931471805599453,0.6931471805599453,0.0,0.0,0.6931471805599453,49,14,0,2,1240,26,1.6094379124341003,3.8855210646826395,11,0.0,30,0.0,0,0.0,0.6931471805599453,0.0,0.0,0,0.0,0.6931471805599453,0.0,0.0,1,0.0,0.0,0.0,0.0,0.0,1
1965,40637.0,1,1,72,3.1354942159291497,0.0,2.6390573296152584,0.0,0.0,1.3862943611198906,1.0986122886681098,0.6931471805599453,0.0,3,7,0.0,0.0,0.0,0.0,0.0,0.0,0.0,61,13,2,3,38,6,0.0,1.992430164690206,8,0.3333333333333333,13,0.0,0,0.0,0.6931471805599453,0.0,0.0,0,0.6931471805599453,0.0,0.0,0.0,1,0.0,0.0,0.0,0.0,0.0,1
1984,18890.0,0,0,5,1.9459101490553132,1.6094379124341003,0.6931471805599453,2.0794415416798357,1.0986122886681098,2.772588722239781,0.6931471805599453,0.0,0.6931471805599453,2,6,0.6931471805599453,0.0,0.0,0.0,0.0,0.0,0.6931471805599453,42,14,0,1,35,4,1.0986122886681098,2.277267285009756,6,0.25,10,0.0,0,0.6931471805599453,0.0,0.0,0.0,0,0.6931471805599453,0.0,0.0,0.0,1,0.0,0.0,0.6931471805599453,0.0,0.0,0
1988,29604.0,1,0,88,2.0794415416798357,1.9459101490553132,2.6390573296152584,2.0794415416798357,1.9459101490553132,2.70805020110221,0.6931471805599453,0.6931471805599453,0.0,3,9,0.6931471805599453,0.0,0.0,0.0,0.0,0.0,0.0,38,13,1,3,53,5,0.6931471805599453,2.451005098112319,10,0.2,14,0.0,1,0.0,0.0,0.0,0.0,0,0.0,0.6931471805599453,0.0,0.0,1,0.0,0.0,0.6931471805599453,0.0,0.0,0
1963,48721.0,1,1,50,4.406719247264253,2.9444389791664403,4.736198448394496,3.871201010907891,2.6390573296152584,3.091042453358316,1.9459101490553132,1.6094379124341003,1.0986122886681098,5,6,0.0,0.0,0.0,0.0,0.0,0.0,0.0,63,13,2,3,293,17,0.0,2.903358953422976,10,0.35294117647058826,23,0.0,0,0.6931471805599453,0.0,0.0,0.6931471805599453,0,0.0,0.0,0.0,0.0,1,0.0,0.0,0.0,0.6931471805599453,0.0,0
1966,44794.0,0,1,99,4.007333185232471,0.0,2.0794415416798357,0.0,0.0,1.6094379124341003,0.6931471805599453,1.0986122886681098,0.0,3,6,0.0,0.0,0.0,0.0,0.0,0.0,0.0,60,12,1,3,65,6,0.0,2.4709204078132605,8,0.16666666666666666,12,0.0,1,0.0,0.0,0.0,0.0,1,0.0,0.0,0.0,0.0,1,0.0,0.0,0.0,0.0,0.0,1
1954,64497.0,0,1,17,7.065613363597717,3.8918202981106265,5.771441123130016,3.7612001156935624,3.4965075614664802,5.262690188904886,1.791759469228055,2.4849066497880004,1.6094379124341003,9,8,0.6931471805599453,0.0,0.0,0.0,0.0,0.0,0.6931471805599453,72,14,1,2,1804,29,1.0986122886681098,4.146413417853231,19,0.1724137931034483,37,0.0,1,0.0,0.0,0.0,0.6931471805599453,0,0.0,0.0,0.0,0.0,0,0.6931471805599453,0.0,0.0,0.0,0.0,1
1956,46097.0,0,1,11,4.290459441148391,3.2188758248682006,4.23410650459726,4.189654742026425,1.6094379124341003,2.1972245773362196,1.791759469228055,1.3862943611198906,0.6931471805599453,6,4,0.0,0.0,0.0,0.0,0.0,0.0,0.0,70,13,1,3,241,15,0.0,2.8371272433773522,7,0.3333333333333333,19,0.0,1,0.0,0.0,0.0,0.0,0,0.0,0.6931471805599453,0.0,0.0,1,0.0,0.0,0.0,0.0,0.0,1
1954,77972.0,0,0,18,6.419994928147142,3.1354942159291497,5.768320995793772,3.5263605246161616,4.634728988229636,2.5649493574615367,0.6931471805599453,1.6094379124341003,1.9459101490553132,9,1,0.0,0.0,0.0,0.0,0.0,0.0,0.0,72,12,0,2,1101,20,0.0,4.026244149518169,5,0.05,21,0.0,1,0.0,0.0,0.0,0.0,0,0.0,0.6931471805599453,0.0,0.0,1,0.0,0.0,0.0,0.0,0.0,1
1968,44377.0,1,1,70,5.41610040220442,0.0,3.4339872044851463,0.0,0.0,2.3978952727983707,2.1972245773362196,1.791759469228055,0.6931471805599453,5,8,0.0,0.0,0.0,0.0,0.0,0.0,0.0,58,14,2,4,264,19,0.0,2.701007918476797,13,0.42105263157894735,27,0.0,0,0.0,0.6931471805599453,0.0,0.0,1,0.0,0.0,0.0,0.0,0,0.6931471805599453,0.0,0.0,0.0,0.0,1
1974,46014.0,1,1,21,6.018593214496234,0.0,4.0943445622221,2.995732273553991,2.302585092994046,3.8066624897703196,2.3978952727983707,2.0794415416798357,0.6931471805599453,8,7,0.0,0.0,0.0,0.0,0.0,0.0,0.0,52,13,2,4,541,26,0.0,3.08226276570627,14,0.38461538461538464,33,0.0,0,0.6931471805599453,0.0,0.0,0.0,0,0.0,0.6931471805599453,0.0,0.0,1,0.0,0.0,0.0,0.0,0.0,1
1985,70951.0,0,0,66,5.480638923341991,2.3978952727983707,6.318968113746434,5.541263545158426,4.477336814478207,4.007333185232471,0.6931471805599453,1.3862943611198906,1.6094379124341003,9,1,0.0,0.0,0.0,0.0,0.0,0.0,0.0,41,13,0,2,1198,17,0.0,4.269286011718433,4,0.058823529411764705,18,0.0,1,0.0,0.0,0.0,0.0,1,0.0,0.0,0.0,0.0,1,0.0,0.0,0.0,0.6931471805599453,0.0,0
1977,41443.0,1,0,79,5.147494476813453,2.0794415416798357,5.147494476813453,3.258096538021482,2.995732273553991,4.499809670330265,1.9459101490553132,2.1972245773362196,0.6931471805599453,5,8,0.0,0.0,0.0,0.0,0.0,0.0,0.0,49,12,1,3,482,20,0.0,3.2228678461377385,16,0.3,28,0.0,1,0.0,0.0,0.0,0.0,1,0.0,0.0,0.0,0.0,0,0.6931471805599453,0.0,0.0,0.0,0.0,1
1978,52195.0,2,1,2,2.5649493574615367,0.0,1.6094379124341003,0.0,0.0,0.6931471805599453,0.6931471805599453,0.6931471805599453,0.0,2,8,0.0,0.0,0.0,0.0,0.0,0.0,0.0,48,12,3,4,17,4,0.0,1.6582280766035324,9,0.25,12,0.0,0,0.0,0.0,0.0,0.0,0,0.6931471805599453,0.0,0.0,0.0,1,0.0,0.0,0.0,0.0,0.0,1
1948,83790.0,0,0,81,6.981934677156389,2.833213344056216,6.035481432524756,3.7612001156935624,3.8918202981106265,2.833213344056216,0.6931471805599453,2.1972245773362196,2.3978952727983707,6,3,0.0,0.6931471805599453,0.6931471805599453,0.0,0.0,0.0,0.0,78,13,0,2,1615,25,1.0986122886681098,4.183575695950044,11,0.04,28,0.0,0,0.6931471805599453,0.0,0.0,0.0,1,0.0,0.0,0.0,0.0,0,0.0,0.0,0.0,0.0,0.0,1
1954,44551.0,0,1,24,5.209486152841421,1.6094379124341003,3.5263605246161616,0.0,0.0,4.204692619390966,1.0986122886681098,1.6094379124341003,0.6931471805599453,5,7,0.0,0.0,0.0,0.0,0.0,0.0,0.0,72,13,1,2,285,12,0.0,3.2088254890146994,11,0.16666666666666666,19,0.0,0,0.6931471805599453,0.0,0.0,0.0,0,0.0,0.0,0.6931471805599453,0.0,1,0.0,0.0,0.0,0.0,0.0,1
1980,69508.0,1,0,48,6.715383386334681,3.4965075614664802,5.093750200806762,3.7612001156935624,3.4965075614664802,3.784189633918261,1.0986122886681098,2.4849066497880004,1.6094379124341003,11,6,0.0,0.0,0.0,0.0,0.0,0.0,0.0,46,14,1,3,1135,28,0.0,3.7265536423434606,17,0.07142857142857142,34,0.0,1,0.0,0.0,0.0,0.0,0,0.0,0.6931471805599453,0.0,0.0,0,0.6931471805599453,0.0,0.0,0.0,0.0,1
1988,45204.0,1,0,93,3.4339872044851463,2.4849066497880004,3.258096538021482,3.4011973816621555,0.6931471805599453,2.9444389791664403,0.6931471805599453,0.6931471805599453,0.6931471805599453,4,3,0.0,0.0,0.0,0.0,0.0,0.0,0.0,38,12,1,3,114,7,0.0,2.849880396541428,4,0.14285714285714285,10,0.0,0,0.0,0.0,0.0,0.0,0,0.0,0.6931471805599453,0.0,0.0,1,0.0,0.0,0.0,0.0,0.0,1
1969,72460.0,0,0,56,5.934894195619588,2.3978952727983707,6.293419278846481,4.394449154672439,3.4339872044851463,2.3978952727983707,0.6931471805599453,1.3862943611198906,1.791759469228055,7,1,0.0,0.0,0.0,0.0,0.0,0.0,0.0,57,13,0,2,1047,16,0.0,4.196261656102167,4,0.0625,17,0.0,1,0.0,0.0,0.0,0.0,1,0.0,0.0,0.0,0.0,1,0.0,0.0,0.0,0.6931471805599453,0.0,0
1970,77622.0,0,2,3,6.255750041753367,2.0794415416798357,5.043425116919247,2.995732273553991,0.0,2.70805020110221,1.0986122886681098,1.9459101490553132,1.3862943611198906,11,3,0.0,0.0,0.0,0.0,0.0,0.0,0.0,56,12,2,4,714,22,0.0,3.51018766537056,9,0.09090909090909091,25,0.0,0,0.0,0.6931471805599453,0.0,0.0,0,0.0,0.6931471805599453,0.0,0.0,1,0.0,0.0,0.0,0.0,0.0,1
1980,30732.0,1,0,44,5.049856007249537,0.6931471805599453,3.258096538021482,0.0,0.6931471805599453,1.3862943611198906,1.6094379124341003,1.6094379124341003,0.6931471805599453,4,8,0.0,0.0,0.0,0.0,0.0,0.0,0.0,46,13,1,3,185,13,0.0,2.7233176732329984,12,0.3076923076923077,21,0.0,0,0.0,0.6931471805599453,0.0,0.0,1,0.0,0.0,0.0,0.0,0,0.6931471805599453,0.0,0.0,0.0,0.0,1
1962,63887.0,0,1,38,6.8001700683022,3.1780538303479458,5.337538079701318,2.772588722239781,2.4849066497880004,4.532599493153256,1.791759469228055,2.302585092994046,1.9459101490553132,12,6,0.0,0.0,0.0,0.0,0.0,0.0,0.0,64,14,1,2,1245,32,0.0,3.686532953232813,15,0.15625,38,0.0,1,0.0,0.0,0.0,0.6931471805599453,0,0.0,0.0,0.0,0.0,1,0.0,0.0,0.0,0.0,0.0,1
1978,42011.0,1,0,46,4.882801922586371,0.0,2.833213344056216,1.0986122886681098,0.6931471805599453,3.6888794541139363,1.6094379124341003,1.3862943611198906,0.6931471805599453,4,8,0.0,0.0,0.0,0.0,0.0,0.0,0.0,48,13,1,3,189,12,0.0,2.8183982582710754,11,0.3333333333333333,20,0.0,1,0.0,0.0,0.0,0.0,0,0.0,0.6931471805599453,0.0,0.0,1,0.0,0.0,0.0,0.0,0.0,1
1976,51369.0,0,1,84,5.697093486505405,2.0794415416798357,4.382026634673881,0.0,2.4849066497880004,5.209486152841421,1.0986122886681098,2.1972245773362196,1.0986122886681098,4,8,0.0,0.0,0.0,0.0,0.0,0.0,0.0,50,14,1,3,576,16,0.0,3.6109179126442243,16,0.125,24,0.0,1,0.0,0.0,0.0,0.0,0,0.0,0.6931471805599453,0.0,0.0,0,0.6931471805599453,0.0,0.0,0.0,0.0,1
1952,51537.0,0,1,27,6.669498089857879,3.044522437723423,5.3230099791384085,0.0,0.0,4.532599493153256,1.3862943611198906,1.0986122886681098,1.0986122886681098,11,8,0.0,0.0,0.0,0.0,0.0,0.0,0.0,74,14,1,2,1103,18,0.0,4.1316046651759954,10,0.16666666666666666,26,0.0,1,0.0,0.0,0.0,0.6931471805599453,0,0.0,0.0,0.0,0.0,1,0.0,0.0,0.0,0.0,0.0,1
1972,79930.0,0,0,72,6.675823221634848,4.465908118654584,6.608000625296087,4.219507705176107,3.9512437185814275,2.8903717578961645,0.6931471805599453,1.3862943611198906,1.791759469228055,8,2,0.0,0.0,0.0,0.0,0.0,0.0,0.0,54,14,0,2,1753,17,0.0,4.645521481511659,5,0.058823529411764705,19,0.0,0,0.0,0.6931471805599453,0.0,0.0,1,0.0,0.0,0.0,0.0,1,0.0,0.0,0.0,0.0,0.0,1
1986,34320.0,1,0,66,1.6094379124341003,0.6931471805599453,2.302585092994046,1.3862943611198906,0.0,0.0,0.6931471805599453,0.6931471805599453,0.0,2,8,0.0,0.0,0.0,0.0,0.0,0.0,0.0,40,12,1,3,17,4,0.0,1.6582280766035324,9,0.25,12,0.0,0,0.0,0.6931471805599453,0.0,0.0,0,0.0,0.6931471805599453,0.0,0.0,1,0.0,0.0,0.0,0.6931471805599453,0.0,0
1966,37070.0,1,1,30,5.44673737166631,2.0794415416798357,4.927253685157205,1.6094379124341003,2.772588722239781,3.6888794541139363,2.302585092994046,1.791759469228055,0.6931471805599453,8,7,0.0,0.0,0.0,0.0,0.0,0.0,0.6931471805599453,60,13,2,3,433,23,0.6931471805599453,2.9869985935852363,12,0.391304347826087,30,0.0,1,0.0,0.0,0.0,0.0,0,0.6931471805599453,0.0,0.0,0.0,1,0.0,0.0,0.0,0.0,0.0,1
1962,81975.0,0,1,2,6.891625897052253,4.343805421853684,5.220355825078324,5.198497031265826,4.9344739331306915,3.332204510175204,0.6931471805599453,1.9459101490553132,1.3862943611198906,4,7,0.0,0.0,0.6931471805599453,0.0,0.0,0.0,0.0,64,13,1,2,1588,14,0.6931471805599453,4.739950798013046,13,0.07142857142857142,21,0.0,0,0.0,0.0,0.0,0.6931471805599453,0,0.0,0.0,0.0,0.0,0,0.6931471805599453,0.0,0.0,0.0,0.0,1
1971,38590.0,1,0,65,1.3862943611198906,0.6931471805599453,2.1972245773362196,1.6094379124341003,1.3862943611198906,1.3862943611198906,0.6931471805599453,0.6931471805599453,0.0,2,8,0.0,0.0,0.0,0.0,0.0,0.0,0.0,55,13,1,3,22,4,0.0,1.8718021769015913,9,0.25,12,0.0,1,0.0,0.0,0.0,0.0,0,0.0,0.6931471805599453,0.0,0.0,1,0.0,0.0,0.0,0.6931471805599453,0.0,0
1951,15033.0,0,0,37,0.0,1.6094379124341003,1.791759469228055,1.9459101490553132,0.0,1.6094379124341003,0.6931471805599453,0.6931471805599453,0.0,3,3,0.0,0.0,0.0,0.0,0.0,0.0,0.0,75,12,0,1,19,5,0.0,1.5686159179138452,4,0.2,8,0.0,1,0.0,0.0,0.0,0.0,0,0.6931471805599453,0.0,0.0,0.0,1,0.0,0.0,0.0,0.0,0.0,0
1965,62745.0,0,1,89,6.333279628139691,3.091042453358316,6.142037405587356,3.367295829986474,2.3978952727983707,3.4965075614664802,1.3862943611198906,2.0794415416798357,2.1972245773362196,11,5,0.0,0.0,0.0,0.0,0.0,0.0,0.0,61,13,1,3,1117,29,0.0,3.6767370672882107,12,0.10344827586206896,34,0.0,0,0.0,0.6931471805599453,0.0,0.0,1,0.0,0.0,0.0,0.0,1,0.0,0.0,0.0,0.0,0.0,1
1975,22212.0,1,0,49,1.791759469228055,2.302585092994046,3.044522437723423,1.9459101490553132,2.1972245773362196,3.091042453358316,1.0986122886681098,1.0986122886681098,0.0,4,6,0.0,0.0,0.0,0.0,0.0,0.0,0.0,51,13,1,3,69,8,0.0,2.264363880173848,8,0.25,14,0.0,0,0.0,0.0,0.0,0.0,1,0.0,0.0,0.0,0.0,1,0.0,0.0,0.6931471805599453,0.0,0.0,0
1982,23661.0,1,0,46,2.9444389791664403,0.0,1.6094379124341003,0.0,0.0,0.6931471805599453,0.6931471805599453,0.6931471805599453,0.0,3,7,0.0,0.0,0.0,0.0,0.0,0.0,0.0,44,13,1,3,23,5,0.0,1.7227665977411035,8,0.2,12,0.0,0,0.6931471805599453,0.0,0.0,0.0,0,0.0,0.6931471805599453,0.0,0.0,1,0.0,0.0,0.0,0.0,0.0,1
1958,79761.0,0,1,32,6.030685260261263,1.791759469228055,4.8283137373023015,2.772588722239781,3.58351893845611,2.4849066497880004,0.6931471805599453,1.791759469228055,1.0986122886681098,11,3,0.0,0.0,0.0,0.0,0.0,0.0,0.0,68,13,1,2,605,19,0.0,3.491711389202987,8,0.05263157894736842,22,0.0,0,0.0,0.6931471805599453,0.0,0.0,0,0.6931471805599453,0.0,0.0,0.0,1,0.0,0.0,0.0,0.0,0.0,1
1973,7500.0,1,0,54,1.791759469228055,1.3862943611198906,2.3978952727983707,2.5649493574615367,2.0794415416798357,3.044522437723423,1.6094379124341003,1.3862943611198906,0.6931471805599453,3,7,0.0,0.0,0.0,0.0,0.0,0.0,0.0,53,13,1,2,57,11,0.0,1.821612432377736,10,0.36363636363636365,18,0.0,1,0.0,0.0,0.0,0.0,0,0.6931471805599453,0.0,0.0,0.0,0,0.6931471805599453,0.0,0.6931471805599453,0.0,0.0,0
1893,60182.0,0,1,23,2.1972245773362196,0.0,1.791759469228055,2.0794415416798357,0.0,1.0986122886681098,0.6931471805599453,0.6931471805599453,0.0,2,4,0.0,0.0,0.0,0.0,0.0,0.0,0.0,133,12,1,2,22,4,0.0,1.8718021769015913,5,0.25,8,0.0,0,0.0,0.0,0.0,0.0,0,0.6931471805599453,0.0,0.0,0.0,1,0.0,0.0,0.0,0.0,0.0,1
1968,73455.0,0,0,98,6.804614520062624,4.127134385045092,6.630683385642372,5.231108616854587,5.099866427824199,3.044522437723423,0.6931471805599453,1.9459101490553132,1.791759469228055,10,3,0.0,0.6931471805599453,0.0,0.0,0.0,0.0,0.0,58,13,0,1,2088,22,0.6931471805599453,4.5634007731117965,9,0.045454545454545456,25,0.0,1,0.0,0.0,0.0,0.0,0,0.0,0.0,0.6931471805599453,0.0,1,0.0,0.0,0.0,0.0,0.0,1
1958,64961.0,0,1,97,5.948034989180646,4.74493212836325,5.6240175061873385,4.330733340286331,4.8283137373023015,3.6635616461296463,1.0986122886681098,1.9459101490553132,1.6094379124341003,4,3,0.0,0.0,0.0,0.0,0.0,0.0,0.0,68,14,1,3,1009,16,0.0,4.159859169332727,9,0.125,19,0.0,1,0.0,0.0,0.0,0.0,0,0.0,0.6931471805599453,0.0,0.0,0,0.6931471805599453,0.0,0.0,0.0,0.0,1
1971,22804.0,1,0,75,2.70805020110221,0.6931471805599453,2.0794415416798357,1.0986122886681098,0.6931471805599453,0.6931471805599453,0.6931471805599453,1.0986122886681098,0.0,2,9,0.0,0.0,0.0,0.0,0.0,0.0,0.0,55,13,1,2,26,5,0.0,1.824549292051046,11,0.2,14,0.0,1,0.0,0.0,0.0,0.0,0,0.6931471805599453,0.0,0.0,0.0,0,0.6931471805599453,0.0,0.0,0.0,0.0,1
1990,73687.0,0,0,8,6.327936783729195,5.0369526024136295,6.222576268071369,5.389071729816501,2.6390573296152584,5.204006687076795,0.6931471805599453,1.3862943611198906,2.302585092994046,9,2,0.0,0.0,0.0,0.6931471805599453,0.0,0.0,0.6931471805599453,36,13,0,2,1627,22,1.0986122886681098,4.316881869201283,5,0.045454545454545456,24,0.0,1,0.0,0.0,0.0,0.0,1,0.0,0.0,0.0,0.0,0,0.0,0.0,0.0,0.0,0.0,1
1958,61074.0,0,1,37,6.672032945461067,0.0,4.897839799950911,0.0,3.367295829986474,5.030437921392435,2.0794415416798357,2.4849066497880004,1.791759469228055,8,7,0.0,0.0,0.0,0.0,0.0,0.0,0.0,68,14,1,3,1102,31,0.0,3.59863705654286,18,0.22580645161290322,38,0.0,1,0.0,0.0,0.0,0.0,1,0.0,0.0,0.0,0.0,0,0.6931471805599453,0.0,0.0,0.0,0.0,1
1964,31686.0,1,1,31,2.4849066497880004,0.0,1.791759469228055,0.0,0.0,0.6931471805599453,1.0986122886681098,0.6931471805599453,0.0,3,6,0.0,0.0,0.0,0.0,0.0,0.0,0.0,62,12,2,4,17,6,0.0,1.3437347467010947,7,0.3333333333333333,12,0.0,0,0.0,0.6931471805599453,0.0,0.0,1,0.0,0.0,0.0,0.0,1,0.0,0.0,0.0,0.0,0.0,1
1972,80134.0,1,0,40,7.105786129481271,2.833213344056216,5.60947179518496,4.653960350157523,0.0,4.394449154672439,1.0986122886681098,1.791759469228055,1.3862943611198906,6,6,0.0,0.6931471805599453,0.6931471805599453,0.6931471805599453,0.0,0.0,0.6931471805599453,54,13,1,3,1690,16,1.6094379124341003,4.669318005811843,11,0.125,22,0.0,1,0.0,0.0,0.0,0.0,1,0.0,0.0,0.0,0.0,1,0.0,0.0,0.0,0.0,0.0,1
1953,75027.0,0,1,74,6.8308742346461795,4.174387269895637,5.19295685089021,4.897839799950911,2.5649493574615367,4.356708826689592,1.0986122886681098,2.302585092994046,1.6094379124341003,6,5,0.0,0.0,0.0,0.0,0.0,0.0,0.0,73,13,1,3,1390,21,0.0,4.207531514129391,14,0.09523809523809523,26,0.0,1,0.0,0.0,0.0,0.0,1,0.0,0.0,0.0,0.0,0,0.6931471805599453,0.0,0.0,0.0,0.0,1
1988,67546.0,0,0,90,6.762729506931879,4.90527477843843,6.645090969505644,5.017279836814924,3.6635616461296463,5.153291594497779,0.6931471805599453,1.6094379124341003,2.3978952727983707,5,3,0.0,0.0,0.0,0.0,0.0,0.0,0.0,38,14,0,2,2126,20,0.0,4.675628649636653,7,0.05,23,0.0,0,0.0,0.6931471805599453,0.0,0.0,1,0.0,0.0,0.0,0.0,0,0.0,0.0,0.0,0.0,0.0,1
1969,65176.0,0,1,57,6.8679744089702925,3.367295829986474,5.214935757608986,5.3981627015177525,4.2626798770413155,4.2626798770413155,1.6094379124341003,2.302585092994046,1.9459101490553132,6,6,0.0,0.0,0.0,0.0,0.0,0.0,0.0,57,14,1,3,1531,25,0.0,4.130997879870137,15,0.16,31,0.0,0,0.6931471805599453,0.0,0.0,0.0,0,0.0,0.6931471805599453,0.0,0.0,0,0.6931471805599453,0.0,0.0,0.0,0.0,1
1975,31160.0,1,0,59,2.833213344056216,1.3862943611198906,3.258096538021482,1.9459101490553132,0.6931471805599453,2.6390573296152584,1.0986122886681098,1.0986122886681098,0.0,3,8,0.0,0.0,0.0,0.0,0.0,0.0,0.0,51,13,1,2,64,7,0.0,2.316769727986002,10,0.2857142857142857,15,0.0,0,0.6931471805599453,0.0,0.0,0.0,0,0.6931471805599453,0.0,0.0,0.0,1,0.0,0.0,0.0,0.6931471805599453,0.0,0
1985,29938.0,1,0,52,1.3862943611198906,1.3862943611198906,2.0794415416798357,0.0,1.0986122886681098,2.4849066497880004,1.0986122886681098,0.6931471805599453,0.0,3,6,0.0,0.0,0.0,0.0,0.0,0.0,0.0,41,13,1,2,26,6,0.0,1.6739764335716716,7,0.3333333333333333,12,0.0,1,0.0,0.0,0.0,0.0,0,0.6931471805599453,0.0,0.0,0.0,1,0.0,0.0,0.6931471805599453,0.0,0.0,0
1974,102692.0,0,0,5,5.1298987149230735,5.003946305945459,6.09807428216624,3.4965075614664802,5.153291594497779,5.003946305945459,0.6931471805599453,1.9459101490553132,2.302585092994046,13,2,0.0,0.6931471805599453,0.6931471805599453,0.6931471805599453,0.6931471805599453,0.0,0.6931471805599453,52,13,0,1,1112,29,1.791759469228055,3.6723645198756016,8,0.034482758620689655,31,0.0,1,0.0,0.0,0.0,0.6931471805599453,0,0.0,0.0,0.0,0.0,1,0.0,0.0,0.0,0.6931471805599453,0.0,0
1958,26490.0,0,0,92,3.828641396489095,3.871201010907891,3.970291913552122,3.091042453358316,3.044522437723423,3.258096538021482,1.0986122886681098,1.3862943611198906,0.6931471805599453,5,6,0.0,0.0,0.0,0.0,0.0,0.0,0.0,68,14,0,2,210,11,0.0,3.0002674287193822,9,0.18181818181818182,17,0.0,0,0.0,0.0,0.0,0.0,0,0.0,0.6931471805599453,0.0,0.0,1,0.0,0.0,0.0,0.6931471805599453,0.0,0
1967,75702.0,1,1,77,6.478509642208569,3.367295829986474,5.869296913133774,3.828641396489095,3.7612001156935624,3.4339872044851463,1.791759469228055,1.6094379124341003,1.9459101490553132,11,8,0.0,0.0,0.0,0.0,0.0,0.0,0.0,59,14,2,4,1148,26,0.0,3.8100754623665596,12,0.19230769230769232,34,0.0,1,0.0,0.0,0.0,0.0,0,0.0,0.6931471805599453,0.0,0.0,1,0.0,0.0,0.0,0.0,0.0,1
1974,30899.0,1,0,35,3.2188758248682006,0.0,2.1972245773362196,0.0,0.0,0.6931471805599453,1.0986122886681098,0.6931471805599453,0.0,3,6,0.0,0.0,0.0,0.0,0.0,0.0,0.0,52,14,1,2,33,6,0.0,1.8718021769015913,7,0.3333333333333333,12,0.0,0,0.0,0.6931471805599453,0.0,0.0,0,0.6931471805599453,0.0,0.0,0.0,1,0.0,0.0,0.0,0.0,0.0,1
1961,63342.0,0,1,48,6.823286122355687,3.091042453358316,4.77912349311153,2.6390573296152584,2.3978952727983707,3.091042453358316,1.3862943611198906,2.1972245773362196,1.3862943611198906,5,6,0.0,0.6931471805599453,0.0,0.0,0.0,0.0,0.0,65,14,1,3,1101,19,0.6931471805599453,4.0766449851227,14,0.15789473684210525,25,0.0,0,0.0,0.6931471805599453,0.0,0.0,0,0.0,0.6931471805599453,0.0,0.0,0,0.6931471805599453,0.0,0.0,0.0,0.0,1
1964,45989.0,0,1,97,4.9344739331306915,3.5263605246161616,4.477336814478207,3.367295829986474,3.2188758248682006,2.5649493574615367,1.6094379124341003,1.3862943611198906,1.0986122886681098,7,3,0.0,0.0,0.0,0.0,0.0,0.0,0.0,62,14,1,2,322,16,0.0,3.0504571732432377,6,0.25,19,0.0,1,0.0,0.0,0.0,0.0,0,0.6931471805599453,0.0,0.0,0.0,1,0.0,0.0,0.0,0.0,0.0,1
1964,18701.0,1,1,95,2.5649493574615367,1.6094379124341003,1.0986122886681098,2.3978952727983707,1.9459101490553132,2.3978952727983707,1.6094379124341003,1.0986122886681098,0.0,4,5,0.0,0.0,0.0,0.0,0.0,0.0,0.0,62,13,2,3,44,10,0.0,1.6863989535702288,7,0.4,15,0.0,1,0.0,0.0,0.0,0.0,0,0.6931471805599453,0.0,0.0,0.0,1,0.0,0.0,0.0,0.0,0.0,1
1957,40737.0,2,1,24,2.4849066497880004,0.0,1.6094379124341003,0.0,0.0,1.0986122886681098,0.6931471805599453,0.6931471805599453,0.0,2,8,0.0,0.0,0.0,0.0,0.0,0.0,0.0,69,13,3,4,17,4,0.0,1.6582280766035324,9,0.25,12,0.0,0,0.0,0.6931471805599453,0.0,0.0,0,0.6931471805599453,0.0,0.0,0.0,1,0.0,0.0,0.0,0.0,0.0,1
1979,15287.0,1,0,60,0.6931471805599453,1.0986122886681098,2.1972245773362196,1.6094379124341003,1.3862943611198906,2.6390573296152584,1.0986122886681098,0.6931471805599453,0.6931471805599453,2,7,0.6931471805599453,0.0,0.0,0.0,0.0,0.0,0.6931471805599453,47,14,1,2,31,6,1.0986122886681098,1.8191584434161694,8,0.3333333333333333,13,0.0,1,0.0,0.0,0.0,0.6931471805599453,0,0.0,0.0,0.0,0.0,1,0.0,0.0,0.6931471805599453,0.0,0.0,0
1968,69674.0,0,2,46,6.318968113746434,3.7376696182833684,5.375278407684165,2.4849066497880004,0.0,3.2188758248682006,1.3862943611198906,2.3978952727983707,1.0986122886681098,10,5,0.0,0.0,0.0,0.0,0.0,0.0,0.0,58,13,2,3,845,25,0.0,3.5496173867804286,15,0.12,30,0.0,0,0.0,0.6931471805599453,0.0,0.6931471805599453,0,0.0,0.0,0.0,0.0,0,0.6931471805599453,0.0,0.0,0.0,0.0,1
1970,44159.0,1,0,85,5.123963979403259,1.0986122886681098,4.143134726391533,3.2188758248682006,2.6390573296152584,2.0794415416798357,1.6094379124341003,1.6094379124341003,0.6931471805599453,6,5,0.0,0.0,0.0,0.0,0.0,0.0,0.0,56,12,1,3,275,15,0.0,2.9618307218783095,9,0.26666666666666666,20,0.0,0,0.6931471805599453,0.0,0.0,0.0,1,0.0,0.0,0.0,0.0,1,0.0,0.0,0.0,0.0,0.0,1
1978,37717.0,1,0,31,2.302585092994046,0.0,1.9459101490553132,1.6094379124341003,0.6931471805599453,1.791759469228055,0.6931471805599453,0.6931471805599453,0.0,2,9,0.0,0.0,0.0,0.0,0.0,0.0,0.0,48,14,1,3,25,4,0.0,1.9810014688665833,10,0.25,13,0.0,0,0.0,0.6931471805599453,0.0,0.0,1,0.0,0.0,0.0,0.0,1,0.0,0.0,0.0,0.0,0.0,1
1952,43776.0,1,1,9,5.181783550292085,1.0986122886681098,4.276666119016055,1.3862943611198906,1.0986122886681098,3.044522437723423,1.9459101490553132,1.791759469228055,1.0986122886681098,4,8,0.0,0.0,0.0,0.0,0.0,0.0,0.6931471805599453,74,13,2,4,275,17,0.6931471805599453,2.8435404582120656,13,0.35294117647058826,25,0.0,0,0.6931471805599453,0.0,0.0,0.0,0,0.0,0.6931471805599453,0.0,0.0,0,0.6931471805599453,0.0,0.0,0.0,0.0,1
1966,38179.0,1,1,30,3.6635616461296463,1.6094379124341003,3.1354942159291497,1.6094379124341003,1.0986122886681098,3.044522437723423,1.6094379124341003,1.3862943611198906,0.6931471805599453,3,7,0.0,0.0,0.0,0.0,0.0,0.0,0.0,60,13,2,4,90,11,0.0,2.217225244042889,10,0.36363636363636365,18,0.0,0,0.6931471805599453,0.0,0.0,0.0,1,0.0,0.0,0.0,0.0,0,0.6931471805599453,0.0,0.0,0.0,0.0,1
1963,80124.0,0,0,47,6.182084906716632,4.442651256490317,5.988961416889864,5.327876168789581,4.442651256490317,5.488937726156687,0.6931471805599453,1.3862943611198906,2.0794415416798357,8,1,0.6931471805599453,0.0,0.0,0.0,0.0,0.0,0.0,63,12,0,2,1495,19,0.6931471805599453,4.378071454830954,4,0.05263157894736842,20,0.0,1,0.0,0.0,0.0,0.0,1,0.0,0.0,0.0,0.0,1,0.0,0.0,0.0,0.0,0.0,1
1970,38097.0,1,1,70,4.356708826689592,1.0986122886681098,3.58351893845611,0.0,0.6931471805599453,4.248495242049359,1.6094379124341003,1.3862943611198906,1.0986122886681098,2,7,0.6931471805599453,0.0,0.0,0.0,0.0,0.0,0.6931471805599453,56,14,2,4,184,11,1.0986122886681098,2.875104285765376,10,0.36363636363636365,18,0.0,0,0.0,0.6931471805599453,0.0,0.0,1,0.0,0.0,0.0,0.0,0,0.6931471805599453,0.0,0.0,0.0,0.0,1
1970,72940.0,0,0,13,5.209486152841421,4.31748811353631,5.700443573390687,5.093750200806762,5.0106352940962555,4.762173934797756,0.6931471805599453,1.3862943611198906,1.3862943611198906,6,1,0.0,0.0,0.0,0.0,0.0,0.0,0.0,56,13,0,2,981,13,0.0,4.336787849195037,4,0.07692307692307693,14,0.0,1,0.0,0.0,0.0,0.0,1,0.0,0.0,0.0,0.0,1,0.0,0.0,0.0,0.6931471805599453,0.0,0
1970,22070.0,1,0,11,2.3978952727983707,2.0794415416798357,2.995732273553991,2.1972245773362196,1.0986122886681098,3.091042453358316,1.0986122886681098,1.0986122886681098,1.0986122886681098,2,6,0.0,0.0,0.0,0.0,0.0,0.0,0.0,56,13,1,3,67,8,0.0,2.2380465718564744,8,0.25,14,0.0,1,0.0,0.0,0.0,0.0,0,0.0,0.6931471805599453,0.0,0.0,0,0.6931471805599453,0.0,0.6931471805599453,0.0,0.0,0
1953,69267.0,0,0,31,6.658011045870748,3.8066624897703196,6.214608098422191,4.564348191467836,4.30406509320417,4.990432586778736,1.0986122886681098,1.3862943611198906,1.6094379124341003,5,7,0.0,0.0,0.0,0.0,0.0,0.0,0.6931471805599453,73,14,0,1,1635,14,0.6931471805599453,4.76886699294434,10,0.14285714285714285,21,0.0,1,0.0,0.0,0.0,0.0,0,0.6931471805599453,0.0,0.0,0.0,1,0.0,0.0,0.0,0.0,0.0,1
1983,31788.0,1,0,15,2.833213344056216,2.0794415416798357,3.1780538303479458,0.0,2.1972245773362196,1.9459101490553132,1.3862943611198906,1.3862943611198906,0.0,4,5,0.0,0.0,0.0,0.0,0.0,0.6931471805599453,0.0,43,12,1,2,60,10,0.0,1.9459101490553132,8,0.3,15,0.0,0,0.6931471805599453,0.0,0.0,0.0,0,0.6931471805599453,0.0,0.0,0.0,1,0.0,0.0,0.0,0.6931471805599453,0.0,0
1975,61905.0,0,1,2,5.123963979403259,0.0,3.784189633918261,1.9459101490553132,1.0986122886681098,2.6390573296152584,1.0986122886681098,1.6094379124341003,1.0986122886681098,4,5,0.0,0.0,0.0,0.0,0.0,0.0,0.0,51,12,1,3,231,12,0.0,3.0081547935525483,9,0.16666666666666666,17,0.0,0,0.0,0.6931471805599453,0.0,0.0,0,0.0,0.6931471805599453,0.0,0.0,0,0.6931471805599453,0.0,0.0,0.0,0.0,1
1960,29315.0,1,1,55,2.6390573296152584,1.0986122886681098,2.70805020110221,2.1972245773362196,2.0794415416798357,1.6094379124341003,1.6094379124341003,1.0986122886681098,0.0,4,6,0.0,0.0,0.0,0.0,0.0,0.0,0.0,66,12,2,4,48,10,0.0,1.7578579175523736,8,0.4,16,0.0,1,0.0,0.0,0.0,0.0,1,0.0,0.0,0.0,0.0,1,0.0,0.0,0.0,0.6931471805599453,0.0,0
1963,33378.0,1,1,38,3.5263605246161616,1.9459101490553132,3.713572066704308,1.3862943611198906,2.0794415416798357,2.3978952727983707,1.3862943611198906,1.0986122886681098,0.0,4,7,0.0,0.0,0.0,0.0,0.0,0.0,0.0,63,13,2,3,99,9,0.0,2.4849066497880004,9,0.3333333333333333,16,0.0,1,0.0,0.0,0.0,0.6931471805599453,0,0.0,0.0,0.0,0.0,1,0.0,0.0,0.0,0.6931471805599453,0.0,0
1963,66313.0,0,1,86,6.439350371100098,2.0794415416798357,4.605170185988092,2.3978952727983707,3.1354942159291497,2.0794415416798357,1.0986122886681098,1.9459101490553132,1.3862943611198906,12,4,0.0,0.0,0.0,0.0,0.0,0.0,0.0,63,13,1,3,770,23,0.0,3.5403290057056984,10,0.08695652173913043,27,0.0,0,0.0,0.6931471805599453,0.0,0.0,0,0.0,0.6931471805599453,0.0,0.0,1,0.0,0.0,0.0,0.0,0.0,1
1956,60714.0,0,0,56,5.37989735354046,5.093750200806762,5.41610040220442,4.624972813284271,4.532599493153256,5.093750200806762,1.0986122886681098,2.0794415416798357,1.6094379124341003,10,5,0.0,0.0,0.0,0.0,0.0,0.0,0.6931471805599453,70,13,0,1,957,23,0.6931471805599453,3.752058355735468,12,0.08695652173913043,28,0.0,1,0.0,0.0,0.0,0.0,0,0.6931471805599453,0.0,0.0,0.0,1,0.0,0.0,0.0,0.6931471805599453,0.0,0
1981,77882.0,0,0,29,4.23410650459726,4.867534450455582,5.983936280687191,5.241747015059643,3.1354942159291497,2.772588722239781,0.6931471805599453,1.3862943611198906,1.3862943611198906,5,1,0.0,0.0,0.0,0.0,0.0,0.0,0.0,45,12,0,2,818,12,0.0,4.236519051002643,4,0.08333333333333333,13,0.0,0,0.6931471805599453,0.0,0.0,0.0,0,0.0,0.6931471805599453,0.0,0.0,1,0.0,0.0,0.0,0.6931471805599453,0.0,0
1986,69867.0,0,0,30,5.2832037287379885,0.0,6.240275845170769,3.5263605246161616,4.875197323201151,4.007333185232471,0.6931471805599453,1.3862943611198906,1.791759469228055,8,1,0.0,0.0,0.0,0.6931471805599453,0.0,0.0,0.6931471805599453,40,13,0,1,925,17,1.0986122886681098,4.014791930520147,4,0.058823529411764705,18,0.0,0,0.0,0.6931471805599453,0.0,0.0,0,0.6931471805599453,0.0,0.0,0.0,1,0.0,0.0,0.0,0.6931471805599453,0.0,0
1968,63841.0,0,1,64,6.455198563340122,2.772588722239781,4.61512051684126,3.044522437723423,2.0794415416798357,4.882801922586371,0.6931471805599453,2.302585092994046,1.3862943611198906,9,6,0.0,0.0,0.0,0.0,0.0,0.0,0.0,58,13,1,2,908,22,0.0,3.7441421327889857,15,0.045454545454545456,28,0.0,0,0.6931471805599453,0.0,0.0,0.6931471805599453,0,0.0,0.0,0.0,0.0,0,0.6931471805599453,0.0,0.0,0.0,0.0,1
1981,24480.0,1,0,46,1.6094379124341003,2.995732273553991,2.302585092994046,3.367295829986474,3.258096538021482,2.8903717578961645,1.3862943611198906,1.3862943611198906,0.0,4,7,0.0,0.0,0.0,0.0,0.0,0.0,0.0,45,13,1,3,102,10,0.0,2.4159137783010487,10,0.3,17,0.6931471805599453,0,0.0,0.0,0.0,0.0,1,0.0,0.0,0.0,0.0,1,0.0,0.0,0.0,0.0,0.0,0
1976,51369.0,0,1,84,5.697093486505405,2.0794415416798357,4.382026634673881,0.0,2.4849066497880004,5.209486152841421,1.0986122886681098,2.1972245773362196,1.0986122886681098,4,8,0.0,0.0,0.0,0.0,0.0,0.0,0.0,50,14,1,3,576,16,0.0,3.6109179126442243,16,0.125,24,0.0,1,0.0,0.0,0.0,0.0,0,0.0,0.6931471805599453,0.0,0.0,0,0.6931471805599453,0.0,0.0,0.0,0.0,1
1946,37760.0,0,0,20,4.442651256490317,1.791759469228055,3.6635616461296463,5.017279836814924,2.5649493574615367,3.367295829986474,1.0986122886681098,1.6094379124341003,0.6931471805599453,6,7,0.0,0.0,0.0,0.0,0.0,0.0,0.0,80,14,0,2,317,13,0.0,3.234143296998989,11,0.15384615384615385,20,0.0,1,0.0,0.0,0.0,0.0,0,0.0,0.6931471805599453,0.0,0.0,1,0.0,0.0,0.0,0.0,0.0,0
1974,65640.0,0,1,74,5.3230099791384085,2.0794415416798357,5.0106352940962555,3.044522437723423,2.772588722239781,4.204692619390966,0.6931471805599453,1.791759469228055,0.6931471805599453,8,2,0.0,0.0,0.0,0.0,0.0,0.0,0.0,52,12,1,3,461,15,0.0,3.45736765312921,7,0.06666666666666667,17,0.0,0,0.0,0.6931471805599453,0.0,0.0,0,0.0,0.6931471805599453,0.0,0.0,1,0.0,0.0,0.0,0.0,0.0,1
1975,44319.0,1,1,18,3.295836866004329,0.0,2.1972245773362196,0.0,0.0,1.3862943611198906,1.0986122886681098,1.0986122886681098,0.0,3,5,0.0,0.0,0.0,0.0,0.0,0.0,0.0,51,12,2,4,37,7,0.0,1.8382794848629478,7,0.2857142857142857,12,0.0,0,0.6931471805599453,0.0,0.0,0.0,1,0.0,0.0,0.0,0.0,1,0.0,0.0,0.0,0.0,0.0,1
1974,30631.0,1,0,75,2.772588722239781,1.9459101490553132,3.044522437723423,1.6094379124341003,1.791759469228055,3.044522437723423,0.6931471805599453,1.3862943611198906,0.6931471805599453,2,7,0.0,0.0,0.0,0.0,0.0,0.0,0.0,52,13,1,3,70,7,0.0,2.3978952727983707,10,0.14285714285714285,14,0.0,1,0.0,0.0,0.0,0.0,1,0.0,0.0,0.0,0.0,0,0.6931471805599453,0.0,0.0,0.6931471805599453,0.0,0
1952,75278.0,0,0,17,5.720311776607412,4.59511985013459,5.442417710521793,5.017279836814924,4.31748811353631,4.31748811353631,0.6931471805599453,1.9459101490553132,1.3862943611198906,13,3,0.0,0.0,0.0,0.0,0.0,0.0,0.0,74,13,0,2,930,23,0.0,3.7241206877250526,9,0.043478260869565216,26,0.0,1,0.0,0.0,0.0,0.0,0,0.0,0.6931471805599453,0.0,0.0,1,0.0,0.0,0.0,0.0,0.0,1
1956,50898.0,1,1,88,5.655991810819852,3.367295829986474,5.493061443340548,4.02535169073515,4.74493212836325,4.912654885736052,2.6390573296152584,1.9459101490553132,1.0986122886681098,12,5,0.0,0.0,0.0,0.0,0.0,0.0,0.0,70,13,2,4,859,33,0.0,3.296958571113529,11,0.3939393939393939,38,0.0,0,0.6931471805599453,0.0,0.0,0.0,0,0.0,0.6931471805599453,0.0,0.0,1,0.0,0.0,0.0,0.0,0.0,1
1966,79946.0,0,0,19,5.981414211254481,5.214935757608986,6.338594078203183,5.117993812416755,4.955827057601261,3.367295829986474,0.6931471805599453,1.791759469228055,2.4849066497880004,5,3,0.0,0.0,0.0,0.0,0.0,0.0,0.0,60,12,0,1,1478,22,0.0,4.222177933731985,8,0.045454545454545456,25,0.0,1,0.0,0.0,0.0,0.0,0,0.0,0.0,0.6931471805599453,0.0,0,0.0,0.0,0.0,0.6931471805599453,0.0,0
1949,35416.0,0,0,62,5.517452896464707,1.3862943611198906,4.406719247264253,1.6094379124341003,1.3862943611198906,3.9512437185814275,1.3862943611198906,2.0794415416798357,0.6931471805599453,5,8,0.0,0.0,0.0,0.0,0.0,0.0,0.0,77,13,0,1,390,16,0.0,3.2337644373619514,15,0.1875,24,0.0,0,0.6931471805599453,0.0,0.0,0.6931471805599453,0,0.0,0.0,0.0,0.0,0,0.6931471805599453,0.0,0.0,0.0,0.0,1
1984,32414.0,0,0,11,3.044522437723423,1.9459101490553132,1.791759469228055,0.0,2.302585092994046,2.5649493574615367,0.6931471805599453,0.6931471805599453,0.0,3,7,0.6931471805599453,0.0,0.0,0.0,0.0,0.0,0.0,42,13,0,2,52,5,0.6931471805599453,2.4336133554004498,8,0.2,12,0.0,0,0.0,0.0,0.0,0.0,0,0.0,0.6931471805599453,0.0,0.0,1,0.0,0.0,0.0,0.0,0.0,1
1969,38361.0,1,0,74,3.6888794541139363,0.0,4.04305126783455,3.044522437723423,2.1972245773362196,2.70805020110221,1.3862943611198906,1.3862943611198906,0.6931471805599453,3,7,0.0,0.0,0.0,0.0,0.0,0.0,0.0,57,13,1,3,137,10,0.0,2.6878474937846906,10,0.3,17,0.0,1,0.0,0.0,0.0,0.0,0,0.0,0.6931471805599453,0.0,0.0,0,0.6931471805599453,0.0,0.0,0.6931471805599453,0.0,0
1980,82497.0,0,0,32,6.656726524178391,4.867534450455582,6.352629396319567,5.37989735354046,3.091042453358316,5.318119993844216,0.6931471805599453,1.0986122886681098,2.0794415416798357,9,4,0.0,0.0,0.6931471805599453,0.0,0.0,0.0,0.0,46,14,0,2,1919,19,0.6931471805599453,4.624972813284271,6,0.05263157894736842,23,0.0,1,0.0,0.0,0.0,0.0,1,0.0,0.0,0.0,0.0,1,0.0,0.0,0.0,0.0,0.0,1
1971,16626.0,2,0,76,2.1972245773362196,1.3862943611198906,3.1354942159291497,3.091042453358316,0.6931471805599453,2.6390573296152584,1.3862943611198906,1.3862943611198906,0.0,3,9,0.0,0.0,0.0,0.0,0.0,0.0,0.0,55,12,2,4,68,9,0.0,2.1465808445174646,12,0.3333333333333333,18,0.0,1,0.0,0.0,0.0,0.0,0,0.0,0.6931471805599453,0.0,0.0,0,0.6931471805599453,0.0,0.0,0.6931471805599453,0.0,0
1965,29672.0,1,1,6,2.302585092994046,0.6931471805599453,1.3862943611198906,0.0,1.6094379124341003,2.1972245773362196,0.6931471805599453,0.0,0.0,3,6,0.0,0.0,0.0,0.0,0.0,0.0,0.0,61,13,2,4,25,4,0.0,1.9810014688665833,6,0.25,10,0.0,1,0.0,0.0,0.0,0.0,0,0.0,0.6931471805599453,0.0,0.0,1,0.0,0.0,0.0,0.0,0.0,1
1952,55951.0,0,1,62,7.124478262493424,0.0,4.394449154672439,0.0,2.6390573296152584,3.713572066704308,1.3862943611198906,1.3862943611198906,1.9459101490553132,11,8,0.0,0.6931471805599453,0.0,0.0,0.6931471805599453,0.0,0.0,74,14,1,3,1374,23,1.0986122886681098,4.106588143327812,11,0.13043478260869565,31,0.0,0,0.6931471805599453,0.0,0.0,0.0,0,0.0,0.6931471805599453,0.0,0.0,1,0.0,0.0,0.0,0.0,0.0,1
1988,35388.0,1,0,20,1.9459101490553132,1.6094379124341003,2.0794415416798357,1.6094379124341003,1.3862943611198906,2.1972245773362196,0.6931471805599453,0.6931471805599453,0.0,3,7,0.0,0.0,0.0,0.0,0.0,0.0,0.0,38,13,1,2,32,5,0.0,2.0014800002101243,8,0.2,12,0.0,0,0.0,0.0,0.0,0.6931471805599453,0,0.0,0.0,0.0,0.0,1,0.0,0.0,0.6931471805599453,0.0,0.0,0
1986,42386.0,1,0,43,4.189654742026425,1.6094379124341003,2.833213344056216,0.0,1.6094379124341003,2.4849066497880004,0.6931471805599453,1.3862943611198906,0.0,3,8,0.0,0.0,0.0,0.0,0.0,0.0,0.0,40,13,1,3,100,7,0.0,2.7269186854065928,11,0.14285714285714285,15,0.0,0,0.6931471805599453,0.0,0.0,0.0,0,0.0,0.6931471805599453,0.0,0.0,0,0.6931471805599453,0.0,0.0,0.0,0.0,1
1982,68627.0,0,0,45,5.981414211254481,2.772588722239781,5.575949103146316,4.110873864173311,4.007333185232471,3.6635616461296463,0.6931471805599453,1.0986122886681098,1.3862943611198906,6,1,0.0,0.0,0.0,0.0,0.0,0.0,0.0,44,13,0,1,825,12,0.0,4.244917420701475,3,0.08333333333333333,13,0.0,1,0.0,0.0,0.0,0.0,0,0.6931471805599453,0.0,0.0,0.0,1,0.0,0.0,0.0,0.0,0.0,1
1965,57912.0,0,1,34,6.687108607866515,0.0,4.394449154672439,0.0,0.0,3.58351893845611,1.791759469228055,2.1972245773362196,1.3862943611198906,12,5,0.0,0.6931471805599453,0.0,0.0,0.0,0.0,0.0,61,12,1,2,916,28,0.6931471805599453,3.5179216559702966,13,0.17857142857142858,33,0.0,0,0.0,0.6931471805599453,0.0,0.6931471805599453,0,0.0,0.0,0.0,0.0,1,0.0,0.0,0.0,0.0,0.0,1
1958,35246.0,1,1,53,3.6109179126442243,0.0,2.5649493574615367,1.0986122886681098,1.0986122886681098,2.3978952727983707,1.6094379124341003,1.3862943611198906,0.6931471805599453,3,5,0.0,0.0,0.0,0.0,0.0,0.0,0.0,68,12,2,3,62,11,0.0,1.8925641683500207,8,0.36363636363636365,16,0.0,1,0.0,0.0,0.0,0.6931471805599453,0,0.0,0.0,0.0,0.0,0,0.6931471805599453,0.0,0.0,0.0,0.0,1
1956,58821.0,0,1,44,6.2422232654551655,2.70805020110221,5.043425116919247,2.995732273553991,0.0,3.367295829986474,0.6931471805599453,2.302585092994046,1.0986122886681098,9,6,0.0,0.0,0.0,0.0,0.0,0.0,0.0,70,13,1,3,728,21,0.0,3.574216545793796,15,0.047619047619047616,27,0.0,0,0.0,0.0,0.0,0.0,0,0.0,0.6931471805599453,0.0,0.0,0,0.6931471805599453,0.0,0.0,0.0,0.0,1
1978,46377.0,1,0,89,3.6375861597263857,0.0,3.8501476017100584,1.6094379124341003,1.3862943611198906,0.0,0.6931471805599453,1.0986122886681098,0.6931471805599453,3,4,0.0,0.0,0.0,0.0,0.0,0.0,0.0,48,12,1,3,90,7,0.0,2.6288008294480694,6,0.14285714285714285,11,0.0,0,0.0,0.6931471805599453,0.0,0.0,1,0.0,0.0,0.0,0.0,1,0.0,0.0,0.0,0.6931471805599453,0.0,0
1988,39747.0,1,0,43,4.394449154672439,2.772588722239781,4.543294782270004,3.044522437723423,2.6390573296152584,3.970291913552122,1.3862943611198906,1.791759469228055,0.6931471805599453,4,8,0.0,0.0,0.0,0.0,0.0,0.0,0.0,38,12,1,2,273,13,0.0,3.091042453358316,13,0.23076923076923078,21,0.0,1,0.0,0.0,0.0,0.0,0,0.6931471805599453,0.0,0.0,0.0,0,0.6931471805599453,0.0,0.0,0.6931471805599453,0.0,0
1984,23976.0,1,0,68,2.70805020110221,0.6931471805599453,3.091042453358316,1.0986122886681098,1.3862943611198906,3.258096538021482,1.3862943611198906,1.3862943611198906,0.6931471805599453,3,7,0.0,0.0,0.0,0.0,0.0,0.0,0.0,42,13,1,3,66,10,0.0,2.028148247292285,10,0.3,17,0.0,1,0.0,0.0,0.0,0.0,0,0.0,0.6931471805599453,0.0,0.0,0,0.6931471805599453,0.0,0.6931471805599453,0.0,0.0,0
1961,80950.0,0,0,44,6.26530121273771,4.997212273764115,4.727387818712341,5.393627546352362,4.997212273764115,4.1588830833596715,0.6931471805599453,1.9459101490553132,2.0794415416798357,9,2,0.0,0.0,0.0,0.6931471805599453,0.0,0.0,0.0,65,13,0,2,1213,23,0.6931471805599453,3.9841414220884865,8,0.043478260869565216,25,0.0,0,0.6931471805599453,0.0,0.0,0.0,1,0.0,0.0,0.0,0.0,1,0.0,0.0,0.0,0.0,0.0,1
1966,27038.0,0,0,64,0.6931471805599453,3.295836866004329,3.258096538021482,2.8903717578961645,3.1780538303479458,2.772588722239781,0.6931471805599453,1.3862943611198906,0.0,3,9,0.0,0.0,0.0,0.0,0.0,0.0,0.6931471805599453,60,14,0,1,107,7,0.6931471805599453,2.790288299339182,12,0.14285714285714285,16,0.0,1,0.0,0.0,0.0,0.0,0,0.0,0.0,0.6931471805599453,0.0,0,0.6931471805599453,0.6931471805599453,0.0,0.0,0.0,0
1947,77457.0,0,0,85,6.516193076042964,2.4849066497880004,5.993961427306569,2.772588722239781,3.828641396489095,2.4849066497880004,0.6931471805599453,1.0986122886681098,1.791759469228055,10,1,0.0,0.0,0.6931471805599453,0.0,0.0,0.0,0.0,79,12,0,1,1157,18,0.6931471805599453,4.178651668682095,3,0.05555555555555555,19,0.0,1,0.0,0.0,0.0,0.0,0,0.6931471805599453,0.0,0.0,0.0,1,0.0,0.0,0.0,0.0,0.0,1
1964,64100.0,0,1,93,6.234410725718371,0.0,3.332204510175204,0.0,0.0,2.3978952727983707,0.6931471805599453,2.1972245773362196,1.3862943611198906,6,7,0.0,0.6931471805599453,0.0,0.0,0.0,0.0,0.0,62,13,1,3,546,18,0.6931471805599453,3.4446824936018943,15,0.05555555555555555,25,0.0,0,0.6931471805599453,0.0,0.0,0.0,1,0.0,0.0,0.0,0.0,0,0.6931471805599453,0.0,0.0,0.0,0.0,1
1992,42670.0,0,0,12,5.043425116919247,1.0986122886681098,3.8501476017100584,3.044522437723423,1.6094379124341003,2.772588722239781,0.6931471805599453,1.6094379124341003,1.0986122886681098,4,4,0.0,0.0,0.0,0.0,0.0,0.0,0.0,34,13,0,2,241,11,0.0,3.1315338147130527,8,0.09090909090909091,15,0.0,0,0.6931471805599453,0.0,0.0,0.0,0,0.0,0.6931471805599453,0.0,0.0,0,0.6931471805599453,0.0,0.0,0.0,0.0,1
1976,12571.0,1,0,86,1.3862943611198906,1.791759469228055,2.70805020110221,1.0986122886681098,2.5649493574615367,2.8903717578961645,1.6094379124341003,1.3862943611198906,0.6931471805599453,3,6,0.0,0.0,0.0,0.0,0.0,0.0,0.0,50,12,1,2,53,11,0.0,1.7609878105613013,9,0.36363636363636365,17,0.0,1,0.0,0.0,0.0,0.6931471805599453,0,0.0,0.0,0.0,0.0,0,0.6931471805599453,0.0,0.6931471805599453,0.0,0.0,0
1967,22574.0,2,1,28,3.258096538021482,0.0,2.1972245773362196,1.0986122886681098,0.0,1.0986122886681098,1.0986122886681098,1.0986122886681098,0.0,3,7,0.0,0.0,0.0,0.0,0.0,0.0,0.0,59,13,3,5,37,7,0.0,1.8382794848629478,9,0.2857142857142857,14,0.0,1,0.0,0.0,0.0,0.0,1,0.0,0.0,0.0,0.0,1,0.0,0.0,0.0,0.0,0.0,1
1989,,0,0,69,6.759255270663693,4.9344739331306915,6.135564891081739,4.110873864173311,3.4339872044851463,4.127134385045092,0.6931471805599453,1.9459101490553132,1.791759469228055,12,3,0.0,0.6931471805599453,0.0,0.6931471805599453,0.0,0.0,0.0,37,13,0,2,1611,24,1.0986122886681098,4.221344252983408,9,0.041666666666666664,27,0.0,1,0.0,0.0,0.0,0.0,1,0.0,0.0,0.0,0.0,1,0.0,0.0,0.0,0.0,0.0,1
1976,70893.0,0,0,42,6.645090969505644,3.8066624897703196,6.331501849893691,4.356708826689592,3.8066624897703196,2.70805020110221,0.6931471805599453,1.9459101490553132,1.9459101490553132,10,3,0.0,0.0,0.0,0.0,0.0,0.0,0.0,50,13,0,1,1508,23,0.0,4.198182179728534,9,0.043478260869565216,26,0.0,0,0.6931471805599453,0.0,0.0,0.0,0,0.6931471805599453,0.0,0.0,0.0,1,0.0,0.0,0.0,0.0,0.0,1
1966,54198.0,1,1,13,5.225746673713202,0.0,3.367295829986474,1.3862943611198906,1.0986122886681098,2.8903717578961645,1.9459101490553132,1.3862943611198906,0.6931471805599453,6,4,0.0,0.0,0.0,0.0,0.0,0.0,0.0,60,13,2,4,235,16,0.0,2.752864216892003,7,0.375,20,0.0,1,0.0,0.0,0.0,0.0,1,0.0,0.0,0.0,0.0,1,0.0,0.0,0.0,0.0,0.0,1
1956,28839.0,1,1,86,3.2188758248682006,0.0,2.0794415416798357,0.0,0.0,0.6931471805599453,1.0986122886681098,1.0986122886681098,0.0,3,5,0.0,0.0,0.0,0.0,0.0,0.0,0.0,70,12,2,4,32,7,0.0,1.717651497074333,7,0.2857142857142857,12,0.0,0,0.6931471805599453,0.0,0.0,0.0,0,0.0,0.6931471805599453,0.0,0.0,1,0.0,0.0,0.0,0.0,0.0,1
1972,40321.0,1,1,59,3.8066624897703196,1.6094379124341003,3.091042453358316,1.9459101490553132,0.0,3.332204510175204,1.0986122886681098,1.3862943611198906,0.0,3,7,0.0,0.0,0.0,0.0,0.0,0.0,0.0,54,13,2,4,102,8,0.0,2.6210388241125804,10,0.25,15,0.0,1,0.0,0.0,0.0,0.0,1,0.0,0.0,0.0,0.0,0,0.6931471805599453,0.0,0.0,0.0,0.0,1
1985,66503.0,1,0,30,4.5217885770490405,4.174387269895637,4.859812404361672,4.189654742026425,1.3862943611198906,3.9318256327243257,1.0986122886681098,1.6094379124341003,1.3862943611198906,6,3,0.0,0.0,0.0,0.0,0.0,0.0,0.0,41,14,1,2,401,15,0.0,3.322635059159053,7,0.13333333333333333,18,0.0,1,0.0,0.0,0.0,0.0,0,0.6931471805599453,0.0,0.0,0.0,1,0.0,0.0,0.0,0.6931471805599453,0.0,0
1951,30833.0,1,1,33,2.4849066497880004,0.0,2.0794415416798357,1.3862943611198906,0.6931471805599453,1.9459101490553132,1.0986122886681098,0.6931471805599453,0.0,3,5,0.0,0.0,0.0,0.0,0.0,0.0,0.0,75,13,2,4,28,6,0.0,1.7346010553881064,6,0.3333333333333333,11,0.0,1,0.0,0.0,0.0,0.0,1,0.0,0.0,0.0,0.0,1,0.0,0.0,0.0,0.0,0.0,1
1970,,1,2,67,6.6052979209482015,3.044522437723423,5.153291594497779,3.970291913552122,3.9318256327243257,3.044522437723423,1.9459101490553132,1.0986122886681098,1.3862943611198906,10,7,0.0,0.6931471805599453,0.0,0.6931471805599453,0.0,0.0,0.0,56,13,3,4,1052,21,1.0986122886681098,3.9336913049072755,9,0.2857142857142857,28,0.0,1,0.0,0.0,0.0,0.0,0,0.6931471805599453,0.0,0.0,0.0,1,0.0,0.0,0.0,0.0,0.0,1
1971,64795.0,0,1,23,6.023447592961033,1.791759469228055,4.787491742782046,3.6635616461296463,3.4011973816621555,4.356708826689592,1.3862943611198906,1.3862943611198906,1.3862943611198906,12,2,0.0,0.0,0.0,0.0,0.0,0.0,0.0,55,13,1,3,680,21,0.0,3.507985449311167,5,0.14285714285714285,23,0.0,1,0.0,0.0,0.0,0.0,1,0.0,0.0,0.0,0.0,1,0.0,0.0,0.0,0.0,0.0,1
1974,34421.0,1,0,81,1.3862943611198906,1.3862943611198906,2.0794415416798357,1.9459101490553132,1.0986122886681098,2.302585092994046,0.6931471805599453,0.6931471805599453,0.0,2,7,0.0,0.0,0.0,0.0,0.0,0.0,0.0,52,13,1,3,30,4,0.0,2.1400661634962708,8,0.25,11,0.0,1,0.0,0.0,0.0,0.0,1,0.0,0.0,0.0,0.0,1,0.0,0.0,0.6931471805599453,0.0,0.0,0
1965,47025.0,1,1,6,2.833213344056216,0.0,1.3862943611198906,0.0,0.0,0.6931471805599453,0.6931471805599453,0.6931471805599453,0.0,2,7,0.0,0.0,0.0,0.0,0.0,0.0,0.0,61,12,2,3,20,4,0.0,1.791759469228055,8,0.25,11,0.0,0,0.0,0.6931471805599453,0.0,0.6931471805599453,0,0.0,0.0,0.0,0.0,1,0.0,0.0,0.0,0.0,0.0,1
1961,64325.0,0,1,41,6.595780513961311,4.110873864173311,5.869296913133774,4.3694478524670215,2.5649493574615367,4.30406509320417,1.791759469228055,2.3978952727983707,1.3862943611198906,5,7,0.0,0.0,0.0,0.0,0.0,0.0,0.0,65,13,1,2,1307,23,0.0,4.05744000528665,17,0.21739130434782608,30,0.0,0,0.0,0.6931471805599453,0.0,0.6931471805599453,0,0.0,0.0,0.0,0.0,0,0.6931471805599453,0.0,0.0,0.0,0.0,1
1953,40464.0,0,1,78,6.052089168924417,2.8903717578961645,4.77912349311153,2.0794415416798357,3.1780538303479458,3.7376696182833684,1.9459101490553132,2.1972245773362196,1.0986122886681098,8,8,0.0,0.0,0.0,0.0,0.0,0.0,0.0,73,13,1,2,630,24,0.0,3.305053521109253,16,0.25,32,0.0,1,0.0,0.0,0.0,0.0,0,0.6931471805599453,0.0,0.0,0.0,0,0.6931471805599453,0.0,0.0,0.0,0.0,1
1957,62187.0,0,0,49,6.675823221634848,0.0,5.62040086571715,3.828641396489095,3.828641396489095,4.844187086458591,0.6931471805599453,1.6094379124341003,2.1972245773362196,5,3,0.0,0.0,0.0,0.0,0.0,0.0,0.0,69,13,0,2,1283,18,0.0,4.28051672061634,7,0.05555555555555555,21,0.0,1,0.0,0.0,0.0,0.0,1,0.0,0.0,0.0,0.0,0,0.0,0.0,0.0,0.0,0.0,1
1976,14849.0,1,0,39,3.091042453358316,1.0986122886681098,3.367295829986474,1.3862943611198906,1.0986122886681098,2.302585092994046,1.3862943611198906,1.0986122886681098,0.0,4,8,0.0,0.0,0.0,0.0,0.0,0.0,0.0,50,13,1,2,65,9,0.0,2.10684051586795,10,0.3333333333333333,17,0.0,0,0.0,0.6931471805599453,0.0,0.6931471805599453,0,0.0,0.0,0.0,0.0,1,0.0,0.0,0.0,0.6931471805599453,0.0,0
1984,27255.0,1,0,3,3.1354942159291497,0.6931471805599453,2.4849066497880004,0.0,0.6931471805599453,1.0986122886681098,0.6931471805599453,0.6931471805599453,0.0,3,7,0.0,0.0,0.0,0.0,0.0,0.0,0.0,42,13,1,3,37,5,0.0,2.128231705849268,8,0.2,12,0.0,1,0.0,0.0,0.0,0.0,1,0.0,0.0,0.0,0.0,1,0.0,0.0,0.0,0.0,0.0,1
1950,54432.0,2,1,37,3.5263605246161616,0.0,1.791759469228055,0.0,0.0,0.0,0.6931471805599453,0.6931471805599453,0.0,3,4,0.0,0.0,0.0,0.0,0.0,0.0,0.0,76,13,3,5,38,5,0.0,2.151762203259462,5,0.2,9,0.0,0,0.0,0.6931471805599453,0.0,0.0,1,0.0,0.0,0.0,0.0,1,0.0,0.0,0.0,0.0,0.0,1
1986,29999.0,1,0,22,4.23410650459726,2.0794415416798357,4.0943445622221,2.3978952727983707,1.791759469228055,2.4849066497880004,1.6094379124341003,1.3862943611198906,0.6931471805599453,4,8,0.0,0.0,0.0,0.0,0.0,0.0,0.0,40,13,1,2,160,12,0.0,2.662587827025453,11,0.3333333333333333,20,0.0,0,0.0,0.6931471805599453,0.0,0.0,0,0.6931471805599453,0.0,0.0,0.0,1,0.0,0.0,0.0,0.0,0.0,1
1983,24072.0,1,0,79,2.302585092994046,0.6931471805599453,1.9459101490553132,1.3862943611198906,0.0,1.6094379124341003,0.6931471805599453,0.6931471805599453,0.0,2,8,0.0,0.0,0.0,0.0,0.0,0.0,0.0,43,13,1,2,23,4,0.0,1.9095425048844386,9,0.25,12,0.0,1,0.0,0.0,0.0,0.0,0,0.6931471805599453,0.0,0.0,0.0,1,0.0,0.0,0.0,0.0,0.0,1
1989,33996.0,0,0,46,3.713572066704308,1.0986122886681098,2.772588722239781,2.1972245773362196,0.0,1.9459101490553132,0.6931471805599453,0.6931471805599453,0.6931471805599453,3,4,0.0,0.0,0.0,0.0,0.0,0.0,0.0,37,13,0,1,71,6,0.0,2.5520459526256287,5,0.16666666666666666,10,0.0,0,0.0,0.6931471805599453,0.0,0.0,0,0.6931471805599453,0.0,0.0,0.0,1,0.0,0.0,0.0,0.0,0.0,1
1956,66334.0,0,1,82,6.813444599510896,2.4849066497880004,5.389071729816501,0.0,0.0,3.1780538303479458,1.0986122886681098,2.302585092994046,1.3862943611198906,5,5,0.0,0.0,0.0,0.0,0.0,0.0,0.6931471805599453,70,13,1,3,1161,19,0.6931471805599453,4.12883073829327,14,0.10526315789473684,24,0.0,0,0.0,0.6931471805599453,0.0,0.0,1,0.0,0.0,0.0,0.0,0,0.6931471805599453,0.0,0.0,0.0,0.0,1
1971,35178.0,1,0,10,3.1780538303479458,0.6931471805599453,2.6390573296152584,1.0986122886681098,1.0986122886681098,2.9444389791664403,0.6931471805599453,0.6931471805599453,0.6931471805599453,2,7,0.6931471805599453,0.0,0.0,0.0,0.0,0.0,0.6931471805599453,55,13,1,3,59,5,1.0986122886681098,2.5494451709255714,8,0.2,12,0.0,0,0.6931471805599453,0.0,0.0,0.0,1,0.0,0.0,0.0,0.0,1,0.0,0.0,0.0,0.0,0.0,1
1983,22010.0,1,0,51,2.4849066497880004,1.0986122886681098,2.302585092994046,1.3862943611198906,0.0,2.1972245773362196,1.0986122886681098,1.0986122886681098,0.0,3,8,0.0,0.0,0.0,0.0,0.0,0.0,0.0,43,13,1,3,33,7,0.0,1.742969305058623,10,0.2857142857142857,15,0.0,1,0.0,0.0,0.0,0.0,0,0.0,0.6931471805599453,0.0,0.0,1,0.0,0.0,0.0,0.0,0.0,1
1960,62204.0,0,2,38,5.762051382780177,3.8501476017100584,5.5134287461649825,5.0238805208462765,3.8501476017100584,4.941642422609304,0.6931471805599453,1.6094379124341003,1.791759469228055,12,3,0.0,0.0,0.0,0.0,0.0,0.0,0.0,66,14,2,3,946,22,0.0,3.784189633918261,7,0.045454545454545456,25,0.0,1,0.0,0.0,0.0,0.6931471805599453,0,0.0,0.0,0.0,0.0,1,0.0,0.0,0.0,0.0,0.0,1
1968,75693.0,0,0,10,6.682108597449809,5.0369526024136295,5.683579767338681,4.290459441148391,4.584967478670572,3.4339872044851463,0.6931471805599453,2.4849066497880004,1.6094379124341003,6,4,0.0,0.6931471805599453,0.6931471805599453,0.6931471805599453,0.0,0.0,0.6931471805599453,58,14,0,1,1442,22,1.6094379124341003,4.197885241162941,15,0.045454545454545456,26,0.0,1,0.0,0.0,0.0,0.6931471805599453,0,0.0,0.0,0.0,0.0,0,0.6931471805599453,0.0,0.0,0.0,0.0,1
1972,30675.0,1,0,14,2.3978952727983707,1.0986122886681098,2.833213344056216,2.4849066497880004,1.0986122886681098,3.091042453358316,0.6931471805599453,0.6931471805599453,0.0,3,8,0.0,0.0,0.0,0.0,0.0,0.0,0.0,54,14,1,3,62,5,0.0,2.5952547069568657,9,0.2,13,0.0,1,0.0,0.0,0.0,0.0,1,0.0,0.0,0.0,0.0,1,0.0,0.0,0.6931471805599453,0.0,0.0,0
1965,83003.0,0,0,18,6.75343791859778,4.127134385045092,6.3473892096560105,3.713572066704308,3.258096538021482,4.812184355372417,0.6931471805599453,2.0794415416798357,1.9459101490553132,8,3,0.0,0.0,0.6931471805599453,0.0,0.0,0.0,0.6931471805599453,61,13,0,2,1674,22,1.0986122886681098,4.344985362993532,10,0.045454545454545456,25,0.0,1,0.0,0.0,0.0,0.0,0,0.0,0.6931471805599453,0.0,0.0,1,0.0,0.0,0.0,0.0,0.0,1
1899,83532.0,0,0,36,6.628041376179533,4.976733742420574,6.333279628139691,4.653960350157523,4.174387269895637,5.41610040220442,0.6931471805599453,1.6094379124341003,1.9459101490553132,4,1,0.0,0.0,0.6931471805599453,0.0,0.0,0.0,0.0,127,13,0,2,1853,15,0.6931471805599453,4.824573417686578,5,0.06666666666666667,16,0.0,0,0.0,0.6931471805599453,0.0,0.0,0,0.0,0.6931471805599453,0.0,0.0,0,0.0,0.0,0.0,0.0,0.0,1
1988,68655.0,0,0,95,6.124683390894205,2.995732273553991,6.725033642166843,4.330733340286331,4.77912349311153,3.6635616461296463,0.6931471805599453,1.6094379124341003,1.791759469228055,11,3,0.0,0.0,0.0,0.0,0.0,0.0,0.0,38,14,0,1,1538,21,0.0,4.307277431334353,7,0.047619047619047616,24,0.0,1,0.0,0.0,0.0,0.0,0,0.6931471805599453,0.0,0.0,0.0,1,0.0,0.0,0.0,0.6931471805599453,0.0,0
1986,41411.0,0,0,11,3.6375861597263857,3.4965075614664802,3.6635616461296463,2.4849066497880004,1.3862943611198906,2.9444389791664403,0.6931471805599453,1.0986122886681098,0.6931471805599453,4,6,0.0,0.0,0.0,0.0,0.0,0.0,0.0,40,13,0,1,139,8,0.0,2.9109910450989003,8,0.125,14,0.0,1,0.0,0.0,0.0,0.6931471805599453,0,0.0,0.0,0.0,0.0,1,0.0,0.0,0.0,0.6931471805599453,0.0,0
1969,55212.0,0,1,65,7.00669522683704,0.0,3.828641396489095,0.0,0.0,3.5553480614894135,1.3862943611198906,1.6094379124341003,1.0986122886681098,11,8,0.0,0.6931471805599453,0.0,0.0,0.6931471805599453,0.0,0.0,57,14,1,3,1182,20,1.0986122886681098,4.096009841541162,12,0.15,28,0.0,0,0.0,0.6931471805599453,0.0,0.0,1,0.0,0.0,0.0,0.0,1,0.0,0.0,0.0,0.0,0.0,1
1950,59292.0,0,1,71,5.937536205082426,2.70805020110221,4.23410650459726,2.995732273553991,2.70805020110221,2.70805020110221,1.0986122886681098,1.3862943611198906,1.791759469228055,8,3,0.0,0.0,0.0,0.0,0.0,0.0,0.0,76,13,1,3,507,18,0.0,3.373026504695459,6,0.1111111111111111,21,0.0,0,0.0,0.6931471805599453,0.0,0.0,0,0.0,0.6931471805599453,0.0,0.0,1,0.0,0.0,0.0,0.0,0.0,1
1973,27190.0,1,0,13,0.6931471805599453,1.9459101490553132,2.0794415416798357,0.0,0.6931471805599453,1.3862943611198906,0.6931471805599453,0.6931471805599453,0.0,2,8,0.6931471805599453,0.0,0.0,0.0,0.0,0.0,0.6931471805599453,53,13,1,3,18,4,1.0986122886681098,1.7047480922384253,9,0.25,12,0.6931471805599453,0,0.0,0.0,0.0,0.0,0,0.0,0.6931471805599453,0.0,0.0,1,0.0,0.0,0.0,0.6931471805599453,0.0,0
1952,82623.0,0,0,58,5.3230099791384085,3.5553480614894135,5.3230099791384085,5.153291594497779,5.0369526024136295,5.159055299214529,0.6931471805599453,1.0986122886681098,2.302585092994046,4,1,0.0,0.0,0.0,0.0,0.0,0.0,0.0,74,13,0,1,940,16,0.0,4.09016919081162,3,0.0625,17,0.0,1,0.0,0.0,0.0,0.6931471805599453,0,0.0,0.0,0.0,0.0,0,0.0,0.0,0.0,0.0,0.0,1
1965,44300.0,1,1,65,3.4339872044851463,0.0,2.302585092994046,0.0,0.0,1.3862943611198906,1.0986122886681098,0.6931471805599453,0.0,3,6,0.0,0.0,0.0,0.0,0.0,0.0,0.0,61,13,2,4,42,6,0.0,2.0794415416798357,7,0.3333333333333333,12,0.0,1,0.0,0.0,0.0,0.0,1,0.0,0.0,0.0,0.0,1,0.0,0.0,0.0,0.0,0.0,1
1970,84835.0,0,0,0,5.247024072160486,4.653960350157523,5.940171252720432,4.718498871295094,5.247024072160486,5.389071729816501,0.6931471805599453,1.6094379124341003,1.6094379124341003,6,1,0.0,0.0,0.0,0.0,0.0,0.0,0.6931471805599453,56,12,0,1,1190,15,0.6931471805599453,4.386184644822546,5,0.06666666666666667,16,0.0,1,0.0,0.0,0.0,0.6931471805599453,0,0.0,0.0,0.0,0.0,1,0.0,0.0,0.0,0.6931471805599453,0.0,0
1971,30372.0,1,1,33,2.772588722239781,0.0,2.5649493574615367,2.0794415416798357,1.3862943611198906,2.0794415416798357,1.3862943611198906,1.0986122886681098,0.0,3,7,0.0,0.0,0.0,0.0,0.0,0.0,0.0,55,14,2,3,44,8,0.0,1.8718021769015913,9,0.375,15,0.0,1,0.0,0.0,0.0,0.0,0,0.0,0.0,0.6931471805599453,0.0,1,0.0,0.0,0.0,0.0,0.0,1
1976,33181.0,1,0,90,2.302585092994046,0.0,1.3862943611198906,0.0,0.0,1.6094379124341003,0.6931471805599453,0.6931471805599453,0.0,2,6,0.6931471805599453,0.0,0.0,0.0,0.0,0.0,0.0,50,12,1,3,16,4,0.6931471805599453,1.6094379124341003,7,0.25,10,0.0,0,0.6931471805599453,0.0,0.0,0.0,1,0.0,0.0,0.0,0.0,1,0.0,0.0,0.0,0.0,0.0,1
1957,71113.0,0,1,95,6.206575926724928,3.5263605246161616,5.545177444479562,2.4849066497880004,3.5263605246161616,2.1972245773362196,1.6094379124341003,1.9459101490553132,2.0794415416798357,9,4,0.0,0.0,0.0,0.0,0.0,0.0,0.0,69,13,1,3,835,26,0.0,3.499997966406249,10,0.15384615384615385,30,0.0,1,0.0,0.0,0.0,0.0,1,0.0,0.0,0.0,0.0,1,0.0,0.0,0.0,0.0,0.0,1
1986,71952.0,1,0,93,6.48768401848461,4.394449154672439,6.1224928095143865,3.970291913552122,4.68213122712422,4.543294782270004,1.0986122886681098,2.1972245773362196,1.6094379124341003,8,4,0.6931471805599453,0.0,0.6931471805599453,0.0,0.0,0.0,0.0,40,13,1,3,1443,22,1.0986122886681098,4.198568068092852,12,0.09090909090909091,26,0.0,1,0.0,0.0,0.0,0.0,1,0.0,0.0,0.0,0.0,0,0.6931471805599453,0.0,0.0,0.0,0.0,1
1966,69759.0,0,0,38,6.115892125483034,3.044522437723423,6.244166900663736,2.6390573296152584,3.4339872044851463,0.0,1.3862943611198906,1.6094379124341003,1.9459101490553132,5,3,0.0,0.0,0.0,0.0,0.0,0.0,0.6931471805599453,60,13,0,1,1029,18,0.6931471805599453,4.0633124529743725,7,0.16666666666666666,21,0.0,0,0.0,0.6931471805599453,0.0,0.0,0,0.6931471805599453,0.0,0.0,0.0,0,0.0,0.0,0.0,0.6931471805599453,0.0,0
1974,72099.0,0,0,18,6.304448802421981,4.5217885770490405,6.018593214496234,4.787491742782046,0.0,3.1354942159291497,0.6931471805599453,1.3862943611198906,1.6094379124341003,10,1,0.0,0.0,0.0,0.0,0.0,0.0,0.0,52,14,0,2,1188,18,0.0,4.204692619390966,4,0.05555555555555555,19,0.0,1,0.0,0.0,0.0,0.0,1,0.0,0.0,0.0,0.0,1,0.0,0.0,0.0,0.0,0.0,1
1976,60000.0,0,1,57,6.955592608396297,0.0,5.384495062789089,0.0,0.0,2.5649493574615367,1.791759469228055,2.4849066497880004,1.3862943611198906,5,6,0.0,0.0,0.0,0.0,0.0,0.0,0.0,50,14,1,2,1277,24,0.0,3.9928346481645596,17,0.20833333333333334,30,0.0,0,0.0,0.6931471805599453,0.0,0.0,0,0.6931471805599453,0.0,0.0,0.0,0,0.6931471805599453,0.0,0.0,0.0,0.0,1
1978,38643.0,1,1,45,3.1354942159291497,1.0986122886681098,2.70805020110221,0.0,0.6931471805599453,2.3978952727983707,1.0986122886681098,1.0986122886681098,0.0,3,7,0.0,0.0,0.0,0.0,0.0,0.6931471805599453,0.0,48,13,2,3,49,7,0.0,2.0794415416798357,9,0.2857142857142857,14,0.0,1,0.0,0.0,0.0,0.0,0,0.6931471805599453,0.0,0.0,0.0,1,0.0,0.0,0.0,0.0,0.0,1
1955,50737.0,0,1,61,4.3694478524670215,0.0,2.4849066497880004,0.0,0.0,2.3978952727983707,0.6931471805599453,1.0986122886681098,0.0,4,6,0.0,0.6931471805599453,0.0,0.0,0.0,0.0,0.0,71,13,1,3,99,7,0.6931471805599453,2.717528945056754,8,0.14285714285714285,13,0.0,1,0.0,0.0,0.0,0.0,1,0.0,0.0,0.0,0.0,1,0.0,0.0,0.0,0.0,0.0,1
1969,68462.0,0,0,6,6.331501849893691,4.174387269895637,6.666956792429207,4.442651256490317,4.859812404361672,3.8918202981106265,0.6931471805599453,1.3862943611198906,1.3862943611198906,8,1,0.0,0.0,0.0,0.0,0.0,0.0,0.0,57,14,0,2,1670,15,0.0,4.721470641684252,4,0.06666666666666667,16,0.0,0,0.0,0.6931471805599453,0.0,0.0,1,0.0,0.0,0.0,0.0,1,0.0,0.0,0.0,0.6931471805599453,0.0,0
1943,65073.0,0,0,65,6.4457198193855785,2.8903717578961645,5.181783550292085,4.248495242049359,0.0,2.1972245773362196,0.6931471805599453,1.791759469228055,1.3862943611198906,5,2,0.0,0.0,0.0,0.0,0.0,0.6931471805599453,0.0,83,13,0,2,900,14,0.0,4.178773241838892,7,0.07142857142857142,16,0.0,0,0.6931471805599453,0.0,0.0,0.0,1,0.0,0.0,0.0,0.0,0,0.6931471805599453,0.0,0.0,0.0,0.0,1
1948,46681.0,0,2,52,5.598421958998375,2.772588722239781,4.248495242049359,2.772588722239781,2.995732273553991,3.6635616461296463,1.0986122886681098,1.6094379124341003,1.9459101490553132,4,5,0.0,0.0,0.0,0.0,0.0,0.0,0.0,78,13,2,4,425,16,0.0,3.316456153207065,9,0.125,21,0.0,0,0.0,0.6931471805599453,0.0,0.0,0,0.0,0.6931471805599453,0.0,0.0,0,0.0,0.0,0.0,0.0,0.0,1
1957,78618.0,0,0,87,6.602587892189336,5.099866427824199,6.70808408385307,5.3612921657094255,5.099866427824199,4.127134385045092,0.6931471805599453,1.6094379124341003,2.0794415416798357,10,2,0.0,0.6931471805599453,0.0,0.0,0.0,0.0,0.0,69,14,0,2,2153,22,0.6931471805599453,4.593741490164469,6,0.045454545454545456,24,0.0,1,0.0,0.0,0.0,0.0,1,0.0,0.0,0.0,0.0,1,0.0,0.0,0.0,0.6931471805599453,0.0,0
1969,62187.0,0,1,38,6.240275845170769,0.0,4.430816798843313,0.0,0.0,3.7376696182833684,1.3862943611198906,1.9459101490553132,1.0986122886681098,10,4,0.0,0.0,0.0,0.0,0.0,0.0,0.0,57,12,1,2,636,21,0.0,3.4431615807611875,10,0.14285714285714285,25,0.0,0,0.0,0.6931471805599453,0.0,0.0,0,0.0,0.0,0.6931471805599453,0.0,1,0.0,0.0,0.0,0.0,0.0,1
1978,28442.0,2,0,53,2.995732273553991,1.3862943611198906,2.3978952727983707,2.4849066497880004,2.1972245773362196,1.9459101490553132,1.3862943611198906,1.0986122886681098,0.6931471805599453,4,4,0.0,0.0,0.0,0.0,0.0,0.0,0.0,48,12,2,4,57,10,0.0,1.9021075263969205,6,0.3,14,0.0,1,0.0,0.0,0.0,0.0,1,0.0,0.0,0.0,0.0,1,0.0,0.0,0.0,0.0,0.0,1
1978,37717.0,1,0,31,2.302585092994046,0.0,1.9459101490553132,1.6094379124341003,0.6931471805599453,1.791759469228055,0.6931471805599453,0.6931471805599453,0.0,2,9,0.0,0.0,0.0,0.0,0.0,0.0,0.0,48,14,1,3,25,4,0.0,1.9810014688665833,10,0.25,13,0.0,0,0.0,0.6931471805599453,0.0,0.0,1,0.0,0.0,0.0,0.0,1,0.0,0.0,0.0,0.0,0.0,1
1967,51479.0,1,1,67,5.5134287461649825,2.1972245773362196,5.081404364984463,1.9459101490553132,2.1972245773362196,4.189654742026425,2.0794415416798357,1.9459101490553132,1.3862943611198906,6,7,0.0,0.0,0.0,0.0,0.0,0.0,0.0,59,14,2,4,494,22,0.0,3.1550643121232467,13,0.3181818181818182,29,0.0,1,0.0,0.0,0.0,0.0,1,0.0,0.0,0.0,0.0,0,0.6931471805599453,0.0,0.0,0.0,0.0,1
1969,54803.0,0,1,65,6.003887067106539,0.0,4.532599493153256,3.367295829986474,3.332204510175204,4.962844630259907,1.0986122886681098,1.9459101490553132,1.0986122886681098,9,4,0.0,0.0,0.0,0.0,0.0,0.0,0.0,57,14,1,2,693,19,0.0,3.623638932245535,10,0.10526315789473684,23,0.0,1,0.0,0.0,0.0,0.0,0,0.6931471805599453,0.0,0.0,0.0,1,0.0,0.0,0.0,0.0,0.0,1
1960,79530.0,0,0,64,5.811140992976701,0.0,6.704414354964107,4.867534450455582,3.7612001156935624,3.4011973816621555,0.6931471805599453,1.6094379124341003,2.3978952727983707,11,2,0.0,0.0,0.0,0.0,0.0,0.0,0.0,66,13,0,2,1348,26,0.0,3.9673849347608128,6,0.038461538461538464,28,0.0,1,0.0,0.0,0.0,0.0,1,0.0,0.0,0.0,0.0,1,0.0,0.0,0.0,0.6931471805599453,0.0,0
1976,31615.0,1,0,82,1.0986122886681098,1.3862943611198906,3.044522437723423,1.9459101490553132,2.4849066497880004,2.302585092994046,1.0986122886681098,1.0986122886681098,0.0,3,7,0.0,0.0,0.0,0.0,0.0,0.0,0.0,50,13,1,2,51,7,0.0,2.114532861491106,9,0.2857142857142857,14,0.0,1,0.0,0.0,0.0,0.6931471805599453,0,0.0,0.0,0.0,0.0,1,0.0,0.0,0.0,0.6931471805599453,0.0,0
1962,72025.0,0,0,27,6.726233402358747,3.5263605246161616,6.309918278226516,5.0238805208462765,4.897839799950911,5.455321115357702,0.6931471805599453,1.6094379124341003,1.3862943611198906,8,3,0.0,0.0,0.0,0.0,0.0,0.0,0.0,64,14,0,2,1932,16,0.0,4.801969761962699,7,0.0625,19,0.0,1,0.0,0.0,0.0,0.0,0,0.0,0.6931471805599453,0.0,0.0,1,0.0,0.0,0.0,0.0,0.0,1
1975,52614.0,0,1,63,6.672032945461067,0.0,4.962844630259907,2.5649493574615367,2.302585092994046,3.6635616461296463,1.0986122886681098,1.0986122886681098,1.6094379124341003,8,8,0.0,0.0,0.0,0.0,0.0,0.0,0.0,51,14,1,2,990,16,0.0,4.141148628419903,10,0.125,24,0.0,0,0.0,0.6931471805599453,0.0,0.0,0,0.6931471805599453,0.0,0.0,0.0,1,0.0,0.0,0.0,0.0,0.0,1
1984,35684.0,1,0,66,2.3978952727983707,1.6094379124341003,2.0794415416798357,0.0,1.9459101490553132,1.3862943611198906,0.6931471805599453,0.6931471805599453,0.0,3,6,0.0,0.0,0.0,0.0,0.0,0.0,0.0,42,12,1,3,30,5,0.0,1.9459101490553132,7,0.2,11,0.0,0,0.0,0.0,0.0,0.0,1,0.0,0.0,0.0,0.0,1,0.0,0.0,0.0,0.0,0.0,1
1975,48178.0,1,1,69,5.075173815233827,1.6094379124341003,3.828641396489095,1.9459101490553132,1.0986122886681098,3.6635616461296463,1.9459101490553132,1.791759469228055,0.6931471805599453,4,8,0.0,0.0,0.0,0.0,0.0,0.0,0.0,51,14,2,4,254,16,0.0,2.8258332367585934,13,0.375,24,0.0,1,0.0,0.0,0.0,0.0,1,0.0,0.0,0.0,0.0,0,0.6931471805599453,0.0,0.0,0.0,0.0,1
1970,29548.0,1,0,52,2.0794415416798357,0.6931471805599453,1.9459101490553132,1.3862943611198906,0.6931471805599453,2.4849066497880004,0.6931471805599453,0.6931471805599453,0.6931471805599453,2,4,0.6931471805599453,0.0,0.0,0.0,0.0,0.0,0.0,56,13,1,2,29,5,0.6931471805599453,1.916922612182061,5,0.2,9,0.0,0,0.6931471805599453,0.0,0.0,0.0,0,0.6931471805599453,0.0,0.0,0.0,1,0.0,0.0,0.6931471805599453,0.0,0.0,0
1966,63810.0,0,1,45,6.885509670034818,2.5649493574615367,5.537334267018537,2.833213344056216,2.5649493574615367,4.624972813284271,1.6094379124341003,1.6094379124341003,1.3862943611198906,12,8,0.0,0.6931471805599453,0.0,0.0,0.0,0.0,0.0,60,14,1,2,1371,23,0.6931471805599453,4.10443837539132,12,0.17391304347826086,31,0.0,1,0.0,0.0,0.0,0.0,0,0.6931471805599453,0.0,0.0,0.0,1,0.0,0.0,0.0,0.0,0.0,1
1972,38578.0,1,1,2,3.6635616461296463,1.6094379124341003,3.1354942159291497,1.3862943611198906,1.3862943611198906,1.3862943611198906,1.3862943611198906,1.3862943611198906,0.0,3,8,0.0,0.0,0.0,0.0,0.0,0.0,0.6931471805599453,54,13,2,3,73,9,0.6931471805599453,2.209494669928034,11,0.3333333333333333,17,0.0,0,0.0,0.6931471805599453,0.0,0.0,0,0.6931471805599453,0.0,0.0,0.0,0,0.6931471805599453,0.0,0.0,0.0,0.0,1
1975,46098.0,1,1,86,4.060443010546419,0.0,3.332204510175204,0.0,0.0,3.6109179126442243,1.6094379124341003,1.3862943611198906,1.0986122886681098,2,8,0.0,0.0,0.0,0.0,0.0,0.0,0.0,51,14,2,3,120,11,0.0,2.477302050402781,11,0.36363636363636365,19,0.0,0,0.6931471805599453,0.0,0.0,0.0,0,0.6931471805599453,0.0,0.0,0.0,0,0.6931471805599453,0.0,0.0,0.0,0.0,1
1970,22585.0,0,0,23,1.3862943611198906,2.302585092994046,2.772588722239781,2.6390573296152584,1.0986122886681098,3.6888794541139363,0.6931471805599453,0.6931471805599453,0.6931471805599453,2,9,0.6931471805599453,0.0,0.0,0.0,0.0,0.0,0.6931471805599453,56,13,0,1,81,5,1.0986122886681098,2.8449093838194073,10,0.2,14,0.0,1,0.0,0.0,0.0,0.0,0,0.6931471805599453,0.0,0.0,0.0,1,0.0,0.0,0.6931471805599453,0.0,0.0,0
1989,30279.0,1,0,13,2.3978952727983707,1.6094379124341003,2.70805020110221,1.6094379124341003,1.6094379124341003,0.6931471805599453,0.6931471805599453,0.6931471805599453,0.0,3,8,0.0,0.0,0.0,0.0,0.0,0.0,0.0,37,14,1,2,37,5,0.0,2.128231705849268,9,0.2,13,0.0,1,0.0,0.0,0.0,0.0,0,0.6931471805599453,0.0,0.0,0.0,1,0.0,0.0,0.0,0.6931471805599453,0.0,0
1961,66426.0,0,1,14,6.950814768442584,3.2188758248682006,4.584967478670572,3.4965075614664802,3.2188758248682006,5.062595033026967,1.0986122886681098,1.3862943611198906,1.791759469228055,10,6,0.0,0.0,0.0,0.0,0.0,0.0,0.0,65,13,1,3,1377,20,0.0,4.246350085702971,9,0.1,26,0.0,0,0.0,0.6931471805599453,0.0,0.0,0,0.0,0.6931471805599453,0.0,0.0,1,0.0,0.0,0.0,0.0,0.0,1
1969,30822.0,1,0,92,1.3862943611198906,2.302585092994046,2.6390573296152584,1.0986122886681098,2.5649493574615367,2.5649493574615367,0.6931471805599453,0.6931471805599453,0.0,3,7,0.0,0.0,0.0,0.0,0.0,0.0,0.0,57,13,1,2,51,5,0.0,2.4159137783010487,8,0.2,12,0.0,1,0.0,0.0,0.0,0.0,0,0.6931471805599453,0.0,0.0,0.0,1,0.0,0.0,0.0,0.6931471805599453,0.0,0
1969,33581.0,2,0,38,2.4849066497880004,0.0,1.791759469228055,0.0,0.0,0.6931471805599453,0.6931471805599453,0.6931471805599453,0.0,2,8,0.0,0.0,0.0,0.0,0.0,0.0,0.0,57,13,2,4,17,4,0.0,1.6582280766035324,9,0.25,12,0.0,0,0.0,0.6931471805599453,0.0,0.0,1,0.0,0.0,0.0,0.0,1,0.0,0.0,0.0,0.0,0.0,1
1985,19986.0,1,0,74,1.3862943611198906,1.9459101490553132,1.791759469228055,0.0,1.0986122886681098,1.9459101490553132,0.6931471805599453,0.0,0.0,3,7,0.0,0.0,0.0,0.0,0.0,0.0,0.0,41,13,1,3,22,4,0.0,1.8718021769015913,7,0.25,11,0.0,1,0.0,0.0,0.0,0.0,1,0.0,0.0,0.0,0.0,1,0.0,0.6931471805599453,0.0,0.0,0.0,0
1954,27421.0,0,0,14,3.784189633918261,2.5649493574615367,4.574710978503383,4.3694478524670215,3.713572066704308,4.02535169073515,1.3862943611198906,1.6094379124341003,0.6931471805599453,6,7,0.0,0.0,0.0,0.0,0.0,0.0,0.0,72,14,0,1,324,14,0.0,3.18398856586776,11,0.21428571428571427,21,0.0,1,0.0,0.0,0.0,0.0,0,0.0,0.0,0.6931471805599453,0.0,1,0.0,0.0,0.0,0.6931471805599453,0.0,0
1973,35688.0,2,1,94,4.30406509320417,1.3862943611198906,4.51085950651685,2.5649493574615367,0.6931471805599453,3.4965075614664802,2.0794415416798357,1.6094379124341003,0.6931471805599453,4,8,0.0,0.0,0.0,0.0,0.0,0.0,0.0,53,14,3,5,211,16,0.0,2.6523612952416213,12,0.4375,24,0.0,0,0.0,0.0,0.0,0.0,1,0.0,0.0,0.0,0.0,0,0.6931471805599453,0.0,0.0,0.6931471805599453,0.0,0
1981,36143.0,1,0,33,2.5649493574615367,0.0,0.6931471805599453,0.0,0.0,1.9459101490553132,0.6931471805599453,0.0,0.6931471805599453,2,3,0.0,0.0,0.0,0.0,0.0,0.0,0.0,45,12,1,2,19,4,0.0,1.749199854809259,3,0.25,7,0.0,0,0.6931471805599453,0.0,0.0,0.0,0,0.6931471805599453,0.0,0.0,0.0,1,0.0,0.0,0.0,0.0,0.0,1
1971,10245.0,1,0,32,1.6094379124341003,2.0794415416798357,2.0794415416798357,1.9459101490553132,1.6094379124341003,2.6390573296152584,1.3862943611198906,0.6931471805599453,1.0986122886681098,2,5,0.0,0.0,0.0,0.0,0.0,0.0,0.0,55,13,1,2,41,8,0.0,1.8123787564307907,6,0.375,13,0.0,1,0.0,0.0,0.0,0.0,0,0.6931471805599453,0.0,0.0,0.0,0,0.0,0.0,0.6931471805599453,0.0,0.0,0
1968,43795.0,0,1,11,5.752572638825633,2.4849066497880004,3.9889840465642745,1.6094379124341003,1.3862943611198906,4.68213122712422,1.3862943611198906,2.0794415416798357,1.3862943611198906,4,7,0.0,0.6931471805599453,0.0,0.0,0.0,0.0,0.6931471805599453,58,13,1,3,492,17,1.0986122886681098,3.3992346724943068,14,0.17647058823529413,24,0.0,0,0.6931471805599453,0.0,0.0,0.0,0,0.0,0.6931471805599453,0.0,0.0,0,0.6931471805599453,0.0,0.0,0.0,0.0,1
1960,63381.0,0,1,78,6.349138991379798,3.9318256327243257,4.962844630259907,3.5263605246161616,3.9318256327243257,5.075173815233827,1.6094379124341003,1.6094379124341003,1.791759469228055,13,2,0.0,0.0,0.0,0.0,0.0,0.0,0.0,66,14,1,3,1005,26,0.0,3.680187945995478,6,0.15384615384615385,28,0.0,1,0.0,0.0,0.0,0.0,0,0.0,0.6931471805599453,0.0,0.0,1,0.0,0.0,0.0,0.0,0.0,1
1949,38823.0,0,1,56,4.2626798770413155,0.0,2.4849066497880004,1.0986122886681098,2.1972245773362196,3.1780538303479458,0.6931471805599453,1.0986122886681098,0.6931471805599453,3,6,0.0,0.0,0.0,0.0,0.0,0.0,0.0,77,14,1,3,114,7,0.0,2.849880396541428,8,0.14285714285714285,13,0.0,1,0.0,0.0,0.0,0.0,0,0.0,0.6931471805599453,0.0,0.0,1,0.0,0.0,0.0,0.0,0.0,1
1968,83664.0,1,1,57,6.7650389767805414,3.091042453358316,5.0238805208462765,3.367295829986474,3.091042453358316,4.465908118654584,1.3862943611198906,1.0986122886681098,1.0986122886681098,12,5,0.0,0.0,0.0,0.0,0.0,0.0,0.0,58,13,2,3,1173,19,0.0,4.138948868458854,7,0.15789473684210525,24,0.0,0,0.0,0.6931471805599453,0.0,0.6931471805599453,0,0.0,0.0,0.0,0.0,1,0.0,0.0,0.0,0.0,0.0,1
1979,90300.0,0,0,7,6.38856140554563,4.90527477843843,6.668228248417403,3.5263605246161616,4.90527477843843,4.060443010546419,0.0,1.791759469228055,1.9459101490553132,8,1,0.0,0.0,0.6931471805599453,0.0,0.0,0.0,0.0,47,12,0,2,1738,19,0.6931471805599453,4.526924109020657,6,0.0,20,0.0,1,0.0,0.0,0.0,0.0,0,0.0,0.6931471805599453,0.0,0.0,1,0.0,0.0,0.0,0.6931471805599453,0.0,0
1979,62499.0,1,0,0,4.948759890378168,1.6094379124341003,4.127134385045092,0.0,2.6390573296152584,1.6094379124341003,1.0986122886681098,1.3862943611198906,0.6931471805599453,6,4,0.0,0.0,0.0,0.0,0.0,0.0,0.0,47,13,1,3,222,12,0.0,2.970414465569701,7,0.16666666666666666,16,0.0,0,0.6931471805599453,0.0,0.0,0.0,0,0.0,0.6931471805599453,0.0,0.0,1,0.0,0.0,0.0,0.0,0.0,1
1993,74293.0,0,0,66,5.929589143389895,5.030437921392435,5.817111159963204,4.543294782270004,4.5217885770490405,4.406719247264253,0.6931471805599453,1.791759469228055,1.6094379124341003,6,2,0.0,0.0,0.0,0.0,0.0,0.0,0.0,33,12,0,1,1127,16,0.0,4.26882294155503,7,0.0625,18,0.0,1,0.0,0.0,0.0,0.0,0,0.6931471805599453,0.0,0.0,0.0,1,0.0,0.0,0.0,0.0,0.0,1
1946,51012.0,0,0,86,4.634728988229636,2.302585092994046,4.1588830833596715,1.0986122886681098,2.302585092994046,3.2188758248682006,0.6931471805599453,1.6094379124341003,0.6931471805599453,4,6,0.0,0.0,0.0,0.0,0.0,0.0,0.0,80,13,0,2,209,10,0.0,3.086486636822455,10,0.1,16,0.0,0,0.0,0.6931471805599453,0.0,0.0,1,0.0,0.0,0.0,0.0,0,0.6931471805599453,0.0,0.0,0.0,0.0,1
1968,70777.0,0,1,80,6.318968113746434,3.58351893845611,4.736198448394496,0.0,2.0794415416798357,4.3694478524670215,1.3862943611198906,1.791759469228055,1.3862943611198906,12,3,0.0,0.0,0.0,0.0,0.0,0.0,0.0,58,12,1,3,787,23,0.0,3.561540031737335,8,0.13043478260869565,26,0.0,0,0.6931471805599453,0.0,0.0,0.0,1,0.0,0.0,0.0,0.0,1,0.0,0.0,0.0,0.0,0.0,1
1991,68682.0,0,0,56,6.824373670043086,0.0,6.226536669287466,4.605170185988092,3.4339872044851463,3.828641396489095,0.6931471805599453,1.6094379124341003,2.302585092994046,10,2,0.0,0.0,0.0,0.0,0.0,0.0,0.0,35,13,0,2,1598,24,0.0,4.213361404327412,6,0.041666666666666664,26,0.0,0,0.0,0.6931471805599453,0.0,0.0,0,0.0,0.6931471805599453,0.0,0.0,1,0.0,0.0,0.0,0.0,0.0,1
1971,43824.0,1,1,18,4.574710978503383,0.6931471805599453,3.7612001156935624,2.5649493574615367,1.3862943611198906,3.4965075614664802,1.6094379124341003,1.3862943611198906,0.6931471805599453,4,8,0.0,0.0,0.0,0.0,0.0,0.0,0.0,55,14,2,4,186,12,0.0,2.803360380906535,11,0.3333333333333333,20,0.0,1,0.0,0.0,0.0,0.0,1,0.0,0.0,0.0,0.0,1,0.0,0.0,0.0,0.0,0.0,1
1984,15345.0,1,0,51,1.791759469228055,1.0986122886681098,2.833213344056216,1.3862943611198906,1.0986122886681098,2.995732273553991,1.0986122886681098,0.6931471805599453,0.6931471805599453,2,8,0.0,0.0,0.0,0.0,0.0,0.0,0.6931471805599453,42,14,1,3,47,6,0.6931471805599453,2.1785324443240666,9,0.3333333333333333,14,0.0,1,0.0,0.0,0.0,0.0,0,0.0,0.6931471805599453,0.0,0.0,1,0.0,0.0,0.6931471805599453,0.0,0.0,0
1987,23442.0,1,0,71,1.0986122886681098,0.0,1.9459101490553132,2.1972245773362196,1.9459101490553132,1.791759469228055,0.6931471805599453,0.6931471805599453,0.0,3,7,0.0,0.0,0.0,0.0,0.0,0.0,0.0,39,14,1,2,27,5,0.0,1.8562979903656263,8,0.2,12,0.0,1,0.0,0.0,0.0,0.0,0,0.6931471805599453,0.0,0.0,0.0,1,0.0,0.0,0.0,0.0,0.0,0
1980,14515.0,1,0,71,1.9459101490553132,1.6094379124341003,2.302585092994046,1.9459101490553132,3.6109179126442243,3.58351893845611,1.6094379124341003,1.0986122886681098,1.0986122886681098,3,7,0.0,0.0,0.0,0.0,0.0,0.0,0.6931471805599453,46,14,1,3,96,11,0.6931471805599453,2.2749335616635356,9,0.36363636363636365,18,0.0,0,0.0,0.0,0.0,0.0,0,0.0,0.6931471805599453,0.0,0.0,1,0.0,0.0,0.0,0.0,0.6931471805599453,0
1956,31395.0,1,1,80,3.1780538303479458,0.6931471805599453,3.258096538021482,0.0,2.1972245773362196,2.0794415416798357,1.6094379124341003,1.0986122886681098,0.6931471805599453,3,6,0.0,0.0,0.0,0.0,0.0,0.0,0.0,70,13,2,3,64,10,0.0,2.0014800002101243,8,0.4,16,0.0,0,0.0,0.0,0.0,0.6931471805599453,0,0.0,0.0,0.0,0.0,1,0.0,0.0,0.0,0.6931471805599453,0.0,0
1965,75276.0,0,0,2,6.415096959171596,4.663439094112067,4.836281906951478,4.927253685157205,3.7612001156935624,3.091042453358316,0.6931471805599453,2.302585092994046,1.6094379124341003,9,5,0.0,0.0,0.0,0.0,0.0,0.0,0.0,61,14,0,2,1040,23,0.0,3.833356162412798,14,0.043478260869565216,28,0.0,1,0.0,0.0,0.0,0.0,0,0.0,0.6931471805599453,0.0,0.0,0,0.6931471805599453,0.0,0.0,0.0,0.0,1
1974,42373.0,1,1,83,4.219507705176107,1.791759469228055,4.127134385045092,1.3862943611198906,2.1972245773362196,2.995732273553991,1.791759469228055,1.0986122886681098,0.6931471805599453,5,5,0.0,0.0,0.0,0.0,0.0,0.0,0.0,52,13,2,3,163,13,0.0,2.605534637576615,7,0.38461538461538464,18,0.0,1,0.0,0.0,0.0,0.0,0,0.6931471805599453,0.0,0.0,0.0,1,0.0,0.0,0.0,0.0,0.0,1
1960,30507.0,0,0,29,4.189654742026425,3.6109179126442243,4.31748811353631,3.6635616461296463,3.044522437723423,4.709530201312334,0.6931471805599453,1.791759469228055,0.6931471805599453,4,7,0.0,0.0,0.0,0.0,0.0,0.0,0.0,66,13,0,2,343,11,0.0,3.471401640335404,12,0.09090909090909091,18,0.0,1,0.0,0.0,0.0,0.0,0,0.0,0.6931471805599453,0.0,0.0,0,0.6931471805599453,0.0,0.6931471805599453,0.0,0.0,0
1955,55521.0,1,2,11,6.0330862217988015,0.0,3.295836866004329,0.0,0.0,1.6094379124341003,2.302585092994046,1.9459101490553132,1.3862943611198906,6,7,0.0,0.6931471805599453,0.0,0.0,0.0,0.0,0.6931471805599453,71,13,3,4,446,24,1.0986122886681098,2.9746788643561586,13,0.375,31,0.0,0,0.0,0.6931471805599453,0.0,0.0,0,0.6931471805599453,0.0,0.0,0.0,0,0.6931471805599453,0.0,0.0,0.0,0.0,1
1965,48006.0,1,1,55,3.1780538303479458,0.0,2.4849066497880004,1.3862943611198906,1.0986122886681098,1.0986122886681098,0.6931471805599453,0.6931471805599453,0.0,3,6,0.0,0.0,0.0,0.0,0.0,0.0,0.0,61,12,2,4,41,5,0.0,2.2192034840549946,7,0.2,11,0.0,1,0.0,0.0,0.0,0.0,1,0.0,0.0,0.0,0.0,1,0.0,0.0,0.0,0.0,0.0,1
1972,27213.0,1,0,19,2.995732273553991,1.3862943611198906,3.295836866004329,2.3978952727983707,2.302585092994046,1.3862943611198906,1.3862943611198906,1.0986122886681098,0.0,4,8,0.0,0.0,0.0,0.0,0.0,0.0,0.6931471805599453,54,14,1,2,70,9,0.6931471805599453,2.1722232751308024,10,0.3333333333333333,17,0.0,0,0.0,0.6931471805599453,0.0,0.0,0,0.6931471805599453,0.0,0.0,0.0,1,0.0,0.0,0.0,0.6931471805599453,0.0,0
1971,65808.0,1,1,1,5.049856007249537,2.0794415416798357,4.394449154672439,2.6390573296152584,2.0794415416798357,2.3978952727983707,1.3862943611198906,1.791759469228055,0.6931471805599453,5,6,0.0,0.0,0.0,0.0,0.0,0.0,0.0,55,12,2,3,272,14,0.0,3.016934481204594,11,0.21428571428571427,20,0.0,0,0.0,0.6931471805599453,0.0,0.6931471805599453,0,0.0,0.0,0.0,0.0,0,0.6931471805599453,0.0,0.0,0.0,0.0,1
1974,30351.0,1,0,19,2.70805020110221,0.0,3.2188758248682006,1.3862943611198906,1.3862943611198906,1.0986122886681098,0.6931471805599453,1.3862943611198906,0.0,2,9,0.0,0.0,0.0,0.0,0.0,0.0,0.0,52,13,1,3,46,6,0.0,2.1594842493533726,12,0.16666666666666666,15,0.0,0,0.0,0.6931471805599453,0.0,0.0,0,0.0,0.6931471805599453,0.0,0.0,0,0.6931471805599453,0.0,0.0,0.6931471805599453,0.0,0
1963,50437.0,0,2,28,5.916202062607435,2.302585092994046,4.532599493153256,1.9459101490553132,2.302585092994046,1.6094379124341003,1.3862943611198906,2.0794415416798357,0.6931471805599453,8,7,0.0,0.0,0.0,0.0,0.0,0.0,0.0,63,14,2,4,490,19,0.0,3.2880090373840822,14,0.15789473684210525,26,0.0,1,0.0,0.0,0.0,0.0,1,0.0,0.0,0.0,0.0,1,0.0,0.0,0.0,0.0,0.0,1
1982,23616.0,1,0,76,1.6094379124341003,3.1354942159291497,2.4849066497880004,1.3862943611198906,2.0794415416798357,3.4965075614664802,1.0986122886681098,1.3862943611198906,0.0,3,8,0.0,0.0,0.0,0.0,0.0,0.0,0.6931471805599453,44,14,1,2,79,8,0.6931471805599453,2.386466576974748,11,0.25,16,0.0,0,0.0,0.0,0.0,0.0,0,0.6931471805599453,0.0,0.0,0.0,0,0.6931471805599453,0.0,0.6931471805599453,0.0,0.0,0
1976,53858.0,0,1,50,6.0112671744041615,3.9889840465642745,5.402677381872279,4.07753744390572,5.017279836814924,3.295836866004329,1.6094379124341003,1.6094379124341003,1.3862943611198906,6,4,0.0,0.0,0.0,0.0,0.0,0.0,0.0,50,14,1,3,915,17,0.0,4.004119470629375,8,0.23529411764705882,21,0.0,1,0.0,0.0,0.0,0.0,1,0.0,0.0,0.0,0.0,1,0.0,0.0,0.0,0.0,0.0,1
1955,66465.0,0,1,1,7.0909098220799835,0.0,5.3230099791384085,3.6635616461296463,3.4011973816621555,2.70805020110221,1.3862943611198906,2.4849066497880004,2.302585092994046,12,6,0.0,0.0,0.0,0.6931471805599453,0.0,0.0,0.0,71,13,1,3,1485,35,0.6931471805599453,3.7711175523509084,17,0.08571428571428572,41,0.0,0,0.0,0.6931471805599453,0.0,0.0,1,0.0,0.0,0.0,0.0,1,0.0,0.0,0.0,0.0,0.0,1
1987,46923.0,1,0,90,4.454347296253507,3.8066624897703196,4.007333185232471,4.634728988229636,4.3694478524670215,1.9459101490553132,1.3862943611198906,1.791759469228055,0.6931471805599453,7,7,0.0,0.0,0.0,0.0,0.0,0.0,0.0,39,14,1,2,369,16,0.0,3.180654612048003,12,0.1875,23,0.0,1,0.0,0.0,0.0,0.0,0,0.6931471805599453,0.0,0.0,0.0,1,0.0,0.0,0.0,0.0,0.0,0
1962,75072.0,0,1,83,6.369900982828227,3.5553480614894135,5.736572297479192,0.0,3.1354942159291497,4.836281906951478,1.0986122886681098,1.791759469228055,1.6094379124341003,8,3,0.0,0.0,0.0,0.0,0.0,0.0,0.0,64,13,1,3,1073,19,0.0,4.05132717713841,8,0.10526315789473684,22,0.0,1,0.0,0.0,0.0,0.0,0,0.0,0.6931471805599453,0.0,0.0,1,0.0,0.0,0.0,0.0,0.0,1
1943,75865.0,0,0,73,6.182084906716632,0.0,6.3835066348840055,5.056245805348308,0.0,2.5649493574615367,0.6931471805599453,1.3862943611198906,1.791759469228055,10,1,0.0,0.0,0.0,0.0,0.0,0.0,0.0,83,12,0,2,1242,19,0.0,4.195221356798479,4,0.05263157894736842,20,0.0,0,0.0,0.6931471805599453,0.0,0.0,1,0.0,0.0,0.0,0.0,1,0.0,0.0,0.0,0.6931471805599453,0.0,0
1975,19789.0,1,0,24,1.0986122886681098,1.791759469228055,2.302585092994046,3.367295829986474,1.9459101490553132,3.367295829986474,1.3862943611198906,1.0986122886681098,0.6931471805599453,3,5,0.6931471805599453,0.0,0.0,0.0,0.0,0.0,0.0,51,13,1,3,78,9,0.6931471805599453,2.268683541318364,7,0.3333333333333333,14,0.0,0,0.0,0.0,0.0,0.0,0,0.0,0.6931471805599453,0.0,0.0,1,0.0,0.0,0.0,0.0,0.0,0
1994,80134.0,0,0,11,6.874198495453294,3.295836866004329,5.645446897643238,3.970291913552122,3.295836866004329,3.295836866004329,0.6931471805599453,1.0986122886681098,2.0794415416798357,11,5,0.0,0.6931471805599453,0.6931471805599453,0.6931471805599453,0.6931471805599453,0.0,0.0,32,12,0,2,1378,21,1.6094379124341003,4.198990536942058,7,0.047619047619047616,26,0.0,1,0.0,0.0,0.0,0.0,0,0.0,0.6931471805599453,0.0,0.0,1,0.0,0.0,0.0,0.0,0.0,1
1981,91065.0,0,0,33,6.71295620067707,4.74493212836325,4.6913478822291435,5.19295685089021,4.927253685157205,4.74493212836325,0.6931471805599453,2.0794415416798357,2.302585092994046,9,3,0.0,0.0,0.6931471805599453,0.6931471805599453,0.0,0.0,0.6931471805599453,45,13,0,1,1474,26,1.3862943611198906,4.05512384906882,10,0.038461538461538464,29,0.0,1,0.0,0.0,0.0,0.0,0,0.6931471805599453,0.0,0.0,0.0,0,0.0,0.0,0.0,0.0,0.0,1
1971,49505.0,1,1,4,6.405228458030842,0.0,4.61512051684126,2.995732273553991,0.0,3.367295829986474,2.302585092994046,2.3978952727983707,1.0986122886681098,8,8,0.0,0.0,0.0,0.0,0.0,0.0,0.0,55,13,2,4,751,29,0.0,3.2919980896971635,18,0.3103448275862069,37,0.0,0,0.6931471805599453,0.0,0.0,0.0,1,0.0,0.0,0.0,0.0,0,0.6931471805599453,0.0,0.0,0.0,0.0,1
1973,37401.0,1,0,14,2.995732273553991,1.3862943611198906,2.995732273553991,1.3862943611198906,0.6931471805599453,1.3862943611198906,1.0986122886681098,1.0986122886681098,0.0,3,7,0.0,0.0,0.0,0.0,0.0,0.0,0.0,53,12,1,3,48,7,0.0,2.0614230361771577,9,0.2857142857142857,14,0.0,0,0.0,0.6931471805599453,0.0,0.0,1,0.0,0.0,0.0,0.0,1,0.0,0.0,0.0,0.0,0.0,1
1983,30096.0,1,0,30,1.791759469228055,1.3862943611198906,2.4849066497880004,2.5649493574615367,1.791759469228055,2.302585092994046,0.6931471805599453,1.0986122886681098,0.0,3,6,0.0,0.0,0.0,0.0,0.0,0.0,0.0,43,12,1,3,45,6,0.0,2.1400661634962708,8,0.16666666666666666,12,0.0,1,0.0,0.0,0.0,0.0,1,0.0,0.0,0.0,0.0,1,0.0,0.0,0.0,0.0,0.0,0
1982,18492.0,1,0,75,1.0986122886681098,1.0986122886681098,1.0986122886681098,1.0986122886681098,0.6931471805599453,0.6931471805599453,0.6931471805599453,0.6931471805599453,0.0,2,8,0.0,0.0,0.0,0.0,0.0,0.0,0.0,44,12,1,3,10,4,0.0,1.252762968495368,9,0.25,12,0.0,0,0.6931471805599453,0.0,0.0,0.0,0,0.0,0.6931471805599453,0.0,0.0,1,0.0,0.0,0.0,0.0,0.0,1
1974,82584.0,0,0,26,6.981934677156389,4.23410650459726,4.6443908991413725,3.4011973816621555,4.5217885770490405,4.23410650459726,0.6931471805599453,1.3862943611198906,1.6094379124341003,8,1,0.0,0.6931471805599453,0.6931471805599453,0.0,0.0,0.0,0.6931471805599453,52,13,0,2,1435,16,1.3862943611198906,4.507419530644406,4,0.0625,17,0.0,0,0.6931471805599453,0.0,0.0,0.0,1,0.0,0.0,0.0,0.0,1,0.0,0.0,0.0,0.0,0.0,1
1941,93027.0,0,0,77,7.1592919047975645,3.7612001156935624,6.57507584059962,4.02535169073515,0.0,3.091042453358316,0.0,2.0794415416798357,2.3978952727983707,5,2,0.0,0.0,0.6931471805599453,0.0,0.0,0.0,0.0,85,13,0,2,2119,22,0.6931471805599453,4.577985835231367,9,0.0,24,0.0,0,0.0,0.6931471805599453,0.0,0.0,1,0.0,0.0,0.0,0.0,0,0.0,0.0,0.0,0.0,0.0,1
1953,48686.0,1,2,8,2.3978952727983707,0.0,2.0794415416798357,1.0986122886681098,0.0,0.6931471805599453,0.6931471805599453,0.6931471805599453,0.0,2,8,0.0,0.0,0.0,0.0,0.0,0.0,0.0,73,13,3,5,20,4,0.0,1.791759469228055,9,0.25,12,0.0,1,0.0,0.0,0.0,0.0,1,0.0,0.0,0.0,0.0,1,0.0,0.0,0.0,0.0,0.0,1
1986,92910.0,0,0,42,6.313548046277095,4.927253685157205,6.675823221634848,5.19295685089021,4.6443908991413725,3.5263605246161616,0.6931471805599453,1.9459101490553132,2.0794415416798357,13,1,0.0,0.6931471805599453,0.6931471805599453,0.6931471805599453,0.0,0.0,0.0,40,12,0,2,1795,27,1.3862943611198906,4.2118532118155745,7,0.037037037037037035,28,0.0,1,0.0,0.0,0.0,0.0,1,0.0,0.0,0.0,0.0,1,0.0,0.0,0.0,0.6931471805599453,0.0,0
1989,75433.0,1,0,28,6.68586094706836,0.0,5.697093486505405,0.0,3.5553480614894135,4.060443010546419,1.0986122886681098,1.0986122886681098,1.791759469228055,10,6,0.0,0.6931471805599453,0.0,0.6931471805599453,0.0,0.0,0.0,37,12,1,3,1188,19,1.0986122886681098,4.151454241931091,8,0.10526315789473684,25,0.0,1,0.0,0.0,0.0,0.0,1,0.0,0.0,0.0,0.0,1,0.0,0.0,0.0,0.0,0.0,1
1989,10404.0,1,0,52,1.0986122886681098,1.0986122886681098,2.4849066497880004,2.3978952727983707,1.9459101490553132,2.5649493574615367,1.0986122886681098,0.6931471805599453,0.0,4,5,0.0,0.0,0.0,0.0,0.0,0.0,0.0,37,12,1,3,43,7,0.0,1.9661128563728327,6,0.2857142857142857,12,0.0,0,0.0,0.0,0.0,0.0,0,0.0,0.6931471805599453,0.0,0.0,1,0.0,0.0,0.6931471805599453,0.0,0.0,0
1968,61314.0,0,1,1,5.937536205082426,0.0,5.247024072160486,4.584967478670572,5.153291594497779,5.153291594497779,1.0986122886681098,1.791759469228055,1.791759469228055,12,3,0.0,0.0,0.0,0.0,0.0,0.0,0.0,58,13,1,3,1008,24,0.0,3.7612001156935624,8,0.08333333333333333,27,0.0,1,0.0,0.0,0.0,0.0,1,0.0,0.0,0.0,0.0,1,0.0,0.0,0.0,0.0,0.0,1
1961,84865.0,0,0,1,7.130098510125578,2.833213344056216,5.857933154483459,3.784189633918261,2.833213344056216,2.833213344056216,0.6931471805599453,1.0986122886681098,1.6094379124341003,9,4,0.0,0.6931471805599453,0.6931471805599453,0.6931471805599453,0.6931471805599453,0.0,0.6931471805599453,65,13,0,1,1688,16,1.791759469228055,4.66814498514948,6,0.0625,20,0.0,0,0.0,0.6931471805599453,0.0,0.0,0,0.6931471805599453,0.0,0.0,0.0,1,0.0,0.0,0.0,0.0,0.0,1
1989,42387.0,1,0,42,5.4638318050256105,0.0,5.4638318050256105,2.995732273553991,1.6094379124341003,5.2574953720277815,1.791759469228055,2.1972245773362196,0.6931471805599453,7,8,0.0,0.0,0.0,0.0,0.0,0.0,0.0,37,14,1,3,684,21,0.0,3.5136753650888455,16,0.23809523809523808,29,0.0,1,0.0,0.0,0.0,0.0,1,0.0,0.0,0.0,0.0,0,0.6931471805599453,0.0,0.0,0.0,0.0,1
1967,67309.0,1,1,76,6.246106765481563,3.871201010907891,5.204006687076795,5.0106352940962555,4.564348191467836,4.564348191467836,2.772588722239781,2.302585092994046,1.9459101490553132,9,7,0.0,0.0,0.0,0.0,0.0,0.0,0.0,59,13,2,4,1082,39,0.0,3.3584147769425137,16,0.38461538461538464,46,0.0,0,0.0,0.0,0.0,0.0,0,0.0,0.6931471805599453,0.0,0.0,0,0.6931471805599453,0.0,0.0,0.0,0.0,1
1964,75236.0,0,1,27,6.0844994130751715,4.204692619390966,5.993961427306569,2.5649493574615367,3.6635616461296463,4.74493212836325,0.6931471805599453,2.1972245773362196,1.3862943611198906,13,4,0.0,0.0,0.0,0.0,0.0,0.0,0.0,62,13,1,3,1068,25,0.0,3.777805663308338,12,0.04,29,0.0,1,0.0,0.0,0.0,0.0,1,0.0,0.0,0.0,0.0,1,0.0,0.0,0.0,0.0,0.0,1
1970,30015.0,1,0,28,3.258096538021482,0.0,3.1354942159291497,1.0986122886681098,1.3862943611198906,1.791759469228055,1.0986122886681098,0.6931471805599453,0.0,4,5,0.0,0.0,0.0,0.0,0.0,0.0,0.0,56,12,1,2,57,7,0.0,2.2129729343043585,6,0.2857142857142857,12,0.0,1,0.0,0.0,0.0,0.0,0,0.6931471805599453,0.0,0.0,0.0,1,0.0,0.0,0.0,0.0,0.0,1
1956,50943.0,0,1,49,3.4657359027997265,0.0,2.0794415416798357,1.0986122886681098,0.0,1.9459101490553132,0.6931471805599453,0.6931471805599453,0.0,3,5,0.0,0.0,0.0,0.0,0.0,0.0,0.0,70,13,1,3,46,5,0.0,2.322387720290225,6,0.2,10,0.0,0,0.6931471805599453,0.0,0.0,0.0,0,0.0,0.6931471805599453,0.0,0.0,1,0.0,0.0,0.0,0.0,0.0,1
1966,67272.0,0,1,12,5.8805329864007,3.58351893845611,5.605802066295998,3.367295829986474,3.367295829986474,2.70805020110221,1.3862943611198906,1.9459101490553132,1.0986122886681098,12,5,0.0,0.0,0.0,0.0,0.0,0.0,0.0,60,13,1,2,733,23,0.0,3.4925471602503833,11,0.13043478260869565,28,0.0,1,0.0,0.0,0.0,0.6931471805599453,0,0.0,0.0,0.0,0.0,1,0.0,0.0,0.0,0.0,0.0,1
1949,51529.0,0,1,14,5.993961427306569,1.6094379124341003,3.58351893845611,1.9459101490553132,0.0,3.1354942159291497,1.0986122886681098,2.302585092994046,0.6931471805599453,5,8,0.0,0.0,0.0,0.0,0.0,0.0,0.0,77,13,1,2,467,17,0.0,3.3488715626604155,17,0.11764705882352941,25,0.0,0,0.6931471805599453,0.0,0.0,0.0,0,0.0,0.0,0.6931471805599453,0.0,0,0.6931471805599453,0.0,0.0,0.0,0.0,1
1971,32011.0,1,0,89,4.605170185988092,0.0,2.772588722239781,1.0986122886681098,0.6931471805599453,1.791759469228055,1.3862943611198906,1.0986122886681098,0.6931471805599453,4,7,0.0,0.0,0.0,0.0,0.0,0.0,0.0,55,13,1,3,122,10,0.0,2.580216829592325,9,0.3,17,0.0,0,0.0,0.6931471805599453,0.0,0.0,1,0.0,0.0,0.0,0.0,1,0.0,0.0,0.0,0.0,0.0,1
1986,7500.0,1,0,96,0.6931471805599453,2.4849066497880004,1.791759469228055,1.6094379124341003,1.9459101490553132,2.302585092994046,1.0986122886681098,1.0986122886681098,0.0,3,8,0.0,0.0,0.0,0.0,0.0,0.0,0.0,40,13,1,3,36,7,0.0,1.8152899666382492,10,0.2857142857142857,15,0.0,0,0.0,0.0,0.0,0.0,1,0.0,0.0,0.0,0.0,1,0.0,0.6931471805599453,0.0,0.0,0.0,0
1989,28691.0,1,0,56,1.791759469228055,1.6094379124341003,2.6390573296152584,2.1972245773362196,0.0,1.6094379124341003,0.6931471805599453,0.6931471805599453,0.0,3,8,0.0,0.0,0.0,0.0,0.0,0.0,0.0,37,13,1,3,34,5,0.0,2.0541237336955462,9,0.2,13,0.0,1,0.0,0.0,0.0,0.0,1,0.0,0.0,0.0,0.0,1,0.0,0.0,0.0,0.6931471805599453,0.0,0
1948,56223.0,0,1,72,4.356708826689592,3.367295829986474,3.4657359027997265,2.833213344056216,0.0,1.6094379124341003,1.0986122886681098,1.0986122886681098,0.6931471805599453,5,4,0.0,0.0,0.0,0.0,0.0,0.0,0.0,78,13,1,3,156,10,0.0,2.8094026953624978,6,0.2,14,0.0,0,0.0,0.6931471805599453,0.0,0.0,1,0.0,0.0,0.0,0.0,1,0.0,0.0,0.0,0.0,0.0,1
1946,18100.0,0,0,14,1.3862943611198906,0.6931471805599453,1.0986122886681098,1.6094379124341003,1.3862943611198906,0.6931471805599453,0.6931471805599453,0.0,0.0,3,5,0.0,0.0,0.0,0.0,0.0,0.0,0.0,80,13,0,2,14,4,0.0,1.5040773967762742,5,0.25,9,0.0,1,0.0,0.0,0.0,0.0,1,0.0,0.0,0.0,0.0,1,0.0,0.0,0.0,0.0,0.0,0
1989,30279.0,1,0,13,2.3978952727983707,1.6094379124341003,2.70805020110221,1.6094379124341003,1.6094379124341003,0.6931471805599453,0.6931471805599453,0.6931471805599453,0.0,3,8,0.0,0.0,0.0,0.0,0.0,0.0,0.0,37,14,1,2,37,5,0.0,2.128231705849268,9,0.2,13,0.0,1,0.0,0.0,0.0,0.0,0,0.6931471805599453,0.0,0.0,0.0,1,0.0,0.0,0.0,0.6931471805599453,0.0,0
1974,20130.0,0,0,99,0.0,1.9459101490553132,1.3862943611198906,2.0794415416798357,1.9459101490553132,2.5649493574615367,0.6931471805599453,0.6931471805599453,0.0,3,8,0.0,0.0,0.0,0.0,0.0,0.0,0.0,52,12,0,2,34,5,0.0,2.0541237336955462,9,0.2,13,0.0,0,0.0,0.0,0.0,0.0,1,0.0,0.0,0.0,0.0,1,0.0,0.0,0.6931471805599453,0.0,0.0,0
1959,23295.0,0,0,72,0.0,0.0,0.6931471805599453,1.0986122886681098,2.5649493574615367,1.791759469228055,0.6931471805599453,0.6931471805599453,0.0,2,8,0.0,0.0,0.0,0.0,0.0,0.0,0.0,67,13,0,1,20,4,0.0,1.791759469228055,9,0.25,12,0.0,1,0.0,0.0,0.0,0.6931471805599453,0,0.0,0.0,0.0,0.0,1,0.0,0.0,0.0,0.0,0.6931471805599453,0
1972,42618.0,1,0,92,4.343805421853684,2.70805020110221,4.31748811353631,2.6390573296152584,1.791759469228055,2.3978952727983707,1.0986122886681098,1.791759469228055,0.0,4,8,0.0,0.0,0.0,0.0,0.0,0.0,0.0,54,13,1,2,192,11,0.0,2.915310706243417,13,0.18181818181818182,19,0.0,0,0.6931471805599453,0.0,0.0,0.6931471805599453,0,0.0,0.0,0.0,0.0,0,0.6931471805599453,0.0,0.0,0.0,0.0,1
1964,81246.0,0,0,87,5.988961416889864,5.25227342804663,6.2878585601617845,4.127134385045092,5.056245805348308,3.6375861597263857,0.6931471805599453,1.6094379124341003,1.791759469228055,7,1,0.6931471805599453,0.0,0.0,0.6931471805599453,0.0,0.0,0.0,62,13,0,1,1379,17,1.0986122886681098,4.408152939266102,5,0.058823529411764705,18,0.0,1,0.0,0.0,0.0,0.0,0,0.6931471805599453,0.0,0.0,0.0,1,0.0,0.0,0.0,0.6931471805599453,0.0,0
1976,24027.0,1,0,7,2.70805020110221,2.0794415416798357,2.4849066497880004,2.4849066497880004,0.0,1.791759469228055,1.0986122886681098,1.0986122886681098,0.0,3,8,0.0,0.0,0.0,0.0,0.0,0.0,0.0,50,13,1,3,48,7,0.0,2.0614230361771577,10,0.2857142857142857,15,0.0,1,0.0,0.0,0.0,0.0,1,0.0,0.0,0.0,0.0,1,0.0,0.0,0.0,0.0,0.0,1
1953,55707.0,0,1,91,5.342334251964811,2.0794415416798357,4.418840607796598,3.4339872044851463,4.204692619390966,3.58351893845611,1.0986122886681098,1.3862943611198906,1.0986122886681098,9,3,0.0,0.0,0.0,0.0,0.0,0.0,0.0,73,13,1,3,428,16,0.0,3.3232358401924436,6,0.125,19,0.0,0,0.0,0.6931471805599453,0.0,0.0,1,0.0,0.0,0.0,0.0,1,0.0,0.0,0.0,0.0,0.0,1
1955,57959.0,0,1,71,6.066108090103747,2.833213344056216,5.777652323222656,3.784189633918261,3.2188758248682006,3.5263605246161616,1.791759469228055,1.6094379124341003,2.0794415416798357,11,3,0.0,0.0,0.0,0.0,0.0,0.0,0.0,71,13,1,2,868,27,0.0,3.5009868522705263,7,0.18518518518518517,30,0.0,1,0.0,0.0,0.0,0.0,0,0.6931471805599453,0.0,0.0,0.0,1,0.0,0.0,0.0,0.0,0.0,1
1969,56796.0,0,1,24,6.48768401848461,3.6635616461296463,5.087596335232384,4.143134726391533,3.871201010907891,3.6375861597263857,1.3862943611198906,2.1972245773362196,2.302585092994046,7,7,0.0,0.0,0.0,0.0,0.0,0.0,0.0,57,13,1,3,1001,27,0.0,3.6395335800107813,15,0.1111111111111111,34,0.0,1,0.0,0.0,0.0,0.0,1,0.0,0.0,0.0,0.0,0,0.0,0.0,0.0,0.0,0.0,1
1971,36230.0,1,0,17,2.70805020110221,1.0986122886681098,3.4339872044851463,2.1972245773362196,1.0986122886681098,1.3862943611198906,0.6931471805599453,1.0986122886681098,0.0,4,5,0.0,0.0,0.0,0.0,0.0,0.0,0.0,55,13,1,2,59,7,0.0,2.243744592971112,7,0.14285714285714285,12,0.0,0,0.6931471805599453,0.0,0.0,0.0,0,0.6931471805599453,0.0,0.0,0.0,1,0.0,0.0,0.0,0.6931471805599453,0.0,0
1980,70829.0,1,1,87,4.955827057601261,4.2626798770413155,4.672828834461906,4.290459441148391,2.995732273553991,3.1780538303479458,1.0986122886681098,1.6094379124341003,1.0986122886681098,8,3,0.0,0.0,0.0,0.0,0.0,0.0,0.0,46,13,2,4,431,16,0.0,3.3299698723737876,7,0.125,19,0.0,0,0.0,0.0,0.0,0.0,1,0.0,0.0,0.0,0.0,1,0.0,0.0,0.0,0.0,0.0,1
1976,65991.0,0,1,21,6.230481447578482,2.995732273553991,5.8998973535824915,3.258096538021482,3.871201010907891,2.302585092994046,1.3862943611198906,2.302585092994046,1.791759469228055,10,7,0.0,0.0,0.0,0.0,0.0,0.0,0.0,50,14,1,3,971,27,0.0,3.609916410307135,16,0.1111111111111111,34,0.0,1,0.0,0.0,0.0,0.0,1,0.0,0.0,0.0,0.0,1,0.0,0.0,0.0,0.0,0.0,1
1972,38988.0,1,2,90,5.10594547390058,3.2188758248682006,4.6443908991413725,2.5649493574615367,1.3862943611198906,3.7612001156935624,2.0794415416798357,1.791759469228055,0.6931471805599453,6,8,0.0,0.0,0.0,0.0,0.0,0.0,0.0,54,14,3,5,348,19,0.0,2.96092286888813,13,0.3684210526315789,27,0.0,1,0.0,0.0,0.0,0.0,1,0.0,0.0,0.0,0.0,1,0.0,0.0,0.0,0.0,0.0,1
1966,89572.0,0,0,44,6.408528791059498,3.2188758248682006,6.882437470997847,5.288267030694535,5.272999558563747,4.174387269895637,0.6931471805599453,2.0794415416798357,2.0794415416798357,9,4,0.0,0.6931471805599453,0.0,0.6931471805599453,0.0,0.0,0.6931471805599453,60,14,0,1,2059,24,1.3862943611198906,4.463510610913026,11,0.041666666666666664,28,0.0,0,0.0,0.0,0.0,0.0,0,0.6931471805599453,0.0,0.0,0.0,1,0.0,0.0,0.0,0.6931471805599453,0.0,0
1984,42207.0,1,0,71,4.762173934797756,2.4849066497880004,4.290459441148391,1.3862943611198906,2.8903717578961645,3.8501476017100584,1.6094379124341003,1.6094379124341003,0.6931471805599453,5,6,0.6931471805599453,0.0,0.0,0.0,0.0,0.0,0.6931471805599453,42,13,1,3,265,14,1.0986122886681098,2.992154452206107,10,0.2857142857142857,20,0.0,0,0.6931471805599453,0.0,0.0,0.0,1,0.0,0.0,0.0,0.0,1,0.0,0.0,0.0,0.0,0.0,1
1952,50300.0,0,1,52,4.969813299576001,2.772588722239781,4.110873864173311,3.2188758248682006,3.1780538303479458,1.791759469228055,1.0986122886681098,1.0986122886681098,0.6931471805599453,8,2,0.0,0.0,0.0,0.0,0.0,0.0,0.0,74,12,1,3,270,13,0.0,3.080497540181701,4,0.15384615384615385,15,0.0,1,0.0,0.0,0.0,0.0,1,0.0,0.0,0.0,0.0,1,0.0,0.0,0.0,0.0,0.0,1
1982,66664.0,0,0,78,5.988961416889864,4.574710978503383,6.104793232414985,5.3981627015177525,4.574710978503383,3.4965075614664802,0.6931471805599453,1.791759469228055,2.0794415416798357,6,3,0.0,0.0,0.0,0.0,0.0,0.0,0.0,44,14,0,2,1289,19,0.0,4.231815552850703,8,0.05263157894736842,22,0.0,0,0.0,0.0,0.0,0.0,0,0.0,0.6931471805599453,0.0,0.0,0,0.0,0.0,0.0,0.6931471805599453,0.0,0
1964,60597.0,0,1,2,6.259581464064923,0.0,5.552959584921617,3.4965075614664802,2.833213344056216,4.204692619390966,1.6094379124341003,1.0986122886681098,1.0986122886681098,8,7,0.0,0.0,0.0,0.6931471805599453,0.0,0.0,0.6931471805599453,62,12,1,3,893,16,1.0986122886681098,4.039756371937697,9,0.25,23,0.0,1,0.0,0.0,0.0,0.0,1,0.0,0.0,0.0,0.0,1,0.0,0.0,0.0,0.0,0.0,1
1949,70165.0,0,0,60,5.087596335232384,0.0,5.537334267018537,5.298317366548036,5.2574953720277815,4.812184355372417,0.6931471805599453,1.3862943611198906,2.0794415416798357,11,1,0.0,0.0,0.0,0.0,0.0,0.0,0.0,77,13,0,1,926,22,0.0,3.7633120488967062,4,0.045454545454545456,23,0.0,1,0.0,0.0,0.0,0.0,0,0.0,0.0,0.6931471805599453,0.0,1,0.0,0.0,0.0,0.6931471805599453,0.0,0
1958,50520.0,0,1,25,4.727387818712341,0.0,1.9459101490553132,1.0986122886681098,0.6931471805599453,2.70805020110221,1.0986122886681098,1.3862943611198906,0.6931471805599453,3,6,0.0,0.0,0.0,0.0,0.0,0.0,0.0,68,12,1,2,135,9,0.0,2.772588722239781,9,0.2222222222222222,15,0.0,0,0.0,0.6931471805599453,0.0,0.0,0,0.0,0.0,0.6931471805599453,0.0,0,0.6931471805599453,0.0,0.0,0.0,0.0,1
1963,80124.0,0,0,47,6.182084906716632,4.442651256490317,5.988961416889864,5.327876168789581,4.442651256490317,5.488937726156687,0.6931471805599453,1.3862943611198906,2.0794415416798357,8,1,0.6931471805599453,0.0,0.0,0.0,0.0,0.0,0.0,63,12,0,2,1495,19,0.6931471805599453,4.378071454830954,4,0.05263157894736842,20,0.0,1,0.0,0.0,0.0,0.0,1,0.0,0.0,0.0,0.0,1,0.0,0.0,0.0,0.0,0.0,1
1975,33183.0,1,0,46,2.0794415416798357,1.791759469228055,3.6888794541139363,2.8903717578961645,2.772588722239781,3.6375861597263857,1.0986122886681098,1.6094379124341003,0.0,3,7,0.0,0.0,0.0,0.0,0.0,0.0,0.0,51,12,1,3,120,9,0.0,2.662587827025453,11,0.2222222222222222,16,0.0,1,0.0,0.0,0.0,0.0,1,0.0,0.0,0.0,0.0,0,0.6931471805599453,0.0,0.0,0.6931471805599453,0.0,0
1969,66582.0,0,0,83,6.672032945461067,3.258096538021482,6.042632833682381,2.833213344056216,3.6635616461296463,0.0,0.6931471805599453,1.0986122886681098,2.1972245773362196,9,1,0.0,0.0,0.0,0.0,0.0,0.0,0.0,57,12,0,1,1288,20,0.0,4.180522258463153,3,0.05,21,0.0,0,0.0,0.6931471805599453,0.0,0.0,0,0.6931471805599453,0.0,0.0,0.0,1,0.0,0.0,0.0,0.0,0.0,1
1955,75261.0,0,0,17,7.122866658599083,2.8903717578961645,6.025865973825314,3.1780538303479458,3.5553480614894135,2.8903717578961645,0.6931471805599453,1.791759469228055,1.9459101490553132,5,2,0.0,0.6931471805599453,0.6931471805599453,0.0,0.0,0.0,0.6931471805599453,71,13,0,2,1743,17,1.3862943611198906,4.639855743975981,7,0.058823529411764705,19,0.0,0,0.0,0.6931471805599453,0.0,0.0,0,0.0,0.6931471805599453,0.0,0.0,0,0.0,0.0,0.0,0.0,0.0,1
1970,31880.0,1,0,13,1.6094379124341003,0.6931471805599453,1.791759469228055,1.0986122886681098,0.0,1.3862943611198906,0.6931471805599453,0.6931471805599453,0.0,2,8,0.0,0.0,0.0,0.0,0.0,0.0,0.0,56,14,1,2,15,4,0.0,1.55814461804655,9,0.25,12,0.0,1,0.0,0.0,0.0,0.0,0,0.0,0.0,0.6931471805599453,0.0,1,0.0,0.0,0.0,0.6931471805599453,0.0,0
1951,53790.0,0,2,86,5.817111159963204,3.7612001156935624,4.852030263919617,3.367295829986474,1.791759469228055,1.791759469228055,1.3862943611198906,2.0794415416798357,1.0986122886681098,8,6,0.0,0.0,0.0,0.0,0.0,0.0,0.0,75,12,2,4,542,20,0.0,3.3357695763397,13,0.15,26,0.0,1,0.0,0.0,0.0,0.0,1,0.0,0.0,0.0,0.0,1,0.0,0.0,0.0,0.0,0.0,1
1971,49269.0,1,0,92,6.461468176353717,2.1972245773362196,5.117993812416755,2.4849066497880004,2.1972245773362196,4.07753744390572,1.3862943611198906,2.0794415416798357,1.3862943611198906,12,7,0.0,0.0,0.0,0.0,0.0,0.0,0.0,55,14,1,3,890,25,0.0,3.6000482404073204,14,0.12,32,0.0,0,0.0,0.6931471805599453,0.0,0.0,0,0.0,0.6931471805599453,0.0,0.0,1,0.0,0.0,0.0,0.0,0.0,1
1975,61456.0,0,1,47,6.335054251498059,4.343805421853684,5.953243334287785,4.442651256490317,5.262690188904886,4.499809670330265,1.6094379124341003,1.9459101490553132,2.3978952727983707,13,4,0.0,0.0,0.0,0.0,0.0,0.0,0.0,51,13,1,3,1388,33,0.0,3.7626085666306204,10,0.12121212121212122,37,0.0,1,0.0,0.0,0.0,0.0,1,0.0,0.0,0.0,0.0,1,0.0,0.0,0.0,0.0,0.0,1
1980,37406.0,1,0,18,1.0986122886681098,0.0,2.1972245773362196,1.0986122886681098,1.0986122886681098,1.3862943611198906,0.6931471805599453,0.6931471805599453,0.0,2,8,0.0,0.0,0.0,0.0,0.0,0.0,0.6931471805599453,46,13,1,3,17,4,0.6931471805599453,1.6582280766035324,9,0.25,12,0.0,1,0.0,0.0,0.0,0.0,1,0.0,0.0,0.0,0.0,1,0.0,0.0,0.0,0.6931471805599453,0.0,0
1981,56937.0,1,0,81,6.616065185132817,2.1972245773362196,4.836281906951478,2.4849066497880004,2.1972245773362196,2.1972245773362196,2.0794415416798357,2.1972245773362196,1.9459101490553132,9,6,0.0,0.6931471805599453,0.0,0.0,0.0,0.0,0.6931471805599453,45,14,1,3,906,30,1.0986122886681098,3.4404180948154366,14,0.23333333333333334,36,0.0,0,0.0,0.6931471805599453,0.0,0.0,0,0.0,0.6931471805599453,0.0,0.0,1,0.0,0.0,0.0,0.0,0.0,1
1978,38415.0,1,1,91,3.1354942159291497,0.6931471805599453,2.6390573296152584,1.6094379124341003,0.0,1.6094379124341003,1.0986122886681098,0.6931471805599453,0.0,3,7,0.0,0.0,0.0,0.0,0.0,0.0,0.0,48,13,2,4,44,6,0.0,2.120263536200091,8,0.3333333333333333,13,0.0,1,0.0,0.0,0.0,0.0,1,0.0,0.0,0.0,0.0,1,0.0,0.0,0.0,0.0,0.0,1
1988,20518.0,1,0,58,1.6094379124341003,0.6931471805599453,1.9459101490553132,1.6094379124341003,0.6931471805599453,2.302585092994046,0.6931471805599453,0.6931471805599453,0.6931471805599453,2,5,0.0,0.0,0.0,0.0,0.0,0.0,0.0,38,12,1,2,25,5,0.0,1.791759469228055,6,0.2,10,0.0,1,0.0,0.0,0.0,0.0,0,0.6931471805599453,0.0,0.0,0.0,1,0.0,0.0,0.6931471805599453,0.0,0.0,0
1956,62503.0,0,1,40,6.171700597410915,0.0,5.267858159063328,4.709530201312334,4.330733340286331,4.770684624465665,1.6094379124341003,2.1972245773362196,1.3862943611198906,11,5,0.0,0.0,0.0,0.0,0.0,0.0,0.0,70,13,1,3,973,26,0.0,3.6486582406270713,13,0.15384615384615385,31,0.0,1,0.0,0.0,0.0,0.0,1,0.0,0.0,0.0,0.0,1,0.0,0.0,0.0,0.0,0.0,1
1972,41644.0,1,1,67,3.044522437723423,1.3862943611198906,1.6094379124341003,1.0986122886681098,0.0,1.0986122886681098,1.0986122886681098,0.6931471805599453,0.0,3,3,0.0,0.0,0.0,0.0,0.0,0.0,0.0,54,12,2,3,31,6,0.0,1.8191584434161694,4,0.3333333333333333,9,0.0,0,0.0,0.6931471805599453,0.0,0.0,0,0.6931471805599453,0.0,0.0,0.0,1,0.0,0.0,0.0,0.0,0.0,1
1977,55842.0,0,1,19,6.113682179832232,0.0,3.6888794541139363,0.0,1.6094379124341003,3.2188758248682006,0.6931471805599453,2.0794415416798357,0.6931471805599453,8,5,0.0,0.0,0.0,0.0,0.0,0.0,0.0,49,12,1,3,518,17,0.0,3.4490534028397906,12,0.058823529411764705,22,0.0,0,0.6931471805599453,0.0,0.0,0.0,1,0.0,0.0,0.0,0.0,1,0.0,0.0,0.0,0.0,0.0,1
1972,62010.0,0,1,93,5.918893854273146,3.1354942159291497,3.6888794541139363,1.9459101490553132,0.0,4.532599493153256,1.6094379124341003,1.9459101490553132,1.0986122886681098,7,5,0.0,0.0,0.0,0.0,0.0,0.0,0.0,54,14,1,3,530,19,0.0,3.36365946234309,11,0.21052631578947367,24,0.0,0,0.0,0.6931471805599453,0.0,0.0,1,0.0,0.0,0.0,0.0,1,0.0,0.0,0.0,0.0,0.0,1
1977,41124.0,1,0,41,5.641907070938114,2.0794415416798357,4.442651256490317,2.772588722239781,0.0,4.787491742782046,2.0794415416798357,2.0794415416798357,1.3862943611198906,4,8,0.0,0.0,0.0,0.0,0.0,0.0,0.0,49,14,1,3,506,21,0.0,3.2226781108179394,15,0.3333333333333333,29,0.0,1,0.0,0.0,0.0,0.0,1,0.0,0.0,0.0,0.0,0,0.6931471805599453,0.0,0.0,0.0,0.0,1
1973,38961.0,1,0,60,2.995732273553991,2.0794415416798357,2.995732273553991,0.0,0.6931471805599453,3.2188758248682006,0.6931471805599453,1.0986122886681098,0.6931471805599453,2,7,0.0,0.0,0.0,0.0,0.0,0.0,0.0,53,13,1,3,70,6,0.0,2.538973871058276,9,0.16666666666666666,13,0.0,0,0.6931471805599453,0.0,0.0,0.0,1,0.0,0.0,0.0,0.0,0,0.6931471805599453,0.0,0.6931471805599453,0.0,0.0,0
1972,37760.0,1,0,54,3.295836866004329,1.3862943611198906,2.6390573296152584,1.0986122886681098,2.3978952727983707,0.0,0.6931471805599453,1.0986122886681098,0.0,3,6,0.0,0.0,0.0,0.0,0.0,0.0,0.0,54,13,1,2,54,6,0.0,2.302585092994046,8,0.16666666666666666,12,0.0,0,0.6931471805599453,0.0,0.0,0.6931471805599453,0,0.0,0.0,0.0,0.0,1,0.0,0.0,0.0,0.0,0.0,1
1974,32233.0,1,0,26,4.9344739331306915,2.772588722239781,3.58351893845611,3.258096538021482,2.4849066497880004,4.290459441148391,1.0986122886681098,1.9459101490553132,1.0986122886681098,2,9,0.6931471805599453,0.0,0.0,0.0,0.0,0.0,0.6931471805599453,52,14,1,2,296,12,1.0986122886681098,3.245193133185574,15,0.16666666666666666,21,0.0,1,0.0,0.0,0.0,0.0,0,0.6931471805599453,0.0,0.0,0.0,0,0.6931471805599453,0.0,0.0,0.0,0.0,1
1975,43057.0,0,1,30,5.365976015021851,1.0986122886681098,3.8066624897703196,0.0,1.0986122886681098,1.791759469228055,1.6094379124341003,1.6094379124341003,1.0986122886681098,5,5,0.0,0.0,0.0,0.0,0.0,0.0,0.0,51,13,1,3,266,15,0.0,2.930304468231536,9,0.26666666666666666,20,0.0,1,0.0,0.0,0.0,0.0,1,0.0,0.0,0.0,0.0,1,0.0,0.0,0.0,0.0,0.0,1
1960,83151.0,0,0,93,6.0112671744041615,3.367295829986474,4.61512051684126,4.795790545596741,4.31748811353631,2.9444389791664403,0.6931471805599453,1.791759469228055,2.302585092994046,4,3,0.0,0.0,0.0,0.0,0.0,0.0,0.0,66,14,0,2,747,19,0.0,3.696743190574151,8,0.05263157894736842,22,0.0,0,0.6931471805599453,0.0,0.0,0.0,0,0.0,0.6931471805599453,0.0,0.0,0,0.0,0.0,0.0,0.0,0.0,1
1964,78825.0,0,0,35,6.182084906716632,4.31748811353631,4.74493212836325,5.135798437050262,3.6375861597263857,2.9444389791664403,0.6931471805599453,1.791759469228055,2.3978952727983707,13,3,0.0,0.0,0.0,0.0,0.0,0.0,0.6931471805599453,62,14,0,1,895,29,0.6931471805599453,3.4614162416552103,8,0.034482758620689655,32,0.0,0,0.0,0.6931471805599453,0.0,0.6931471805599453,0,0.0,0.0,0.0,0.0,1,0.0,0.0,0.0,0.0,0.0,1
1976,65104.0,0,1,4,6.6052979209482015,0.0,5.4510384535657,2.6390573296152584,3.044522437723423,3.9318256327243257,1.0986122886681098,1.3862943611198906,1.791759469228055,7,7,0.0,0.0,0.0,0.0,0.0,0.0,0.0,50,13,1,3,1053,17,0.0,4.1422005833997355,10,0.11764705882352941,24,0.0,0,0.6931471805599453,0.0,0.0,0.0,0,0.0,0.6931471805599453,0.0,0.0,1,0.0,0.0,0.0,0.0,0.0,1
1974,60093.0,0,1,92,6.220590170099739,2.5649493574615367,4.700480365792417,2.833213344056216,1.9459101490553132,4.51085950651685,1.0986122886681098,2.0794415416798357,1.0986122886681098,10,6,0.0,0.0,0.0,0.0,0.0,0.0,0.0,52,13,1,3,735,21,0.0,3.58351893845611,13,0.09523809523809523,27,0.0,1,0.0,0.0,0.0,0.0,1,0.0,0.0,0.0,0.0,1,0.0,0.0,0.0,0.0,0.0,1
1969,14045.0,1,0,24,2.4849066497880004,0.0,1.791759469228055,1.0986122886681098,0.6931471805599453,0.6931471805599453,0.6931471805599453,0.6931471805599453,0.0,3,7,0.0,0.0,0.0,0.0,0.0,0.0,0.0,57,12,1,3,20,5,0.0,1.6094379124341003,8,0.2,12,0.0,1,0.0,0.0,0.0,0.0,1,0.0,0.0,0.0,0.0,1,0.0,0.0,0.0,0.0,0.0,1
1952,28457.0,0,0,96,3.2188758248682006,0.6931471805599453,4.6913478822291435,3.4011973816621555,3.4011973816621555,2.70805020110221,0.6931471805599453,1.6094379124341003,0.6931471805599453,4,8,0.0,0.0,0.0,0.0,0.0,0.0,0.0,74,14,0,1,205,10,0.0,3.068052935133617,12,0.1,18,0.0,0,0.0,0.0,0.0,0.0,0,0.0,0.0,0.6931471805599453,0.0,0,0.6931471805599453,0.0,0.0,0.6931471805599453,0.0,0
1958,78952.0,0,1,11,7.065613363597717,2.995732273553991,6.38856140554563,4.605170185988092,4.343805421853684,4.90527477843843,1.0986122886681098,1.0986122886681098,1.791759469228055,12,6,0.0,0.0,0.0,0.0,0.0,0.0,0.0,68,14,1,3,2092,21,0.0,4.611341579892634,8,0.09523809523809523,27,0.0,0,0.0,0.6931471805599453,0.0,0.0,0,0.0,0.6931471805599453,0.0,0.0,1,0.0,0.0,0.0,0.0,0.0,1
1976,46310.0,1,0,99,5.225746673713202,1.0986122886681098,4.48863636973214,2.772588722239781,1.791759469228055,2.70805020110221,1.0986122886681098,1.9459101490553132,0.6931471805599453,5,8,0.0,0.0,0.0,0.0,0.0,0.0,0.0,50,14,1,2,309,14,0.0,3.138594993607398,14,0.14285714285714285,22,0.0,1,0.0,0.0,0.0,0.6931471805599453,0,0.0,0.0,0.0,0.0,0,0.6931471805599453,0.0,0.0,0.0,0.0,1
1955,76005.0,0,0,72,6.891625897052253,3.044522437723423,5.966146739123692,5.484796933490655,3.9318256327243257,3.713572066704308,0.6931471805599453,1.3862943611198906,1.791759469228055,13,6,0.0,0.0,0.0,0.6931471805599453,0.0,0.0,0.0,71,13,0,2,1722,22,0.6931471805599453,4.372894151110609,9,0.045454545454545456,28,0.0,1,0.0,0.0,0.0,0.0,0,0.0,0.6931471805599453,0.0,0.0,1,0.0,0.0,0.0,0.0,0.0,1
1964,58308.0,0,1,77,6.539585955617669,0.0,4.248495242049359,2.3978952727983707,0.0,4.875197323201151,1.6094379124341003,1.0986122886681098,1.9459101490553132,3,8,0.0,0.0,0.0,0.0,0.0,0.0,0.0,62,13,1,2,900,15,0.0,4.110873864173311,10,0.26666666666666666,23,0.0,0,0.6931471805599453,0.0,0.0,0.0,0,0.6931471805599453,0.0,0.0,0.0,0,0.0,0.0,0.0,0.0,0.0,1
1944,55614.0,0,0,85,6.22455842927536,2.6390573296152584,4.882801922586371,2.1972245773362196,0.0,3.295836866004329,0.6931471805599453,2.302585092994046,1.6094379124341003,6,7,0.0,0.6931471805599453,0.0,0.0,0.0,0.0,0.0,82,13,0,1,682,20,0.6931471805599453,3.55820113047182,16,0.05,27,0.0,0,0.0,0.6931471805599453,0.0,0.6931471805599453,0,0.0,0.0,0.0,0.0,0,0.6931471805599453,0.0,0.0,0.0,0.0,1
1962,59432.0,0,1,88,5.762051382780177,3.258096538021482,5.583496308781699,3.258096538021482,2.995732273553991,2.5649493574615367,1.3862943611198906,1.791759469228055,1.3862943611198906,11,5,0.0,0.0,0.0,0.0,0.0,0.0,0.0,64,13,1,2,663,22,0.0,3.4383763849039095,10,0.13636363636363635,27,0.0,0,0.6931471805599453,0.0,0.0,0.6931471805599453,0,0.0,0.0,0.0,0.0,1,0.0,0.0,0.0,0.0,0.0,1
1978,55563.0,0,1,22,3.4011973816621555,0.6931471805599453,2.302585092994046,1.0986122886681098,0.0,1.0986122886681098,0.6931471805599453,1.0986122886681098,0.0,3,3,0.0,0.0,0.0,0.0,0.0,0.0,0.0,48,12,1,2,43,6,0.0,2.100060828882572,5,0.16666666666666666,9,0.0,1,0.0,0.0,0.0,0.6931471805599453,0,0.0,0.0,0.0,0.0,1,0.0,0.0,0.0,0.0,0.0,1
1971,78642.0,0,1,83,7.242082359256962,0.0,5.777652323222656,3.8501476017100584,3.58351893845611,2.8903717578961645,0.6931471805599453,1.6094379124341003,2.302585092994046,4,6,0.0,0.0,0.0,0.0,0.0,0.0,0.0,55,13,1,3,1816,18,0.0,4.6238828949202455,10,0.05555555555555555,24,0.0,0,0.0,0.6931471805599453,0.0,0.0,0,0.0,0.6931471805599453,0.0,0.0,0,0.0,0.0,0.0,0.0,0.0,1
1949,67911.0,0,1,63,6.272877006546167,0.0,5.877735781779639,4.1588830833596715,3.367295829986474,0.0,1.3862943611198906,1.9459101490553132,2.0794415416798357,11,3,0.0,0.0,0.0,0.0,0.0,0.0,0.0,77,12,1,3,976,27,0.0,3.6149139219576063,9,0.1111111111111111,30,0.0,0,0.0,0.6931471805599453,0.0,0.0,0,0.0,0.6931471805599453,0.0,0.0,1,0.0,0.0,0.0,0.0,0.0,1
1944,65275.0,0,0,9,5.963579343618446,2.70805020110221,5.389071729816501,4.5217885770490405,2.70805020110221,3.091042453358316,0.6931471805599453,1.6094379124341003,1.3862943611198906,13,2,0.0,0.0,0.0,0.0,0.0,0.0,0.0,82,13,0,2,746,21,0.0,3.5979643636438334,6,0.047619047619047616,23,0.0,1,0.0,0.0,0.0,0.0,1,0.0,0.0,0.0,0.0,1,0.0,0.0,0.0,0.0,0.0,1
1950,27203.0,1,1,92,2.6390573296152584,1.0986122886681098,3.091042453358316,1.6094379124341003,0.0,3.2188758248682006,1.0986122886681098,0.6931471805599453,0.6931471805599453,2,8,0.0,0.0,0.0,0.0,0.0,0.0,0.0,76,14,2,4,64,6,0.0,2.456735772821304,9,0.3333333333333333,14,0.0,1,0.0,0.0,0.0,0.0,0,0.0,0.6931471805599453,0.0,0.0,1,0.0,0.0,0.6931471805599453,0.0,0.0,0
1961,48330.0,0,1,2,3.367295829986474,0.0,1.6094379124341003,0.0,0.0,0.0,0.6931471805599453,0.6931471805599453,0.0,3,5,0.0,0.0,0.0,0.0,0.0,0.0,0.0,65,13,1,3,32,5,0.0,2.0014800002101243,6,0.2,10,0.0,0,0.6931471805599453,0.0,0.0,0.0,0,0.0,0.6931471805599453,0.0,0.0,1,0.0,0.0,0.0,0.0,0.0,1
1990,24279.0,0,0,6,2.833213344056216,3.6109179126442243,3.091042453358316,3.044522437723423,4.143134726391533,4.6913478822291435,0.6931471805599453,1.6094379124341003,0.6931471805599453,3,8,0.0,0.0,0.0,0.0,0.0,0.0,0.0,36,14,0,2,263,9,0.0,3.4085774889597777,12,0.1111111111111111,17,0.6931471805599453,0,0.0,0.0,0.0,0.0,1,0.0,0.0,0.0,0.0,0,0.6931471805599453,0.0,0.6931471805599453,0.0,0.0,0
1985,64355.0,1,0,66,6.954638864880987,0.0,4.948759890378168,4.219507705176107,3.6635616461296463,5.0369526024136295,1.0986122886681098,1.6094379124341003,1.3862943611198906,12,8,0.0,0.0,0.0,0.0,0.0,0.0,0.0,41,14,1,3,1445,21,0.0,4.245770444723174,12,0.09523809523809523,29,0.0,0,0.0,0.6931471805599453,0.0,0.0,1,0.0,0.0,0.0,0.0,1,0.0,0.0,0.0,0.0,0.0,1
1956,50943.0,0,1,49,3.4657359027997265,0.0,2.0794415416798357,1.0986122886681098,0.0,1.9459101490553132,0.6931471805599453,0.6931471805599453,0.0,3,5,0.0,0.0,0.0,0.0,0.0,0.0,0.0,70,13,1,3,46,5,0.0,2.322387720290225,6,0.2,10,0.0,0,0.6931471805599453,0.0,0.0,0.0,0,0.0,0.6931471805599453,0.0,0.0,1,0.0,0.0,0.0,0.0,0.0,1
1953,53653.0,0,0,29,6.704414354964107,2.3978952727983707,5.480638923341991,3.367295829986474,2.3978952727983707,4.6913478822291435,1.0986122886681098,2.3978952727983707,1.6094379124341003,12,6,0.0,0.0,0.0,0.0,0.0,0.0,0.0,73,14,0,1,1210,28,0.0,3.7890479430693373,16,0.07142857142857142,34,0.0,1,0.0,0.0,0.0,0.0,0,0.0,0.0,0.6931471805599453,0.0,1,0.0,0.0,0.0,0.0,0.0,1
1976,65665.0,0,1,77,5.420534999272286,5.093750200806762,5.961005339623274,4.672828834461906,3.6109179126442243,3.4011973816621555,0.6931471805599453,1.791759469228055,2.3978952727983707,8,3,0.0,0.0,0.0,0.0,0.0,0.0,0.0,50,13,1,3,945,24,0.0,3.6982107815428207,8,0.041666666666666664,27,0.0,1,0.0,0.0,0.0,0.0,1,0.0,0.0,0.0,0.0,0,0.0,0.0,0.0,0.6931471805599453,0.0,0
1989,81217.0,0,0,77,6.202535517187923,4.2626798770413155,5.783825182329737,4.990432586778736,3.713572066704308,4.442651256490317,0.6931471805599453,1.3862943611198906,2.0794415416798357,11,1,0.0,0.0,0.0,0.0,0.0,0.0,0.0,37,13,0,1,1157,22,0.0,3.981379447179055,4,0.045454545454545456,23,0.0,1,0.0,0.0,0.0,0.0,0,0.6931471805599453,0.0,0.0,0.0,1,0.0,0.0,0.0,0.0,0.0,1
1992,34935.0,0,0,71,3.5553480614894135,1.6094379124341003,4.204692619390966,1.3862943611198906,2.3978952727983707,3.044522437723423,0.6931471805599453,1.0986122886681098,0.6931471805599453,4,7,0.0,0.0,0.0,0.0,0.0,0.0,0.0,34,13,0,2,137,8,0.0,2.8972922007407385,9,0.125,15,0.0,1,0.0,0.0,0.0,0.0,1,0.0,0.0,0.0,0.0,1,0.0,0.0,0.0,0.6931471805599453,0.0,0
1959,61250.0,0,1,49,5.948034989180646,4.9344739331306915,4.189654742026425,4.110873864173311,3.295836866004329,4.0943445622221,1.9459101490553132,1.791759469228055,1.0986122886681098,12,5,0.0,0.0,0.0,0.0,0.0,0.0,0.0,67,14,1,2,730,25,0.0,3.407841924380824,10,0.24,30,0.0,1,0.0,0.0,0.0,0.6931471805599453,0,0.0,0.0,0.0,0.0,1,0.0,0.0,0.0,0.0,0.0,1
1981,39665.0,1,0,97,4.852030263919617,0.6931471805599453,4.04305126783455,0.0,0.6931471805599453,3.4657359027997265,1.3862943611198906,1.6094379124341003,1.0986122886681098,3,7,0.6931471805599453,0.0,0.0,0.0,0.0,0.0,0.0,45,13,1,3,216,12,0.6931471805599453,2.9444389791664403,11,0.25,19,0.0,0,0.0,0.6931471805599453,0.0,0.0,0,0.0,0.6931471805599453,0.0,0.0,0,0.6931471805599453,0.0,0.0,0.0,0.0,1
1979,60152.0,0,1,6,5.786897381366708,4.430816798843313,5.707110264748875,4.465908118654584,4.07753744390572,4.5217885770490405,0.6931471805599453,1.9459101490553132,1.6094379124341003,12,3,0.0,0.0,0.0,0.0,0.0,0.0,0.0,47,13,1,2,943,23,0.0,3.7376696182833684,9,0.043478260869565216,26,0.0,1,0.0,0.0,0.0,0.0,0,0.6931471805599453,0.0,0.0,0.0,1,0.0,0.0,0.0,0.0,0.0,1
1964,48920.0,0,2,93,5.476463551931511,2.8903717578961645,4.23410650459726,2.1972245773362196,2.3978952727983707,1.9459101490553132,1.3862943611198906,1.9459101490553132,1.0986122886681098,5,7,0.0,0.6931471805599453,0.0,0.0,0.0,0.0,0.0,62,13,2,4,347,16,0.6931471805599453,3.1218141120250698,13,0.1875,23,0.0,1,0.0,0.0,0.0,0.0,1,0.0,0.0,0.0,0.0,0,0.6931471805599453,0.0,0.0,0.0,0.0,1
1959,89120.0,0,0,78,7.063903961472068,4.532599493153256,6.013715156042802,4.290459441148391,4.867534450455582,4.02535169073515,0.6931471805599453,1.791759469228055,1.9459101490553132,7,1,0.0,0.0,0.6931471805599453,0.0,0.0,0.0,0.0,67,12,0,2,1924,19,0.6931471805599453,4.627549470210999,6,0.05263157894736842,20,0.0,0,0.6931471805599453,0.0,0.0,0.0,0,0.0,0.6931471805599453,0.0,0.0,1,0.0,0.0,0.0,0.0,0.0,1
1946,44124.0,0,1,62,5.652489180268651,0.0,4.02535169073515,0.0,1.9459101490553132,3.970291913552122,1.6094379124341003,1.9459101490553132,1.0986122886681098,5,8,0.0,0.0,0.0,0.0,0.0,0.0,0.0,80,13,1,3,397,17,0.0,3.1926526297690985,14,0.23529411764705882,25,0.0,0,0.0,0.6931471805599453,0.0,0.0,0,0.0,0.6931471805599453,0.0,0.0,0,0.6931471805599453,0.0,0.0,0.0,0.0,1
1975,81169.0,0,0,47,7.161622002939187,3.044522437723423,6.419994928147142,4.394449154672439,4.127134385045092,3.332204510175204,0.6931471805599453,1.791759469228055,2.0794415416798357,9,2,0.0,0.0,0.0,0.0,0.0,0.0,0.0,51,13,0,1,2089,22,0.0,4.563874594490005,7,0.045454545454545456,24,0.0,0,0.6931471805599453,0.0,0.0,0.0,0,0.6931471805599453,0.0,0.0,0.0,1,0.0,0.0,0.0,0.0,0.0,1
1961,36443.0,1,1,9,4.189654742026425,0.0,3.8501476017100584,1.6094379124341003,1.3862943611198906,3.044522437723423,1.6094379124341003,1.3862943611198906,0.6931471805599453,3,8,0.0,0.0,0.0,0.0,0.0,0.0,0.0,65,13,2,4,138,11,0.0,2.6060510331470885,11,0.36363636363636365,19,0.0,1,0.0,0.0,0.0,0.0,1,0.0,0.0,0.0,0.0,0,0.6931471805599453,0.0,0.0,0.0,0.0,1
1990,26095.0,1,0,77,2.4849066497880004,2.0794415416798357,2.302585092994046,1.3862943611198906,0.6931471805599453,2.4849066497880004,0.6931471805599453,0.6931471805599453,0.0,3,7,0.0,0.0,0.0,0.0,0.0,0.0,0.0,36,13,1,2,42,5,0.0,2.2407096892759584,8,0.2,12,0.0,1,0.0,0.0,0.0,0.0,0,0.6931471805599453,0.0,0.0,0.0,1,0.0,0.0,0.0,0.0,0.0,1
1959,71367.0,0,0,24,5.429345628954441,3.1780538303479458,5.966146739123692,3.7612001156935624,3.091042453358316,4.330733340286331,0.6931471805599453,1.6094379124341003,1.791759469228055,7,2,0.0,0.0,0.0,0.0,0.0,0.0,0.0,67,13,0,2,777,17,0.0,3.8438701171909195,6,0.058823529411764705,19,0.0,1,0.0,0.0,0.0,0.0,0,0.0,0.6931471805599453,0.0,0.0,1,0.0,0.0,0.0,0.6931471805599453,0.0,0
1944,80184.0,0,0,19,6.943122422819428,4.90527477843843,6.508769136971682,3.258096538021482,3.6635616461296463,0.0,0.6931471805599453,1.9459101490553132,1.3862943611198906,10,3,0.0,0.0,0.6931471805599453,0.6931471805599453,0.0,0.0,0.0,82,12,0,2,1902,20,1.0986122886681098,4.565389315976247,9,0.05,23,0.0,0,0.6931471805599453,0.0,0.0,0.0,1,0.0,0.0,0.0,0.0,1,0.0,0.0,0.0,0.0,0.0,1
1965,30630.0,1,1,67,3.332204510175204,0.6931471805599453,2.5649493574615367,1.0986122886681098,0.0,2.3978952727983707,1.0986122886681098,1.0986122886681098,0.0,3,7,0.0,0.0,0.0,0.0,0.0,0.0,0.0,61,12,2,3,52,7,0.0,2.1316272948504063,9,0.2857142857142857,14,0.0,1,0.0,0.0,0.0,0.6931471805599453,0,0.0,0.0,0.0,0.0,1,0.0,0.0,0.0,0.0,0.0,1
1987,73454.0,0,0,95,6.890609120147166,4.30406509320417,5.863631175598097,4.04305126783455,2.70805020110221,5.170483995038151,0.6931471805599453,1.0986122886681098,1.6094379124341003,6,5,0.6931471805599453,0.0,0.0,0.0,0.0,0.0,0.0,39,12,0,1,1651,13,0.6931471805599453,4.852030263919617,7,0.07692307692307693,18,0.0,0,0.6931471805599453,0.0,0.0,0.0,0,0.6931471805599453,0.0,0.0,0.0,1,0.0,0.0,0.0,0.0,0.0,1
1991,42691.0,0,0,48,5.19295685089021,1.0986122886681098,4.174387269895637,3.6635616461296463,2.8903717578961645,4.07753744390572,0.6931471805599453,1.791759469228055,0.6931471805599453,6,5,0.0,0.0,0.0,0.0,0.0,0.0,0.0,35,13,0,2,358,13,0.0,3.3512527051458987,10,0.07692307692307693,18,0.0,1,0.0,0.0,0.0,0.0,1,0.0,0.0,0.0,0.0,1,0.0,0.0,0.0,0.0,0.0,1
1953,70503.0,0,0,73,7.22983877815125,3.5263605246161616,5.37989735354046,0.0,3.5263605246161616,4.204692619390966,0.6931471805599453,1.0986122886681098,1.6094379124341003,9,6,0.0,0.6931471805599453,0.6931471805599453,0.0,0.0,0.0,0.0,73,14,0,2,1727,16,1.0986122886681098,4.690774323280239,8,0.0625,22,0.0,1,0.0,0.0,0.0,0.0,1,0.0,0.0,0.0,0.0,1,0.0,0.0,0.0,0.0,0.0,1
1987,25545.0,1,0,35,3.4965075614664802,0.6931471805599453,4.174387269895637,2.833213344056216,2.5649493574615367,4.454347296253507,1.3862943611198906,1.0986122886681098,1.0986122886681098,3,6,0.0,0.0,0.0,0.0,0.0,0.0,0.6931471805599453,39,14,1,3,210,10,0.6931471805599453,3.091042453358316,8,0.3,16,0.0,1,0.0,0.0,0.0,0.0,1,0.0,0.0,0.0,0.0,1,0.0,0.0,0.6931471805599453,0.0,0.0,0
1986,32880.0,1,0,76,2.1972245773362196,1.6094379124341003,2.772588722239781,2.0794415416798357,1.9459101490553132,1.0986122886681098,0.6931471805599453,0.6931471805599453,0.0,3,8,0.0,0.0,0.0,0.0,0.0,0.0,0.0,40,14,1,3,42,5,0.0,2.2407096892759584,9,0.2,13,0.0,1,0.0,0.0,0.0,0.0,1,0.0,0.0,0.0,0.0,1,0.0,0.0,0.0,0.6931471805599453,0.0,0
1958,77863.0,0,0,20,6.782192056006791,3.6635616461296463,5.768320995793772,2.833213344056216,3.258096538021482,2.5649493574615367,0.6931471805599453,1.6094379124341003,1.791759469228055,10,2,0.0,0.0,0.0,0.0,0.0,0.0,0.0,68,13,0,2,1291,20,0.0,4.182813210209709,6,0.05,22,0.0,0,0.0,0.6931471805599453,0.0,0.0,0,0.0,0.6931471805599453,0.0,0.0,1,0.0,0.0,0.0,0.0,0.0,1
1977,50353.0,0,0,72,4.955827057601261,2.772588722239781,5.0369526024136295,4.219507705176107,3.4657359027997265,3.58351893845611,0.6931471805599453,1.6094379124341003,1.6094379124341003,6,3,0.0,0.0,0.0,0.0,0.0,0.0,0.0,49,12,0,2,442,15,0.0,3.4166331897919946,7,0.06666666666666667,18,0.0,0,0.6931471805599453,0.0,0.0,0.0,1,0.0,0.0,0.0,0.0,1,0.0,0.0,0.0,0.6931471805599453,0.0,0
1964,61839.0,0,0,20,6.90875477931522,5.049856007249537,5.940171252720432,5.41610040220442,2.8903717578961645,4.795790545596741,0.6931471805599453,1.6094379124341003,2.1972245773362196,4,8,0.0,0.0,0.0,0.0,0.0,0.0,0.0,62,14,0,1,1895,17,0.0,4.72269174955513,12,0.058823529411764705,25,0.0,1,0.0,0.0,0.0,0.0,0,0.6931471805599453,0.0,0.0,0.0,0,0.0,0.0,0.0,0.0,0.0,1
1960,49154.0,1,1,69,5.332718793265369,2.3978952727983707,4.219507705176107,3.4339872044851463,3.332204510175204,4.276666119016055,1.9459101490553132,1.6094379124341003,0.6931471805599453,8,6,0.0,0.0,0.0,0.0,0.0,0.0,0.0,66,13,2,4,411,19,0.0,3.1193462295211676,10,0.3157894736842105,25,0.0,0,0.0,0.6931471805599453,0.0,0.0,1,0.0,0.0,0.0,0.0,1,0.0,0.0,0.0,0.0,0.0,1
1975,47682.0,0,1,80,5.093750200806762,4.127134385045092,4.430816798843313,4.584967478670572,4.060443010546419,4.127134385045092,1.6094379124341003,1.6094379124341003,1.3862943611198906,8,5,0.0,0.0,0.0,0.0,0.0,0.0,0.0,51,13,1,2,521,19,0.0,3.3471301603918797,9,0.21052631578947367,24,0.0,0,0.0,0.0,0.0,0.0,0,0.0,0.0,0.6931471805599453,0.0,1,0.0,0.0,0.0,0.0,0.0,1
1969,72679.0,0,1,65,6.429719478039138,4.007333185232471,5.564520407322694,4.852030263919617,4.007333185232471,4.007333185232471,0.6931471805599453,1.6094379124341003,2.0794415416798357,5,1,0.0,0.0,0.0,0.0,0.0,0.0,0.0,57,13,1,2,1168,17,0.0,4.244284709513016,5,0.058823529411764705,18,0.0,1,0.0,0.0,0.0,0.0,0,0.6931471805599453,0.0,0.0,0.0,0,0.0,0.0,0.0,0.0,0.0,1
1977,57954.0,1,1,52,6.124683390894205,1.6094379124341003,3.2188758248682006,0.0,0.0,2.302585092994046,2.0794415416798357,2.1972245773362196,1.0986122886681098,6,7,0.0,0.6931471805599453,0.0,0.0,0.0,0.0,0.0,49,12,2,4,493,23,0.6931471805599453,3.110612549552413,15,0.30434782608695654,30,0.0,0,0.6931471805599453,0.0,0.0,0.0,0,0.0,0.6931471805599453,0.0,0.0,0,0.6931471805599453,0.0,0.0,0.0,0.0,1
1962,65316.0,1,1,65,4.727387818712341,1.9459101490553132,4.532599493153256,1.3862943611198906,2.302585092994046,3.6635616461296463,1.0986122886681098,1.3862943611198906,1.0986122886681098,5,4,0.0,0.0,0.0,0.0,0.0,0.0,0.0,64,13,2,4,260,12,0.0,3.120895416507997,7,0.16666666666666666,16,0.0,1,0.0,0.0,0.0,0.0,1,0.0,0.0,0.0,0.0,1,0.0,0.0,0.0,0.0,0.0,1
1982,28567.0,1,0,57,2.4849066497880004,1.3862943611198906,3.1354942159291497,1.0986122886681098,1.0986122886681098,1.9459101490553132,1.0986122886681098,1.0986122886681098,0.0,3,6,0.0,0.0,0.0,0.0,0.0,0.0,0.0,44,13,1,2,46,7,0.0,2.0243817644968085,8,0.2857142857142857,13,0.0,1,0.0,0.0,0.0,0.0,0,0.6931471805599453,0.0,0.0,0.0,1,0.0,0.0,0.0,0.6931471805599453,0.0,0
1951,47352.0,0,1,70,5.153291594497779,2.5649493574615367,4.727387818712341,2.1972245773362196,0.0,2.772588722239781,1.6094379124341003,1.9459101490553132,0.6931471805599453,5,7,0.0,0.0,0.0,0.0,0.0,0.0,0.0,75,13,1,3,319,16,0.0,3.041541809585285,13,0.25,23,0.0,0,0.6931471805599453,0.0,0.0,0.0,0,0.0,0.6931471805599453,0.0,0.0,0,0.6931471805599453,0.0,0.0,0.0,0.0,1
1967,44931.0,0,1,0,4.3694478524670215,0.0,2.4849066497880004,0.0,0.0,2.0794415416798357,0.6931471805599453,1.0986122886681098,0.6931471805599453,3,5,0.0,0.0,0.0,0.0,0.0,0.0,0.0,59,12,1,3,96,7,0.0,2.6888188391743224,7,0.14285714285714285,12,0.0,1,0.0,0.0,0.0,0.0,0,0.0,0.6931471805599453,0.0,0.0,1,0.0,0.0,0.0,0.0,0.0,1
1967,76982.0,0,0,19,6.142037405587356,5.0238805208462765,5.680172609017068,4.189654742026425,4.110873864173311,3.4339872044851463,0.6931471805599453,2.1972245773362196,1.3862943611198906,4,4,0.0,0.0,0.6931471805599453,0.0,0.0,0.0,0.6931471805599453,59,12,0,1,1062,16,1.0986122886681098,4.210274029229161,12,0.0625,20,0.0,1,0.0,0.0,0.0,0.6931471805599453,0,0.0,0.0,0.0,0.0,0,0.6931471805599453,0.0,0.0,0.0,0.0,1
1952,57247.0,0,1,50,4.605170185988092,1.6094379124341003,3.4965075614664802,3.6375861597263857,4.007333185232471,1.9459101490553132,1.0986122886681098,1.0986122886681098,0.6931471805599453,7,2,0.0,0.0,0.0,0.0,0.0,0.0,0.0,74,13,1,3,232,12,0.0,3.0122615755052013,4,0.16666666666666666,14,0.0,0,0.0,0.0,0.0,0.0,0,0.0,0.6931471805599453,0.0,0.0,1,0.0,0.0,0.0,0.0,0.0,1
1981,22944.0,1,0,67,2.995732273553991,1.3862943611198906,2.995732273553991,1.6094379124341003,1.791759469228055,3.295836866004329,1.3862943611198906,1.3862943611198906,0.0,3,7,0.0,0.0,0.0,0.0,0.0,0.0,0.0,45,13,1,2,76,9,0.0,2.245426679154097,10,0.3333333333333333,16,0.0,0,0.6931471805599453,0.0,0.0,0.0,0,0.6931471805599453,0.0,0.0,0.0,0,0.6931471805599453,0.0,0.6931471805599453,0.0,0.0,0
1977,25315.0,1,0,46,0.6931471805599453,2.302585092994046,2.1972245773362196,2.4849066497880004,1.3862943611198906,3.1354942159291497,1.3862943611198906,1.3862943611198906,0.0,3,8,0.0,0.0,0.0,0.0,0.0,0.0,0.0,49,13,1,3,54,9,0.0,1.9459101490553132,11,0.3333333333333333,17,0.0,0,0.0,0.0,0.0,0.0,0,0.0,0.6931471805599453,0.0,0.0,0,0.6931471805599453,0.0,0.6931471805599453,0.0,0.0,0
1969,43638.0,0,1,37,4.1588830833596715,2.3978952727983707,4.430816798843313,2.0794415416798357,2.995732273553991,2.995732273553991,1.0986122886681098,1.6094379124341003,0.6931471805599453,4,7,0.0,0.0,0.0,0.0,0.0,0.0,0.0,57,14,1,2,201,11,0.0,2.958691001873642,11,0.18181818181818182,18,0.0,1,0.0,0.0,0.0,0.0,0,0.0,0.0,0.6931471805599453,0.0,0,0.6931471805599453,0.0,0.0,0.6931471805599453,0.0,0
1984,42710.0,1,0,38,5.53338948872752,1.3862943611198906,3.7612001156935624,1.6094379124341003,1.3862943611198906,4.634728988229636,1.0986122886681098,1.6094379124341003,1.791759469228055,3,6,0.0,0.0,0.0,0.0,0.0,0.0,0.0,42,14,1,2,406,14,0.0,3.4011973816621555,10,0.14285714285714285,20,0.0,0,0.0,0.6931471805599453,0.0,0.0,0,0.6931471805599453,0.0,0.0,0.0,0,0.0,0.0,0.0,0.0,0.0,1
1982,84169.0,0,0,9,7.2991214627108,2.995732273553991,6.0014148779611505,0.0,2.995732273553991,0.0,0.6931471805599453,2.0794415416798357,1.9459101490553132,6,3,0.0,0.6931471805599453,0.6931471805599453,0.0,0.0,0.0,0.6931471805599453,44,13,0,2,1919,20,1.3862943611198906,4.574195381688661,10,0.05,23,0.0,0,0.0,0.6931471805599453,0.0,0.0,1,0.0,0.0,0.0,0.0,0,0.6931471805599453,0.0,0.0,0.0,0.0,1
1976,54058.0,0,1,56,5.293304824724492,2.9444389791664403,5.53338948872752,3.4965075614664802,4.6913478822291435,4.007333185232471,1.0986122886681098,1.6094379124341003,1.9459101490553132,8,3,0.0,0.0,0.0,0.0,0.0,0.0,0.0,50,13,1,3,662,20,0.0,3.529297384289471,7,0.1,23,0.0,1,0.0,0.0,0.0,0.0,0,0.0,0.6931471805599453,0.0,0.0,1,0.0,0.0,0.0,0.6931471805599453,0.0,0
1990,24683.0,1,0,98,2.1972245773362196,1.6094379124341003,2.3978952727983707,1.9459101490553132,2.0794415416798357,1.9459101490553132,1.0986122886681098,1.0986122886681098,0.0,4,5,0.0,0.0,0.0,0.0,0.0,0.0,0.0,36,12,1,3,41,8,0.0,1.8123787564307907,7,0.25,13,0.0,0,0.0,0.0,0.0,0.0,1,0.0,0.0,0.0,0.0,1,0.0,0.0,0.0,0.6931471805599453,0.0,0
1964,85620.0,0,0,68,6.0330862217988015,3.8501476017100584,6.8308742346461795,4.110873864173311,4.68213122712422,3.8501476017100584,0.6931471805599453,1.3862943611198906,1.9459101490553132,4,1,0.0,0.0,0.0,0.0,0.0,0.0,0.6931471805599453,62,12,0,1,1600,14,0.6931471805599453,4.747413519214636,4,0.07142857142857142,15,0.0,1,0.0,0.0,0.0,0.0,0,0.0,0.0,0.6931471805599453,0.0,0,0.0,0.0,0.0,0.6931471805599453,0.0,0
1980,47850.0,1,0,72,3.7612001156935624,2.0794415416798357,3.784189633918261,3.044522437723423,2.5649493574615367,2.3978952727983707,0.6931471805599453,1.3862943611198906,0.0,4,6,0.0,0.0,0.0,0.0,0.0,0.0,0.0,46,13,1,3,134,8,0.0,2.8763855159214247,9,0.125,14,0.0,1,0.0,0.0,0.0,0.0,1,0.0,0.0,0.0,0.0,1,0.0,0.0,0.0,0.6931471805599453,0.0,0
1968,19514.0,1,1,47,2.70805020110221,1.3862943611198906,3.091042453358316,1.0986122886681098,0.6931471805599453,3.367295829986474,1.6094379124341003,1.3862943611198906,0.6931471805599453,2,8,0.6931471805599453,0.0,0.0,0.0,0.0,0.0,0.6931471805599453,58,12,2,4,69,10,1.0986122886681098,2.066862759472976,11,0.4,18,0.0,1,0.0,0.0,0.0,0.0,1,0.0,0.0,0.0,0.0,0,0.6931471805599453,0.0,0.6931471805599453,0.0,0.0,0
1973,27159.0,1,1,33,2.8903717578961645,0.0,1.3862943611198906,0.0,0.0,0.6931471805599453,1.0986122886681098,0.6931471805599453,0.0,3,6,0.0,0.0,0.0,0.0,0.0,0.0,0.0,53,12,2,4,21,6,0.0,1.5040773967762742,7,0.3333333333333333,12,0.0,0,0.6931471805599453,0.0,0.0,0.0,1,0.0,0.0,0.0,0.0,1,0.0,0.0,0.0,0.0,0.0,1
1963,39548.0,1,1,87,2.772588722239781,1.6094379124341003,2.3978952727983707,1.3862943611198906,1.6094379124341003,2.9444389791664403,1.0986122886681098,0.6931471805599453,0.6931471805599453,3,3,0.0,0.0,0.0,0.0,0.0,0.0,0.0,63,12,2,3,54,7,0.0,2.164963715117998,4,0.2857142857142857,10,0.0,0,0.0,0.0,0.0,0.0,0,0.6931471805599453,0.0,0.0,0.0,1,0.0,0.0,0.6931471805599453,0.0,0.0,0
1989,21474.0,1,0,0,1.9459101490553132,2.833213344056216,3.2188758248682006,2.4849066497880004,0.0,3.5553480614894135,1.0986122886681098,1.3862943611198906,0.6931471805599453,2,7,0.6931471805599453,0.0,0.0,0.0,0.0,0.0,0.6931471805599453,37,12,1,2,91,8,1.0986122886681098,2.515678308454754,10,0.25,15,0.0,1,0.0,0.0,0.0,0.0,0,0.6931471805599453,0.0,0.0,0.0,0,0.6931471805599453,0.0,0.6931471805599453,0.0,0.0,0
1971,60504.0,0,1,73,6.129050210060545,0.0,3.2188758248682006,1.9459101490553132,1.6094379124341003,3.5553480614894135,1.0986122886681098,1.9459101490553132,1.0986122886681098,8,6,0.0,0.0,0.0,0.0,0.0,0.0,0.0,55,12,1,2,526,18,0.0,3.4085774889597777,12,0.1111111111111111,24,0.0,0,0.0,0.6931471805599453,0.0,0.0,0,0.6931471805599453,0.0,0.0,0.0,1,0.0,0.0,0.0,0.0,0.0,1
1963,22419.0,0,0,74,3.4339872044851463,1.3862943611198906,3.871201010907891,2.995732273553991,3.091042453358316,3.7612001156935624,0.6931471805599453,1.3862943611198906,1.0986122886681098,2,8,0.0,0.0,0.0,0.0,0.0,0.0,0.0,63,13,0,2,162,8,0.0,3.056356895370426,11,0.125,16,0.0,1,0.0,0.0,0.0,0.0,1,0.0,0.0,0.0,0.0,0,0.6931471805599453,0.0,0.0,0.6931471805599453,0.0,0
1949,81698.0,0,0,4,5.19295685089021,3.367295829986474,6.255750041753367,4.718498871295094,4.820281565605037,3.871201010907891,0.6931471805599453,1.3862943611198906,2.1972245773362196,13,1,0.0,0.0,0.0,0.0,0.0,0.0,0.6931471805599453,77,13,0,2,1008,25,0.6931471805599453,3.721346644251438,4,0.04,26,0.0,0,0.6931471805599453,0.0,0.0,0.0,1,0.0,0.0,0.0,0.0,1,0.0,0.0,0.0,0.6931471805599453,0.0,0
1952,43462.0,1,1,50,4.51085950651685,2.8903717578961645,4.584967478670572,2.772588722239781,1.9459101490553132,2.772588722239781,1.9459101490553132,1.6094379124341003,0.6931471805599453,5,8,0.0,0.0,0.0,0.0,0.0,0.0,0.0,74,14,2,4,240,16,0.0,2.772588722239781,12,0.375,24,0.0,1,0.0,0.0,0.0,0.0,0,0.0,0.6931471805599453,0.0,0.0,1,0.0,0.0,0.0,0.6931471805599453,0.0,0
1978,54880.0,1,0,57,5.733341276897746,4.454347296253507,4.927253685157205,4.634728988229636,3.828641396489095,4.77912349311153,1.0986122886681098,1.9459101490553132,1.0986122886681098,11,5,0.0,0.0,0.0,0.0,0.0,0.0,0.0,48,13,1,2,795,21,0.0,3.659891917240684,11,0.09523809523809523,26,0.0,0,0.0,0.6931471805599453,0.0,0.0,0,0.6931471805599453,0.0,0.0,0.0,1,0.0,0.0,0.0,0.0,0.0,1
1982,79908.0,0,0,30,6.324358962381311,4.867534450455582,6.635946555686647,3.4011973816621555,5.225746673713202,4.718498871295094,0.6931471805599453,1.791759469228055,1.9459101490553132,7,2,0.0,0.0,0.6931471805599453,0.0,0.0,0.0,0.0,44,13,0,2,1772,19,0.6931471805599453,4.546090422894271,7,0.05263157894736842,21,0.0,1,0.0,0.0,0.0,0.0,1,0.0,0.0,0.0,0.0,1,0.0,0.0,0.0,0.6931471805599453,0.0,0
1970,15315.0,0,0,27,2.0794415416798357,1.6094379124341003,2.6390573296152584,2.772588722239781,2.1972245773362196,2.8903717578961645,1.0986122886681098,1.0986122886681098,0.0,4,5,0.0,0.0,0.0,0.0,0.0,0.0,0.0,56,13,0,2,64,8,0.0,2.1972245773362196,7,0.25,13,0.0,0,0.0,0.0,0.0,0.0,1,0.0,0.0,0.0,0.0,1,0.0,0.0,0.6931471805599453,0.0,0.0,0
1959,87771.0,0,1,61,7.30854279753919,3.6635616461296463,5.662960480135946,3.9318256327243257,4.060443010546419,3.5263605246161616,0.6931471805599453,1.791759469228055,2.3978952727983707,4,6,0.0,0.6931471805599453,0.6931471805599453,0.6931471805599453,0.6931471805599453,0.0,0.6931471805599453,67,13,1,3,1957,20,1.791759469228055,4.593603549616626,11,0.05,26,0.0,1,0.0,0.0,0.0,0.0,0,0.0,0.6931471805599453,0.0,0.0,0,0.0,0.0,0.0,0.0,0.0,1
1978,33039.0,1,0,4,3.4339872044851463,2.1972245773362196,2.5649493574615367,2.1972245773362196,2.1972245773362196,2.5649493574615367,0.6931471805599453,1.0986122886681098,0.0,4,5,0.0,0.0,0.0,0.0,0.0,0.0,0.0,48,13,1,3,78,7,0.0,2.496741107435003,7,0.14285714285714285,12,0.0,1,0.0,0.0,0.0,0.0,1,0.0,0.0,0.0,0.0,1,0.0,0.0,0.0,0.0,0.0,1
1980,81741.0,0,0,75,5.521460917862246,5.0369526024136295,6.846943139585379,4.07753744390572,4.90527477843843,3.6635616461296463,0.0,1.9459101490553132,1.9459101490553132,7,2,0.0,0.0,0.0,0.0,0.0,0.0,0.0,46,13,0,1,1572,19,0.0,4.4276790491713465,8,0.0,21,0.0,1,0.0,0.0,0.0,0.0,0,0.6931471805599453,0.0,0.0,0.0,1,0.0,0.0,0.0,0.6931471805599453,0.0,0
1971,71499.0,0,1,12,6.144185634125646,3.258096538021482,4.890349128221754,4.919980925828125,0.0,3.6375861597263857,1.0986122886681098,2.1972245773362196,1.3862943611198906,13,4,0.0,0.0,0.0,0.0,0.0,0.0,0.0,55,13,1,3,795,26,0.0,3.452426571430946,12,0.07692307692307693,30,0.0,0,0.6931471805599453,0.0,0.0,0.0,0,0.0,0.6931471805599453,0.0,0.0,1,0.0,0.0,0.0,0.0,0.0,1
1970,62466.0,0,1,13,4.867534450455582,4.867534450455582,5.560681631015528,5.1298987149230735,4.804021044733257,4.430816798843313,1.791759469228055,1.9459101490553132,1.3862943611198906,12,4,0.0,0.0,0.0,0.0,0.0,0.0,0.0,56,12,1,3,889,26,0.0,3.5608275272540393,10,0.19230769230769232,30,0.0,0,0.0,0.0,0.0,0.0,1,0.0,0.0,0.0,0.0,1,0.0,0.0,0.0,0.6931471805599453,0.0,0
1963,48799.0,0,1,9,5.1647859739235145,2.9444389791664403,4.406719247264253,3.367295829986474,1.9459101490553132,3.2188758248682006,1.3862943611198906,1.3862943611198906,1.0986122886681098,7,3,0.0,0.0,0.0,0.0,0.0,0.0,0.0,63,13,1,2,331,15,0.0,3.138388573955514,6,0.2,18,0.0,0,0.0,0.6931471805599453,0.0,0.6931471805599453,0,0.0,0.0,0.0,0.0,1,0.0,0.0,0.0,0.0,0.0,1
1950,52157.0,0,1,48,5.247024072160486,1.0986122886681098,3.4011973816621555,1.3862943611198906,1.0986122886681098,3.713572066704308,1.0986122886681098,1.3862943611198906,1.0986122886681098,5,4,0.0,0.0,0.0,0.0,0.0,0.0,0.0,76,12,1,3,265,12,0.0,3.139110856399338,7,0.16666666666666666,16,0.0,0,0.0,0.6931471805599453,0.0,0.0,0,0.0,0.6931471805599453,0.0,0.0,1,0.0,0.0,0.0,0.0,0.0,1
1962,66565.0,0,1,80,6.617402977974478,2.3978952727983707,5.087596335232384,4.189654742026425,3.713572066704308,3.7612001156935624,1.6094379124341003,1.6094379124341003,1.0986122886681098,9,8,0.0,0.0,0.0,0.0,0.0,0.0,0.0,64,14,1,2,1065,19,0.0,4.043974202833151,12,0.21052631578947367,27,0.0,1,0.0,0.0,0.0,0.0,0,0.6931471805599453,0.0,0.0,0.0,1,0.0,0.0,0.0,0.0,0.0,1
1951,29298.0,1,1,60,1.9459101490553132,0.0,1.0986122886681098,1.0986122886681098,0.0,0.6931471805599453,0.6931471805599453,0.6931471805599453,0.0,2,5,0.0,0.0,0.0,0.0,0.0,0.0,0.0,75,13,2,4,11,4,0.0,1.3217558399823195,6,0.25,9,0.0,0,0.6931471805599453,0.0,0.0,0.0,0,0.0,0.6931471805599453,0.0,0.0,1,0.0,0.0,0.0,0.0,0.0,1
1979,47691.0,0,1,43,2.70805020110221,0.0,1.3862943611198906,0.0,0.0,1.6094379124341003,0.6931471805599453,0.6931471805599453,0.0,2,6,0.0,0.0,0.0,0.0,0.0,0.0,0.0,47,13,1,2,21,4,0.0,1.8325814637483102,7,0.25,10,0.0,1,0.0,0.0,0.0,0.0,0,0.6931471805599453,0.0,0.0,0.0,1,0.0,0.0,0.0,0.0,0.0,1
1970,38200.0,1,1,19,2.5649493574615367,0.0,1.6094379124341003,0.0,0.0,0.6931471805599453,0.6931471805599453,0.6931471805599453,0.0,2,7,0.0,0.0,0.0,0.0,0.0,0.0,0.0,56,14,2,4,17,4,0.0,1.6582280766035324,8,0.25,11,0.0,1,0.0,0.0,0.0,0.0,0,0.0,0.6931471805599453,0.0,0.0,1,0.0,0.0,0.0,0.0,0.0,1
1974,44989.0,0,1,26,4.59511985013459,0.0,4.672828834461906,3.912023005428146,2.3978952727983707,4.672828834461906,1.791759469228055,1.791759469228055,0.6931471805599453,5,6,0.0,0.0,0.0,0.0,0.0,0.0,0.0,52,14,1,3,369,16,0.0,3.180654612048003,11,0.3125,22,0.0,1,0.0,0.0,0.0,0.0,1,0.0,0.0,0.0,0.0,0,0.6931471805599453,0.0,0.0,0.6931471805599453,0.0,0
1968,38443.0,1,1,58,3.4965075614664802,0.0,1.791759469228055,0.0,0.0,0.6931471805599453,1.0986122886681098,0.6931471805599453,0.0,3,7,0.0,0.0,0.0,0.0,0.0,0.0,0.0,58,12,2,4,38,6,0.0,1.992430164690206,8,0.3333333333333333,13,0.0,0,0.0,0.6931471805599453,0.0,0.0,1,0.0,0.0,0.0,0.0,1,0.0,0.0,0.0,0.0,0.0,1
1978,38593.0,1,0,42,3.9512437185814275,2.5649493574615367,3.912023005428146,2.8903717578961645,3.2188758248682006,3.2188758248682006,1.3862943611198906,1.6094379124341003,0.6931471805599453,3,8,0.0,0.0,0.0,0.0,0.0,0.0,0.0,48,13,1,2,177,11,0.0,2.8385466900315786,12,0.2727272727272727,19,0.0,0,0.0,0.0,0.0,0.0,0,0.6931471805599453,0.0,0.0,0.0,0,0.6931471805599453,0.0,0.0,0.0,0.0,1
1970,64413.0,0,1,27,5.303304908059076,1.791759469228055,3.8066624897703196,0.0,2.3978952727983707,3.044522437723423,0.6931471805599453,1.791759469228055,0.6931471805599453,5,5,0.0,0.0,0.0,0.0,0.0,0.0,0.0,56,13,1,3,279,12,0.0,3.188416617383492,10,0.08333333333333333,17,0.0,0,0.0,0.6931471805599453,0.0,0.0,0,0.0,0.6931471805599453,0.0,0.0,0,0.6931471805599453,0.0,0.0,0.0,0.0,1
1981,36959.0,1,0,56,3.258096538021482,1.9459101490553132,3.258096538021482,1.9459101490553132,0.0,0.0,1.0986122886681098,1.0986122886681098,0.0,3,8,0.0,0.0,0.0,0.0,0.0,0.0,0.0,45,13,1,3,62,7,0.0,2.2881963555419462,10,0.2857142857142857,15,0.0,0,0.6931471805599453,0.0,0.0,0.0,1,0.0,0.0,0.0,0.0,1,0.0,0.0,0.0,0.0,0.0,1
1977,61996.0,0,1,27,6.957497370876951,2.5649493574615367,4.976733742420574,0.0,0.0,3.2188758248682006,1.3862943611198906,1.9459101490553132,1.6094379124341003,8,5,0.0,0.6931471805599453,0.0,0.6931471805599453,0.6931471805599453,0.0,0.6931471805599453,49,13,1,3,1230,21,1.6094379124341003,4.087176072743488,11,0.14285714285714285,26,0.0,0,0.0,0.6931471805599453,0.0,0.0,1,0.0,0.0,0.0,0.0,1,0.0,0.0,0.0,0.0,0.0,1
1968,51287.0,1,1,10,4.770684624465665,0.0,3.1354942159291497,2.6390573296152584,0.0,3.4339872044851463,1.3862943611198906,1.6094379124341003,0.6931471805599453,3,7,0.0,0.0,0.0,0.0,0.0,0.0,0.0,58,12,2,4,182,11,0.0,2.864794916106515,11,0.2727272727272727,18,0.0,1,0.0,0.0,0.0,0.0,1,0.0,0.0,0.0,0.0,0,0.6931471805599453,0.0,0.0,0.0,0.0,1
1970,13260.0,1,1,48,2.302585092994046,1.6094379124341003,2.8903717578961645,2.3978952727983707,1.0986122886681098,2.0794415416798357,1.6094379124341003,1.3862943611198906,0.0,3,8,0.0,0.0,0.0,0.0,0.0,0.0,0.0,56,13,2,4,49,10,0.0,1.7749523509116738,11,0.4,18,0.0,1,0.0,0.0,0.0,0.0,1,0.0,0.0,0.0,0.0,0,0.6931471805599453,0.0,0.0,0.6931471805599453,0.0,0
1966,47472.0,1,1,39,4.04305126783455,0.0,2.4849066497880004,0.0,0.0,2.1972245773362196,1.0986122886681098,1.0986122886681098,0.0,4,5,0.0,0.0,0.0,0.0,0.0,0.0,0.0,60,13,2,4,75,8,0.0,2.339399066116762,7,0.25,13,0.0,0,0.0,0.6931471805599453,0.0,0.0,0,0.0,0.6931471805599453,0.0,0.0,1,0.0,0.0,0.0,0.0,0.0,1
1956,54603.0,1,1,85,4.983606621708336,2.6390573296152584,3.8501476017100584,2.8903717578961645,1.0986122886681098,1.6094379124341003,1.9459101490553132,1.6094379124341003,1.0986122886681098,4,7,0.0,0.0,0.0,0.0,0.0,0.0,0.0,70,13,2,4,227,16,0.0,2.720472721100767,11,0.375,23,0.0,0,0.6931471805599453,0.0,0.0,0.0,0,0.0,0.6931471805599453,0.0,0.0,0,0.6931471805599453,0.0,0.0,0.0,0.0,1
1974,45207.0,1,1,64,5.318119993844216,0.0,2.3978952727983707,0.0,0.0,1.0986122886681098,1.791759469228055,1.3862943611198906,0.6931471805599453,6,6,0.0,0.6931471805599453,0.0,0.0,0.0,0.0,0.0,52,14,2,4,215,15,0.6931471805599453,2.7300291078209855,9,0.3333333333333333,21,0.0,0,0.0,0.6931471805599453,0.0,0.0,1,0.0,0.0,0.0,0.0,1,0.0,0.0,0.0,0.0,0.0,1
1951,40689.0,0,1,69,5.602118820879701,1.3862943611198906,3.332204510175204,3.6888794541139363,1.9459101490553132,4.605170185988092,2.0794415416798357,2.0794415416798357,0.6931471805599453,5,8,0.0,0.0,0.0,0.0,0.0,0.0,0.0,75,13,1,3,444,20,0.0,3.1441522786722644,15,0.35,28,0.0,1,0.0,0.0,0.0,0.0,0,0.0,0.6931471805599453,0.0,0.0,0,0.6931471805599453,0.0,0.0,0.0,0.0,1
1967,47821.0,1,1,54,2.302585092994046,0.0,2.833213344056216,1.9459101490553132,1.9459101490553132,2.3978952727983707,0.6931471805599453,0.6931471805599453,0.0,3,8,0.0,0.0,0.0,0.0,0.0,0.0,0.0,59,13,2,4,47,5,0.0,2.341805806147327,9,0.2,13,0.0,0,0.0,0.0,0.0,0.0,0,0.0,0.6931471805599453,0.0,0.0,1,0.0,0.0,0.0,0.6931471805599453,0.0,0
1951,27450.0,0,0,57,3.6375861597263857,2.5649493574615367,3.1780538303479458,2.1972245773362196,2.4849066497880004,3.970291913552122,0.6931471805599453,1.0986122886681098,0.6931471805599453,3,7,0.0,0.0,0.0,0.0,0.0,0.0,0.0,75,13,0,2,143,7,0.0,3.0647251450409425,9,0.14285714285714285,14,0.0,0,0.6931471805599453,0.0,0.0,0.0,1,0.0,0.0,0.0,0.0,1,0.0,0.0,0.6931471805599453,0.0,0.0,0
1983,39453.0,1,0,64,3.8501476017100584,0.0,2.0794415416798357,0.0,0.0,1.0986122886681098,1.0986122886681098,1.0986122886681098,0.0,3,6,0.0,0.0,0.0,0.0,0.0,0.0,0.0,43,12,1,3,55,7,0.0,2.181224235989778,8,0.2857142857142857,13,0.0,1,0.0,0.0,0.0,0.0,0,0.0,0.6931471805599453,0.0,0.0,1,0.0,0.0,0.0,0.0,0.0,1
1971,26850.0,1,1,10,3.4657359027997265,0.6931471805599453,2.6390573296152584,2.0794415416798357,1.0986122886681098,2.302585092994046,1.6094379124341003,1.0986122886681098,0.6931471805599453,4,4,0.0,0.0,0.0,0.0,0.0,0.0,0.0,55,12,2,4,63,11,0.0,1.9061698204057993,6,0.36363636363636365,15,0.0,0,0.0,0.0,0.0,0.0,0,0.0,0.6931471805599453,0.0,0.0,1,0.0,0.0,0.0,0.0,0.0,1
1955,79800.0,0,0,65,6.966967138613983,3.091042453358316,6.274762021241939,3.4965075614664802,0.0,5.41610040220442,0.6931471805599453,1.791759469228055,2.4849066497880004,5,3,0.6931471805599453,0.0,0.6931471805599453,0.6931471805599453,0.0,0.0,0.6931471805599453,71,14,0,1,1867,22,1.6094379124341003,4.452760414143194,8,0.045454545454545456,25,0.0,1,0.0,0.0,0.0,0.0,0,0.0,0.0,0.6931471805599453,0.0,0,0.0,0.0,0.0,0.0,0.0,1
1961,61794.0,0,1,74,5.579729825986222,3.871201010907891,5.241747015059643,4.007333185232471,3.871201010907891,2.4849066497880004,1.0986122886681098,1.6094379124341003,1.6094379124341003,10,2,0.0,0.0,0.0,0.0,0.0,0.0,0.0,65,13,1,3,611,20,0.0,3.4515735889872223,6,0.1,22,0.0,0,0.6931471805599453,0.0,0.0,0.0,1,0.0,0.0,0.0,0.0,1,0.0,0.0,0.0,0.0,0.0,1
1955,53863.0,0,1,4,5.991464547107982,1.6094379124341003,3.4339872044851463,1.9459101490553132,1.6094379124341003,3.4339872044851463,1.3862943611198906,2.0794415416798357,0.6931471805599453,7,7,0.0,0.6931471805599453,0.0,0.0,0.0,0.0,0.0,71,12,1,3,473,18,0.6931471805599453,3.306072369898356,14,0.16666666666666666,25,0.0,1,0.0,0.0,0.0,0.0,0,0.0,0.6931471805599453,0.0,0.0,0,0.6931471805599453,0.0,0.0,0.0,0.0,1
1959,24221.0,0,0,94,2.1972245773362196,2.302585092994046,2.302585092994046,1.0986122886681098,1.791759469228055,3.1354942159291497,0.6931471805599453,0.6931471805599453,0.6931471805599453,3,4,0.0,0.0,0.0,0.0,0.0,0.0,0.0,67,13,0,2,55,6,0.0,2.3191143949452564,5,0.16666666666666666,10,0.0,1,0.0,0.0,0.0,0.0,0,0.0,0.6931471805599453,0.0,0.0,1,0.0,0.0,0.6931471805599453,0.0,0.0,0
1984,39684.0,1,0,41,2.995732273553991,0.0,3.58351893845611,1.9459101490553132,1.6094379124341003,2.8903717578961645,1.0986122886681098,1.0986122886681098,0.6931471805599453,2,7,0.0,0.0,0.0,0.0,0.0,0.6931471805599453,0.6931471805599453,42,14,1,2,81,7,0.6931471805599453,2.531426665422893,9,0.2857142857142857,14,0.0,0,0.0,0.6931471805599453,0.0,0.0,0,0.6931471805599453,0.0,0.0,0.0,0,0.6931471805599453,0.0,0.0,0.6931471805599453,0.0,0
1975,92163.0,0,0,25,6.706862336602747,5.214935757608986,6.682108597449809,4.672828834461906,5.099866427824199,3.044522437723423,0.0,1.791759469228055,2.4849066497880004,5,2,0.0,0.0,0.6931471805599453,0.6931471805599453,0.0,0.0,0.6931471805599453,51,14,0,2,2086,21,1.3862943611198906,4.608497976080766,7,0.0,23,0.0,0,0.6931471805599453,0.0,0.0,0.0,1,0.0,0.0,0.0,0.0,0,0.0,0.0,0.0,0.0,0.0,1
1965,69882.0,0,0,94,5.680172609017068,4.852030263919617,6.455198563340122,4.890349128221754,4.852030263919617,5.111987788356544,0.6931471805599453,1.3862943611198906,2.0794415416798357,9,1,0.0,0.0,0.0,0.0,0.0,0.0,0.0,61,13,0,1,1478,20,0.0,4.316153890523174,4,0.05,21,0.0,0,0.6931471805599453,0.0,0.0,0.0,0,0.6931471805599453,0.0,0.0,0.0,1,0.0,0.0,0.0,0.6931471805599453,0.0,0
1977,33178.0,1,0,9,2.5649493574615367,1.9459101490553132,1.0986122886681098,2.4849066497880004,1.0986122886681098,2.833213344056216,0.6931471805599453,0.6931471805599453,0.0,3,4,0.0,0.0,0.0,0.0,0.0,0.0,0.0,49,12,1,3,49,5,0.0,2.379546134130174,5,0.2,9,0.0,1,0.0,0.0,0.0,0.0,0,0.0,0.6931471805599453,0.0,0.0,1,0.0,0.0,0.6931471805599453,0.0,0.0,0
1972,59973.0,0,0,47,4.875197323201151,3.4339872044851463,5.1298987149230735,3.044522437723423,3.5553480614894135,0.0,0.6931471805599453,1.3862943611198906,1.6094379124341003,7,1,0.0,0.0,0.0,0.0,0.0,0.0,0.0,54,13,0,2,382,15,0.0,3.2758860795849802,4,0.06666666666666667,16,0.0,0,0.0,0.6931471805599453,0.0,0.0,1,0.0,0.0,0.0,0.0,1,0.0,0.0,0.0,0.6931471805599453,0.0,0
1975,17459.0,1,0,12,1.9459101490553132,1.6094379124341003,2.833213344056216,1.3862943611198906,2.3978952727983707,3.4339872044851463,1.3862943611198906,1.3862943611198906,0.6931471805599453,2,7,0.0,0.0,0.0,0.0,0.0,0.0,0.6931471805599453,51,13,1,3,69,9,0.6931471805599453,2.1594842493533726,10,0.3333333333333333,16,0.0,0,0.6931471805599453,0.0,0.0,0.0,0,0.0,0.6931471805599453,0.0,0.0,0,0.6931471805599453,0.0,0.6931471805599453,0.0,0.0,0
1969,23910.0,1,0,80,2.833213344056216,2.5649493574615367,2.9444389791664403,2.0794415416798357,0.6931471805599453,2.6390573296152584,0.6931471805599453,1.0986122886681098,0.0,3,7,0.0,0.0,0.0,0.0,0.0,0.0,0.0,57,14,1,2,67,6,0.0,2.498699971920336,9,0.16666666666666666,13,0.0,1,0.0,0.0,0.0,0.6931471805599453,0,0.0,0.0,0.0,0.0,1,0.0,0.0,0.0,0.6931471805599453,0.0,0
1969,42169.0,1,1,20,2.995732273553991,0.0,2.302585092994046,0.0,0.0,1.0986122886681098,1.0986122886681098,0.6931471805599453,0.0,3,8,0.0,0.0,0.0,0.0,0.0,0.0,0.0,57,13,2,4,30,6,0.0,1.791759469228055,9,0.3333333333333333,14,0.0,0,0.6931471805599453,0.0,0.0,0.0,1,0.0,0.0,0.0,0.0,1,0.0,0.0,0.0,0.0,0.0,1
1978,26224.0,1,0,39,1.6094379124341003,2.0794415416798357,2.772588722239781,2.6390573296152584,2.302585092994046,2.772588722239781,1.3862943611198906,1.0986122886681098,0.6931471805599453,3,6,0.0,0.0,0.0,0.0,0.0,0.0,0.0,48,13,1,3,63,9,0.0,2.0794415416798357,8,0.3333333333333333,15,0.0,0,0.0,0.0,0.0,0.0,1,0.0,0.0,0.0,0.0,1,0.0,0.0,0.0,0.6931471805599453,0.0,0
1981,31089.0,1,0,57,3.4657359027997265,1.3862943611198906,3.4657359027997265,1.0986122886681098,2.1972245773362196,1.6094379124341003,1.3862943611198906,1.3862943611198906,0.0,4,8,0.0,0.0,0.0,0.0,0.0,0.0,0.0,45,14,1,3,79,10,0.0,2.186051276738094,11,0.3,18,0.0,1,0.0,0.0,0.0,0.0,0,0.0,0.6931471805599453,0.0,0.0,1,0.0,0.0,0.0,0.0,0.0,1
1961,30081.0,0,1,27,3.6109179126442243,0.0,1.0986122886681098,0.0,0.0,1.6094379124341003,0.6931471805599453,0.6931471805599453,0.0,3,7,0.0,0.0,0.0,0.0,0.0,0.0,0.0,65,13,1,2,42,5,0.0,2.2407096892759584,8,0.2,12,0.0,1,0.0,0.0,0.0,0.0,0,0.6931471805599453,0.0,0.0,0.0,1,0.0,0.0,0.0,0.0,0.0,1
1960,62807.0,0,1,83,6.267200548541362,3.367295829986474,4.912654885736052,2.3978952727983707,3.091042453358316,4.605170185988092,1.3862943611198906,1.791759469228055,1.3862943611198906,12,5,0.0,0.0,0.0,0.0,0.0,0.0,0.0,66,14,1,3,819,23,0.0,3.600285798313177,10,0.13043478260869565,28,0.0,1,0.0,0.0,0.0,0.0,0,0.0,0.6931471805599453,0.0,0.0,1,0.0,0.0,0.0,0.0,0.0,1
1955,72906.0,0,0,79,5.993961427306569,3.4965075614664802,6.253828811575473,4.276666119016055,4.330733340286331,4.007333185232471,0.6931471805599453,1.3862943611198906,1.6094379124341003,9,1,0.0,0.0,0.0,0.0,0.0,0.0,0.0,71,13,0,1,1151,17,0.0,4.229834819331956,4,0.058823529411764705,18,0.0,1,0.0,0.0,0.0,0.0,0,0.6931471805599453,0.0,0.0,0.0,1,0.0,0.0,0.0,0.6931471805599453,0.0,0
1948,61467.0,0,2,69,6.018593214496234,2.833213344056216,4.74493212836325,0.0,1.791759469228055,3.912023005428146,1.3862943611198906,1.791759469228055,1.0986122886681098,10,5,0.0,0.0,0.0,0.0,0.0,0.0,0.0,78,14,2,4,594,20,0.0,3.4242626545931514,10,0.15,25,0.0,0,0.0,0.6931471805599453,0.0,0.0,1,0.0,0.0,0.0,0.0,1,0.0,0.0,0.0,0.0,0.0,1
1966,49618.0,1,1,77,4.394449154672439,1.3862943611198906,3.295836866004329,1.6094379124341003,1.0986122886681098,2.70805020110221,1.6094379124341003,1.3862943611198906,0.6931471805599453,3,7,0.0,0.0,0.0,0.0,0.0,0.0,0.0,60,13,2,4,129,11,0.0,2.5437471498109336,10,0.36363636363636365,18,0.0,0,0.6931471805599453,0.0,0.0,0.0,0,0.0,0.6931471805599453,0.0,0.0,0,0.6931471805599453,0.0,0.0,0.0,0.0,1
1986,21888.0,1,0,15,4.48863636973214,2.3978952727983707,3.8501476017100584,1.0986122886681098,1.3862943611198906,4.174387269895637,1.6094379124341003,1.791759469228055,0.6931471805599453,2,10,0.0,0.0,0.0,0.0,0.0,0.0,0.6931471805599453,40,14,1,2,213,12,0.6931471805599453,2.9311937524164198,15,0.3333333333333333,22,0.0,0,0.6931471805599453,0.0,0.0,0.0,0,0.6931471805599453,0.0,0.0,0.0,0,0.6931471805599453,0.0,0.0,0.0,0.0,1
1973,42429.0,0,1,99,4.02535169073515,0.0,1.9459101490553132,1.0986122886681098,0.0,1.6094379124341003,1.0986122886681098,0.6931471805599453,0.6931471805599453,3,5,0.0,0.0,0.0,0.0,0.0,0.0,0.0,53,12,1,2,67,7,0.0,2.3581549441488563,6,0.2857142857142857,12,0.0,1,0.0,0.0,0.0,0.0,0,0.0,0.0,0.6931471805599453,0.0,1,0.0,0.0,0.0,0.0,0.0,1
1956,26150.0,2,1,61,1.791759469228055,0.6931471805599453,2.6390573296152584,1.3862943611198906,1.791759469228055,0.6931471805599453,0.6931471805599453,0.6931471805599453,0.0,3,7,0.0,0.0,0.0,0.0,0.0,0.0,0.0,70,13,3,4,28,5,0.0,1.8870696490323797,8,0.2,12,0.0,1,0.0,0.0,0.0,0.6931471805599453,0,0.0,0.0,0.0,0.0,1,0.0,0.0,0.0,0.6931471805599453,0.0,0
1975,30801.0,0,1,23,2.1972245773362196,1.6094379124341003,1.791759469228055,2.772588722239781,1.0986122886681098,2.4849066497880004,1.0986122886681098,0.6931471805599453,0.0,3,7,0.0,0.0,0.0,0.0,0.0,0.0,0.0,51,14,1,3,45,6,0.0,2.1400661634962708,8,0.3333333333333333,13,0.6931471805599453,0,0.0,0.0,0.0,0.0,1,0.0,0.0,0.0,0.0,1,0.0,0.0,0.0,0.0,0.0,0
1965,81168.0,0,0,84,6.018593214496234,0.0,6.385194398997726,4.997212273764115,3.1354942159291497,3.1354942159291497,0.6931471805599453,1.9459101490553132,1.6094379124341003,7,3,0.0,0.0,0.0,0.6931471805599453,0.0,0.0,0.0,61,12,0,2,1193,18,0.6931471805599453,4.208829985656927,9,0.05555555555555555,21,0.0,1,0.0,0.0,0.0,0.0,1,0.0,0.0,0.0,0.0,1,0.0,0.0,0.0,0.6931471805599453,0.0,0
1969,26877.0,0,0,74,4.624972813284271,2.6390573296152584,4.343805421853684,3.044522437723423,2.9444389791664403,3.713572066704308,1.0986122886681098,1.3862943611198906,0.6931471805599453,6,6,0.0,0.0,0.0,0.0,0.0,0.0,0.0,57,13,0,1,268,12,0.0,3.1498829533812494,9,0.16666666666666666,18,0.0,0,0.6931471805599453,0.0,0.0,0.0,0,0.6931471805599453,0.0,0.0,0.0,1,0.0,0.0,0.0,0.0,0.0,1
1944,45006.0,0,0,90,5.093750200806762,3.258096538021482,3.9889840465642745,2.833213344056216,0.0,2.3978952727983707,0.6931471805599453,1.3862943611198906,0.6931471805599453,7,3,0.0,0.0,0.0,0.0,0.0,0.0,0.0,82,13,0,1,266,12,0.0,3.142714463902637,6,0.08333333333333333,15,0.0,0,0.6931471805599453,0.0,0.0,0.0,0,0.0,0.0,0.6931471805599453,0.0,1,0.0,0.0,0.0,0.0,0.0,1
1973,18978.0,1,0,41,1.0986122886681098,2.1972245773362196,0.6931471805599453,1.6094379124341003,2.0794415416798357,2.772588722239781,0.6931471805599453,0.6931471805599453,0.0,3,8,0.0,0.0,0.0,0.0,0.0,0.0,0.0,53,14,1,3,37,5,0.0,2.128231705849268,9,0.2,13,0.6931471805599453,0,0.0,0.0,0.0,0.0,1,0.0,0.0,0.0,0.0,1,0.0,0.0,0.6931471805599453,0.0,0.0,0
1967,22574.0,2,1,28,3.258096538021482,0.0,2.1972245773362196,1.0986122886681098,0.0,1.0986122886681098,1.0986122886681098,1.0986122886681098,0.0,3,7,0.0,0.0,0.0,0.0,0.0,0.0,0.0,59,13,3,5,37,7,0.0,1.8382794848629478,9,0.2857142857142857,14,0.0,1,0.0,0.0,0.0,0.0,1,0.0,0.0,0.0,0.0,1,0.0,0.0,0.0,0.0,0.0,1
1969,48240.0,0,0,73,5.966146739123692,4.5217885770490405,5.517452896464707,4.174387269895637,3.912023005428146,3.7376696182833684,1.3862943611198906,1.9459101490553132,1.3862943611198906,13,5,0.0,0.0,0.0,0.0,0.0,0.0,0.6931471805599453,57,14,0,1,882,25,0.6931471805599453,3.591266625246936,11,0.12,30,0.0,0,0.0,0.6931471805599453,0.0,0.0,0,0.6931471805599453,0.0,0.0,0.0,1,0.0,0.0,0.0,0.0,0.0,1
1974,45837.0,1,1,88,5.375278407684165,2.6390573296152584,4.477336814478207,2.8903717578961645,2.8903717578961645,3.2188758248682006,1.791759469228055,1.9459101490553132,1.0986122886681098,5,7,0.0,0.0,0.0,0.0,0.0,0.0,0.0,52,13,2,4,373,18,0.0,3.078335802089201,13,0.2777777777777778,25,0.0,1,0.0,0.0,0.0,0.0,1,0.0,0.0,0.0,0.0,0,0.6931471805599453,0.0,0.0,0.0,0.0,1
1965,35791.0,2,1,94,3.332204510175204,0.0,1.791759469228055,0.0,0.0,1.3862943611198906,1.0986122886681098,0.6931471805599453,0.0,3,8,0.0,0.0,0.0,0.0,0.0,0.0,0.0,61,13,3,4,35,6,0.0,1.9218125974762528,9,0.3333333333333333,14,0.0,0,0.6931471805599453,0.0,0.0,0.0,0,0.6931471805599453,0.0,0.0,0.0,1,0.0,0.0,0.0,0.0,0.0,1
1976,162397.0,1,1,31,4.454347296253507,0.6931471805599453,2.833213344056216,1.0986122886681098,0.6931471805599453,1.0986122886681098,0.0,0.0,0.0,1,1,0.0,0.0,0.0,0.0,0.0,0.0,0.0,50,13,2,4,107,1,0.0,4.68213122712422,1,0.0,2,0.0,0,0.0,0.6931471805599453,0.0,0.0,0,0.0,0.6931471805599453,0.0,0.0,1,0.0,0.0,0.0,0.0,0.0,1
1978,54162.0,1,1,31,1.791759469228055,1.9459101490553132,2.3978952727983707,1.9459101490553132,1.791759469228055,2.3978952727983707,0.6931471805599453,0.6931471805599453,0.0,3,4,0.0,0.0,0.0,0.0,0.0,0.0,0.0,48,13,2,3,42,5,0.0,2.2407096892759584,5,0.2,9,0.0,1,0.0,0.0,0.0,0.0,0,0.0,0.0,0.6931471805599453,0.0,1,0.0,0.0,0.0,0.6931471805599453,0.0,0
1960,30522.0,0,1,6,5.19295685089021,2.1972245773362196,4.430816798843313,2.995732273553991,2.4849066497880004,3.295836866004329,1.791759469228055,0.6931471805599453,1.0986122886681098,9,2,0.0,0.0,0.0,0.0,0.0,0.0,0.0,66,14,1,3,326,17,0.0,3.0045171031097238,3,0.29411764705882354,19,0.0,0,0.6931471805599453,0.0,0.0,0.0,1,0.0,0.0,0.0,0.0,1,0.0,0.0,0.0,0.0,0.0,1
1961,54456.0,0,1,23,5.8664680569332965,0.0,3.332204510175204,2.3978952727983707,0.0,2.772588722239781,1.3862943611198906,1.9459101490553132,0.6931471805599453,7,6,0.0,0.0,0.0,0.0,0.0,0.0,0.0,65,13,1,3,404,17,0.0,3.2094194896261654,12,0.17647058823529413,23,0.0,0,0.0,0.6931471805599453,0.0,0.0,1,0.0,0.0,0.0,0.0,1,0.0,0.0,0.0,0.0,0.0,1
1971,31632.0,0,0,92,2.8903717578961645,2.1972245773362196,2.5649493574615367,2.4849066497880004,2.772588722239781,3.4965075614664802,0.6931471805599453,1.0986122886681098,0.6931471805599453,2,7,0.0,0.0,0.0,0.0,0.0,0.0,0.0,55,13,0,1,95,6,0.0,2.8233610476132047,9,0.16666666666666666,13,0.0,1,0.0,0.0,0.0,0.0,0,0.6931471805599453,0.0,0.0,0.0,0,0.6931471805599453,0.0,0.6931471805599453,0.0,0.0,0
1949,72298.0,0,0,52,6.439350371100098,3.58351893845611,5.135798437050262,4.07753744390572,2.8903717578961645,3.58351893845611,0.6931471805599453,1.6094379124341003,1.3862943611198906,6,1,0.0,0.6931471805599453,0.6931471805599453,0.0,0.0,0.0,0.0,77,12,0,1,939,14,1.0986122886681098,4.220557574038944,5,0.07142857142857142,15,0.0,1,0.0,0.0,0.0,0.0,0,0.0,0.0,0.6931471805599453,0.0,1,0.0,0.0,0.0,0.0,0.0,1
1978,36975.0,1,0,50,2.3978952727983707,1.9459101490553132,2.4849066497880004,0.0,1.6094379124341003,1.0986122886681098,0.6931471805599453,0.6931471805599453,0.0,3,7,0.0,0.0,0.0,0.0,0.0,0.0,0.0,48,13,1,2,33,5,0.0,2.028148247292285,8,0.2,12,0.0,0,0.0,0.0,0.0,0.0,0,0.6931471805599453,0.0,0.0,0.0,1,0.0,0.0,0.0,0.6931471805599453,0.0,0
1955,72635.0,0,0,54,5.968707559985366,3.1354942159291497,5.780743515792329,4.653960350157523,3.58351893845611,4.68213122712422,0.6931471805599453,1.9459101490553132,2.1972245773362196,6,3,0.0,0.0,0.0,0.6931471805599453,0.0,0.0,0.0,71,13,0,2,981,21,0.6931471805599453,3.865230843921387,9,0.047619047619047616,24,0.0,0,0.0,0.0,0.0,0.0,1,0.0,0.0,0.0,0.0,0,0.0,0.0,0.0,0.0,0.0,1
1976,13624.0,1,0,93,2.3978952727983707,1.0986122886681098,2.772588722239781,1.0986122886681098,0.6931471805599453,1.9459101490553132,1.0986122886681098,1.0986122886681098,0.0,3,6,0.0,0.0,0.0,0.0,0.0,0.0,0.0,50,13,1,3,36,7,0.0,1.8152899666382492,8,0.2857142857142857,13,0.0,1,0.0,0.0,0.0,0.0,1,0.0,0.0,0.0,0.0,1,0.0,0.0,0.0,0.6931471805599453,0.0,0
1975,84196.0,0,1,56,5.375278407684165,4.1588830833596715,6.230481447578482,5.44673737166631,3.4657359027997265,5.25227342804663,0.6931471805599453,2.1972245773362196,1.6094379124341003,7,3,0.0,0.0,0.0,0.0,0.0,0.0,0.0,51,13,1,2,1237,20,0.0,4.140750935036256,11,0.05,23,0.0,1,0.0,0.0,0.0,0.0,0,0.6931471805599453,0.0,0.0,0.0,0,0.6931471805599453,0.0,0.0,0.6931471805599453,0.0,0
1960,70971.0,0,1,28,6.90975328164481,2.8903717578961645,6.35088571671474,4.543294782270004,4.836281906951478,2.8903717578961645,2.0794415416798357,2.4849066497880004,2.4849066497880004,5,7,0.0,0.0,0.0,0.0,0.0,0.0,0.6931471805599453,66,14,1,3,1825,34,0.6931471805599453,4.001433463105283,18,0.20588235294117646,41,0.0,1,0.0,0.0,0.0,0.0,0,0.0,0.6931471805599453,0.0,0.0,0,0.6931471805599453,0.0,0.0,0.0,0.0,1
1977,34487.0,1,1,94,2.995732273553991,2.9444389791664403,3.5263605246161616,3.2188758248682006,0.6931471805599453,2.1972245773362196,1.3862943611198906,1.3862943611198906,0.0,3,9,0.0,0.0,0.0,0.0,0.0,0.0,0.0,49,14,2,3,103,9,0.0,2.521274293958875,12,0.3333333333333333,18,0.0,0,0.0,0.6931471805599453,0.0,0.6931471805599453,0,0.0,0.0,0.0,0.0,0,0.6931471805599453,0.0,0.0,0.6931471805599453,0.0,0
1977,28769.0,1,0,76,3.7376696182833684,1.791759469228055,4.867534450455582,2.3978952727983707,1.3862943611198906,1.3862943611198906,1.3862943611198906,1.6094379124341003,0.6931471805599453,4,9,0.0,0.0,0.0,0.0,0.0,0.0,0.0,49,14,1,2,191,12,0.0,2.828299329253787,13,0.25,21,0.0,1,0.0,0.0,0.0,0.0,0,0.6931471805599453,0.0,0.0,0.0,0,0.6931471805599453,0.0,0.0,0.6931471805599453,0.0,0
1970,69084.0,1,0,43,7.074963197966044,4.68213122712422,5.298317366548036,3.6888794541139363,3.4339872044851463,3.4339872044851463,1.0986122886681098,2.0794415416798357,1.3862943611198906,13,8,0.0,0.0,0.0,0.0,0.0,0.0,0.0,56,13,1,3,1586,25,0.0,4.165734558308774,15,0.08,33,0.0,0,0.0,0.6931471805599453,0.0,0.0,1,0.0,0.0,0.0,0.0,1,0.0,0.0,0.0,0.0,0.0,1
1958,65488.0,0,0,46,6.403574197934815,3.828641396489095,5.337538079701318,3.6109179126442243,2.9444389791664403,4.007333185232471,0.6931471805599453,1.3862943611198906,1.6094379124341003,6,1,0.0,0.0,0.0,0.0,0.0,0.0,0.0,68,12,0,2,963,14,0.0,4.245429322427524,4,0.07142857142857142,15,0.0,0,0.0,0.6931471805599453,0.0,0.0,0,0.0,0.6931471805599453,0.0,0.0,1,0.0,0.0,0.0,0.0,0.0,1
1970,62466.0,0,1,13,4.867534450455582,4.867534450455582,5.560681631015528,5.1298987149230735,4.804021044733257,4.430816798843313,1.791759469228055,1.9459101490553132,1.3862943611198906,12,4,0.0,0.0,0.0,0.0,0.0,0.0,0.0,56,12,1,3,889,26,0.0,3.5608275272540393,10,0.19230769230769232,30,0.0,0,0.0,0.0,0.0,0.0,1,0.0,0.0,0.0,0.0,1,0.0,0.0,0.0,0.6931471805599453,0.0,0
1960,32218.0,0,0,27,2.3978952727983707,3.2188758248682006,2.772588722239781,2.6390573296152584,0.6931471805599453,3.4339872044851463,0.6931471805599453,1.0986122886681098,0.6931471805599453,3,7,0.6931471805599453,0.0,0.0,0.0,0.0,0.0,0.6931471805599453,66,12,0,1,93,7,1.0986122886681098,2.659260036932778,9,0.14285714285714285,14,0.0,0,0.0,0.0,0.0,0.0,0,0.6931471805599453,0.0,0.0,0.0,1,0.0,0.0,0.6931471805599453,0.0,0.0,0
1973,83917.0,0,0,12,6.244166900663736,3.1354942159291497,6.597145701886651,3.7612001156935624,5.293304824724492,4.382026634673881,0.6931471805599453,1.9459101490553132,2.0794415416798357,7,3,0.0,0.0,0.0,0.0,0.0,0.0,0.6931471805599453,53,13,0,1,1587,21,0.6931471805599453,4.3382240120154885,9,0.047619047619047616,24,0.0,1,0.0,0.0,0.0,0.0,0,0.6931471805599453,0.0,0.0,0.0,0,0.0,0.0,0.0,0.6931471805599453,0.0,0
1962,46102.0,2,1,3,2.70805020110221,0.0,0.6931471805599453,0.0,0.0,0.6931471805599453,0.6931471805599453,0.6931471805599453,0.0,2,7,0.0,0.0,0.0,0.0,0.0,0.0,0.0,64,12,3,4,16,4,0.0,1.6094379124341003,8,0.25,11,0.0,1,0.0,0.0,0.0,0.6931471805599453,0,0.0,0.0,0.0,0.0,1,0.0,0.0,0.0,0.0,0.0,1
1952,84574.0,0,0,72,5.961005339623274,3.044522437723423,6.570882962339584,3.6635616461296463,4.007333185232471,5.099866427824199,0.6931471805599453,2.302585092994046,2.4849066497880004,11,5,0.0,0.0,0.0,0.0,0.0,0.0,0.0,74,13,0,1,1375,32,0.0,3.7834791543146626,14,0.03125,37,0.0,1,0.0,0.0,0.0,0.0,0,0.6931471805599453,0.0,0.0,0.0,0,0.0,0.0,0.0,0.6931471805599453,0.0,0
1962,56181.0,0,1,6,4.804021044733257,4.6443908991413725,4.248495242049359,2.1972245773362196,3.8066624897703196,3.8918202981106265,0.6931471805599453,1.6094379124341003,1.0986122886681098,7,4,0.0,0.0,0.0,0.0,0.0,0.0,0.0,64,13,1,3,393,14,0.0,3.3697558558273366,8,0.07142857142857142,18,0.0,1,0.0,0.0,0.0,0.0,1,0.0,0.0,0.0,0.0,1,0.0,0.0,0.0,0.0,0.0,1
1950,63120.0,0,1,53,6.873163834212518,4.248495242049359,5.634789603169249,4.007333185232471,3.7376696182833684,4.248495242049359,1.791759469228055,2.1972245773362196,1.6094379124341003,9,7,0.0,0.0,0.0,0.0,0.0,0.0,0.6931471805599453,76,14,1,2,1477,26,0.6931471805599453,4.057121851731493,15,0.19230769230769232,33,0.0,0,0.6931471805599453,0.0,0.0,0.6931471805599453,0,0.0,0.0,0.0,0.0,1,0.0,0.0,0.0,0.0,0.0,1
1971,73691.0,0,1,58,6.56244409369372,3.091042453358316,5.5254529391317835,4.454347296253507,3.784189633918261,4.30406509320417,1.0986122886681098,1.9459101490553132,1.0986122886681098,8,2,0.6931471805599453,0.0,0.0,0.0,0.0,0.0,0.0,55,13,1,3,1179,18,0.6931471805599453,4.197201947661808,8,0.1111111111111111,20,0.0,1,0.0,0.0,0.0,0.0,1,0.0,0.0,0.0,0.0,1,0.0,0.0,0.0,0.0,0.0,1
1960,63381.0,0,1,78,6.349138991379798,3.9318256327243257,4.962844630259907,3.5263605246161616,3.9318256327243257,5.075173815233827,1.6094379124341003,1.6094379124341003,1.791759469228055,13,2,0.0,0.0,0.0,0.0,0.0,0.0,0.0,66,14,1,3,1005,26,0.0,3.680187945995478,6,0.15384615384615385,28,0.0,1,0.0,0.0,0.0,0.0,0,0.0,0.6931471805599453,0.0,0.0,1,0.0,0.0,0.0,0.0,0.0,1
1948,76140.0,0,0,57,6.375024819828097,4.204692619390966,6.483107351457199,2.8903717578961645,0.0,3.295836866004329,0.6931471805599453,1.791759469228055,2.302585092994046,6,2,0.0,0.0,0.0,0.0,0.0,0.0,0.0,78,12,0,2,1348,21,0.0,4.177313387565026,7,0.047619047619047616,23,0.0,0,0.0,0.6931471805599453,0.0,0.0,0,0.0,0.6931471805599453,0.0,0.0,0,0.0,0.0,0.0,0.6931471805599453,0.0,0
1959,62859.0,0,1,37,6.96979066990159,4.499809670330265,4.634728988229636,2.833213344056216,2.5649493574615367,3.258096538021482,1.6094379124341003,2.302585092994046,1.6094379124341003,6,6,0.0,0.0,0.0,0.0,0.0,0.0,0.0,67,14,1,2,1307,23,0.0,4.05744000528665,15,0.17391304347826086,29,0.0,0,0.0,0.6931471805599453,0.0,0.6931471805599453,0,0.0,0.0,0.0,0.0,0,0.6931471805599453,0.0,0.0,0.0,0.0,1
1964,45906.0,0,1,20,5.723585101952381,1.3862943611198906,3.332204510175204,1.6094379124341003,1.3862943611198906,4.976733742420574,1.0986122886681098,1.791759469228055,1.6094379124341003,4,5,0.6931471805599453,0.0,0.0,0.0,0.0,0.0,0.0,62,13,1,2,486,15,0.6931471805599453,3.5085558999826545,10,0.13333333333333333,20,0.0,1,0.0,0.0,0.0,0.0,0,0.6931471805599453,0.0,0.0,0.0,0,0.6931471805599453,0.0,0.0,0.0,0.0,1
1947,77632.0,0,0,73,7.0909098220799835,4.663439094112067,6.63200177739563,0.0,3.7612001156935624,4.997212273764115,0.6931471805599453,1.6094379124341003,1.0986122886681098,6,2,0.0,0.6931471805599453,0.6931471805599453,0.0,0.0,0.0,0.6931471805599453,79,13,0,2,2252,13,1.3862943611198906,5.160380680455598,6,0.07692307692307693,15,0.0,0,0.6931471805599453,0.0,0.0,0.0,0,0.0,0.6931471805599453,0.0,0.0,1,0.0,0.0,0.0,0.0,0.0,1
1971,46463.0,1,1,56,5.099866427824199,1.0986122886681098,3.713572066704308,2.1972245773362196,2.4849066497880004,2.4849066497880004,2.0794415416798357,1.3862943611198906,0.6931471805599453,6,6,0.0,0.0,0.0,0.0,0.0,0.0,0.0,55,13,2,4,235,17,0.0,2.696215743455207,9,0.4117647058823529,23,0.0,0,0.0,0.6931471805599453,0.0,0.0,1,0.0,0.0,0.0,0.0,1,0.0,0.0,0.0,0.0,0.0,1
1970,105471.0,0,0,36,6.917705609835305,5.204006687076795,4.653960350157523,5.313205979041787,3.091042453358316,5.337538079701318,0.0,2.302585092994046,2.1972245773362196,13,3,0.0,0.0,0.6931471805599453,0.6931471805599453,0.0,0.0,0.6931471805599453,56,13,0,2,1724,30,1.3862943611198906,4.068456791269973,12,0.0,33,0.0,1,0.0,0.0,0.0,0.0,0,0.0,0.6931471805599453,0.0,0.0,1,0.0,0.0,0.0,0.0,0.0,1
1970,55282.0,1,0,9,4.836281906951478,1.9459101490553132,4.30406509320417,2.1972245773362196,1.6094379124341003,2.995732273553991,0.6931471805599453,1.3862943611198906,0.6931471805599453,6,4,0.0,0.0,0.0,0.0,0.0,0.0,0.0,56,13,1,2,235,11,0.0,3.1074362631339922,7,0.09090909090909091,15,0.0,0,0.6931471805599453,0.0,0.0,0.6931471805599453,0,0.0,0.0,0.0,0.0,1,0.0,0.0,0.0,0.0,0.0,1
1977,78710.0,0,1,42,6.582025138892826,0.0,5.030437921392435,4.787491742782046,3.9318256327243257,3.9318256327243257,1.3862943611198906,2.0794415416798357,1.9459101490553132,12,4,0.0,0.0,0.0,0.0,0.0,0.0,0.0,49,12,1,3,1092,28,0.0,3.6888794541139363,11,0.10714285714285714,32,0.0,0,0.6931471805599453,0.0,0.0,0.0,1,0.0,0.0,0.0,0.0,1,0.0,0.0,0.0,0.0,0.0,1
1958,66886.0,0,1,28,5.755742213586912,1.6094379124341003,4.143134726391533,3.7376696182833684,3.4657359027997265,4.990432586778736,1.0986122886681098,2.0794415416798357,0.6931471805599453,7,5,0.0,0.0,0.0,0.0,0.0,0.0,0.0,68,13,1,3,599,17,0.0,3.5900336194773037,12,0.11764705882352941,22,0.0,1,0.0,0.0,0.0,0.0,0,0.0,0.6931471805599453,0.0,0.0,0,0.6931471805599453,0.0,0.0,0.0,0.0,1
1960,98777.0,0,0,23,6.90875477931522,2.995732273553991,6.568077911411976,4.836281906951478,4.7535901911063645,3.6635616461296463,0.0,1.6094379124341003,1.9459101490553132,9,1,0.0,0.6931471805599453,0.0,0.0,0.0,0.0,0.0,66,12,0,1,2008,19,0.6931471805599453,4.66987316728556,5,0.0,20,0.0,0,0.6931471805599453,0.0,0.0,0.0,0,0.6931471805599453,0.0,0.0,0.0,1,0.0,0.0,0.0,0.0,0.0,1
1985,29103.0,1,0,38,2.833213344056216,0.0,2.8903717578961645,1.9459101490553132,1.3862943611198906,1.9459101490553132,1.0986122886681098,0.6931471805599453,0.0,3,9,0.0,0.0,0.0,0.0,0.0,0.0,0.0,41,14,1,3,48,6,0.0,2.1972245773362196,10,0.3333333333333333,15,0.0,1,0.0,0.0,0.0,0.0,0,0.0,0.6931471805599453,0.0,0.0,1,0.0,0.0,0.0,0.6931471805599453,0.0,0
1974,67445.0,0,1,63,6.630683385642372,4.394449154672439,5.384495062789089,3.4011973816621555,4.394449154672439,2.4849066497880004,1.791759469228055,2.302585092994046,1.9459101490553132,12,6,0.0,0.0,0.0,0.0,0.0,0.0,0.0,52,14,1,3,1174,32,0.0,3.629328474487404,15,0.15625,38,0.0,1,0.0,0.0,0.0,0.0,1,0.0,0.0,0.0,0.0,1,0.0,0.0,0.0,0.0,0.0,1
1950,50616.0,0,1,71,3.4339872044851463,1.0986122886681098,3.258096538021482,0.0,0.6931471805599453,2.302585092994046,0.6931471805599453,0.6931471805599453,0.6931471805599453,4,2,0.0,0.0,0.0,0.0,0.0,0.0,0.0,76,12,1,3,67,7,0.0,2.3581549441488563,3,0.14285714285714285,9,0.0,0,0.0,0.6931471805599453,0.0,0.0,0,0.0,0.6931471805599453,0.0,0.0,1,0.0,0.0,0.0,0.0,0.0,1
1955,49431.0,0,1,9,5.393627546352362,1.3862943611198906,4.61512051684126,3.295836866004329,0.0,2.8903717578961645,1.0986122886681098,2.0794415416798357,0.6931471805599453,5,8,0.0,0.0,0.0,0.0,0.0,0.0,0.0,71,14,1,2,365,15,0.0,3.2321210516182215,15,0.13333333333333333,23,0.0,1,0.0,0.0,0.0,0.6931471805599453,0,0.0,0.0,0.0,0.0,0,0.6931471805599453,0.0,0.0,0.0,0.0,1
1975,153924.0,0,0,81,0.6931471805599453,0.6931471805599453,0.6931471805599453,0.6931471805599453,0.6931471805599453,0.6931471805599453,0.0,0.0,0.0,0,0,0.0,0.0,0.0,0.0,0.0,0.0,0.0,51,12,0,1,6,0,0.0,0.0,0,0.0,0,0.0,1,0.0,0.0,0.0,0.6931471805599453,0,0.0,0.0,0.0,0.0,0,0.6931471805599453,0.0,0.0,0.0,0.0,1
1953,61278.0,0,1,87,4.718498871295094,1.3862943611198906,3.367295829986474,1.0986122886681098,1.9459101490553132,2.772588722239781,1.0986122886681098,1.3862943611198906,0.6931471805599453,4,6,0.0,0.0,0.0,0.0,0.0,0.0,0.0,73,12,1,3,165,10,0.0,2.8622008809294686,9,0.2,16,0.0,1,0.0,0.0,0.0,0.0,0,0.0,0.6931471805599453,0.0,0.0,1,0.0,0.0,0.0,0.0,0.0,1
1958,26490.0,0,0,92,3.828641396489095,3.871201010907891,3.970291913552122,3.091042453358316,3.044522437723423,3.258096538021482,1.0986122886681098,1.3862943611198906,0.6931471805599453,5,6,0.0,0.0,0.0,0.0,0.0,0.0,0.0,68,14,0,2,210,11,0.0,3.0002674287193822,9,0.18181818181818182,17,0.0,0,0.0,0.0,0.0,0.0,0,0.0,0.6931471805599453,0.0,0.0,1,0.0,0.0,0.0,0.6931471805599453,0.0,0
1947,73059.0,0,1,36,6.018593214496234,4.727387818712341,6.042632833682381,0.0,4.418840607796598,4.276666119016055,0.6931471805599453,2.302585092994046,1.3862943611198906,13,4,0.0,0.0,0.0,0.0,0.0,0.0,0.0,79,13,1,3,1095,26,0.0,3.763879885050678,13,0.038461538461538464,30,0.0,0,0.0,0.6931471805599453,0.0,0.0,0,0.0,0.6931471805599453,0.0,0.0,1,0.0,0.0,0.0,0.6931471805599453,0.0,0
1966,46734.0,1,2,86,4.61512051684126,0.6931471805599453,3.6888794541139363,1.9459101490553132,0.6931471805599453,4.343805421853684,1.6094379124341003,1.3862943611198906,1.0986122886681098,3,6,0.6931471805599453,0.0,0.0,0.0,0.0,0.0,0.0,60,13,3,4,223,12,0.6931471805599453,2.9746788643561586,9,0.3333333333333333,18,0.0,0,0.0,0.6931471805599453,0.0,0.0,0,0.6931471805599453,0.0,0.0,0.0,0,0.6931471805599453,0.0,0.0,0.0,0.0,1
1963,56253.0,0,1,83,6.234410725718371,0.0,4.189654742026425,2.0794415416798357,2.4849066497880004,1.791759469228055,1.6094379124341003,2.0794415416798357,1.0986122886681098,9,6,0.0,0.0,0.0,0.0,0.0,0.0,0.0,63,14,1,3,597,22,0.0,3.33706281932628,13,0.18181818181818182,28,0.0,1,0.0,0.0,0.0,0.0,0,0.0,0.6931471805599453,0.0,0.0,1,0.0,0.0,0.0,0.0,0.0,1
1985,19986.0,1,0,74,1.3862943611198906,1.9459101490553132,1.791759469228055,0.0,1.0986122886681098,1.9459101490553132,0.6931471805599453,0.0,0.0,3,7,0.0,0.0,0.0,0.0,0.0,0.0,0.0,41,13,1,3,22,4,0.0,1.8718021769015913,7,0.25,11,0.0,1,0.0,0.0,0.0,0.0,1,0.0,0.0,0.0,0.0,1,0.0,0.6931471805599453,0.0,0.0,0.0,0
1975,58330.0,0,1,87,6.100318952020064,3.9889840465642745,5.365976015021851,4.653960350157523,4.59511985013459,5.0238805208462765,0.6931471805599453,1.9459101490553132,1.6094379124341003,13,4,0.0,0.0,0.0,0.0,0.0,0.0,0.0,51,13,1,2,1064,24,0.0,3.8140425970679424,10,0.041666666666666664,28,0.0,1,0.0,0.0,0.0,0.0,0,0.0,0.0,0.6931471805599453,0.0,1,0.0,0.0,0.0,0.0,0.0,1
1980,25965.0,0,0,29,1.0986122886681098,1.0986122886681098,2.4849066497880004,3.7376696182833684,2.0794415416798357,2.4849066497880004,0.6931471805599453,1.0986122886681098,0.0,3,8,0.0,0.0,0.0,0.0,0.0,0.0,0.0,46,14,0,2,74,6,0.0,2.5902671654458267,10,0.16666666666666666,14,0.6931471805599453,0,0.0,0.0,0.0,0.0,1,0.0,0.0,0.0,0.0,1,0.0,0.0,0.0,0.0,0.0,0
1956,14661.0,0,0,88,1.6094379124341003,0.6931471805599453,2.4849066497880004,1.9459101490553132,1.0986122886681098,1.0986122886681098,0.6931471805599453,0.6931471805599453,0.0,3,6,0.0,0.0,0.0,0.0,0.0,0.0,0.0,70,13,0,2,26,5,0.0,1.824549292051046,7,0.2,11,0.0,0,0.6931471805599453,0.0,0.0,0.0,0,0.0,0.6931471805599453,0.0,0.0,1,0.0,0.0,0.0,0.6931471805599453,0.0,0
1959,18690.0,0,0,77,1.9459101490553132,0.6931471805599453,2.0794415416798357,3.1780538303479458,1.6094379124341003,2.995732273553991,0.6931471805599453,0.6931471805599453,0.6931471805599453,2,8,0.0,0.0,0.0,0.0,0.0,0.0,0.0,67,14,0,2,60,5,0.0,2.5649493574615367,9,0.2,13,0.0,1,0.0,0.0,0.0,0.0,1,0.0,0.0,0.0,0.0,1,0.0,0.0,0.0,0.0,0.0,0
1974,45068.0,0,1,25,2.70805020110221,0.0,1.3862943611198906,0.0,0.0,1.3862943611198906,0.6931471805599453,0.6931471805599453,0.0,2,7,0.0,0.0,0.0,0.0,0.0,0.0,0.0,52,13,1,3,20,4,0.0,1.791759469228055,8,0.25,11,0.0,0,0.0,0.6931471805599453,0.0,0.0,0,0.0,0.6931471805599453,0.0,0.0,1,0.0,0.0,0.0,0.0,0.0,1
1987,21063.0,1,0,34,0.6931471805599453,2.3978952727983707,2.4849066497880004,2.995732273553991,1.3862943611198906,2.772588722239781,1.0986122886681098,1.0986122886681098,0.0,3,6,0.0,0.0,0.0,0.0,0.0,0.0,0.0,39,13,1,2,59,7,0.0,2.243744592971112,8,0.2857142857142857,13,0.6931471805599453,0,0.0,0.0,0.0,0.0,0,0.6931471805599453,0.0,0.0,0.0,1,0.0,0.0,0.0,0.0,0.0,0
1968,29187.0,1,0,43,3.295836866004329,0.0,1.9459101490553132,0.0,0.0,1.0986122886681098,0.6931471805599453,0.6931471805599453,0.0,3,8,0.0,0.0,0.0,0.0,0.0,0.0,0.0,58,13,1,3,34,5,0.0,2.0541237336955462,9,0.2,13,0.0,0,0.0,0.6931471805599453,0.0,0.0,1,0.0,0.0,0.0,0.0,1,0.0,0.0,0.0,0.0,0.0,1
1971,54690.0,1,1,76,4.718498871295094,2.833213344056216,3.6375861597263857,2.0794415416798357,2.302585092994046,2.9444389791664403,1.3862943611198906,1.3862943611198906,0.6931471805599453,5,3,0.0,0.0,0.0,0.0,0.0,0.0,0.0,55,13,2,4,198,12,0.0,2.8622008809294686,6,0.25,15,0.0,0,0.0,0.0,0.0,0.0,1,0.0,0.0,0.0,0.0,1,0.0,0.0,0.0,0.0,0.0,1
1964,59304.0,0,1,81,6.037870919922137,4.127134385045092,6.061456918928017,4.394449154672439,3.9512437185814275,2.3978952727983707,1.3862943611198906,2.0794415416798357,2.1972245773362196,10,5,0.0,0.0,0.0,0.0,0.0,0.0,0.0,62,13,1,3,1048,28,0.0,3.648801230546526,12,0.10714285714285714,33,0.0,0,0.0,0.6931471805599453,0.0,0.0,1,0.0,0.0,0.0,0.0,1,0.0,0.0,0.0,0.6931471805599453,0.0,0
1962,59247.0,0,2,87,5.793013608384144,2.302585092994046,4.812184355372417,2.995732273553991,2.70805020110221,4.430816798843313,1.791759469228055,1.791759469228055,1.0986122886681098,9,6,0.0,0.0,0.0,0.0,0.0,0.0,0.0,64,13,2,3,574,21,0.0,3.3440389678222067,11,0.23809523809523808,27,0.0,0,0.6931471805599453,0.0,0.0,0.0,0,0.6931471805599453,0.0,0.0,0.0,1,0.0,0.0,0.0,0.0,0.0,1
1970,66731.0,0,1,33,5.918893854273146,5.075173815233827,5.272999558563747,4.07753744390572,4.672828834461906,4.955827057601261,1.6094379124341003,1.6094379124341003,1.3862943611198906,6,3,0.0,0.0,0.0,0.0,0.0,0.0,0.0,56,14,1,2,1029,17,0.0,4.1195153005686524,7,0.23529411764705882,20,0.0,1,0.0,0.0,0.0,0.0,0,0.0,0.0,0.6931471805599453,0.0,1,0.0,0.0,0.0,0.0,0.0,1
1980,77353.0,0,1,38,5.62040086571715,4.0943445622221,4.68213122712422,4.248495242049359,4.624972813284271,4.0943445622221,1.0986122886681098,1.9459101490553132,1.6094379124341003,8,4,0.0,0.0,0.0,0.0,0.0,0.0,0.0,46,13,1,3,670,20,0.0,3.5409593240373143,10,0.1,24,0.0,1,0.0,0.0,0.0,0.0,1,0.0,0.0,0.0,0.0,1,0.0,0.0,0.0,0.0,0.0,1
1975,52614.0,0,1,63,6.672032945461067,0.0,4.962844630259907,2.5649493574615367,2.302585092994046,3.6635616461296463,1.0986122886681098,1.0986122886681098,1.6094379124341003,8,8,0.0,0.0,0.0,0.0,0.0,0.0,0.0,51,14,1,2,990,16,0.0,4.141148628419903,10,0.125,24,0.0,0,0.0,0.6931471805599453,0.0,0.0,0,0.6931471805599453,0.0,0.0,0.0,1,0.0,0.0,0.0,0.0,0.0,1
1974,26751.0,2,0,26,0.6931471805599453,0.6931471805599453,1.791759469228055,0.0,1.3862943611198906,0.6931471805599453,0.6931471805599453,0.6931471805599453,0.0,2,8,0.0,0.0,0.0,0.0,0.0,0.0,0.0,52,12,2,4,11,4,0.0,1.3217558399823195,9,0.25,12,0.0,1,0.0,0.0,0.0,0.0,1,0.0,0.0,0.0,0.0,1,0.0,0.0,0.0,0.6931471805599453,0.0,0
1963,81300.0,0,1,17,6.912742820493176,2.5649493574615367,4.983606621708336,3.4965075614664802,2.5649493574615367,3.6109179126442243,1.3862943611198906,2.3978952727983707,1.3862943611198906,5,5,0.0,0.0,0.0,0.6931471805599453,0.0,0.0,0.6931471805599453,63,14,1,3,1241,21,1.0986122886681098,4.095930605377736,15,0.14285714285714285,26,0.0,0,0.0,0.6931471805599453,0.0,0.0,1,0.0,0.0,0.0,0.0,0,0.6931471805599453,0.0,0.0,0.0,0.0,1
1979,70337.0,0,0,75,5.236441962829949,4.406719247264253,5.0106352940962555,3.258096538021482,3.784189633918261,4.5217885770490405,0.6931471805599453,1.0986122886681098,1.0986122886681098,12,1,0.0,0.0,0.0,0.0,0.0,0.0,0.0,47,12,0,1,576,17,0.0,3.551981054941509,3,0.058823529411764705,18,0.0,1,0.0,0.0,0.0,0.0,0,0.6931471805599453,0.0,0.0,0.0,1,0.0,0.0,0.0,0.0,0.0,1
1985,36145.0,1,0,13,4.04305126783455,1.6094379124341003,4.343805421853684,2.8903717578961645,0.6931471805599453,2.9444389791664403,1.6094379124341003,1.6094379124341003,0.6931471805599453,3,9,0.6931471805599453,0.0,0.0,0.0,0.0,0.0,0.6931471805599453,41,13,1,3,172,12,1.0986122886681098,2.7300291078209855,13,0.3333333333333333,21,0.0,0,0.0,0.0,0.0,0.0,1,0.0,0.0,0.0,0.0,0,0.6931471805599453,0.0,0.0,0.6931471805599453,0.0,0
1980,65295.0,0,0,19,5.902633333401366,3.4965075614664802,4.770684624465665,3.5553480614894135,4.709530201312334,1.9459101490553132,0.6931471805599453,1.3862943611198906,1.3862943611198906,13,2,0.0,0.0,0.0,0.0,0.0,0.0,0.0,46,13,0,1,664,20,0.0,3.5322256440685598,5,0.05,22,0.0,0,0.0,0.6931471805599453,0.0,0.0,0,0.6931471805599453,0.0,0.0,0.0,1,0.0,0.0,0.0,0.0,0.0,1
1963,68118.0,0,1,51,6.39024066706535,3.1780538303479458,4.820281565605037,2.3978952727983707,3.1780538303479458,5.043425116919247,1.0986122886681098,2.1972245773362196,2.302585092994046,4,6,0.0,0.0,0.0,0.0,0.0,0.0,0.0,63,13,1,2,928,23,0.0,3.7220198466162406,14,0.08695652173913043,29,0.0,1,0.0,0.0,0.0,0.6931471805599453,0,0.0,0.0,0.0,0.0,0,0.0,0.0,0.0,0.0,0.0,1
1967,68743.0,0,0,81,7.0326242610280065,4.90527477843843,5.953243334287785,5.170483995038151,4.90527477843843,4.7535901911063645,0.6931471805599453,2.4849066497880004,1.791759469228055,13,7,0.0,0.0,0.0,0.0,0.0,0.0,0.0,59,14,0,1,2074,30,0.0,4.250398192195445,18,0.03333333333333333,37,0.0,1,0.0,0.0,0.0,0.6931471805599453,0,0.0,0.0,0.0,0.0,1,0.0,0.0,0.0,0.0,0.0,1
1982,41039.0,0,0,32,3.5553480614894135,2.4849066497880004,4.927253685157205,5.19295685089021,4.127134385045092,3.828641396489095,0.6931471805599453,2.1972245773362196,0.6931471805599453,5,8,0.0,0.0,0.0,0.0,0.0,0.0,0.0,44,13,0,2,467,15,0.0,3.46989391294839,16,0.06666666666666667,23,0.0,0,0.0,0.0,0.0,0.0,0,0.0,0.6931471805599453,0.0,0.0,0,0.6931471805599453,0.0,0.0,0.0,0.0,0
1955,38946.0,0,1,84,4.762173934797756,1.9459101490553132,4.418840607796598,1.9459101490553132,1.9459101490553132,3.7376696182833684,1.0986122886681098,1.3862943611198906,0.6931471805599453,6,5,0.0,0.0,0.0,0.0,0.0,0.0,0.0,71,13,1,3,257,12,0.0,3.1098047298138387,8,0.16666666666666666,17,0.0,1,0.0,0.0,0.0,0.0,0,0.0,0.6931471805599453,0.0,0.0,1,0.0,0.0,0.0,0.0,0.0,1
1967,65777.0,0,0,87,6.338594078203183,3.4965075614664802,6.077642243349034,3.367295829986474,3.4965075614664802,4.007333185232471,0.6931471805599453,1.0986122886681098,2.1972245773362196,6,1,0.0,0.0,0.0,0.0,0.0,0.0,0.0,59,13,0,2,1146,17,0.0,4.225544808462448,3,0.058823529411764705,18,0.0,1,0.0,0.0,0.0,0.0,0,0.0,0.6931471805599453,0.0,0.0,0,0.0,0.0,0.0,0.0,0.0,1
1976,66476.0,0,1,99,5.921578419643816,2.9444389791664403,4.844187086458591,3.871201010907891,3.8918202981106265,4.3694478524670215,1.0986122886681098,1.791759469228055,1.0986122886681098,11,4,0.0,0.0,0.0,0.0,0.0,0.0,0.0,50,13,1,2,689,20,0.0,3.5681232529781366,9,0.1,24,0.0,0,0.0,0.6931471805599453,0.0,0.6931471805599453,0,0.0,0.0,0.0,0.0,1,0.0,0.0,0.0,0.0,0.0,1
1972,86857.0,0,0,96,6.802394763324311,4.634728988229636,6.732210706467206,4.897839799950911,4.634728988229636,3.713572066704308,0.6931471805599453,1.791759469228055,1.9459101490553132,10,2,0.0,0.0,0.0,0.0,0.0,0.0,0.6931471805599453,54,14,0,1,2114,22,0.6931471805599453,4.57564774672177,7,0.045454545454545456,24,0.0,0,0.0,0.6931471805599453,0.0,0.0,0,0.6931471805599453,0.0,0.0,0.0,1,0.0,0.0,0.0,0.0,0.0,1
1982,160803.0,0,0,21,4.02535169073515,2.833213344056216,7.392031567514591,2.8903717578961645,1.3862943611198906,1.6094379124341003,2.772588722239781,0.0,3.367295829986474,1,0,0.0,0.0,0.0,0.0,0.0,0.0,0.0,44,14,0,2,1717,44,0.0,3.689447474577945,0,0.3409090909090909,44,0.0,0,0.0,0.6931471805599453,0.0,0.0,1,0.0,0.0,0.0,0.0,0,0.0,0.0,0.0,0.6931471805599453,0.0,0
1989,77845.0,0,0,40,6.634633357861686,3.713572066704308,6.175867270105761,0.0,3.713572066704308,3.295836866004329,0.6931471805599453,1.3862943611198906,1.791759469228055,12,1,0.0,0.0,0.6931471805599453,0.6931471805599453,0.0,0.0,0.0,37,12,0,2,1346,21,1.0986122886681098,4.175851399000527,4,0.047619047619047616,22,0.0,0,0.0,0.6931471805599453,0.0,0.0,0,0.0,0.6931471805599453,0.0,0.0,1,0.0,0.0,0.0,0.0,0.0,1
1969,69476.0,0,0,3,5.564520407322694,4.465908118654584,6.327936783729195,4.1588830833596715,2.302585092994046,4.219507705176107,0.6931471805599453,1.6094379124341003,1.9459101490553132,4,2,0.0,0.0,0.0,0.0,0.0,0.0,0.0,57,13,0,2,1044,15,0.0,4.257030144499196,6,0.06666666666666667,17,0.0,0,0.0,0.6931471805599453,0.0,0.0,0,0.0,0.6931471805599453,0.0,0.0,0,0.0,0.0,0.0,0.6931471805599453,0.0,0
1960,50611.0,0,1,98,6.131226489483141,0.0,3.2188758248682006,1.9459101490553132,0.0,1.6094379124341003,1.9459101490553132,1.6094379124341003,1.791759469228055,7,6,0.0,0.6931471805599453,0.0,0.0,0.0,0.0,0.6931471805599453,66,14,1,2,493,22,1.0986122886681098,3.1531244473054203,10,0.2727272727272727,28,0.0,0,0.0,0.6931471805599453,0.0,0.6931471805599453,0,0.0,0.0,0.0,0.0,1,0.0,0.0,0.0,0.0,0.0,1
1970,61209.0,0,0,73,6.1463292576688975,0.0,5.41610040220442,4.787491742782046,3.912023005428146,4.605170185988092,0.6931471805599453,1.791759469228055,1.3862943611198906,4,2,0.0,0.0,0.0,0.0,0.0,0.0,0.0,56,13,0,1,957,13,0.0,4.3123467140358915,7,0.07692307692307693,15,0.0,1,0.0,0.0,0.0,0.0,0,0.6931471805599453,0.0,0.0,0.0,0,0.6931471805599453,0.0,0.0,0.0,0.0,1
1958,42315.0,0,1,90,4.219507705176107,2.772588722239781,4.394449154672439,2.8903717578961645,2.4849066497880004,4.394449154672439,1.3862943611198906,0.6931471805599453,1.6094379124341003,4,3,0.0,0.0,0.0,0.0,0.0,0.0,0.0,68,13,1,3,270,12,0.0,3.1570004211501135,4,0.25,15,0.0,0,0.6931471805599453,0.0,0.0,0.0,0,0.0,0.6931471805599453,0.0,0.0,0,0.0,0.0,0.0,0.6931471805599453,0.0,0
1952,13084.0,0,0,29,1.0986122886681098,0.0,2.0794415416798357,1.3862943611198906,2.0794415416798357,2.3978952727983707,0.6931471805599453,0.6931471805599453,0.0,3,6,0.0,0.0,0.0,0.0,0.0,0.0,0.0,74,13,0,2,29,5,0.0,1.916922612182061,7,0.2,11,0.6931471805599453,0,0.0,0.0,0.0,0.0,0,0.0,0.6931471805599453,0.0,0.0,1,0.0,0.0,0.6931471805599453,0.0,0.0,0
1949,47570.0,1,1,3,4.219507705176107,0.6931471805599453,3.044522437723423,0.0,1.0986122886681098,3.4657359027997265,1.3862943611198906,1.0986122886681098,1.0986122886681098,2,7,0.0,0.0,0.0,0.0,0.0,0.0,0.6931471805599453,77,13,2,3,121,9,0.6931471805599453,2.670309873119363,9,0.3333333333333333,16,0.0,0,0.6931471805599453,0.0,0.0,0.0,0,0.0,0.0,0.6931471805599453,0.0,0,0.6931471805599453,0.0,0.0,0.0,0.0,1
1961,61923.0,0,2,94,4.532599493153256,1.6094379124341003,2.9444389791664403,1.3862943611198906,1.3862943611198906,1.9459101490553132,0.6931471805599453,1.0986122886681098,0.6931471805599453,4,3,0.0,0.0,0.0,0.0,0.0,0.0,0.0,65,13,2,4,126,8,0.0,2.8183982582710754,5,0.125,11,0.0,0,0.6931471805599453,0.0,0.0,0.0,1,0.0,0.0,0.0,0.0,1,0.0,0.0,0.0,0.0,0.0,1
1995,34824.0,0,0,65,1.6094379124341003,1.0986122886681098,2.4849066497880004,1.0986122886681098,0.0,1.6094379124341003,0.6931471805599453,0.6931471805599453,0.0,2,6,0.0,0.0,0.0,0.0,0.0,0.0,0.0,31,12,0,1,23,4,0.0,1.9095425048844386,7,0.25,10,0.0,1,0.0,0.0,0.0,0.0,0,0.6931471805599453,0.0,0.0,0.0,1,0.0,0.0,0.0,0.6931471805599453,0.0,0
1949,26518.0,1,1,33,3.044522437723423,0.6931471805599453,3.367295829986474,1.3862943611198906,1.3862943611198906,1.0986122886681098,1.3862943611198906,1.0986122886681098,0.0,3,8,0.0,0.0,0.0,0.0,0.0,0.0,0.6931471805599453,77,13,2,3,57,8,0.6931471805599453,2.094945728215801,10,0.375,16,0.0,0,0.0,0.6931471805599453,0.0,0.0,0,0.6931471805599453,0.0,0.0,0.0,1,0.0,0.0,0.0,0.6931471805599453,0.0,0
1961,45938.0,0,0,46,5.6131281063880705,2.4849066497880004,5.187385805840755,4.143134726391533,4.430816798843313,3.4011973816621555,1.0986122886681098,2.1972245773362196,1.6094379124341003,6,6,0.0,0.0,0.0,0.0,0.0,0.0,0.0,65,13,0,1,636,20,0.0,3.490428515390098,14,0.1,26,0.0,1,0.0,0.0,0.0,0.0,0,0.6931471805599453,0.0,0.0,0.0,0,0.6931471805599453,0.0,0.0,0.0,0.0,1
1960,78468.0,0,0,29,6.075346031088684,3.1354942159291497,5.963579343618446,4.653960350157523,3.1354942159291497,3.5553480614894135,0.6931471805599453,2.3978952727983707,2.0794415416798357,10,4,0.0,0.0,0.0,0.6931471805599453,0.0,0.0,0.0,66,12,0,2,1004,28,0.6931471805599453,3.607049435866304,14,0.03571428571428571,32,0.0,1,0.0,0.0,0.0,0.0,0,0.0,0.6931471805599453,0.0,0.0,0,0.6931471805599453,0.0,0.0,0.0,0.0,1
1973,78901.0,0,1,99,5.7745515455444085,2.4849066497880004,5.736572297479192,3.5263605246161616,3.295836866004329,3.5553480614894135,1.3862943611198906,2.302585092994046,1.3862943611198906,5,4,0.0,0.0,0.0,0.0,0.0,0.0,0.0,53,13,1,2,734,20,0.0,3.629660094453965,13,0.15,24,0.0,1,0.0,0.0,0.0,0.6931471805599453,0,0.0,0.0,0.0,0.0,0,0.6931471805599453,0.0,0.0,0.0,0.0,1
1978,71427.0,2,0,26,5.3612921657094255,4.820281565605037,5.181783550292085,2.772588722239781,4.174387269895637,3.1780538303479458,1.0986122886681098,2.1972245773362196,1.0986122886681098,8,4,0.0,0.0,0.0,0.0,0.0,0.0,0.0,48,12,2,4,614,20,0.0,3.456316680883235,12,0.1,24,0.0,1,0.0,0.0,0.0,0.0,1,0.0,0.0,0.0,0.0,0,0.6931471805599453,0.0,0.0,0.0,0.0,1
1978,71022.0,0,1,30,6.813444599510896,2.5649493574615367,5.631211781821365,0.0,2.5649493574615367,5.493061443340548,1.3862943611198906,1.791759469228055,1.0986122886681098,11,8,0.6931471805599453,0.0,0.0,0.0,0.0,0.0,0.0,48,12,1,2,1453,21,0.6931471805599453,4.251212635025859,13,0.14285714285714285,29,0.0,1,0.0,0.0,0.0,0.6931471805599453,0,0.0,0.0,0.0,0.0,1,0.0,0.0,0.0,0.0,0.0,1
1988,90247.0,0,0,27,7.077498053569231,3.4965075614664802,5.8664680569332965,3.091042453358316,2.833213344056216,2.833213344056216,0.6931471805599453,1.3862943611198906,1.6094379124341003,7,1,0.0,0.6931471805599453,0.6931471805599453,0.6931471805599453,0.0,0.0,0.6931471805599453,38,12,0,1,1621,15,1.6094379124341003,4.691959316060482,4,0.06666666666666667,16,0.0,0,0.6931471805599453,0.0,0.0,0.0,0,0.6931471805599453,0.0,0.0,0.0,1,0.0,0.0,0.0,0.0,0.0,1
1968,41335.0,1,0,24,4.727387818712341,2.995732273553991,3.091042453358316,2.833213344056216,2.70805020110221,1.791759469228055,1.3862943611198906,1.6094379124341003,0.6931471805599453,4,7,0.0,0.0,0.0,0.0,0.0,0.0,0.0,58,13,1,2,187,12,0.0,2.8083981749364924,11,0.25,19,0.0,0,0.6931471805599453,0.0,0.0,0.6931471805599453,0,0.0,0.0,0.0,0.0,0,0.6931471805599453,0.0,0.0,0.0,0.0,1
1986,71952.0,1,0,93,6.48768401848461,4.394449154672439,6.1224928095143865,3.970291913552122,4.68213122712422,4.543294782270004,1.0986122886681098,2.1972245773362196,1.6094379124341003,8,4,0.6931471805599453,0.0,0.6931471805599453,0.0,0.0,0.0,0.0,40,13,1,3,1443,22,1.0986122886681098,4.198568068092852,12,0.09090909090909091,26,0.0,1,0.0,0.0,0.0,0.0,1,0.0,0.0,0.0,0.0,0,0.6931471805599453,0.0,0.0,0.0,0.0,1
1970,35682.0,1,0,34,3.1780538303479458,0.0,2.1972245773362196,1.9459101490553132,1.0986122886681098,2.9444389791664403,0.6931471805599453,0.6931471805599453,0.6931471805599453,3,2,0.0,0.0,0.0,0.0,0.0,0.0,0.0,56,12,1,2,57,6,0.0,2.3513752571634776,3,0.16666666666666666,8,0.0,0,0.0,0.6931471805599453,0.0,0.6931471805599453,0,0.0,0.0,0.0,0.0,1,0.0,0.0,0.0,0.0,0.0,1
1951,43185.0,0,1,88,6.2878585601617845,1.9459101490553132,3.7612001156935624,2.833213344056216,1.9459101490553132,3.4339872044851463,1.0986122886681098,2.302585092994046,1.3862943611198906,6,8,0.0,0.0,0.0,0.0,0.0,0.0,0.0,75,13,1,2,637,20,0.0,3.4919517449306197,17,0.1,28,0.0,1,0.0,0.0,0.0,0.6931471805599453,0,0.0,0.0,0.0,0.0,0,0.6931471805599453,0.0,0.0,0.0,0.0,1
1948,66375.0,0,1,96,6.569481420414296,0.0,3.828641396489095,0.0,0.0,5.2574953720277815,1.3862943611198906,1.0986122886681098,1.6094379124341003,5,7,0.6931471805599453,0.0,0.0,0.0,0.0,0.0,0.0,78,13,1,3,948,14,0.6931471805599453,4.229957121050448,9,0.21428571428571427,21,0.0,0,0.0,0.6931471805599453,0.0,0.0,0,0.0,0.6931471805599453,0.0,0.0,1,0.0,0.0,0.0,0.0,0.0,1
1971,35178.0,1,0,10,3.1780538303479458,0.6931471805599453,2.6390573296152584,1.0986122886681098,1.0986122886681098,2.9444389791664403,0.6931471805599453,0.6931471805599453,0.6931471805599453,2,7,0.6931471805599453,0.0,0.0,0.0,0.0,0.0,0.6931471805599453,55,13,1,3,59,5,1.0986122886681098,2.5494451709255714,8,0.2,12,0.0,0,0.6931471805599453,0.0,0.0,0.0,1,0.0,0.0,0.0,0.0,1,0.0,0.0,0.0,0.0,0.0,1
1986,25252.0,1,0,26,0.6931471805599453,1.3862943611198906,1.6094379124341003,1.0986122886681098,1.0986122886681098,1.9459101490553132,0.6931471805599453,0.6931471805599453,0.0,2,8,0.0,0.0,0.0,0.0,0.0,0.0,0.0,40,13,1,3,18,4,0.0,1.7047480922384253,9,0.25,12,0.0,1,0.0,0.0,0.0,0.0,1,0.0,0.0,0.0,0.0,1,0.0,0.0,0.6931471805599453,0.0,0.0,0
1965,55250.0,0,1,49,6.499787040655854,4.07753744390572,4.430816798843313,3.4965075614664802,0.0,4.204692619390966,1.6094379124341003,2.0794415416798357,1.791759469228055,10,5,0.0,0.0,0.0,0.0,0.0,0.0,0.0,61,14,1,2,903,26,0.0,3.5760122007923565,12,0.15384615384615385,31,0.0,0,0.6931471805599453,0.0,0.0,0.0,0,0.6931471805599453,0.0,0.0,0.0,1,0.0,0.0,0.0,0.0,0.0,1
1975,33249.0,1,0,11,1.9459101490553132,2.3978952727983707,3.091042453358316,2.995732273553991,2.70805020110221,3.7612001156935624,1.0986122886681098,1.0986122886681098,0.6931471805599453,3,6,0.0,0.0,0.0,0.0,0.0,0.0,0.0,51,13,1,2,112,8,0.0,2.70805020110221,8,0.25,14,0.0,1,0.0,0.0,0.0,0.0,0,0.6931471805599453,0.0,0.0,0.0,1,0.0,0.0,0.6931471805599453,0.0,0.0,0
1953,58398.0,0,0,44,5.703782474656201,1.791759469228055,5.308267697401205,3.091042453358316,3.091042453358316,3.912023005428146,1.3862943611198906,1.791759469228055,1.6094379124341003,8,4,0.0,0.0,0.0,0.0,0.0,0.0,0.0,73,13,0,2,596,20,0.0,3.427514689979529,9,0.15,24,0.0,1,0.0,0.0,0.0,0.0,0,0.0,0.6931471805599453,0.0,0.0,1,0.0,0.0,0.0,0.0,0.0,1
1982,50272.0,1,0,75,4.605170185988092,2.6390573296152584,4.204692619390966,3.784189633918261,2.1972245773362196,1.6094379124341003,1.3862943611198906,1.6094379124341003,0.6931471805599453,5,7,0.0,0.0,0.0,0.0,0.0,0.0,0.0,44,13,1,3,233,13,0.0,2.940382178470826,11,0.23076923076923078,20,0.0,1,0.0,0.0,0.0,0.0,0,0.0,0.6931471805599453,0.0,0.0,1,0.0,0.0,0.0,0.0,0.0,1
1975,76618.0,0,0,64,6.620073206530356,3.713572066704308,5.68697535633982,4.804021044733257,5.081404364984463,4.997212273764115,0.6931471805599453,1.3862943611198906,1.0986122886681098,5,1,0.0,0.0,0.0,0.0,0.0,0.0,0.0,51,14,0,2,1511,11,0.0,4.929885265623261,4,0.09090909090909091,12,0.0,0,0.0,0.6931471805599453,0.0,0.0,1,0.0,0.0,0.0,0.0,1,0.0,0.0,0.0,0.0,0.0,1
1960,87305.0,0,0,19,5.846438775057725,3.258096538021482,6.218600119691729,4.1588830833596715,4.9344739331306915,4.394449154672439,0.6931471805599453,1.791759469228055,1.3862943611198906,8,2,0.0,0.0,0.6931471805599453,0.0,0.0,0.0,0.6931471805599453,66,14,0,1,1152,17,1.0986122886681098,4.230690617415853,7,0.058823529411764705,19,0.0,0,0.0,0.0,0.0,0.6931471805599453,0,0.0,0.0,0.0,0.0,1,0.0,0.0,0.0,0.6931471805599453,0.0,0
1978,25851.0,1,0,45,2.302585092994046,1.6094379124341003,2.9444389791664403,2.0794415416798357,1.791759469228055,1.791759469228055,1.0986122886681098,1.0986122886681098,0.0,3,7,0.0,0.0,0.0,0.0,0.0,0.0,0.0,48,13,1,3,48,7,0.0,2.0614230361771577,9,0.2857142857142857,14,0.0,1,0.0,0.0,0.0,0.0,0,0.0,0.6931471805599453,0.0,0.0,1,0.0,0.0,0.0,0.6931471805599453,0.0,0
1970,58710.0,0,1,77,6.089044875446846,4.406719247264253,5.910796644040527,0.0,4.812184355372417,5.1647859739235145,1.9459101490553132,2.4849066497880004,1.791759469228055,9,6,0.0,0.0,0.0,0.0,0.0,0.0,0.0,56,13,1,2,1185,31,0.0,3.669334858040966,17,0.1935483870967742,37,0.0,1,0.0,0.0,0.0,0.6931471805599453,0,0.0,0.0,0.0,0.0,0,0.6931471805599453,0.0,0.0,0.0,0.0,1
1958,45160.0,1,1,9,2.1972245773362196,1.0986122886681098,1.791759469228055,1.3862943611198906,0.0,1.3862943611198906,0.6931471805599453,0.6931471805599453,0.0,2,7,0.0,0.0,0.0,0.0,0.0,0.0,0.0,68,12,2,3,21,4,0.0,1.8325814637483102,8,0.25,11,0.0,1,0.0,0.0,0.0,0.0,0,0.6931471805599453,0.0,0.0,0.0,1,0.0,0.0,0.0,0.0,0.0,1
1965,74806.0,0,1,1,6.508769136971682,2.302585092994046,5.521460917862246,0.0,3.367295829986474,2.302585092994046,1.0986122886681098,1.791759469228055,1.6094379124341003,5,4,0.0,0.0,0.0,0.0,0.0,0.0,0.0,61,14,1,3,965,16,0.0,4.115983737325582,9,0.125,20,0.0,0,0.6931471805599453,0.0,0.0,0.0,1,0.0,0.0,0.0,0.0,0,0.6931471805599453,0.0,0.0,0.0,0.0,1
1954,59111.0,0,0,90,6.263398262591624,0.0,4.90527477843843,3.367295829986474,3.367295829986474,5.049856007249537,0.6931471805599453,2.4849066497880004,0.6931471805599453,8,7,0.0,0.0,0.0,0.0,0.0,0.0,0.0,72,13,0,2,869,21,0.0,3.7466990250027625,18,0.047619047619047616,28,0.0,1,0.0,0.0,0.0,0.0,1,0.0,0.0,0.0,0.0,0,0.6931471805599453,0.0,0.0,0.0,0.0,1
1984,18988.0,1,0,43,1.9459101490553132,0.0,1.9459101490553132,1.0986122886681098,0.6931471805599453,0.6931471805599453,1.0986122886681098,0.6931471805599453,0.0,3,7,0.0,0.0,0.0,0.0,0.0,0.0,0.0,42,12,1,3,16,6,0.0,1.2992829841302609,8,0.3333333333333333,13,0.0,0,0.0,0.6931471805599453,0.0,0.0,1,0.0,0.0,0.0,0.0,1,0.0,0.0,0.0,0.0,0.0,1
1965,72190.0,0,0,79,6.393590753950631,5.117993812416755,6.393590753950631,5.153291594497779,5.117993812416755,5.521460917862246,0.6931471805599453,1.791759469228055,1.9459101490553132,4,3,0.0,0.0,0.0,0.0,0.0,0.0,0.0,61,13,0,2,1947,16,0.0,4.80964047203668,8,0.0625,19,0.0,1,0.0,0.0,0.0,0.0,1,0.0,0.0,0.0,0.0,0,0.0,0.0,0.0,0.0,0.0,1
1976,7500.0,1,0,19,2.0794415416798357,0.0,2.5649493574615367,2.6390573296152584,2.0794415416798357,3.4965075614664802,1.791759469228055,1.6094379124341003,0.6931471805599453,2,9,0.6931471805599453,0.0,0.0,0.0,0.0,0.0,0.6931471805599453,50,14,1,3,71,12,1.0986122886681098,1.9339339580085977,13,0.4166666666666667,21,0.0,1,0.0,0.0,0.0,0.0,1,0.0,0.0,0.0,0.0,0,0.6931471805599453,0.0,0.6931471805599453,0.0,0.0,0
1966,44794.0,0,1,99,4.007333185232471,0.0,2.0794415416798357,0.0,0.0,1.6094379124341003,0.6931471805599453,1.0986122886681098,0.0,3,6,0.0,0.0,0.0,0.0,0.0,0.0,0.0,60,12,1,3,65,6,0.0,2.4709204078132605,8,0.16666666666666666,12,0.0,1,0.0,0.0,0.0,0.0,1,0.0,0.0,0.0,0.0,1,0.0,0.0,0.0,0.0,0.0,1
1955,80395.0,0,0,62,6.100318952020064,3.258096538021482,6.561030665896573,4.394449154672439,4.343805421853684,3.8918202981106265,0.6931471805599453,1.9459101490553132,1.791759469228055,12,2,0.0,0.0,0.0,0.6931471805599453,0.0,0.0,0.0,71,13,0,2,1380,24,0.6931471805599453,4.069026754237811,8,0.041666666666666664,26,0.0,1,0.0,0.0,0.0,0.0,1,0.0,0.0,0.0,0.0,1,0.0,0.0,0.0,0.6931471805599453,0.0,0
1976,75012.0,0,0,41,5.68697535633982,4.962844630259907,5.389071729816501,5.10594547390058,4.07753744390572,5.0238805208462765,0.6931471805599453,1.3862943611198906,2.1972245773362196,11,1,0.0,0.0,0.0,0.0,0.0,0.0,0.0,50,12,0,1,1027,23,0.0,3.8210512272224193,4,0.043478260869565216,24,0.0,0,0.6931471805599453,0.0,0.0,0.6931471805599453,0,0.0,0.0,0.0,0.0,1,0.0,0.0,0.0,0.0,0.0,1
1965,56962.0,2,1,60,5.680172609017068,1.3862943611198906,4.356708826689592,2.3978952727983707,1.3862943611198906,3.295836866004329,2.0794415416798357,1.9459101490553132,1.3862943611198906,5,7,0.0,0.0,0.0,0.0,0.0,0.0,0.0,61,13,3,5,411,21,0.0,3.0239031505206873,13,0.3333333333333333,28,0.0,0,0.6931471805599453,0.0,0.0,0.0,1,0.0,0.0,0.0,0.0,0,0.6931471805599453,0.0,0.0,0.0,0.0,1
1991,89891.0,0,0,17,6.023447592961033,3.1354942159291497,4.890349128221754,4.0943445622221,3.367295829986474,5.214935757608986,0.6931471805599453,2.4849066497880004,1.9459101490553132,8,4,0.0,0.0,0.6931471805599453,0.0,0.0,0.0,0.0,35,13,0,2,836,26,0.6931471805599453,3.501158732642211,15,0.038461538461538464,30,0.0,1,0.0,0.0,0.0,0.0,0,0.0,0.6931471805599453,0.0,0.0,0,0.6931471805599453,0.0,0.0,0.0,0.0,1
1949,35946.0,1,1,24,2.1972245773362196,0.0,1.3862943611198906,0.0,0.0,0.0,0.6931471805599453,0.0,0.0,3,5,0.0,0.0,0.0,0.0,0.0,0.0,0.0,77,13,2,3,11,4,0.0,1.3217558399823195,5,0.25,9,0.0,0,0.0,0.6931471805599453,0.0,0.6931471805599453,0,0.0,0.0,0.0,0.0,1,0.0,0.0,0.0,0.0,0.0,1
1953,53593.0,1,1,60,5.857933154483459,1.6094379124341003,4.3694478524670215,1.9459101490553132,0.0,3.784189633918261,2.1972245773362196,2.0794415416798357,1.0986122886681098,6,8,0.0,0.0,0.0,0.0,0.0,0.0,0.0,73,14,2,4,480,23,0.0,3.0850959541705896,15,0.34782608695652173,31,0.0,0,0.0,0.6931471805599453,0.0,0.0,0,0.0,0.6931471805599453,0.0,0.0,0,0.6931471805599453,0.0,0.0,0.0,0.0,1
1978,66373.0,1,1,57,5.796057750765372,2.302585092994046,4.8283137373023015,2.5649493574615367,3.2188758248682006,4.700480365792417,2.0794415416798357,1.6094379124341003,1.0986122886681098,10,3,0.0,0.0,0.0,0.0,0.0,0.0,0.0,48,13,2,4,606,23,0.0,3.308637040771291,7,0.30434782608695654,26,0.0,1,0.0,0.0,0.0,0.0,1,0.0,0.0,0.0,0.0,1,0.0,0.0,0.0,0.0,0.0,1
1948,45072.0,1,2,74,4.976733742420574,1.0986122886681098,4.605170185988092,2.0794415416798357,1.0986122886681098,3.4339872044851463,1.791759469228055,1.9459101490553132,0.6931471805599453,4,8,0.0,0.0,0.0,0.0,0.0,0.0,0.0,78,13,3,4,284,16,0.0,2.9311937524164198,14,0.3125,24,0.0,0,0.0,0.6931471805599453,0.0,0.6931471805599453,0,0.0,0.0,0.0,0.0,0,0.6931471805599453,0.0,0.0,0.0,0.0,1
1973,89694.0,1,1,22,7.027314514039777,3.367295829986474,5.356586274672012,3.6375861597263857,3.367295829986474,3.7612001156935624,1.3862943611198906,1.6094379124341003,1.3862943611198906,4,5,0.0,0.6931471805599453,0.6931471805599453,0.6931471805599453,0.0,0.0,0.0,53,13,2,3,1472,14,1.3862943611198906,4.664785895662446,9,0.21428571428571427,19,0.0,1,0.0,0.0,0.0,0.6931471805599453,0,0.0,0.0,0.0,0.0,0,0.6931471805599453,0.0,0.0,0.0,0.0,1
1949,72025.0,0,0,46,6.875232087276577,0.0,6.42648845745769,3.784189633918261,3.9318256327243257,0.0,0.6931471805599453,1.6094379124341003,2.1972245773362196,13,2,0.0,0.6931471805599453,0.6931471805599453,0.6931471805599453,0.0,0.0,0.6931471805599453,77,12,0,2,1677,26,1.6094379124341003,4.182050142641207,6,0.038461538461538464,28,0.0,1,0.0,0.0,0.0,0.0,1,0.0,0.0,0.0,0.0,1,0.0,0.0,0.0,0.0,0.0,1
1973,67432.0,0,1,69,6.07073772800249,4.382026634673881,5.834810737062605,5.181783550292085,4.919980925828125,5.14166355650266,1.0986122886681098,2.1972245773362196,1.791759469228055,4,4,0.0,0.0,0.0,0.0,0.0,0.0,0.0,53,13,1,3,1335,19,0.0,4.26637947430578,12,0.10526315789473684,23,0.0,1,0.0,0.0,0.0,0.0,1,0.0,0.0,0.0,0.0,0,0.6931471805599453,0.0,0.0,0.0,0.0,1
1952,70545.0,0,1,29,4.9344739331306915,3.6888794541139363,4.1588830833596715,4.02535169073515,2.9444389791664403,3.091042453358316,0.6931471805599453,1.6094379124341003,0.6931471805599453,7,2,0.0,0.0,0.0,0.0,0.0,0.0,0.0,74,12,1,3,334,13,0.0,3.2843754224853225,6,0.07692307692307693,15,0.0,0,0.6931471805599453,0.0,0.0,0.0,0,0.0,0.6931471805599453,0.0,0.0,1,0.0,0.0,0.0,0.0,0.0,1
1989,17487.0,1,0,37,0.0,0.0,0.6931471805599453,2.0794415416798357,1.6094379124341003,1.9459101490553132,0.6931471805599453,0.6931471805599453,0.0,2,7,0.0,0.0,0.0,0.0,0.0,0.0,0.0,37,13,1,3,18,4,0.0,1.7047480922384253,8,0.25,11,0.6931471805599453,0,0.0,0.0,0.0,0.0,1,0.0,0.0,0.0,0.0,1,0.0,0.0,0.0,0.0,0.0,0
1969,62882.0,0,1,26,6.234410725718371,4.897839799950911,6.210600077024653,4.3694478524670215,3.2188758248682006,4.584967478670572,1.0986122886681098,2.0794415416798357,1.791759469228055,6,4,0.0,0.0,0.0,0.0,0.0,0.0,0.0,57,14,1,3,1338,20,0.0,4.21803603456465,11,0.1,24,0.0,1,0.0,0.0,0.0,0.0,0,0.0,0.6931471805599453,0.0,0.0,0,0.6931471805599453,0.0,0.0,0.0,0.0,1
1953,64108.0,0,1,8,6.855408798609928,2.3978952727983707,4.465908118654584,2.6390573296152584,3.091042453358316,3.091042453358316,1.6094379124341003,1.9459101490553132,2.302585092994046,11,5,0.0,0.0,0.0,0.0,0.0,0.0,0.0,73,13,1,2,1099,30,0.0,3.6278901824875067,11,0.13333333333333333,35,0.0,0,0.0,0.6931471805599453,0.0,0.0,0,0.6931471805599453,0.0,0.0,0.0,1,0.0,0.0,0.0,0.0,0.0,1
1956,34941.0,1,1,26,3.6888794541139363,1.0986122886681098,3.258096538021482,1.6094379124341003,1.3862943611198906,3.2188758248682006,1.0986122886681098,1.3862943611198906,0.0,3,8,0.0,0.0,0.0,0.0,0.0,0.0,0.0,70,13,2,4,97,8,0.0,2.5745188084776873,11,0.25,16,0.0,0,0.6931471805599453,0.0,0.0,0.0,0,0.0,0.6931471805599453,0.0,0.0,0,0.6931471805599453,0.0,0.0,0.0,0.0,1
1950,48767.0,1,2,79,3.367295829986474,0.6931471805599453,3.091042453358316,1.3862943611198906,0.0,2.3978952727983707,1.3862943611198906,1.0986122886681098,0.6931471805599453,3,5,0.0,0.0,0.0,0.0,0.0,0.0,0.0,76,12,3,4,63,9,0.0,2.0794415416798357,7,0.3333333333333333,14,0.0,0,0.0,0.6931471805599453,0.0,0.0,0,0.6931471805599453,0.0,0.0,0.0,1,0.0,0.0,0.0,0.0,0.0,1
1978,38702.0,1,0,71,2.6390573296152584,2.4849066497880004,3.2188758248682006,2.6390573296152584,2.1972245773362196,3.713572066704308,1.0986122886681098,1.3862943611198906,0.0,4,6,0.0,0.0,0.0,0.0,0.0,0.0,0.0,48,13,1,3,109,9,0.0,2.5734600471294455,9,0.2222222222222222,15,0.0,0,0.0,0.0,0.0,0.0,0,0.0,0.6931471805599453,0.0,0.0,1,0.0,0.0,0.6931471805599453,0.0,0.0,0
1964,82224.0,0,0,83,5.730099782973574,3.295836866004329,5.8888779583328805,4.9344739331306915,3.4657359027997265,3.713572066704308,0.6931471805599453,1.9459101490553132,2.302585092994046,5,3,0.0,0.0,0.0,0.6931471805599453,0.0,0.0,0.0,62,12,0,2,902,21,0.6931471805599453,3.783106796779429,9,0.047619047619047616,24,0.0,1,0.0,0.0,0.0,0.0,1,0.0,0.0,0.0,0.0,0,0.0,0.0,0.0,0.6931471805599453,0.0,0
1952,83844.0,0,0,57,6.804614520062624,3.4657359027997265,5.846438775057725,4.330733340286331,3.4657359027997265,5.2574953720277815,0.6931471805599453,1.6094379124341003,1.6094379124341003,11,1,0.0,0.0,0.6931471805599453,0.0,0.0,0.0,0.0,74,13,0,2,1574,20,0.6931471805599453,4.378269585796169,5,0.05,21,0.0,1,0.0,0.0,0.0,0.0,0,0.0,0.6931471805599453,0.0,0.0,1,0.0,0.0,0.0,0.0,0.0,1
1975,17003.0,1,0,37,1.0986122886681098,1.791759469228055,2.5649493574615367,1.6094379124341003,2.1972245773362196,2.0794415416798357,1.3862943611198906,1.0986122886681098,0.0,4,5,0.0,0.0,0.0,0.0,0.0,0.0,0.0,51,13,1,3,38,9,0.0,1.6529230243738393,7,0.3333333333333333,14,0.0,0,0.0,0.0,0.0,0.0,1,0.0,0.0,0.0,0.0,1,0.0,0.0,0.0,0.6931471805599453,0.0,0
1995,71163.0,0,0,30,5.648974238161206,2.8903717578961645,5.921578419643816,4.9344739331306915,4.672828834461906,3.8066624897703196,0.6931471805599453,1.3862943611198906,2.1972245773362196,12,1,0.0,0.0,0.0,0.0,0.0,0.0,0.0,31,12,0,1,960,24,0.0,3.713572066704308,4,0.041666666666666664,25,0.0,1,0.0,0.0,0.0,0.0,0,0.6931471805599453,0.0,0.0,0.0,1,0.0,0.0,0.0,0.6931471805599453,0.0,0
1970,33697.0,1,0,34,1.6094379124341003,1.3862943611198906,2.0794415416798357,0.0,1.3862943611198906,2.4849066497880004,0.6931471805599453,0.6931471805599453,0.0,2,7,0.6931471805599453,0.0,0.0,0.0,0.0,0.0,0.0,56,13,1,2,28,4,0.6931471805599453,2.0794415416798357,8,0.25,11,0.0,1,0.0,0.0,0.0,0.0,0,0.6931471805599453,0.0,0.0,0.0,1,0.0,0.0,0.6931471805599453,0.0,0.0,0
1954,63564.0,0,0,0,6.646390514847729,4.394449154672439,5.53338948872752,2.772588722239781,3.5553480614894135,4.189654742026425,0.6931471805599453,2.3978952727983707,2.3978952727983707,7,6,0.6931471805599453,0.0,0.0,0.0,0.0,0.0,0.6931471805599453,72,12,0,2,1215,28,1.0986122886681098,3.7930785813355072,16,0.03571428571428571,34,0.0,0,0.0,0.0,0.0,0.0,1,0.0,0.0,0.0,0.0,0,0.6931471805599453,0.0,0.0,0.0,0.0,1
1972,83443.0,0,0,89,6.251903883165888,3.7612001156935624,6.610696044717759,4.02535169073515,4.04305126783455,4.442651256490317,0.6931471805599453,1.9459101490553132,2.3978952727983707,5,2,0.0,0.0,0.0,0.0,0.0,0.0,0.0,54,13,0,2,1497,22,0.0,4.234765049237457,8,0.045454545454545456,24,0.0,0,0.0,0.6931471805599453,0.0,0.0,0,0.0,0.6931471805599453,0.0,0.0,0,0.0,0.0,0.0,0.6931471805599453,0.0,0
1958,51518.0,0,1,92,5.860786223465865,2.1972245773362196,4.204692619390966,2.8903717578961645,1.6094379124341003,1.6094379124341003,1.0986122886681098,1.3862943611198906,1.0986122886681098,10,3,0.0,0.0,0.0,0.0,0.0,0.0,0.0,68,13,1,3,449,17,0.0,3.31097229006943,6,0.11764705882352941,20,0.0,0,0.0,0.6931471805599453,0.0,0.0,0,0.0,0.6931471805599453,0.0,0.0,1,0.0,0.0,0.0,0.0,0.0,1
1975,58330.0,0,1,87,6.100318952020064,3.9889840465642745,5.365976015021851,4.653960350157523,4.59511985013459,5.0238805208462765,0.6931471805599453,1.9459101490553132,1.6094379124341003,13,4,0.0,0.0,0.0,0.0,0.0,0.0,0.0,51,13,1,2,1064,24,0.0,3.8140425970679424,10,0.041666666666666664,28,0.0,1,0.0,0.0,0.0,0.0,0,0.0,0.0,0.6931471805599453,0.0,1,0.0,0.0,0.0,0.0,0.0,1
1969,80952.0,0,0,20,6.658011045870748,5.187385805840755,6.536691597591305,3.7376696182833684,3.332204510175204,3.8066624897703196,0.6931471805599453,2.1972245773362196,1.791759469228055,11,8,0.0,0.6931471805599453,0.6931471805599453,0.6931471805599453,0.0,0.0,0.6931471805599453,57,13,0,2,1757,25,1.6094379124341003,4.266615783162554,16,0.04,33,0.0,1,0.0,0.0,0.0,0.0,1,0.0,0.0,0.0,0.0,1,0.0,0.0,0.0,0.0,0.0,1
1979,75507.0,0,0,56,6.565264970035361,4.543294782270004,5.926926025970411,4.653960350157523,4.394449154672439,4.394449154672439,0.6931471805599453,2.1972245773362196,1.9459101490553132,6,3,0.0,0.0,0.0,0.0,0.0,0.0,0.0,47,12,0,2,1440,21,0.0,4.242353974027276,11,0.047619047619047616,24,0.0,1,0.0,0.0,0.0,0.0,0,0.0,0.6931471805599453,0.0,0.0,0,0.6931471805599453,0.0,0.0,0.0,0.0,1
1978,63855.0,0,0,28,5.886104031450156,3.58351893845611,5.752572638825633,4.543294782270004,4.762173934797756,4.499809670330265,0.6931471805599453,2.0794415416798357,1.3862943611198906,13,4,0.0,0.0,0.0,0.0,0.0,0.0,0.0,48,13,0,2,1006,24,0.0,3.7592602508757356,11,0.041666666666666664,28,0.0,0,0.0,0.0,0.0,0.0,0,0.0,0.6931471805599453,0.0,0.0,1,0.0,0.0,0.0,0.0,0.0,1
1972,62220.0,0,1,55,6.684611727667927,2.5649493574615367,5.929589143389895,2.833213344056216,2.5649493574615367,2.5649493574615367,1.791759469228055,2.0794415416798357,1.9459101490553132,5,6,0.0,0.0,0.0,0.0,0.0,0.0,0.6931471805599453,54,14,1,3,1226,23,0.6931471805599453,3.994604294196428,13,0.21739130434782608,29,0.0,0,0.0,0.6931471805599453,0.0,0.0,0,0.0,0.6931471805599453,0.0,0.0,0,0.6931471805599453,0.0,0.0,0.0,0.0,1
1964,58512.0,0,1,25,6.79794041297493,2.3978952727983707,4.624972813284271,2.6390573296152584,0.0,5.030437921392435,1.791759469228055,1.3862943611198906,1.6094379124341003,8,8,0.0,0.0,0.0,0.0,0.0,0.0,0.0,62,13,1,3,1171,20,0.0,4.0868162958013095,11,0.25,28,0.0,1,0.0,0.0,0.0,0.0,1,0.0,0.0,0.0,0.0,1,0.0,0.0,0.0,0.0,0.0,1
1979,40662.0,1,0,0,3.713572066704308,1.0986122886681098,3.1780538303479458,0.0,1.6094379124341003,3.1780538303479458,1.0986122886681098,1.0986122886681098,0.6931471805599453,3,4,0.0,0.0,0.0,0.0,0.0,0.0,0.0,47,13,1,3,92,8,0.0,2.5257286443082556,6,0.25,12,0.0,0,0.6931471805599453,0.0,0.0,0.0,1,0.0,0.0,0.0,0.0,1,0.0,0.0,0.0,0.0,0.0,1
1959,38829.0,0,1,86,4.343805421853684,0.0,2.0794415416798357,0.0,0.0,2.833213344056216,0.6931471805599453,1.3862943611198906,1.0986122886681098,2,5,0.0,0.0,0.0,0.0,0.0,0.0,0.0,67,12,1,3,99,8,0.0,2.59338729278207,8,0.125,13,0.0,0,0.0,0.6931471805599453,0.0,0.0,1,0.0,0.0,0.0,0.0,0,0.6931471805599453,0.0,0.0,0.0,0.0,1
1981,35523.0,1,0,8,2.4849066497880004,1.791759469228055,3.1354942159291497,2.5649493574615367,1.791759469228055,2.4849066497880004,1.0986122886681098,1.3862943611198906,0.0,3,7,0.0,0.0,0.0,0.0,0.0,0.0,0.0,45,13,1,3,66,8,0.0,2.224623551524334,10,0.25,15,0.0,0,0.0,0.0,0.0,0.0,1,0.0,0.0,0.0,0.0,0,0.6931471805599453,0.0,0.0,0.6931471805599453,0.0,0
1967,79146.0,1,1,33,5.5053315359323625,2.833213344056216,5.4116460518550396,3.091042453358316,3.784189633918261,2.833213344056216,1.0986122886681098,2.1972245773362196,0.6931471805599453,8,6,0.0,0.0,0.0,0.0,0.0,0.0,0.0,59,12,2,3,564,19,0.0,3.423748207184052,14,0.10526315789473684,25,0.0,1,0.0,0.0,0.0,0.0,0,0.6931471805599453,0.0,0.0,0.0,0,0.6931471805599453,0.0,0.0,0.0,0.0,1
1988,78285.0,0,0,13,6.473890696352274,4.68213122712422,5.971261839790462,5.170483995038151,4.219507705176107,3.713572066704308,0.6931471805599453,1.9459101490553132,1.6094379124341003,10,3,0.0,0.0,0.0,0.0,0.0,0.0,0.0,38,13,0,2,1427,21,0.0,4.233416135222239,9,0.047619047619047616,24,0.0,0,0.6931471805599453,0.0,0.0,0.0,1,0.0,0.0,0.0,0.0,1,0.0,0.0,0.0,0.0,0.0,1
1978,31626.0,1,0,12,3.6888794541139363,0.6931471805599453,2.302585092994046,1.0986122886681098,0.6931471805599453,3.5553480614894135,0.6931471805599453,1.0986122886681098,0.6931471805599453,2,7,0.6931471805599453,0.0,0.0,0.0,0.0,0.0,0.6931471805599453,48,13,1,2,86,6,1.0986122886681098,2.7300291078209855,9,0.16666666666666666,13,0.0,0,0.0,0.6931471805599453,0.0,0.0,0,0.6931471805599453,0.0,0.0,0.0,0,0.6931471805599453,0.0,0.0,0.0,0.0,1
1952,75127.0,0,0,92,5.318119993844216,3.58351893845611,5.723585101952381,3.8501476017100584,2.8903717578961645,5.429345628954441,0.6931471805599453,1.0986122886681098,2.4849066497880004,5,1,0.0,0.0,0.0,0.0,0.0,0.0,0.0,74,12,0,1,833,19,0.0,3.8031475476628755,3,0.05263157894736842,20,0.0,1,0.0,0.0,0.0,0.0,0,0.6931471805599453,0.0,0.0,0.0,0,0.0,0.0,0.0,0.6931471805599453,0.0,0
1955,48726.0,0,1,90,4.9344739331306915,1.3862943611198906,3.6635616461296463,1.6094379124341003,0.0,4.0943445622221,1.3862943611198906,1.3862943611198906,1.0986122886681098,4,6,0.0,0.0,0.0,0.0,0.0,0.0,0.0,71,13,1,3,242,12,0.0,3.0524276172305362,9,0.25,18,0.0,1,0.0,0.0,0.0,0.0,1,0.0,0.0,0.0,0.0,1,0.0,0.0,0.0,0.0,0.0,1
1977,74985.0,0,0,8,6.376726947898627,3.9512437185814275,6.80128303447162,5.5134287461649825,0.0,4.465908118654584,0.6931471805599453,1.3862943611198906,1.9459101490553132,7,2,0.0,0.0,0.0,0.0,0.0,0.0,0.0,49,14,0,2,1869,17,0.0,4.709000119137187,5,0.058823529411764705,19,0.0,1,0.0,0.0,0.0,0.0,1,0.0,0.0,0.0,0.0,1,0.0,0.0,0.0,0.6931471805599453,0.0,0
1987,67430.0,0,0,6,6.39024066706535,4.584967478670572,5.676753802268282,4.852030263919617,4.897839799950911,4.804021044733257,0.6931471805599453,2.4849066497880004,1.791759469228055,12,6,0.0,0.0,0.0,0.0,0.0,0.0,0.0,39,14,0,2,1364,29,0.0,3.8719191437933316,17,0.034482758620689655,35,0.0,1,0.0,0.0,0.0,0.0,0,0.0,0.6931471805599453,0.0,0.0,1,0.0,0.0,0.0,0.0,0.0,1
1965,46891.0,0,1,91,3.784189633918261,2.5649493574615367,3.1780538303479458,3.4011973816621555,2.772588722239781,4.127134385045092,0.6931471805599453,1.0986122886681098,0.6931471805599453,4,4,0.0,0.0,0.0,0.0,0.0,0.0,0.0,61,13,1,3,183,8,0.0,3.172831886366794,6,0.125,12,0.0,0,0.0,0.0,0.0,0.0,1,0.0,0.0,0.0,0.0,1,0.0,0.0,0.6931471805599453,0.0,0.0,0
1956,62058.0,0,1,52,5.71042701737487,2.0794415416798357,4.31748811353631,2.3978952727983707,0.0,4.07753744390572,1.6094379124341003,1.9459101490553132,0.6931471805599453,7,6,0.0,0.0,0.0,0.0,0.0,0.0,0.0,70,13,1,3,450,18,0.0,3.258096538021482,12,0.2222222222222222,24,0.0,0,0.6931471805599453,0.0,0.0,0.0,1,0.0,0.0,0.0,0.0,1,0.0,0.0,0.0,0.0,0.0,1
1979,72063.0,0,1,3,5.198497031265826,3.4965075614664802,5.855071922202427,4.343805421853684,3.4965075614664802,4.51085950651685,1.0986122886681098,1.791759469228055,1.0986122886681098,12,2,0.0,0.0,0.0,0.0,0.0,0.0,0.0,47,13,1,3,758,21,0.0,3.613488608147325,7,0.09523809523809523,23,0.0,1,0.0,0.0,0.0,0.0,1,0.0,0.0,0.0,0.0,1,0.0,0.0,0.0,0.6931471805599453,0.0,0
1951,78939.0,0,0,57,6.678342114654332,4.7535901911063645,5.497168225293202,5.017279836814924,0.0,5.327876168789581,0.6931471805599453,2.1972245773362196,1.791759469228055,6,3,0.0,0.0,0.0,0.0,0.0,0.0,0.0,75,13,0,2,1507,20,0.0,4.335328031664641,11,0.05,23,0.0,0,0.0,0.6931471805599453,0.0,0.0,1,0.0,0.0,0.0,0.0,0,0.6931471805599453,0.0,0.0,0.0,0.0,1
1965,42720.0,1,1,9,5.973809611869261,1.791759469228055,4.5217885770490405,3.367295829986474,3.295836866004329,4.727387818712341,2.1972245773362196,2.0794415416798357,1.3862943611198906,7,8,0.0,0.0,0.0,0.0,0.0,0.0,0.6931471805599453,61,13,2,3,654,25,0.6931471805599453,3.3017453026904953,15,0.32,33,0.0,1,0.0,0.0,0.0,0.0,0,0.6931471805599453,0.0,0.0,0.0,0,0.6931471805599453,0.0,0.0,0.0,0.0,1
1972,33622.0,1,1,22,3.6888794541139363,0.6931471805599453,3.1354942159291497,1.3862943611198906,1.6094379124341003,2.5649493574615367,1.3862943611198906,1.0986122886681098,0.0,4,7,0.0,0.0,0.0,0.0,0.0,0.0,0.0,54,13,2,4,81,9,0.0,2.302585092994046,9,0.3333333333333333,16,0.0,1,0.0,0.0,0.0,0.0,1,0.0,0.0,0.0,0.0,1,0.0,0.0,0.0,0.0,0.0,1
1957,6835.0,0,1,76,4.68213122712422,1.0986122886681098,2.5649493574615367,1.0986122886681098,1.0986122886681098,2.5649493574615367,0.0,0.0,0.0,1,20,0.0,0.0,0.0,0.0,0.0,0.0,0.0,69,14,1,3,137,1,0.0,4.927253685157205,20,0.0,21,0.0,0,0.0,0.6931471805599453,0.0,0.0,0,0.0,0.6931471805599453,0.0,0.0,1,0.0,0.0,0.0,0.0,0.0,1
1953,41452.0,1,1,86,2.6390573296152584,0.0,1.3862943611198906,0.0,0.0,0.0,0.6931471805599453,0.6931471805599453,0.0,2,7,0.0,0.0,0.0,0.0,0.0,0.0,0.0,73,13,2,4,16,4,0.0,1.6094379124341003,8,0.25,11,0.0,1,0.0,0.0,0.0,0.0,0,0.0,0.6931471805599453,0.0,0.0,1,0.0,0.0,0.0,0.0,0.0,1
1965,40760.0,0,1,64,4.2626798770413155,0.0,2.8903717578961645,0.0,0.0,1.9459101490553132,1.0986122886681098,1.0986122886681098,0.6931471805599453,3,6,0.0,0.0,0.0,0.0,0.0,0.0,0.0,61,13,1,2,93,8,0.0,2.5356789751614235,8,0.25,14,0.0,0,0.0,0.6931471805599453,0.0,0.0,0,0.6931471805599453,0.0,0.0,0.0,1,0.0,0.0,0.0,0.0,0.0,1
1958,74250.0,0,0,90,6.523562306149512,2.4849066497880004,5.973809611869261,4.330733340286331,0.0,0.0,0.6931471805599453,1.0986122886681098,2.4849066497880004,4,1,0.0,0.0,0.0,0.0,0.0,0.0,0.0,68,12,0,2,1158,18,0.0,4.179502370562408,3,0.05555555555555555,19,0.0,0,0.0,0.6931471805599453,0.0,0.0,0,0.0,0.6931471805599453,0.0,0.0,0,0.0,0.0,0.0,0.0,0.0,1
1955,51124.0,1,1,79,3.295836866004329,0.6931471805599453,2.4849066497880004,0.0,0.6931471805599453,1.6094379124341003,1.0986122886681098,0.6931471805599453,0.0,3,3,0.0,0.0,0.0,0.0,0.0,0.0,0.0,71,13,2,3,43,6,0.0,2.100060828882572,4,0.3333333333333333,9,0.0,0,0.6931471805599453,0.0,0.0,0.0,0,0.6931471805599453,0.0,0.0,0.0,1,0.0,0.0,0.0,0.0,0.0,1
1971,72258.0,0,1,28,6.259581464064923,0.0,6.259581464064923,5.429345628954441,4.795790545596741,4.90527477843843,1.0986122886681098,1.9459101490553132,2.302585092994046,5,2,0.0,0.0,0.0,0.0,0.0,0.0,0.0,55,13,1,2,1525,22,0.0,4.25303039721475,8,0.09090909090909091,24,0.0,1,0.0,0.0,0.0,0.0,0,0.6931471805599453,0.0,0.0,0.0,0,0.0,0.0,0.0,0.0,0.0,1
1974,71466.0,0,0,86,6.023447592961033,2.5649493574615367,6.304448802421981,4.3694478524670215,5.209486152841421,0.0,0.6931471805599453,1.6094379124341003,1.6094379124341003,10,1,0.0,0.0,0.0,0.0,0.0,0.0,0.0,52,12,0,1,1230,19,0.0,4.185659530959137,5,0.05263157894736842,20,0.0,0,0.0,0.6931471805599453,0.0,0.0,0,0.6931471805599453,0.0,0.0,0.0,1,0.0,0.0,0.0,0.6931471805599453,0.0,0
1976,36283.0,1,1,42,1.9459101490553132,1.791759469228055,1.791759469228055,2.1972245773362196,0.0,1.791759469228055,1.0986122886681098,0.6931471805599453,0.0,3,4,0.0,0.0,0.0,0.0,0.0,0.0,0.0,50,12,2,4,29,6,0.0,1.7635885922613586,5,0.3333333333333333,10,0.0,1,0.0,0.0,0.0,0.0,0,0.0,0.6931471805599453,0.0,0.0,1,0.0,0.0,0.0,0.0,0.0,0
1970,20587.0,1,0,39,1.0986122886681098,1.3862943611198906,1.9459101490553132,1.6094379124341003,0.6931471805599453,2.302585092994046,0.6931471805599453,0.6931471805599453,0.6931471805599453,2,7,0.0,0.0,0.0,0.0,0.0,0.0,0.0,56,12,1,2,25,5,0.0,1.791759469228055,8,0.2,12,0.0,1,0.0,0.0,0.0,0.0,0,0.6931471805599453,0.0,0.0,0.0,1,0.0,0.0,0.6931471805599453,0.0,0.0,0
1972,30467.0,1,0,8,0.6931471805599453,1.3862943611198906,2.1972245773362196,1.0986122886681098,1.791759469228055,1.791759469228055,0.6931471805599453,0.6931471805599453,0.0,2,7,0.0,0.0,0.0,0.0,0.0,0.0,0.0,54,12,1,3,24,4,0.0,1.9459101490553132,8,0.25,11,0.0,1,0.0,0.0,0.0,0.0,1,0.0,0.0,0.0,0.0,1,0.0,0.0,0.0,0.6931471805599453,0.0,0
1972,31590.0,1,0,40,1.9459101490553132,1.0986122886681098,2.772588722239781,1.9459101490553132,1.9459101490553132,1.3862943611198906,0.6931471805599453,0.6931471805599453,0.0,3,8,0.0,0.0,0.0,0.0,0.0,0.0,0.0,54,13,1,3,38,5,0.0,2.151762203259462,9,0.2,13,0.0,1,0.0,0.0,0.0,0.0,0,0.0,0.6931471805599453,0.0,0.0,1,0.0,0.0,0.0,0.6931471805599453,0.0,0
1986,20425.0,1,0,5,1.6094379124341003,2.5649493574615367,1.791759469228055,1.3862943611198906,2.833213344056216,2.8903717578961645,1.0986122886681098,1.0986122886681098,0.0,3,7,0.0,0.0,0.0,0.0,0.0,0.0,0.0,40,14,1,3,57,7,0.0,2.2129729343043585,9,0.2857142857142857,14,0.6931471805599453,0,0.0,0.0,0.0,0.0,1,0.0,0.0,0.0,0.0,1,0.0,0.0,0.6931471805599453,0.0,0.0,0
1960,17144.0,1,1,96,2.9444389791664403,1.0986122886681098,2.995732273553991,0.0,1.0986122886681098,1.9459101490553132,1.791759469228055,1.3862943611198906,0.0,4,7,0.0,0.0,0.0,0.0,0.0,0.0,0.0,66,12,2,4,47,12,0.0,1.5926307941177191,10,0.4166666666666667,19,0.0,0,0.6931471805599453,0.0,0.0,0.0,0,0.0,0.6931471805599453,0.0,0.0,1,0.0,0.0,0.0,0.6931471805599453,0.0,0
1968,42564.0,0,1,28,5.783825182329737,3.8918202981106265,5.231108616854587,3.6888794541139363,2.9444389791664403,5.293304824724492,1.9459101490553132,1.9459101490553132,2.1972245773362196,4,7,0.6931471805599453,0.0,0.0,0.0,0.0,0.0,0.6931471805599453,58,13,1,2,813,24,1.0986122886681098,3.5517702401415296,13,0.25,31,0.0,0,0.0,0.6931471805599453,0.0,0.6931471805599453,0,0.0,0.0,0.0,0.0,0,0.0,0.0,0.0,0.0,0.0,1
1978,43783.0,1,0,22,5.793013608384144,2.302585092994046,4.836281906951478,3.258096538021482,1.6094379124341003,4.941642422609304,1.9459101490553132,2.0794415416798357,0.6931471805599453,8,7,0.6931471805599453,0.0,0.0,0.0,0.0,0.0,0.0,48,12,1,3,629,22,0.6931471805599453,3.387467188850253,14,0.2727272727272727,29,0.0,0,0.6931471805599453,0.0,0.0,0.0,1,0.0,0.0,0.0,0.0,1,0.0,0.0,0.0,0.0,0.0,1
1976,40780.0,0,1,30,5.438079308923196,3.332204510175204,4.276666119016055,2.6390573296152584,1.3862943611198906,3.5553480614894135,1.6094379124341003,2.0794415416798357,0.6931471805599453,5,9,0.0,0.0,0.0,0.0,0.0,0.0,0.0,50,14,1,2,377,17,0.0,3.1431375652417177,16,0.23529411764705882,26,0.0,1,0.0,0.0,0.0,0.6931471805599453,0,0.0,0.0,0.0,0.0,0,0.6931471805599453,0.0,0.0,0.0,0.0,1
1945,62847.0,0,0,45,6.257667587882639,5.1298987149230735,6.561030665896573,4.394449154672439,4.343805421853684,4.127134385045092,0.6931471805599453,1.3862943611198906,1.9459101490553132,4,2,0.0,0.0,0.0,0.0,0.0,0.0,0.0,81,13,0,2,1612,14,0.0,4.754820960492498,5,0.07142857142857142,16,0.0,0,0.6931471805599453,0.0,0.0,0.0,0,0.0,0.6931471805599453,0.0,0.0,0,0.0,0.0,0.0,0.6931471805599453,0.0,0
1957,82017.0,0,0,58,5.220355825078324,3.1780538303479458,6.102558594613569,3.4339872044851463,3.1780538303479458,3.1780538303479458,0.6931471805599453,1.791759469228055,1.6094379124341003,7,2,0.0,0.6931471805599453,0.6931471805599453,0.6931471805599453,0.0,0.0,0.6931471805599453,69,14,0,2,729,17,1.6094379124341003,3.7815122561475447,7,0.058823529411764705,19,0.0,0,0.0,0.6931471805599453,0.0,0.0,1,0.0,0.0,0.0,0.0,1,0.0,0.0,0.0,0.6931471805599453,0.0,0
1950,16813.0,0,0,49,1.6094379124341003,2.1972245773362196,2.4849066497880004,2.5649493574615367,1.0986122886681098,2.6390573296152584,0.6931471805599453,1.0986122886681098,0.0,3,7,0.6931471805599453,0.0,0.0,0.0,0.0,0.0,0.0,76,13,0,1,50,6,0.6931471805599453,2.2335922215070942,9,0.16666666666666666,13,0.0,1,0.0,0.0,0.0,0.0,0,0.6931471805599453,0.0,0.0,0.0,1,0.0,0.0,0.6931471805599453,0.0,0.0,0
1978,51267.0,1,1,37,5.214935757608986,1.0986122886681098,4.174387269895637,2.0794415416798357,1.0986122886681098,2.5649493574615367,1.6094379124341003,1.3862943611198906,1.3862943611198906,5,4,0.0,0.0,0.0,0.0,0.0,0.0,0.0,48,13,2,4,270,15,0.0,2.9444389791664403,7,0.26666666666666666,19,0.0,1,0.0,0.0,0.0,0.0,1,0.0,0.0,0.0,0.0,1,0.0,0.0,0.0,0.0,0.0,1
1961,46524.0,0,1,70,3.4657359027997265,2.995732273553991,3.58351893845611,3.295836866004329,2.70805020110221,3.970291913552122,1.0986122886681098,0.6931471805599453,0.6931471805599453,5,3,0.0,0.0,0.0,0.0,0.0,0.0,0.0,65,13,1,2,177,9,0.0,3.028522096376982,4,0.2222222222222222,12,0.0,1,0.0,0.0,0.0,0.0,0,0.6931471805599453,0.0,0.0,0.0,1,0.0,0.0,0.6931471805599453,0.0,0.0,0
1962,45183.0,0,0,33,5.393627546352362,1.3862943611198906,4.110873864173311,2.5649493574615367,2.302585092994046,2.5649493574615367,0.6931471805599453,1.6094379124341003,0.6931471805599453,7,7,0.0,0.6931471805599453,0.0,0.0,0.0,0.0,0.0,64,13,0,1,315,13,0.6931471805599453,3.228064250922607,11,0.07692307692307693,20,0.0,0,0.6931471805599453,0.0,0.0,0.0,0,0.6931471805599453,0.0,0.0,0.0,1,0.0,0.0,0.0,0.0,0.0,1
1954,70421.0,0,1,98,6.173786103901937,3.367295829986474,4.919980925828125,4.330733340286331,2.70805020110221,3.58351893845611,1.3862943611198906,2.3978952727983707,1.3862943611198906,7,6,0.0,0.0,0.0,0.0,0.0,0.0,0.0,72,12,1,3,767,23,0.0,3.5365387295319177,16,0.13043478260869565,29,0.0,0,0.0,0.6931471805599453,0.0,0.0,1,0.0,0.0,0.0,0.0,0,0.6931471805599453,0.0,0.0,0.0,0.0,1
1965,60161.0,0,1,17,6.371611847231857,3.8066624897703196,5.3612921657094255,3.8501476017100584,2.1972245773362196,5.181783550292085,1.3862943611198906,2.4849066497880004,1.6094379124341003,8,8,0.0,0.0,0.0,0.0,0.0,0.0,0.0,61,14,1,2,1071,26,0.0,3.7422379222537483,19,0.11538461538461539,34,0.0,0,0.0,0.0,0.0,0.6931471805599453,0,0.0,0.0,0.0,0.0,0,0.6931471805599453,0.0,0.0,0.0,0.0,1
1973,73926.0,0,0,54,6.4425401664681985,4.5217885770490405,6.393590753950631,5.075173815233827,4.5217885770490405,2.772588722239781,0.6931471805599453,1.9459101490553132,1.791759469228055,12,3,0.0,0.0,0.0,0.0,0.0,0.0,0.0,53,13,0,2,1580,24,0.0,4.202201958078514,9,0.041666666666666664,27,0.0,1,0.0,0.0,0.0,0.0,0,0.0,0.6931471805599453,0.0,0.0,1,0.0,0.0,0.0,0.0,0.0,1
1968,19329.0,1,0,39,3.2188758248682006,0.6931471805599453,2.833213344056216,2.5649493574615367,1.0986122886681098,1.791759469228055,1.3862943611198906,1.6094379124341003,0.0,3,8,0.0,0.0,0.0,0.0,0.0,0.0,0.0,58,13,1,3,60,10,0.0,1.9459101490553132,12,0.3,18,0.0,1,0.0,0.0,0.0,0.0,1,0.0,0.0,0.0,0.0,0,0.6931471805599453,0.0,0.0,0.0,0.0,1
1970,61872.0,0,1,81,5.802118375377063,1.791759469228055,5.075173815233827,3.6109179126442243,3.332204510175204,2.833213344056216,1.6094379124341003,1.6094379124341003,1.6094379124341003,9,4,0.0,0.0,0.0,0.0,0.0,0.0,0.0,56,13,1,3,573,21,0.0,3.3423568816392217,8,0.19047619047619047,25,0.0,0,0.6931471805599453,0.0,0.0,0.0,1,0.0,0.0,0.0,0.0,1,0.0,0.0,0.0,0.0,0.0,1
1956,46984.0,1,1,71,2.995732273553991,0.6931471805599453,2.3978952727983707,1.0986122886681098,0.6931471805599453,2.1972245773362196,0.6931471805599453,0.6931471805599453,0.0,3,5,0.0,0.0,0.0,0.0,0.0,0.0,0.0,70,13,2,3,41,5,0.0,2.2192034840549946,6,0.2,10,0.0,1,0.0,0.0,0.0,0.0,0,0.0,0.0,0.6931471805599453,0.0,1,0.0,0.0,0.0,0.0,0.0,1
1951,34838.0,1,1,62,3.367295829986474,3.1780538303479458,3.4011973816621555,3.4011973816621555,2.70805020110221,3.871201010907891,1.3862943611198906,1.0986122886681098,0.6931471805599453,4,6,0.0,0.0,0.0,0.0,0.0,0.0,0.0,75,13,2,4,170,10,0.0,2.8903717578961645,8,0.3,16,0.0,1,0.0,0.0,0.0,0.0,1,0.0,0.0,0.0,0.0,1,0.0,0.0,0.6931471805599453,0.0,0.0,0
1944,82716.0,0,0,8,6.408528791059498,5.003946305945459,5.43372200355424,2.772588722239781,5.003946305945459,3.1354942159291497,0.6931471805599453,1.9459101490553132,2.1972245773362196,13,2,0.0,0.0,0.0,0.0,0.0,0.0,0.0,82,13,0,1,1167,28,0.0,3.7536969541904073,8,0.03571428571428571,30,0.0,0,0.0,0.6931471805599453,0.0,0.0,0,0.6931471805599453,0.0,0.0,0.0,1,0.0,0.0,0.0,0.0,0.0,1
1958,48192.0,0,0,76,6.946975992135418,3.784189633918261,5.3230099791384085,5.0369526024136295,4.07753744390572,3.4011973816621555,1.3862943611198906,1.0986122886681098,2.1972245773362196,12,8,0.0,0.6931471805599453,0.0,0.6931471805599453,0.6931471805599453,0.0,0.6931471805599453,68,13,0,2,1526,25,1.6094379124341003,4.127779338308338,10,0.12,33,0.0,1,0.0,0.0,0.0,0.0,1,0.0,0.0,0.0,0.0,1,0.0,0.0,0.0,0.0,0.0,1
1976,49681.0,0,2,66,6.021023349349527,0.0,3.295836866004329,0.0,0.0,3.091042453358316,1.9459101490553132,2.0794415416798357,0.6931471805599453,7,7,0.0,0.0,0.0,0.0,0.0,0.0,0.0,50,13,2,4,458,21,0.0,3.1271781596874924,14,0.2857142857142857,28,0.0,0,0.6931471805599453,0.0,0.0,0.0,1,0.0,0.0,0.0,0.0,0,0.6931471805599453,0.0,0.0,0.0,0.0,1
1971,56850.0,0,1,83,3.5553480614894135,0.6931471805599453,2.995732273553991,1.0986122886681098,2.0794415416798357,0.0,0.6931471805599453,0.6931471805599453,0.6931471805599453,3,2,0.0,0.0,0.0,0.0,0.0,0.0,0.0,55,12,1,3,63,6,0.0,2.4423470353692043,3,0.16666666666666666,8,0.0,0,0.6931471805599453,0.0,0.0,0.0,1,0.0,0.0,0.0,0.0,1,0.0,0.0,0.0,0.0,0.0,1
1957,55267.0,0,1,28,5.087596335232384,3.367295829986474,4.919980925828125,3.4965075614664802,1.3862943611198906,3.828641396489095,1.6094379124341003,1.3862943611198906,1.6094379124341003,6,3,0.0,0.0,0.0,0.0,0.0,0.0,0.0,69,13,1,3,405,17,0.0,3.211791969979796,6,0.23529411764705882,20,0.0,1,0.0,0.0,0.0,0.0,1,0.0,0.0,0.0,0.0,1,0.0,0.0,0.0,0.0,0.0,1
1972,59666.0,1,1,87,6.436150368369428,3.9889840465642745,5.187385805840755,3.1780538303479458,2.8903717578961645,4.897839799950911,2.0794415416798357,1.3862943611198906,1.0986122886681098,8,8,0.0,0.6931471805599453,0.0,0.0,0.0,0.0,0.0,54,13,2,4,1027,20,0.6931471805599453,3.9579519373165457,11,0.35,28,0.0,1,0.0,0.0,0.0,0.0,1,0.0,0.0,0.0,0.0,1,0.0,0.0,0.0,0.0,0.0,1
1972,72504.0,0,1,43,6.405228458030842,3.295836866004329,6.154858094016418,4.820281565605037,5.087596335232384,4.553876891600541,1.0986122886681098,1.791759469228055,2.302585092994046,6,2,0.0,0.0,0.0,0.0,0.0,0.0,0.0,54,13,1,2,1478,22,0.0,4.222177933731985,7,0.09090909090909091,24,0.0,1,0.0,0.0,0.0,0.0,0,0.6931471805599453,0.0,0.0,0.0,0,0.0,0.0,0.0,0.0,0.0,1
1981,26872.0,0,0,0,1.3862943611198906,2.3978952727983707,2.1972245773362196,1.3862943611198906,2.833213344056216,3.4965075614664802,0.6931471805599453,0.6931471805599453,0.6931471805599453,2,6,0.0,0.0,0.0,0.0,0.0,0.0,0.0,45,13,0,2,72,5,0.0,2.7343675094195836,7,0.2,11,0.0,1,0.0,0.0,0.0,0.0,1,0.0,0.0,0.0,0.0,1,0.0,0.0,0.6931471805599453,0.0,0.0,0
1972,21359.0,1,0,1,2.5649493574615367,1.0986122886681098,2.8903717578961645,1.9459101490553132,0.6931471805599453,2.3978952727983707,1.0986122886681098,1.0986122886681098,0.0,3,8,0.0,0.0,0.0,0.0,0.0,0.0,0.6931471805599453,54,13,1,2,48,7,0.6931471805599453,2.0614230361771577,10,0.2857142857142857,15,0.0,1,0.0,0.0,0.0,0.0,0,0.6931471805599453,0.0,0.0,0.0,1,0.0,0.0,0.0,0.6931471805599453,0.0,0
1975,73170.0,0,0,1,5.220355825078324,5.1647859739235145,5.54907608489522,3.9318256327243257,3.4339872044851463,3.4965075614664802,0.6931471805599453,1.791759469228055,1.6094379124341003,6,2,0.0,0.0,0.0,0.0,0.0,0.0,0.0,51,12,0,1,726,16,0.0,3.8367605209275992,7,0.0625,18,0.0,1,0.0,0.0,0.0,0.0,0,0.6931471805599453,0.0,0.0,0.0,1,0.0,0.0,0.0,0.6931471805599453,0.0,0
1955,52750.0,0,1,72,5.976350909297934,0.0,5.480638923341991,4.51085950651685,4.248495242049359,4.248495242049359,1.9459101490553132,1.791759469228055,2.0794415416798357,9,4,0.0,0.0,0.0,0.0,0.0,0.0,0.0,71,13,1,3,860,27,0.0,3.49200811630525,9,0.2222222222222222,31,0.0,0,0.6931471805599453,0.0,0.0,0.0,1,0.0,0.0,0.0,0.0,1,0.0,0.0,0.0,0.0,0.0,1
1986,91820.0,0,0,72,6.018593214496234,4.30406509320417,6.617402977974478,4.343805421853684,5.087596335232384,3.4339872044851463,0.0,1.791759469228055,1.791759469228055,12,1,0.0,0.0,0.0,0.0,0.0,0.0,0.0,40,13,0,2,1497,22,0.0,4.234765049237457,6,0.0,23,0.0,0,0.0,0.6931471805599453,0.0,0.0,0,0.0,0.6931471805599453,0.0,0.0,1,0.0,0.0,0.0,0.6931471805599453,0.0,0
1970,65968.0,0,1,12,5.932245187448011,2.302585092994046,4.430816798843313,2.995732273553991,1.6094379124341003,1.6094379124341003,1.0986122886681098,1.791759469228055,1.6094379124341003,7,3,0.0,0.0,0.0,0.0,0.0,0.0,0.0,56,12,1,3,495,18,0.0,3.349904087274605,8,0.1111111111111111,21,0.0,0,0.0,0.6931471805599453,0.0,0.0,0,0.0,0.6931471805599453,0.0,0.0,1,0.0,0.0,0.0,0.0,0.0,1
1976,30772.0,1,1,89,2.0794415416798357,1.0986122886681098,1.6094379124341003,1.0986122886681098,0.6931471805599453,1.6094379124341003,0.6931471805599453,0.6931471805599453,0.0,2,6,0.0,0.0,0.0,0.0,0.0,0.0,0.0,50,12,2,4,20,4,0.0,1.791759469228055,7,0.25,10,0.0,1,0.0,0.0,0.0,0.0,1,0.0,0.0,0.0,0.0,1,0.0,0.0,0.0,0.0,0.0,1
1954,22507.0,0,0,67,4.23410650459726,0.0,5.424950017481403,3.9512437185814275,5.062595033026967,4.23410650459726,1.3862943611198906,2.3978952727983707,1.0986122886681098,4,9,0.0,0.0,0.0,0.0,0.0,0.0,0.0,72,14,0,1,570,19,0.0,3.4339872044851463,19,0.15789473684210525,28,0.0,1,0.0,0.0,0.0,0.0,0,0.6931471805599453,0.0,0.0,0.0,0,0.6931471805599453,0.0,0.0,0.6931471805599453,0.0,0
1972,65685.0,0,1,54,6.466144724237619,2.70805020110221,3.912023005428146,0.0,2.0794415416798357,4.060443010546419,0.6931471805599453,2.302585092994046,1.0986122886681098,9,5,0.0,0.0,0.0,0.0,0.0,0.0,0.0,54,12,1,3,769,21,0.0,3.6275105077376444,14,0.047619047619047616,26,0.0,1,0.0,0.0,0.0,0.0,1,0.0,0.0,0.0,0.0,0,0.6931471805599453,0.0,0.0,0.0,0.0,1
1978,25804.0,1,0,34,2.1972245773362196,2.0794415416798357,2.302585092994046,2.6390573296152584,1.9459101490553132,2.5649493574615367,1.0986122886681098,1.0986122886681098,0.0,3,8,0.0,0.0,0.0,0.0,0.0,0.0,0.0,48,13,1,3,55,7,0.0,2.181224235989778,10,0.2857142857142857,15,0.0,0,0.0,0.0,0.0,0.0,1,0.0,0.0,0.0,0.0,1,0.0,0.0,0.0,0.0,0.0,0
1980,76412.0,0,0,15,6.734591659972948,3.9889840465642745,6.690842277418564,3.1780538303479458,4.276666119016055,2.8903717578961645,0.6931471805599453,1.791759469228055,1.6094379124341003,8,3,0.0,0.0,0.6931471805599453,0.6931471805599453,0.0,0.0,0.6931471805599453,46,13,0,1,1808,18,1.3862943611198906,4.619511303258749,8,0.05555555555555555,21,0.0,0,0.0,0.6931471805599453,0.0,0.0,0,0.6931471805599453,0.0,0.0,0.0,1,0.0,0.0,0.0,0.0,0.0,1
1972,22063.0,1,0,43,2.0794415416798357,2.3978952727983707,2.6390573296152584,1.3862943611198906,2.4849066497880004,2.4849066497880004,1.0986122886681098,1.0986122886681098,0.0,3,7,0.0,0.0,0.0,0.0,0.0,0.0,0.0,54,13,1,3,55,7,0.0,2.181224235989778,9,0.2857142857142857,14,0.0,1,0.0,0.0,0.0,0.0,1,0.0,0.0,0.0,0.0,1,0.0,0.0,0.0,0.6931471805599453,0.0,0
1961,57091.0,0,0,0,6.142037405587356,1.791759469228055,4.174387269895637,2.0794415416798357,0.0,3.6375861597263857,0.6931471805599453,2.0794415416798357,1.3862943611198906,7,5,0.0,0.0,0.0,0.0,0.6931471805599453,0.0,0.6931471805599453,65,12,0,1,577,18,1.0986122886681098,3.498189647649465,12,0.05555555555555555,23,0.0,1,0.0,0.0,0.0,0.0,0,0.6931471805599453,0.0,0.0,0.0,0,0.6931471805599453,0.0,0.0,0.0,0.0,1
1963,22419.0,0,0,74,3.4339872044851463,1.3862943611198906,3.871201010907891,2.995732273553991,3.091042453358316,3.7612001156935624,0.6931471805599453,1.3862943611198906,1.0986122886681098,2,8,0.0,0.0,0.0,0.0,0.0,0.0,0.0,63,13,0,2,162,8,0.0,3.056356895370426,11,0.125,16,0.0,1,0.0,0.0,0.0,0.0,1,0.0,0.0,0.0,0.0,0,0.6931471805599453,0.0,0.0,0.6931471805599453,0.0,0
1959,87771.0,0,1,61,7.30854279753919,3.6635616461296463,5.662960480135946,3.9318256327243257,4.060443010546419,3.5263605246161616,0.6931471805599453,1.791759469228055,2.3978952727983707,4,6,0.0,0.6931471805599453,0.6931471805599453,0.6931471805599453,0.6931471805599453,0.0,0.6931471805599453,67,13,1,3,1957,20,1.791759469228055,4.593603549616626,11,0.05,26,0.0,1,0.0,0.0,0.0,0.0,0,0.0,0.6931471805599453,0.0,0.0,0,0.0,0.0,0.0,0.0,0.0,1
1959,78353.0,0,1,51,6.6240652277998935,4.812184355372417,6.1675164908883415,3.6888794541139363,5.0369526024136295,3.5553480614894135,0.6931471805599453,2.3978952727983707,1.0986122886681098,11,8,0.0,0.0,0.0,0.0,0.0,0.0,0.0,67,13,1,2,1576,24,0.0,4.199705077879927,18,0.041666666666666664,32,0.0,0,0.0,0.0,0.0,0.6931471805599453,0,0.0,0.0,0.0,0.0,1,0.0,0.0,0.0,0.0,0.0,1
1954,93404.0,1,2,97,7.154615356913663,2.772588722239781,5.662960480135946,3.044522437723423,0.0,2.772588722239781,1.3862943611198906,1.3862943611198906,1.6094379124341003,7,5,0.0,0.6931471805599453,0.6931471805599453,0.0,0.0,0.0,0.0,72,13,3,5,1616,17,1.0986122886681098,4.564960748914249,8,0.17647058823529413,22,0.0,1,0.0,0.0,0.0,0.0,1,0.0,0.0,0.0,0.0,1,0.0,0.0,0.0,0.0,0.0,1
1962,37859.0,1,2,75,3.1354942159291497,0.6931471805599453,2.1972245773362196,1.0986122886681098,0.6931471805599453,1.0986122886681098,1.0986122886681098,0.6931471805599453,0.0,3,8,0.0,0.0,0.0,0.0,0.0,0.0,0.0,64,13,3,4,36,6,0.0,1.9459101490553132,9,0.3333333333333333,14,0.0,1,0.0,0.0,0.0,0.6931471805599453,0,0.0,0.0,0.0,0.0,1,0.0,0.0,0.0,0.0,0.0,1
1958,80995.0,0,1,83,6.7580945044277305,3.367295829986474,6.016157159698354,4.30406509320417,4.04305126783455,4.04305126783455,0.6931471805599453,2.1972245773362196,2.302585092994046,4,4,0.0,0.0,0.0,0.0,0.0,0.0,0.0,68,13,1,2,1482,22,0.0,4.224841051151469,12,0.045454545454545456,26,0.0,0,0.0,0.6931471805599453,0.0,0.0,0,0.0,0.0,0.6931471805599453,0.0,0,0.0,0.0,0.0,0.0,0.0,1
1984,16529.0,1,0,23,1.3862943611198906,0.0,1.791759469228055,2.6390573296152584,0.0,0.6931471805599453,0.6931471805599453,0.6931471805599453,0.0,3,6,0.0,0.0,0.0,0.0,0.0,0.0,0.0,42,12,1,3,22,5,0.0,1.6863989535702288,7,0.2,11,0.0,1,0.0,0.0,0.0,0.0,0,0.0,0.6931471805599453,0.0,0.0,1,0.0,0.0,0.0,0.0,0.0,0
1976,55412.0,1,1,65,2.3978952727983707,1.791759469228055,3.367295829986474,2.4849066497880004,0.6931471805599453,2.1972245773362196,0.6931471805599453,1.0986122886681098,0.0,3,5,0.0,0.0,0.0,0.0,0.0,0.0,0.0,50,13,2,3,63,6,0.0,2.4423470353692043,7,0.16666666666666666,11,0.0,0,0.0,0.6931471805599453,0.0,0.6931471805599453,0,0.0,0.0,0.0,0.0,1,0.0,0.0,0.0,0.6931471805599453,0.0,0
1992,48789.0,0,0,94,5.863631175598097,2.833213344056216,5.056245805348308,2.0794415416798357,1.791759469228055,4.983606621708336,0.6931471805599453,1.9459101490553132,1.6094379124341003,7,6,0.0,0.0,0.0,0.0,0.0,0.0,0.0,34,14,0,1,680,18,0.0,3.657847344866208,12,0.05555555555555555,24,0.0,1,0.0,0.0,0.0,0.0,0,0.6931471805599453,0.0,0.0,0.0,1,0.0,0.0,0.0,0.0,0.0,1
1967,56575.0,0,2,42,6.045005314036012,1.791759469228055,4.51085950651685,0.0,2.833213344056216,2.3978952727983707,1.3862943611198906,2.0794415416798357,1.3862943611198906,7,5,0.0,0.0,0.0,0.0,0.0,0.0,0.0,59,13,2,4,542,20,0.0,3.3357695763397,12,0.15,25,0.0,0,0.0,0.6931471805599453,0.0,0.0,0,0.0,0.6931471805599453,0.0,0.0,0,0.6931471805599453,0.0,0.0,0.0,0.0,1
1980,25130.0,1,0,10,1.0986122886681098,1.791759469228055,2.0794415416798357,0.0,2.9444389791664403,2.9444389791664403,1.0986122886681098,1.0986122886681098,0.0,3,7,0.0,0.0,0.0,0.0,0.0,0.0,0.0,46,13,1,3,50,7,0.0,2.097141118779237,9,0.2857142857142857,14,0.0,0,0.0,0.0,0.0,0.0,0,0.0,0.6931471805599453,0.0,0.0,1,0.0,0.0,0.0,0.0,0.6931471805599453,0
1967,35441.0,1,1,94,3.258096538021482,0.6931471805599453,2.302585092994046,1.0986122886681098,0.6931471805599453,0.6931471805599453,1.0986122886681098,0.6931471805599453,0.0,3,8,0.0,0.0,0.0,0.0,0.0,0.0,0.0,59,13,2,4,39,6,0.0,2.0149030205422647,9,0.3333333333333333,14,0.0,1,0.0,0.0,0.0,0.0,1,0.0,0.0,0.0,0.0,1,0.0,0.0,0.0,0.0,0.0,1
1956,71391.0,0,1,50,5.820082930352362,4.820281565605037,5.616771097666572,3.8501476017100584,4.820281565605037,4.955827057601261,1.791759469228055,1.9459101490553132,1.791759469228055,12,3,0.0,0.0,0.0,0.0,0.0,0.0,0.0,70,13,1,3,1043,28,0.0,3.644143560272545,9,0.17857142857142858,31,0.0,1,0.0,0.0,0.0,0.0,1,0.0,0.0,0.0,0.0,1,0.0,0.0,0.0,0.0,0.0,1
1972,49494.0,1,0,46,5.2574953720277815,2.302585092994046,4.584967478670572,0.0,1.9459101490553132,4.418840607796598,1.0986122886681098,1.9459101490553132,0.6931471805599453,5,7,0.0,0.0,0.0,0.0,0.0,0.0,0.0,54,13,1,2,385,14,0.0,3.349904087274605,13,0.14285714285714285,21,0.0,0,0.6931471805599453,0.0,0.0,0.0,0,0.6931471805599453,0.0,0.0,0.0,0,0.6931471805599453,0.0,0.0,0.0,0.0,1
1980,81702.0,0,0,98,6.335054251498059,3.9318256327243257,6.652863029353347,3.367295829986474,3.4657359027997265,5.236441962829949,0.6931471805599453,2.0794415416798357,2.0794415416798357,12,3,0.0,0.0,0.0,0.0,0.0,0.0,0.0,46,14,0,1,1633,27,0.0,4.1187360153462595,10,0.037037037037037035,30,0.0,1,0.0,0.0,0.0,0.6931471805599453,0,0.0,0.0,0.0,0.0,1,0.0,0.0,0.0,0.6931471805599453,0.0,0
1980,45889.0,0,1,42,3.4657359027997265,0.0,1.9459101490553132,0.0,0.6931471805599453,2.1972245773362196,0.6931471805599453,0.6931471805599453,0.0,3,6,0.0,0.0,0.0,0.0,0.0,0.0,0.0,46,13,1,2,46,5,0.0,2.322387720290225,7,0.2,11,0.0,0,0.0,0.0,0.0,0.0,0,0.6931471805599453,0.0,0.0,0.0,1,0.0,0.0,0.0,0.0,0.0,1
1977,56628.0,0,1,30,6.173786103901937,1.791759469228055,4.418840607796598,2.0794415416798357,2.8903717578961645,5.147494476813453,1.0986122886681098,2.0794415416798357,1.9459101490553132,5,5,0.6931471805599453,0.0,0.0,0.0,0.0,0.0,0.0,49,12,1,2,761,20,0.6931471805599453,3.664842876285695,12,0.1,25,0.0,1,0.0,0.0,0.0,0.0,0,0.6931471805599453,0.0,0.0,0.0,0,0.6931471805599453,0.0,0.0,0.0,0.0,1
1950,34026.0,1,1,11,2.9444389791664403,1.9459101490553132,2.772588722239781,2.5649493574615367,2.1972245773362196,2.8903717578961645,1.3862943611198906,1.0986122886681098,0.6931471805599453,3,5,0.0,0.0,0.0,0.0,0.0,0.0,0.0,76,13,2,4,76,9,0.0,2.245426679154097,7,0.3333333333333333,14,0.0,1,0.0,0.0,0.0,0.0,0,0.0,0.6931471805599453,0.0,0.0,1,0.0,0.0,0.0,0.0,0.0,1
1974,40049.0,0,1,61,4.5217885770490405,4.189654742026425,3.970291913552122,2.3978952727983707,3.8066624897703196,3.367295829986474,1.3862943611198906,1.3862943611198906,1.0986122886681098,6,5,0.0,0.0,0.0,0.0,0.0,0.0,0.0,52,14,1,3,290,14,0.0,3.077970371790963,8,0.21428571428571427,19,0.0,1,0.0,0.0,0.0,0.0,1,0.0,0.0,0.0,0.0,1,0.0,0.0,0.0,0.0,0.0,1
1988,34176.0,1,0,12,1.791759469228055,2.0794415416798357,3.2188758248682006,2.995732273553991,2.70805020110221,3.044522437723423,1.6094379124341003,1.3862943611198906,0.0,4,6,0.0,0.0,0.0,0.0,0.0,0.0,0.0,38,12,1,2,89,11,0.0,2.207274913189721,9,0.36363636363636365,17,0.0,1,0.0,0.0,0.0,0.0,0,0.6931471805599453,0.0,0.0,0.0,1,0.0,0.0,0.0,0.6931471805599453,0.0,0
1981,19419.0,1,0,76,1.0986122886681098,2.70805020110221,3.367295829986474,2.833213344056216,1.3862943611198906,2.0794415416798357,1.6094379124341003,1.6094379124341003,0.0,3,9,0.0,0.0,0.0,0.0,0.0,0.0,0.0,45,14,1,3,70,11,0.0,1.9965538818740682,13,0.36363636363636365,20,0.0,1,0.0,0.0,0.0,0.0,1,0.0,0.0,0.0,0.0,0,0.6931471805599453,0.0,0.0,0.6931471805599453,0.0,0
1960,82504.0,0,0,2,5.8944028342648505,3.9318256327243257,6.068425588244111,4.90527477843843,3.58351893845611,4.007333185232471,0.6931471805599453,1.3862943611198906,1.9459101490553132,7,1,0.0,0.0,0.0,0.0,0.0,0.0,0.0,66,13,0,2,1066,17,0.0,4.154276902944774,4,0.058823529411764705,18,0.0,0,0.0,0.0,0.0,0.0,1,0.0,0.0,0.0,0.0,1,0.0,0.0,0.0,0.6931471805599453,0.0,0
1970,81205.0,0,0,43,6.586171654854675,4.31748811353631,6.835184586147301,4.584967478670572,4.02535169073515,4.875197323201151,0.6931471805599453,1.791759469228055,1.9459101490553132,7,2,0.6931471805599453,0.0,0.6931471805599453,0.0,0.6931471805599453,0.0,0.6931471805599453,56,12,0,2,2009,19,1.6094379124341003,4.670366385544633,7,0.05263157894736842,21,0.0,1,0.0,0.0,0.0,0.0,0,0.0,0.6931471805599453,0.0,0.0,1,0.0,0.0,0.0,0.6931471805599453,0.0,0
1991,61618.0,0,0,27,6.406879986069314,4.5217885770490405,5.991464547107982,0.0,3.828641396489095,5.327876168789581,1.0986122886681098,1.3862943611198906,1.9459101490553132,8,3,0.0,0.0,0.0,0.0,0.0,0.0,0.0,35,14,0,1,1345,19,0.0,4.273737859236967,6,0.10526315789473684,22,0.0,0,0.0,0.0,0.0,0.0,0,0.6931471805599453,0.0,0.0,0.0,1,0.0,0.0,0.0,0.0,0.0,1
1956,55284.0,0,1,60,6.306275286948016,2.0794415416798357,4.948759890378168,0.0,2.0794415416798357,4.1588830833596715,1.3862943611198906,2.0794415416798357,1.791759469228055,8,5,0.0,0.0,0.0,0.0,0.0,0.0,0.0,70,14,1,2,764,23,0.0,3.5327340324882535,12,0.13043478260869565,28,0.0,0,0.6931471805599453,0.0,0.0,0.0,0,0.6931471805599453,0.0,0.0,0.0,1,0.0,0.0,0.0,0.0,0.0,1
1963,49980.0,0,1,79,4.653960350157523,0.6931471805599453,4.007333185232471,2.6390573296152584,2.302585092994046,2.70805020110221,1.0986122886681098,1.3862943611198906,0.6931471805599453,5,5,0.0,0.0,0.0,0.0,0.0,0.0,0.0,63,13,1,2,195,11,0.0,2.9299808959912106,8,0.18181818181818182,16,0.0,1,0.0,0.0,0.0,0.0,0,0.6931471805599453,0.0,0.0,0.0,1,0.0,0.0,0.0,0.0,0.0,1
1980,15072.0,2,0,96,2.1972245773362196,1.0986122886681098,2.772588722239781,0.0,2.3978952727983707,2.9444389791664403,1.6094379124341003,1.3862943611198906,0.6931471805599453,3,5,0.0,0.0,0.0,0.0,0.0,0.0,0.0,46,13,2,4,53,11,0.0,1.7609878105613013,8,0.36363636363636365,16,0.0,1,0.0,0.0,0.0,0.0,1,0.0,0.0,0.0,0.0,0,0.6931471805599453,0.0,0.6931471805599453,0.0,0.0,0
1974,49166.0,0,1,17,5.41610040220442,1.0986122886681098,3.258096538021482,2.0794415416798357,0.0,4.709530201312334,1.0986122886681098,1.791759469228055,1.3862943611198906,3,6,0.0,0.0,0.0,0.0,0.0,0.0,0.0,52,13,1,2,368,13,0.0,3.377850017665164,11,0.15384615384615385,19,0.0,1,0.0,0.0,0.0,0.0,0,0.6931471805599453,0.0,0.0,0.0,0,0.6931471805599453,0.0,0.0,0.0,0.0,1
1954,65324.0,0,1,0,5.953243334287785,0.0,4.634728988229636,3.091042453358316,3.4965075614664802,1.791759469228055,1.3862943611198906,1.9459101490553132,1.0986122886681098,9,4,0.0,0.0,0.0,0.0,0.0,0.0,0.0,72,12,1,3,544,20,0.0,3.339321977944068,10,0.15,24,0.0,0,0.0,0.6931471805599453,0.0,0.0,1,0.0,0.0,0.0,0.0,1,0.0,0.0,0.0,0.0,0.0,1
1957,82347.0,0,0,38,6.322565239927284,4.007333185232471,6.740519359606223,5.313205979041787,4.897839799950911,4.1588830833596715,0.6931471805599453,2.0794415416798357,2.0794415416798357,10,3,0.6931471805599453,0.0,0.0,0.6931471805599453,0.0,0.0,0.0,69,14,0,2,1853,25,1.0986122886681098,4.319086834900007,10,0.04,28,0.0,0,0.0,0.0,0.0,0.0,1,0.0,0.0,0.0,0.0,1,0.0,0.0,0.0,0.6931471805599453,0.0,0
1966,30843.0,1,1,43,3.2188758248682006,0.0,1.0986122886681098,0.0,0.0,2.302585092994046,1.0986122886681098,0.6931471805599453,0.6931471805599453,2,5,0.6931471805599453,0.0,0.0,0.0,0.0,0.0,0.0,60,12,2,4,35,6,0.6931471805599453,1.9218125974762528,6,0.3333333333333333,11,0.0,0,0.0,0.6931471805599453,0.0,0.0,0,0.0,0.6931471805599453,0.0,0.0,1,0.0,0.0,0.0,0.0,0.0,1
1974,46374.0,0,1,1,6.013715156042802,0.0,3.091042453358316,0.0,0.0,2.8903717578961645,1.3862943611198906,2.0794415416798357,0.6931471805599453,7,8,0.0,0.6931471805599453,0.0,0.6931471805599453,0.0,0.0,0.6931471805599453,52,12,1,3,446,18,1.3862943611198906,3.2495127943300908,15,0.16666666666666666,26,0.0,0,0.0,0.6931471805599453,0.0,0.0,1,0.0,0.0,0.0,0.0,0,0.6931471805599453,0.0,0.0,0.0,0.0,1
1979,60474.0,0,1,25,5.583496308781699,5.298317366548036,5.717027701406222,5.459585514144159,2.302585092994046,5.14166355650266,2.0794415416798357,2.3978952727983707,1.0986122886681098,12,7,0.0,0.0,0.0,0.0,0.0,0.0,0.0,47,13,1,2,1180,31,0.0,3.665214539067946,17,0.22580645161290322,38,0.0,1,0.0,0.0,0.0,0.0,0,0.6931471805599453,0.0,0.0,0.0,1,0.0,0.0,0.0,0.6931471805599453,0.0,0
1973,38576.0,0,1,2,3.5553480614894135,0.0,2.0794415416798357,0.0,0.0,0.0,0.6931471805599453,0.6931471805599453,0.0,3,7,0.0,0.0,0.0,0.0,0.0,0.0,0.0,53,12,1,3,41,5,0.0,2.2192034840549946,8,0.2,12,0.0,0,0.6931471805599453,0.0,0.0,0.0,1,0.0,0.0,0.0,0.0,1,0.0,0.0,0.0,0.0,0.0,1
1985,55357.0,2,0,66,5.926926025970411,4.174387269895637,4.762173934797756,4.442651256490317,3.258096538021482,4.174387269895637,1.3862943611198906,1.9459101490553132,1.0986122886681098,11,5,0.0,0.0,0.0,0.0,0.0,0.0,0.0,41,13,2,4,727,22,0.0,3.5276965301589036,11,0.13636363636363635,27,0.0,1,0.0,0.0,0.0,0.0,1,0.0,0.0,0.0,0.0,1,0.0,0.0,0.0,0.0,0.0,1
1966,37758.0,1,1,49,3.332204510175204,1.0986122886681098,2.3978952727983707,0.0,0.0,0.6931471805599453,1.0986122886681098,0.6931471805599453,0.0,3,8,0.0,0.0,0.0,0.0,0.0,0.0,0.0,60,14,2,4,40,6,0.0,2.03688192726104,9,0.3333333333333333,14,0.0,1,0.0,0.0,0.0,0.0,0,0.0,0.6931471805599453,0.0,0.0,1,0.0,0.0,0.0,0.0,0.0,1
1989,85710.0,0,0,5,6.398594934535208,3.044522437723423,5.860786223465865,3.4011973816621555,3.4339872044851463,3.5263605246161616,0.6931471805599453,1.9459101490553132,2.302585092994046,10,2,0.0,0.0,0.6931471805599453,0.0,0.0,0.0,0.0,37,13,0,2,1062,26,0.6931471805599453,3.733999889394406,8,0.038461538461538464,28,0.0,0,0.0,0.0,0.0,0.0,1,0.0,0.0,0.0,0.0,1,0.0,0.0,0.0,0.0,0.0,1
1969,23228.0,1,0,71,2.6390573296152584,1.0986122886681098,2.9444389791664403,1.9459101490553132,0.6931471805599453,0.0,1.0986122886681098,1.0986122886681098,0.0,3,8,0.0,0.0,0.0,0.0,0.0,0.0,0.0,57,12,1,3,40,7,0.0,1.9042374526547452,10,0.2857142857142857,15,0.0,1,0.0,0.0,0.0,0.0,0,0.0,0.6931471805599453,0.0,0.0,1,0.0,0.0,0.0,0.6931471805599453,0.0,0
1969,44602.0,1,1,35,5.123963979403259,1.0986122886681098,4.499809670330265,0.0,0.0,3.5553480614894135,1.9459101490553132,1.9459101490553132,0.6931471805599453,4,8,0.0,0.0,0.0,0.0,0.0,0.0,0.0,57,12,2,4,292,17,0.0,2.9001279328415293,14,0.35294117647058826,25,0.0,0,0.6931471805599453,0.0,0.0,0.0,0,0.0,0.6931471805599453,0.0,0.0,0,0.6931471805599453,0.0,0.0,0.0,0.0,1
1987,7500.0,0,0,94,0.0,1.0986122886681098,1.3862943611198906,1.6094379124341003,0.6931471805599453,1.791759469228055,0.6931471805599453,0.0,0.0,3,6,0.0,0.0,0.0,0.0,0.0,0.0,0.0,39,13,0,2,15,4,0.0,1.55814461804655,6,0.25,10,0.0,1,0.0,0.0,0.0,0.0,1,0.0,0.0,0.0,0.0,1,0.0,0.0,0.6931471805599453,0.0,0.0,0
1989,38683.0,1,0,80,3.8501476017100584,3.58351893845611,4.248495242049359,4.442651256490317,3.7376696182833684,4.204692619390966,1.9459101490553132,1.6094379124341003,0.6931471805599453,6,7,0.0,0.0,0.0,0.0,0.0,0.0,0.0,37,14,1,3,341,17,0.0,3.047319642344484,11,0.35294117647058826,24,0.0,0,0.0,0.0,0.0,0.0,0,0.0,0.6931471805599453,0.0,0.0,1,0.0,0.0,0.0,0.0,0.0,0
1975,49514.0,1,0,61,4.48863636973214,3.6888794541139363,4.3694478524670215,4.07753744390572,2.6390573296152584,4.543294782270004,1.0986122886681098,1.9459101490553132,0.6931471805599453,4,7,0.0,0.0,0.0,0.0,0.0,0.0,0.0,51,13,1,2,369,13,0.0,3.3804712511450385,13,0.15384615384615385,20,0.0,0,0.0,0.0,0.0,0.0,0,0.6931471805599453,0.0,0.0,0.0,0,0.6931471805599453,0.0,0.6931471805599453,0.0,0.0,0
1973,57906.0,0,1,29,5.497168225293202,2.4849066497880004,4.787491742782046,2.3978952727983707,1.3862943611198906,2.772588722239781,1.3862943611198906,1.6094379124341003,1.0986122886681098,8,4,0.0,0.0,0.0,0.0,0.0,0.0,0.0,53,13,1,3,401,17,0.0,3.20226808846854,8,0.17647058823529413,21,0.0,0,0.0,0.6931471805599453,0.0,0.0,0,0.0,0.6931471805599453,0.0,0.0,1,0.0,0.0,0.0,0.0,0.0,1
1966,43456.0,0,1,0,5.62040086571715,2.4849066497880004,4.23410650459726,3.258096538021482,2.0794415416798357,2.0794415416798357,1.3862943611198906,1.791759469228055,0.6931471805599453,8,5,0.0,0.0,0.0,0.0,0.0,0.0,0.0,60,13,1,2,393,17,0.0,3.1829438156421372,10,0.17647058823529413,22,0.0,0,0.6931471805599453,0.0,0.0,0.0,0,0.6931471805599453,0.0,0.0,0.0,1,0.0,0.0,0.0,0.0,0.0,1
1986,19485.0,2,0,80,1.9459101490553132,0.0,1.6094379124341003,0.0,0.0,0.0,0.6931471805599453,0.6931471805599453,0.0,2,7,0.0,0.0,0.0,0.0,0.0,0.0,0.0,40,13,2,3,10,4,0.0,1.252762968495368,8,0.25,11,0.0,0,0.6931471805599453,0.0,0.0,0.0,0,0.6931471805599453,0.0,0.0,0.0,1,0.0,0.0,0.0,0.0,0.0,1
1978,53172.0,0,1,54,4.804021044733257,4.143134726391533,4.51085950651685,4.23410650459726,3.044522437723423,4.836281906951478,1.3862943611198906,1.0986122886681098,1.3862943611198906,8,3,0.0,0.0,0.0,0.0,0.0,0.0,0.0,48,13,1,3,486,16,0.0,3.446011397451948,5,0.1875,19,0.0,1,0.0,0.0,0.0,0.0,0,0.0,0.6931471805599453,0.0,0.0,1,0.0,0.0,0.6931471805599453,0.0,0.0,0
1979,30545.0,1,0,71,1.6094379124341003,2.5649493574615367,2.772588722239781,2.995732273553991,2.0794415416798357,2.5649493574615367,1.0986122886681098,1.0986122886681098,0.0,3,7,0.0,0.0,0.0,0.0,0.0,0.0,0.0,47,14,1,3,69,7,0.0,2.3848231912310176,9,0.2857142857142857,14,0.0,1,0.0,0.0,0.0,0.0,0,0.0,0.6931471805599453,0.0,0.0,1,0.0,0.0,0.0,0.0,0.0,0
1983,70123.0,0,0,27,7.1770187659099,0.0,5.983936280687191,3.1780538303479458,0.0,0.0,0.6931471805599453,1.791759469228055,2.0794415416798357,4,3,0.0,0.6931471805599453,0.0,0.0,0.6931471805599453,0.0,0.0,43,13,0,2,1727,17,1.0986122886681098,4.630723260412709,8,0.058823529411764705,20,0.0,0,0.0,0.6931471805599453,0.0,0.0,0,0.0,0.6931471805599453,0.0,0.0,0,0.0,0.0,0.0,0.0,0.0,1
1959,62450.0,0,1,61,6.246106765481563,3.871201010907891,5.5909869805108565,4.143134726391533,4.204692619390966,3.6635616461296463,1.0986122886681098,1.791759469228055,1.791759469228055,4,3,0.0,0.6931471805599453,0.0,0.0,0.0,0.0,0.0,67,12,1,2,995,16,0.6931471805599453,4.14610649678069,8,0.125,19,0.0,1,0.0,0.0,0.0,0.0,0,0.6931471805599453,0.0,0.0,0.0,0,0.6931471805599453,0.0,0.0,0.0,0.0,1
1976,21675.0,1,0,55,1.6094379124341003,0.0,2.833213344056216,2.8903717578961645,1.6094379124341003,1.6094379124341003,1.3862943611198906,1.6094379124341003,0.0,3,7,0.0,0.0,0.0,0.0,0.0,0.0,0.0,50,12,1,3,45,10,0.0,1.7047480922384253,11,0.3,17,0.0,1,0.0,0.0,0.0,0.0,0,0.0,0.6931471805599453,0.0,0.0,0,0.6931471805599453,0.0,0.0,0.0,0.0,0
1981,42395.0,1,1,35,3.8918202981106265,2.6390573296152584,4.060443010546419,3.2188758248682006,2.772588722239781,3.258096538021482,1.6094379124341003,1.3862943611198906,0.6931471805599453,4,7,0.0,0.0,0.0,0.0,0.0,0.0,0.0,45,12,2,3,182,12,0.0,2.782951509275328,10,0.3333333333333333,19,0.0,0,0.0,0.0,0.0,0.0,0,0.6931471805599453,0.0,0.0,0.0,1,0.0,0.0,0.0,0.6931471805599453,0.0,0
1978,61346.0,1,0,34,6.333279628139691,4.07753744390572,5.1298987149230735,3.784189633918261,2.833213344056216,4.962844630259907,0.6931471805599453,1.791759469228055,2.0794415416798357,10,3,0.0,0.0,0.0,0.0,0.0,0.0,0.0,48,13,1,3,989,23,0.0,3.784189633918261,8,0.043478260869565216,26,0.0,0,0.6931471805599453,0.0,0.0,0.0,0,0.0,0.6931471805599453,0.0,0.0,1,0.0,0.0,0.0,0.0,0.0,1
1953,80812.0,0,0,95,6.646390514847729,3.1354942159291497,6.2166061010848646,5.351858133476067,4.969813299576001,3.5263605246161616,0.6931471805599453,1.6094379124341003,2.1972245773362196,5,2,0.6931471805599453,0.0,0.6931471805599453,0.6931471805599453,0.0,0.0,0.0,73,13,0,2,1677,18,1.3862943611198906,4.545066261918386,6,0.05555555555555555,20,0.0,1,0.0,0.0,0.0,0.0,0,0.0,0.6931471805599453,0.0,0.0,0,0.0,0.0,0.0,0.0,0.0,1
1971,42835.0,1,1,64,5.940171252720432,1.6094379124341003,4.543294782270004,2.5649493574615367,2.302585092994046,4.59511985013459,2.0794415416798357,1.9459101490553132,1.9459101490553132,4,6,0.0,0.0,0.0,0.0,0.0,0.0,0.0,55,13,2,3,595,23,0.0,3.290994241528541,12,0.30434782608695654,29,0.0,0,0.6931471805599453,0.0,0.0,0.6931471805599453,0,0.0,0.0,0.0,0.0,0,0.6931471805599453,0.0,0.0,0.0,0.0,1
1983,39922.0,1,0,30,3.4011973816621555,2.5649493574615367,4.0943445622221,2.995732273553991,0.6931471805599453,3.6109179126442243,1.0986122886681098,1.3862943611198906,0.0,4,8,0.0,0.0,0.0,0.0,0.0,0.0,0.0,43,13,1,3,156,9,0.0,2.908720896564361,11,0.2222222222222222,17,0.0,1,0.0,0.0,0.0,0.0,1,0.0,0.0,0.0,0.0,1,0.0,0.0,0.0,0.6931471805599453,0.0,0
1956,86424.0,0,0,12,5.961005339623274,4.23410650459726,6.345636360828596,4.499809670330265,3.828641396489095,4.23410650459726,0.6931471805599453,1.9459101490553132,2.302585092994046,12,1,0.0,0.0,0.0,0.0,0.0,0.0,0.0,70,12,0,1,1226,28,0.0,3.801889211017662,7,0.03571428571428571,29,0.0,0,0.6931471805599453,0.0,0.0,0.0,0,0.6931471805599453,0.0,0.0,0.0,1,0.0,0.0,0.0,0.6931471805599453,0.0,0
1978,17117.0,1,0,96,2.5649493574615367,3.1780538303479458,3.6635616461296463,3.4339872044851463,2.9444389791664403,2.0794415416798357,1.6094379124341003,1.3862943611198906,0.6931471805599453,3,9,0.0,0.0,0.0,0.0,0.0,0.0,0.0,48,13,1,3,128,11,0.0,2.5365786603323213,12,0.36363636363636365,20,0.0,0,0.0,0.0,0.0,0.0,0,0.0,0.6931471805599453,0.0,0.0,0,0.6931471805599453,0.0,0.0,0.6931471805599453,0.0,0
1972,24762.0,1,0,16,1.9459101490553132,2.3978952727983707,2.5649493574615367,1.3862943611198906,2.772588722239781,3.713572066704308,1.3862943611198906,1.3862943611198906,0.6931471805599453,2,8,0.6931471805599453,0.0,0.0,0.0,0.0,0.0,0.6931471805599453,54,12,1,2,86,9,1.0986122886681098,2.3566523142643216,11,0.3333333333333333,17,0.0,1,0.0,0.0,0.0,0.0,0,0.6931471805599453,0.0,0.0,0.0,0,0.6931471805599453,0.0,0.6931471805599453,0.0,0.0,0
1975,35797.0,0,1,16,3.332204510175204,0.6931471805599453,2.70805020110221,1.6094379124341003,0.6931471805599453,3.091042453358316,1.0986122886681098,1.0986122886681098,0.0,3,8,0.0,0.0,0.0,0.0,0.0,0.0,0.0,51,14,1,3,68,7,0.0,2.371577964480997,10,0.2857142857142857,15,0.0,1,0.0,0.0,0.0,0.0,1,0.0,0.0,0.0,0.0,1,0.0,0.0,0.0,0.0,0.0,1
1975,36627.0,2,0,78,2.302585092994046,0.6931471805599453,1.791759469228055,0.0,0.0,0.6931471805599453,0.6931471805599453,0.0,0.0,3,5,0.0,0.0,0.0,0.0,0.0,0.0,0.0,51,13,2,3,16,4,0.0,1.6094379124341003,5,0.25,9,0.0,1,0.0,0.0,0.0,0.6931471805599453,0,0.0,0.0,0.0,0.0,1,0.0,0.0,0.0,0.0,0.0,1
1981,51111.0,1,1,83,3.1354942159291497,0.0,2.995732273553991,1.9459101490553132,1.791759469228055,1.3862943611198906,1.0986122886681098,1.0986122886681098,0.0,3,6,0.0,0.0,0.0,0.0,0.0,0.0,0.0,45,12,2,4,55,7,0.0,2.181224235989778,8,0.2857142857142857,13,0.0,0,0.0,0.0,0.0,0.0,1,0.0,0.0,0.0,0.0,1,0.0,0.0,0.0,0.0,0.0,1
1972,86857.0,0,0,96,6.802394763324311,4.634728988229636,6.732210706467206,4.897839799950911,4.634728988229636,3.713572066704308,0.6931471805599453,1.791759469228055,1.9459101490553132,10,2,0.0,0.0,0.0,0.0,0.0,0.0,0.6931471805599453,54,14,0,1,2114,22,0.6931471805599453,4.57564774672177,7,0.045454545454545456,24,0.0,0,0.0,0.6931471805599453,0.0,0.0,0,0.6931471805599453,0.0,0.0,0.0,1,0.0,0.0,0.0,0.0,0.0,1
1970,82072.0,0,0,67,6.7912214627261855,4.02535169073515,6.530877627725885,5.1298987149230735,4.532599493153256,4.867534450455582,0.6931471805599453,1.3862943611198906,1.0986122886681098,13,1,0.0,0.0,0.0,0.0,0.0,0.0,0.0,56,13,0,2,2018,19,0.0,4.674794437060365,4,0.05263157894736842,20,0.0,0,0.0,0.6931471805599453,0.0,0.0,0,0.0,0.6931471805599453,0.0,0.0,1,0.0,0.0,0.0,0.0,0.0,1
1953,46231.0,2,1,87,5.247024072160486,1.0986122886681098,4.02535169073515,0.0,1.791759469228055,2.5649493574615367,1.6094379124341003,1.9459101490553132,0.6931471805599453,4,9,0.0,0.0,0.0,0.0,0.0,0.0,0.0,73,14,3,4,263,15,0.0,2.9195709125884273,15,0.26666666666666666,24,0.0,0,0.0,0.6931471805599453,0.0,0.0,0,0.6931471805599453,0.0,0.0,0.0,0,0.6931471805599453,0.0,0.0,0.0,0.0,1
1959,42243.0,1,1,34,3.8918202981106265,0.0,1.0986122886681098,0.0,0.0,1.791759469228055,1.0986122886681098,1.0986122886681098,0.0,3,7,0.0,0.0,0.0,0.0,0.0,0.0,0.0,67,13,2,4,55,7,0.0,2.181224235989778,9,0.2857142857142857,14,0.0,1,0.0,0.0,0.0,0.0,1,0.0,0.0,0.0,0.0,1,0.0,0.0,0.0,0.0,0.0,1
1962,51195.0,1,1,46,5.442417710521793,2.70805020110221,5.056245805348308,4.418840607796598,3.2188758248682006,4.07753744390572,2.1972245773362196,2.302585092994046,1.0986122886681098,5,8,0.0,0.0,0.0,0.0,0.0,0.0,0.0,64,13,2,4,564,24,0.0,3.1986731175506815,17,0.3333333333333333,32,0.0,1,0.0,0.0,0.0,0.0,0,0.0,0.6931471805599453,0.0,0.0,0,0.6931471805599453,0.0,0.0,0.0,0.0,1
1978,68092.0,0,0,7,6.748759547491679,4.110873864173311,5.337538079701318,4.3694478524670215,3.6109179126442243,3.8918202981106265,1.0986122886681098,1.0986122886681098,1.9459101490553132,10,5,0.0,0.0,0.0,0.0,0.0,0.0,0.0,48,13,0,1,1281,20,0.0,4.1751562049585145,7,0.1,25,0.0,0,0.6931471805599453,0.0,0.0,0.0,0,0.6931471805599453,0.0,0.0,0.0,1,0.0,0.0,0.0,0.0,0.0,1
1973,31814.0,1,0,73,3.58351893845611,1.3862943611198906,3.044522437723423,1.6094379124341003,0.6931471805599453,3.044522437723423,1.0986122886681098,1.0986122886681098,0.0,3,9,0.6931471805599453,0.0,0.0,0.0,0.0,0.0,0.0,53,13,1,3,83,7,0.6931471805599453,2.553899521274952,11,0.2857142857142857,16,0.0,1,0.0,0.0,0.0,0.0,1,0.0,0.0,0.0,0.0,1,0.0,0.0,0.0,0.0,0.0,1
1965,51390.0,1,1,54,5.327876168789581,3.044522437723423,3.871201010907891,3.1780538303479458,1.0986122886681098,4.04305126783455,1.9459101490553132,1.791759469228055,1.0986122886681098,5,5,0.0,0.0,0.0,0.0,0.0,0.0,0.0,61,14,2,3,353,18,0.0,3.0258303047112705,10,0.3333333333333333,23,0.0,0,0.6931471805599453,0.0,0.0,0.0,0,0.0,0.0,0.6931471805599453,0.0,0,0.6931471805599453,0.0,0.0,0.0,0.0,1
1983,76630.0,0,0,93,5.545177444479562,3.4657359027997265,6.102558594613569,3.713572066704308,4.04305126783455,5.170483995038151,0.6931471805599453,1.3862943611198906,2.3978952727983707,11,1,0.0,0.0,0.0,0.0,0.0,0.0,0.0,43,12,0,2,1003,25,0.0,3.7164946211469094,4,0.04,26,0.0,1,0.0,0.0,0.0,0.0,1,0.0,0.0,0.0,0.0,1,0.0,0.0,0.0,0.6931471805599453,0.0,0
1991,26868.0,1,0,52,0.0,0.0,0.6931471805599453,2.1972245773362196,1.3862943611198906,1.0986122886681098,0.6931471805599453,0.6931471805599453,0.0,2,7,0.0,0.0,0.0,0.0,0.0,0.0,0.0,35,12,1,2,14,4,0.0,1.5040773967762742,8,0.25,11,0.6931471805599453,0,0.0,0.0,0.0,0.0,0,0.6931471805599453,0.0,0.0,0.0,1,0.0,0.0,0.0,0.0,0.0,0
1943,48948.0,0,0,53,6.082218910376446,2.1972245773362196,5.332718793265369,5.081404364984463,3.912023005428146,3.7612001156935624,1.0986122886681098,2.0794415416798357,2.3978952727983707,5,6,0.6931471805599453,0.0,0.0,0.0,0.0,0.0,0.6931471805599453,83,13,0,1,902,24,1.0986122886681098,3.6528204042982337,13,0.08333333333333333,30,0.0,0,0.0,0.6931471805599453,0.0,0.6931471805599453,0,0.0,0.0,0.0,0.0,0,0.0,0.0,0.0,0.0,0.0,1
1972,55260.0,0,1,81,6.716594773520978,2.1972245773362196,3.9889840465642745,2.4849066497880004,0.0,5.493061443340548,1.0986122886681098,2.1972245773362196,2.3978952727983707,5,6,0.0,0.0,0.0,0.0,0.0,0.0,0.0,54,14,1,2,1139,25,0.0,3.8407418034231826,14,0.08,31,0.0,0,0.0,0.6931471805599453,0.0,0.0,0,0.6931471805599453,0.0,0.0,0.0,0,0.0,0.0,0.0,0.0,0.0,1
1956,64090.0,0,1,8,5.75890177387728,4.07753744390572,5.087596335232384,4.343805421853684,3.9512437185814275,4.912654885736052,0.6931471805599453,1.9459101490553132,2.302585092994046,4,5,0.0,0.0,0.0,0.0,0.0,0.0,0.6931471805599453,70,13,1,3,797,20,0.6931471805599453,3.709906821306012,11,0.05,25,0.0,1,0.0,0.0,0.0,0.0,0,0.0,0.6931471805599453,0.0,0.0,0,0.0,0.0,0.0,0.0,0.0,1
1958,78331.0,0,1,97,6.6293632534374485,4.9344739331306915,5.872117789475416,5.081404364984463,5.135798437050262,4.127134385045092,1.0986122886681098,2.3978952727983707,1.9459101490553132,7,4,0.0,0.0,0.0,0.0,0.0,0.0,0.0,68,12,1,2,1638,25,0.0,4.197502654324727,14,0.08,29,0.0,1,0.0,0.0,0.0,0.6931471805599453,0,0.0,0.0,0.0,0.0,0,0.6931471805599453,0.0,0.0,0.0,0.0,1
1974,37087.0,1,0,50,5.272999558563747,4.02535169073515,4.90527477843843,2.772588722239781,0.0,1.3862943611198906,1.3862943611198906,1.6094379124341003,1.0986122886681098,8,6,0.0,0.0,0.0,0.0,0.0,0.0,0.0,52,13,1,3,401,17,0.0,3.20226808846854,10,0.17647058823529413,23,0.0,0,0.0,0.6931471805599453,0.0,0.0,1,0.0,0.0,0.0,0.0,1,0.0,0.0,0.0,0.0,0.0,1
1986,21846.0,1,0,38,2.0794415416798357,2.8903717578961645,2.9444389791664403,1.9459101490553132,2.3978952727983707,3.295836866004329,1.6094379124341003,1.6094379124341003,0.0,3,8,0.0,0.0,0.0,0.0,0.0,0.0,0.0,40,13,1,2,84,11,0.0,2.1559816188021705,12,0.36363636363636365,19,0.0,1,0.0,0.0,0.0,0.6931471805599453,0,0.0,0.0,0.0,0.0,0,0.6931471805599453,0.0,0.6931471805599453,0.0,0.0,0
1958,81320.0,0,0,61,5.214935757608986,3.5263605246161616,6.202535517187923,4.0943445622221,4.6443908991413725,4.060443010546419,0.6931471805599453,1.6094379124341003,1.3862943611198906,10,2,0.0,0.0,0.0,0.0,0.0,0.0,0.0,68,13,0,2,928,18,0.0,3.9618708111557135,6,0.05555555555555555,20,0.0,1,0.0,0.0,0.0,0.0,1,0.0,0.0,0.0,0.0,1,0.0,0.0,0.0,0.6931471805599453,0.0,0
1970,54137.0,0,1,46,5.147494476813453,0.0,2.4849066497880004,0.0,0.6931471805599453,3.044522437723423,1.0986122886681098,1.6094379124341003,0.6931471805599453,4,6,0.0,0.0,0.0,0.0,0.0,0.0,0.0,56,13,1,2,203,11,0.0,2.968080742223481,10,0.18181818181818182,17,0.0,1,0.0,0.0,0.0,0.6931471805599453,0,0.0,0.0,0.0,0.0,0,0.6931471805599453,0.0,0.0,0.0,0.0,1
1967,66825.0,0,0,73,5.497168225293202,4.624972813284271,6.0063531596017325,3.4011973816621555,3.713572066704308,3.713572066704308,0.6931471805599453,1.6094379124341003,1.791759469228055,6,2,0.0,0.0,0.0,0.0,0.0,0.0,0.0,59,13,0,2,858,16,0.0,4.000491653415755,6,0.0625,18,0.0,1,0.0,0.0,0.0,0.0,0,0.0,0.6931471805599453,0.0,0.0,1,0.0,0.0,0.0,0.6931471805599453,0.0,0
1973,57100.0,0,0,19,5.204006687076795,3.091042453358316,4.248495242049359,3.6888794541139363,1.3862943611198906,4.574710978503383,0.6931471805599453,1.3862943611198906,1.3862943611198906,6,3,0.0,0.0,0.0,0.0,0.0,0.0,0.0,53,13,0,2,409,13,0.0,3.480055956574475,6,0.07692307692307693,16,0.0,1,0.0,0.0,0.0,0.0,0,0.0,0.6931471805599453,0.0,0.0,1,0.0,0.0,0.0,0.0,0.0,1
1969,58917.0,1,2,10,5.0238805208462765,2.0794415416798357,4.499809670330265,0.0,2.0794415416798357,3.367295829986474,1.791759469228055,1.6094379124341003,0.6931471805599453,6,5,0.0,0.0,0.0,0.0,0.0,0.0,0.0,57,13,3,5,282,16,0.0,2.924504764265623,9,0.3125,21,0.0,1,0.0,0.0,0.0,0.0,0,0.0,0.6931471805599453,0.0,0.0,1,0.0,0.0,0.0,0.0,0.0,1
1977,85072.0,0,0,94,6.20455776256869,4.532599493153256,5.971261839790462,5.272999558563747,2.4849066497880004,5.488937726156687,0.6931471805599453,1.3862943611198906,1.6094379124341003,10,0,0.0,0.0,0.0,0.0,0.0,0.0,0.0,49,12,0,1,1423,18,0.0,4.382720838103357,3,0.05555555555555555,18,0.0,1,0.0,0.0,0.0,0.0,0,0.6931471805599453,0.0,0.0,0.0,1,0.0,0.0,0.0,0.0,0.0,1
1961,86429.0,0,0,10,6.142037405587356,3.367295829986474,6.773080375655535,3.4011973816621555,2.9444389791664403,3.6375861597263857,0.0,2.0794415416798357,1.6094379124341003,7,2,0.0,0.0,0.0,0.6931471805599453,0.0,0.0,0.6931471805599453,65,13,0,1,1449,18,1.0986122886681098,4.400603020246817,9,0.0,20,0.0,1,0.0,0.0,0.0,0.0,0,0.6931471805599453,0.0,0.0,0.0,0,0.6931471805599453,0.0,0.0,0.6931471805599453,0.0,0
1971,45684.0,1,0,37,1.791759469228055,0.6931471805599453,1.791759469228055,2.3978952727983707,0.0,2.0794415416798357,0.6931471805599453,0.6931471805599453,0.0,2,7,0.0,0.0,0.0,0.0,0.0,0.0,0.0,55,13,1,2,28,4,0.0,2.0794415416798357,8,0.25,11,0.0,1,0.0,0.0,0.0,0.0,0,0.0,0.0,0.6931471805599453,0.0,1,0.0,0.0,0.0,0.0,0.0,0
1974,47889.0,1,0,94,3.4011973816621555,0.0,3.4011973816621555,0.0,1.791759469228055,1.6094379124341003,0.6931471805599453,1.0986122886681098,0.0,3,5,0.0,0.0,0.0,0.0,0.0,0.0,0.0,52,12,1,3,67,6,0.0,2.498699971920336,7,0.16666666666666666,11,0.0,1,0.0,0.0,0.0,0.0,0,0.0,0.6931471805599453,0.0,0.0,1,0.0,0.0,0.0,0.0,0.0,1
1986,45921.0,0,0,23,4.634728988229636,2.302585092994046,3.912023005428146,3.2188758248682006,1.3862943611198906,2.5649493574615367,0.6931471805599453,1.0986122886681098,0.6931471805599453,6,4,0.0,0.0,0.0,0.0,0.0,0.0,0.0,40,12,0,2,199,10,0.0,3.039749158970765,6,0.1,14,0.0,0,0.0,0.6931471805599453,0.0,0.0,1,0.0,0.0,0.0,0.0,1,0.0,0.0,0.0,0.0,0.0,1
1966,78420.0,0,0,75,6.405228458030842,3.367295829986474,6.51471269087253,4.5217885770490405,3.367295829986474,3.367295829986474,0.6931471805599453,1.3862943611198906,2.3978952727983707,8,1,0.0,0.0,0.0,0.0,0.0,0.0,0.0,60,13,0,1,1453,22,0.0,4.205370815415605,4,0.045454545454545456,23,0.0,0,0.0,0.6931471805599453,0.0,0.0,0,0.6931471805599453,0.0,0.0,0.0,0,0.0,0.0,0.0,0.6931471805599453,0.0,0
1992,75114.0,0,0,40,6.349138991379798,2.5649493574615367,6.261491684321042,4.1588830833596715,4.110873864173311,3.2188758248682006,0.6931471805599453,1.3862943611198906,2.3978952727983707,5,2,0.0,0.0,0.0,0.0,0.0,0.0,0.0,34,13,0,2,1253,19,0.0,4.203906764733627,5,0.05263157894736842,21,0.0,1,0.0,0.0,0.0,0.0,0,0.0,0.6931471805599453,0.0,0.0,0,0.0,0.0,0.0,0.0,0.0,1
1963,52278.0,0,1,24,6.860663671448287,0.0,4.276666119016055,0.0,0.0,5.1647859739235145,1.9459101490553132,2.3978952727983707,1.791759469228055,10,8,0.0,0.0,0.0,0.0,0.0,0.0,0.6931471805599453,63,13,1,2,1198,31,0.6931471805599453,3.6799689050808886,18,0.1935483870967742,39,0.0,0,0.0,0.6931471805599453,0.0,0.0,0,0.0,0.0,0.6931471805599453,0.0,0,0.6931471805599453,0.0,0.0,0.0,0.0,1
1972,35641.0,1,0,11,4.1588830833596715,1.3862943611198906,4.219507705176107,2.1972245773362196,2.302585092994046,3.367295829986474,1.0986122886681098,1.3862943611198906,0.6931471805599453,4,7,0.0,0.0,0.0,0.0,0.0,0.0,0.6931471805599453,54,13,1,3,178,10,0.6931471805599453,2.9338568698359038,10,0.2,17,0.0,0,0.6931471805599453,0.0,0.0,0.0,1,0.0,0.0,0.0,0.0,1,0.0,0.0,0.0,0.6931471805599453,0.0,0
1994,95529.0,0,0,29,6.647688373563329,3.4011973816621555,6.792344427470809,5.5254529391317835,3.332204510175204,3.2188758248682006,0.6931471805599453,2.0794415416798357,1.3862943611198906,7,3,0.0,0.0,0.6931471805599453,0.0,0.0,0.0,0.6931471805599453,32,14,0,1,1990,18,1.0986122886681098,4.714522722915455,10,0.05555555555555555,21,0.0,1,0.0,0.0,0.0,0.0,0,0.6931471805599453,0.0,0.0,0.0,0,0.6931471805599453,0.0,0.0,0.6931471805599453,0.0,0
1954,62820.0,0,0,51,5.988961416889864,4.127134385045092,5.583496308781699,4.9344739331306915,4.127134385045092,3.9889840465642745,0.6931471805599453,1.3862943611198906,1.6094379124341003,6,1,0.0,0.0,0.0,0.0,0.0,0.0,0.0,72,13,0,2,976,14,0.0,4.258647613513377,4,0.07142857142857142,15,0.0,1,0.0,0.0,0.0,0.0,1,0.0,0.0,0.0,0.0,1,0.0,0.0,0.0,0.0,0.0,1
1960,73113.0,0,0,86,6.60934924316738,2.995732273553991,5.043425116919247,3.9318256327243257,2.302585092994046,3.367295829986474,0.6931471805599453,1.3862943611198906,1.6094379124341003,7,2,0.0,0.0,0.0,0.0,0.0,0.0,0.0,66,13,0,2,1001,15,0.0,4.215578427036217,5,0.06666666666666667,17,0.0,0,0.6931471805599453,0.0,0.0,0.0,0,0.0,0.6931471805599453,0.0,0.0,1,0.0,0.0,0.0,0.0,0.0,1
1982,84169.0,0,0,9,7.2991214627108,2.995732273553991,6.0014148779611505,0.0,2.995732273553991,0.0,0.6931471805599453,2.0794415416798357,1.9459101490553132,6,3,0.0,0.6931471805599453,0.6931471805599453,0.0,0.0,0.0,0.6931471805599453,44,13,0,2,1919,20,1.3862943611198906,4.574195381688661,10,0.05,23,0.0,0,0.0,0.6931471805599453,0.0,0.0,1,0.0,0.0,0.0,0.0,0,0.6931471805599453,0.0,0.0,0.0,0.0,1
1954,42607.0,0,1,30,5.056245805348308,3.4011973816621555,4.04305126783455,3.4339872044851463,3.4965075614664802,3.871201010907891,1.0986122886681098,1.3862943611198906,1.0986122886681098,7,3,0.0,0.0,0.0,0.0,0.0,0.0,0.0,72,13,1,2,350,14,0.0,3.258096538021482,6,0.14285714285714285,17,0.0,0,0.0,0.0,0.0,0.0,0,0.6931471805599453,0.0,0.0,0.0,1,0.0,0.0,0.0,0.0,0.0,1
1954,74637.0,0,0,73,6.8679744089702925,4.174387269895637,6.142037405587356,4.990432586778736,0.0,2.833213344056216,0.6931471805599453,1.9459101490553132,2.302585092994046,9,3,0.0,0.0,0.0,0.6931471805599453,0.0,0.0,0.0,72,13,0,1,1650,25,0.6931471805599453,4.204692619390966,9,0.04,28,0.0,0,0.0,0.6931471805599453,0.0,0.0,0,0.6931471805599453,0.0,0.0,0.0,0,0.0,0.0,0.0,0.0,0.0,1
1955,46015.0,1,1,25,3.6635616461296463,0.0,1.0986122886681098,0.0,0.0,1.9459101490553132,0.6931471805599453,0.6931471805599453,0.0,3,7,0.6931471805599453,0.0,0.0,0.0,0.6931471805599453,0.0,0.0,71,12,2,4,46,5,1.0986122886681098,2.322387720290225,8,0.2,12,0.0,0,0.0,0.6931471805599453,0.0,0.0,0,0.0,0.6931471805599453,0.0,0.0,1,0.0,0.0,0.0,0.0,0.0,1
1993,72354.0,0,0,67,5.755742213586912,3.295836866004329,6.161207321695077,5.3981627015177525,2.5649493574615367,5.209486152841421,0.6931471805599453,1.0986122886681098,2.3978952727983707,6,1,0.0,0.0,0.0,0.0,0.0,0.0,0.0,33,13,0,1,1228,19,0.0,4.184056966513596,3,0.05263157894736842,20,0.0,1,0.0,0.0,0.0,0.0,0,0.6931471805599453,0.0,0.0,0.0,0,0.0,0.0,0.0,0.6931471805599453,0.0,0
1969,39858.0,1,0,67,2.772588722239781,3.044522437723423,3.258096538021482,1.0986122886681098,2.0794415416798357,3.295836866004329,0.6931471805599453,1.0986122886681098,0.0,4,6,0.0,0.0,0.0,0.0,0.0,0.0,0.6931471805599453,57,13,1,2,95,7,0.6931471805599453,2.6790626642289577,8,0.14285714285714285,13,0.0,0,0.6931471805599453,0.0,0.0,0.0,0,0.6931471805599453,0.0,0.0,0.0,1,0.0,0.0,0.6931471805599453,0.0,0.0,0
1948,34469.0,1,1,58,2.995732273553991,1.9459101490553132,3.044522437723423,0.0,1.791759469228055,2.5649493574615367,1.3862943611198906,0.6931471805599453,0.6931471805599453,4,4,0.0,0.0,0.0,0.0,0.0,0.0,0.0,78,12,2,4,62,9,0.0,2.065455299705096,5,0.3333333333333333,13,0.0,0,0.0,0.6931471805599453,0.0,0.0,1,0.0,0.0,0.0,0.0,1,0.0,0.0,0.0,0.6931471805599453,0.0,0
1986,83033.0,1,0,82,6.70073110954781,4.605170185988092,6.068425588244111,5.472270673671475,5.0106352940962555,3.5263605246161616,0.6931471805599453,2.4849066497880004,1.6094379124341003,10,5,0.0,0.0,0.0,0.6931471805599453,0.0,0.0,0.0,40,12,1,3,1761,26,0.6931471805599453,4.230196977137946,16,0.038461538461538464,31,0.0,1,0.0,0.0,0.0,0.0,0,0.0,0.6931471805599453,0.0,0.0,0,0.6931471805599453,0.0,0.0,0.0,0.0,1
1979,24401.0,0,0,98,4.30406509320417,3.367295829986474,5.384495062789089,2.3978952727983707,3.2188758248682006,4.7535901911063645,1.3862943611198906,1.9459101490553132,0.6931471805599453,6,8,0.0,0.0,0.0,0.0,0.0,0.0,0.0,47,14,0,2,467,16,0.0,3.4074279314127915,14,0.1875,24,0.0,0,0.6931471805599453,0.0,0.0,0.0,0,0.0,0.6931471805599453,0.0,0.0,0,0.6931471805599453,0.0,0.0,0.6931471805599453,0.0,0
1978,77583.0,0,0,93,5.921578419643816,3.1780538303479458,5.953243334287785,5.5254529391317835,2.5649493574615367,4.6913478822291435,0.6931471805599453,1.6094379124341003,1.791759469228055,9,2,0.0,0.0,0.0,0.6931471805599453,0.0,0.0,0.0,48,12,0,2,1149,19,0.6931471805599453,4.118609184221732,6,0.05263157894736842,21,0.0,1,0.0,0.0,0.0,0.0,1,0.0,0.0,0.0,0.0,1,0.0,0.0,0.0,0.6931471805599453,0.0,0
1982,74116.0,0,0,53,6.77078942390898,4.718498871295094,6.558197802812269,4.983606621708336,4.02535169073515,5.117993812416755,0.6931471805599453,1.6094379124341003,1.6094379124341003,10,2,0.0,0.6931471805599453,0.0,0.0,0.0,0.0,0.0,44,13,0,1,2052,19,0.6931471805599453,4.6913478822291435,6,0.05263157894736842,21,0.0,0,0.0,0.0,0.0,0.0,0,0.6931471805599453,0.0,0.0,0.0,1,0.0,0.0,0.0,0.0,0.0,1
1993,74293.0,0,0,66,5.929589143389895,5.030437921392435,5.817111159963204,4.543294782270004,4.5217885770490405,4.406719247264253,0.6931471805599453,1.791759469228055,1.6094379124341003,6,2,0.0,0.0,0.0,0.0,0.0,0.0,0.0,33,12,0,1,1127,16,0.0,4.26882294155503,7,0.0625,18,0.0,1,0.0,0.0,0.0,0.0,0,0.6931471805599453,0.0,0.0,0.0,1,0.0,0.0,0.0,0.0,0.0,1
1976,68397.0,0,1,6,6.634633357861686,4.394449154672439,6.1463292576688975,2.8903717578961645,2.6390573296152584,4.394449154672439,0.6931471805599453,1.9459101490553132,2.302585092994046,5,3,0.0,0.0,0.0,0.0,0.0,0.0,0.0,50,13,1,3,1416,21,0.0,4.225790448355602,9,0.047619047619047616,24,0.0,0,0.0,0.6931471805599453,0.0,0.0,1,0.0,0.0,0.0,0.0,0,0.0,0.0,0.0,0.0,0.0,1
1974,79632.0,0,0,42,6.156978985585555,0.0,6.236369590203704,4.605170185988092,3.091042453358316,2.5649493574615367,0.6931471805599453,1.9459101490553132,1.6094379124341003,9,2,0.0,0.0,0.0,0.0,0.0,0.0,0.0,52,12,0,2,1113,20,0.0,4.036891987474015,8,0.05,22,0.0,0,0.0,0.6931471805599453,0.0,0.0,0,0.0,0.6931471805599453,0.0,0.0,1,0.0,0.0,0.0,0.6931471805599453,0.0,0
1989,46107.0,1,0,78,3.4657359027997265,2.302585092994046,3.332204510175204,2.833213344056216,2.302585092994046,3.5263605246161616,0.6931471805599453,0.6931471805599453,0.6931471805599453,4,3,0.0,0.0,0.0,0.0,0.0,0.0,0.0,37,12,1,2,125,7,0.0,2.9368917735310576,4,0.14285714285714285,10,0.0,1,0.0,0.0,0.0,0.0,0,0.6931471805599453,0.0,0.0,0.0,1,0.0,0.0,0.6931471805599453,0.0,0.0,0
1951,64950.0,0,1,29,6.709304340258298,0.0,4.290459441148391,2.5649493574615367,0.0,4.1588830833596715,1.0986122886681098,2.4849066497880004,1.0986122886681098,10,7,0.0,0.6931471805599453,0.0,0.0,0.0,0.0,0.0,75,14,1,2,966,25,0.6931471805599453,3.6798387094617873,18,0.08,32,0.0,0,0.0,0.6931471805599453,0.0,0.0,0,0.6931471805599453,0.0,0.0,0.0,0,0.6931471805599453,0.0,0.0,0.0,0.0,1
1989,25443.0,1,0,82,0.6931471805599453,1.6094379124341003,1.3862943611198906,2.1972245773362196,2.302585092994046,2.0794415416798357,0.6931471805599453,0.6931471805599453,0.0,3,8,0.0,0.0,0.0,0.0,0.0,0.0,0.0,37,14,1,3,32,5,0.0,2.0014800002101243,9,0.2,13,0.6931471805599453,0,0.0,0.0,0.0,0.0,1,0.0,0.0,0.0,0.0,1,0.0,0.0,0.0,0.0,0.6931471805599453,0
1952,75127.0,0,0,92,5.318119993844216,3.58351893845611,5.723585101952381,3.8501476017100584,2.8903717578961645,5.429345628954441,0.6931471805599453,1.0986122886681098,2.4849066497880004,5,1,0.0,0.0,0.0,0.0,0.0,0.0,0.0,74,12,0,1,833,19,0.0,3.8031475476628755,3,0.05263157894736842,20,0.0,1,0.0,0.0,0.0,0.0,0,0.6931471805599453,0.0,0.0,0.0,0,0.0,0.0,0.0,0.6931471805599453,0.0,0
1971,32892.0,1,0,78,3.295836866004329,0.0,2.772588722239781,1.0986122886681098,0.6931471805599453,1.0986122886681098,1.0986122886681098,1.3862943611198906,0.0,3,8,0.0,0.0,0.0,0.0,0.0,0.0,0.0,55,12,1,3,46,8,0.0,1.9095425048844386,11,0.25,16,0.0,0,0.0,0.6931471805599453,0.0,0.0,0,0.0,0.6931471805599453,0.0,0.0,0,0.6931471805599453,0.0,0.0,0.0,0.0,1
1971,71796.0,0,0,54,5.872117789475416,3.091042453358316,5.7430031878094825,5.123963979403259,4.330733340286331,3.4965075614664802,0.6931471805599453,2.302585092994046,1.3862943611198906,4,4,0.0,0.0,0.0,0.0,0.0,0.0,0.0,55,13,0,2,960,17,0.0,4.051273307986567,13,0.058823529411764705,21,0.0,1,0.0,0.0,0.0,0.0,0,0.0,0.6931471805599453,0.0,0.0,0,0.6931471805599453,0.0,0.0,0.0,0.0,1
1970,67536.0,0,1,45,7.134093721192866,0.0,6.104793232414985,3.1780538303479458,4.276666119016055,3.58351893845611,1.3862943611198906,2.4849066497880004,1.791759469228055,11,8,0.0,0.0,0.0,0.6931471805599453,0.0,0.0,0.0,56,13,1,3,1829,30,0.6931471805599453,4.126596606059288,19,0.1,38,0.0,0,0.0,0.6931471805599453,0.0,0.0,1,0.0,0.0,0.0,0.0,0,0.6931471805599453,0.0,0.0,0.0,0.0,1
1971,55239.0,0,1,59,5.918893854273146,2.8903717578961645,5.476463551931511,3.1780538303479458,3.2188758248682006,4.672828834461906,1.3862943611198906,2.0794415416798357,1.791759469228055,11,5,0.0,0.0,0.0,0.0,0.0,0.0,0.0,55,13,1,2,779,26,0.0,3.432745739397081,12,0.11538461538461539,31,0.0,1,0.0,0.0,0.0,0.0,0,0.6931471805599453,0.0,0.0,0.0,1,0.0,0.0,0.0,0.0,0.0,1
1975,60554.0,1,0,8,6.3784261836515865,2.0794415416798357,4.343805421853684,4.709530201312334,2.772588722239781,2.772588722239781,1.0986122886681098,2.1972245773362196,1.6094379124341003,9,6,0.0,0.0,0.0,0.0,0.0,0.0,0.0,51,13,1,2,811,23,0.0,3.590739186429597,14,0.08695652173913043,29,0.0,0,0.0,0.6931471805599453,0.0,0.6931471805599453,0,0.0,0.0,0.0,0.0,1,0.0,0.0,0.0,0.0,0.0,1
1952,64831.0,1,1,51,6.175867270105761,4.465908118654584,5.521460917862246,4.330733340286331,4.465908118654584,4.976733742420574,2.1972245773362196,1.9459101490553132,1.3862943611198906,5,6,0.0,0.0,0.0,0.0,0.0,0.0,0.0,74,13,2,3,1120,22,0.0,3.94949393685764,12,0.36363636363636365,28,0.0,0,0.0,0.0,0.0,0.0,0,0.6931471805599453,0.0,0.0,0.0,0,0.6931471805599453,0.0,0.0,0.0,0.0,1
1962,56067.0,0,1,51,6.249975242259483,2.5649493574615367,4.007333185232471,2.833213344056216,1.9459101490553132,4.795790545596741,1.0986122886681098,2.0794415416798357,1.6094379124341003,7,5,0.0,0.0,0.0,0.0,0.0,0.0,0.0,64,13,1,3,725,20,0.0,3.6176519448255684,12,0.1,25,0.0,0,0.0,0.6931471805599453,0.0,0.0,0,0.0,0.6931471805599453,0.0,0.0,0,0.6931471805599453,0.0,0.0,0.0,0.0,1
1983,82025.0,0,0,76,5.5909869805108565,4.59511985013459,6.408528791059498,3.8918202981106265,4.2626798770413155,4.59511985013459,0.6931471805599453,1.3862943611198906,1.0986122886681098,6,1,0.0,0.0,0.6931471805599453,0.0,0.0,0.0,0.6931471805599453,43,13,0,1,1187,12,1.0986122886681098,4.604336505239514,4,0.08333333333333333,13,0.0,1,0.0,0.0,0.0,0.6931471805599453,0,0.0,0.0,0.0,0.0,1,0.0,0.0,0.0,0.6931471805599453,0.0,0
1953,94384.0,0,0,62,7.013915474810528,3.2188758248682006,6.673297967767654,5.081404364984463,3.828641396489095,5.153291594497779,0.0,1.791759469228055,2.1972245773362196,5,2,0.0,0.6931471805599453,0.6931471805599453,0.6931471805599453,0.0,0.0,0.6931471805599453,73,13,0,2,2302,18,1.6094379124341003,4.858950706764191,7,0.0,20,0.0,1,0.0,0.0,0.0,0.0,0,0.0,0.6931471805599453,0.0,0.0,0,0.0,0.0,0.0,0.0,0.0,1
1986,14906.0,0,0,86,2.0794415416798357,2.0794415416798357,2.70805020110221,2.0794415416798357,2.833213344056216,2.772588722239781,1.3862943611198906,1.0986122886681098,0.6931471805599453,3,7,0.0,0.0,0.0,0.0,0.0,0.0,0.0,40,14,0,1,66,9,0.0,2.120263536200091,9,0.3333333333333333,16,0.6931471805599453,0,0.0,0.0,0.0,0.0,0,0.6931471805599453,0.0,0.0,0.0,1,0.0,0.0,0.0,0.0,0.6931471805599453,0
1987,51563.0,0,0,60,7.062191632286556,0.0,3.8918202981106265,0.0,0.0,3.6109179126442243,0.6931471805599453,1.6094379124341003,1.6094379124341003,10,8,0.0,0.6931471805599453,0.6931471805599453,0.0,0.0,0.0,0.0,39,14,0,2,1250,19,1.0986122886681098,4.201545488547947,12,0.05263157894736842,27,0.0,0,0.0,0.6931471805599453,0.0,0.0,1,0.0,0.0,0.0,0.0,1,0.0,0.0,0.0,0.0,0.0,1
1982,57937.0,0,1,56,5.568344503761097,3.7612001156935624,4.976733742420574,4.02535169073515,3.8918202981106265,4.897839799950911,1.3862943611198906,1.6094379124341003,1.6094379124341003,9,3,0.0,0.0,0.0,0.0,0.0,0.0,0.0,44,12,1,3,683,20,0.0,3.5596246182566738,7,0.15,23,0.0,0,0.0,0.0,0.0,0.0,1,0.0,0.0,0.0,0.0,1,0.0,0.0,0.0,0.0,0.0,1
1979,68274.0,1,1,83,4.912654885736052,3.258096538021482,3.9512437185814275,3.1780538303479458,3.258096538021482,3.8501476017100584,1.0986122886681098,1.6094379124341003,1.0986122886681098,5,3,0.0,0.0,0.0,0.0,0.0,0.0,0.0,47,13,2,3,305,13,0.0,3.19710202531864,7,0.15384615384615385,16,0.0,1,0.0,0.0,0.0,0.6931471805599453,0,0.0,0.0,0.0,0.0,1,0.0,0.0,0.0,0.0,0.0,1
1977,39771.0,1,0,92,1.9459101490553132,1.0986122886681098,2.9444389791664403,1.0986122886681098,2.1972245773362196,2.70805020110221,0.6931471805599453,1.0986122886681098,0.0,3,4,0.0,0.0,0.0,0.0,0.0,0.0,0.0,49,13,1,3,50,6,0.0,2.2335922215070942,6,0.16666666666666666,10,0.0,1,0.0,0.0,0.0,0.0,0,0.0,0.6931471805599453,0.0,0.0,1,0.0,0.0,0.0,0.6931471805599453,0.0,0
1975,67893.0,0,1,31,6.568077911411976,3.367295829986474,4.962844630259907,3.912023005428146,2.9444389791664403,3.871201010907891,1.0986122886681098,1.3862943611198906,1.0986122886681098,9,8,0.0,0.0,0.0,0.0,0.0,0.0,0.0,51,14,1,2,995,16,0.0,4.14610649678069,11,0.125,24,0.0,0,0.0,0.0,0.0,0.6931471805599453,0,0.0,0.0,0.0,0.0,1,0.0,0.0,0.0,0.0,0.0,1
1979,27922.0,1,0,80,2.4849066497880004,0.0,2.6390573296152584,1.0986122886681098,1.6094379124341003,2.4849066497880004,0.6931471805599453,1.0986122886681098,0.0,3,4,0.0,0.0,0.0,0.0,0.0,0.0,0.0,47,12,1,3,41,6,0.0,2.0583881324820035,6,0.16666666666666666,10,0.0,0,0.0,0.6931471805599453,0.0,0.0,0,0.0,0.6931471805599453,0.0,0.0,1,0.0,0.0,0.0,0.6931471805599453,0.0,0
1976,52190.0,1,1,39,3.7612001156935624,0.0,2.8903717578961645,0.0,0.0,2.9444389791664403,1.3862943611198906,1.0986122886681098,0.6931471805599453,3,5,0.6931471805599453,0.0,0.0,0.0,0.0,0.0,0.0,50,12,2,4,77,9,0.6931471805599453,2.257122718917288,7,0.3333333333333333,14,0.0,0,0.0,0.6931471805599453,0.0,0.0,0,0.0,0.6931471805599453,0.0,0.0,1,0.0,0.0,0.0,0.0,0.0,1
1973,44051.0,1,1,20,4.382026634673881,2.0794415416798357,4.07753744390572,1.9459101490553132,1.3862943611198906,2.9444389791664403,1.6094379124341003,1.3862943611198906,0.6931471805599453,4,6,0.0,0.0,0.0,0.0,0.0,0.0,0.6931471805599453,53,13,2,3,171,12,0.6931471805599453,2.7245795030534206,9,0.3333333333333333,18,0.0,0,0.6931471805599453,0.0,0.0,0.6931471805599453,0,0.0,0.0,0.0,0.0,1,0.0,0.0,0.0,0.0,0.0,1
1971,42767.0,2,0,53,3.044522437723423,1.9459101490553132,3.784189633918261,2.995732273553991,1.791759469228055,3.6635616461296463,0.6931471805599453,1.3862943611198906,0.6931471805599453,2,8,0.0,0.0,0.0,0.0,0.0,0.0,0.0,55,13,2,3,131,7,0.0,2.9813435361018916,11,0.14285714285714285,15,0.0,0,0.0,0.6931471805599453,0.0,0.0,0,0.6931471805599453,0.0,0.0,0.0,0,0.6931471805599453,0.0,0.0,0.6931471805599453,0.0,0
1976,46106.0,1,1,84,3.4339872044851463,0.0,2.1972245773362196,1.0986122886681098,0.0,2.70805020110221,0.6931471805599453,0.6931471805599453,0.6931471805599453,2,6,0.0,0.0,0.0,0.0,0.0,0.0,0.0,50,12,2,4,54,5,0.0,2.468099531471619,7,0.2,11,0.0,0,0.6931471805599453,0.0,0.0,0.0,0,0.0,0.6931471805599453,0.0,0.0,1,0.0,0.0,0.0,0.0,0.0,1
1976,16927.0,1,1,50,3.044522437723423,1.0986122886681098,3.1780538303479458,1.3862943611198906,0.6931471805599453,1.6094379124341003,1.791759469228055,1.3862943611198906,0.0,4,8,0.0,0.0,0.0,0.0,0.0,0.0,0.0,50,13,2,4,53,12,0.0,1.6894806201076369,11,0.4166666666666667,20,0.0,0,0.0,0.6931471805599453,0.0,0.0,1,0.0,0.0,0.0,0.0,1,0.0,0.0,0.0,0.6931471805599453,0.0,0
1965,59754.0,0,1,96,4.7535901911063645,3.332204510175204,3.8066624897703196,1.6094379124341003,4.990432586778736,4.941642422609304,1.3862943611198906,1.791759469228055,1.0986122886681098,6,5,0.0,0.0,0.0,0.0,0.0,0.0,0.6931471805599453,61,14,1,3,475,16,0.6931471805599453,3.423855405554739,10,0.1875,21,0.0,1,0.0,0.0,0.0,0.0,1,0.0,0.0,0.0,0.0,1,0.0,0.0,0.0,0.0,0.6931471805599453,0
1952,53700.0,0,1,94,5.575949103146316,1.791759469228055,5.455321115357702,4.248495242049359,3.7376696182833684,4.430816798843313,1.6094379124341003,1.791759469228055,1.791759469228055,8,5,0.0,0.0,0.0,0.0,0.0,0.0,0.0,74,14,1,2,694,22,0.0,3.4826377136023297,10,0.18181818181818182,27,0.0,1,0.0,0.0,0.0,0.0,0,0.6931471805599453,0.0,0.0,0.0,1,0.0,0.0,0.0,0.0,0.0,1
1973,59041.0,1,1,25,4.248495242049359,1.0986122886681098,2.772588722239781,1.0986122886681098,1.0986122886681098,1.9459101490553132,1.0986122886681098,1.0986122886681098,0.0,4,5,0.0,0.0,0.0,0.0,0.0,0.0,0.0,53,12,2,4,96,8,0.0,2.5649493574615367,7,0.25,13,0.0,1,0.0,0.0,0.0,0.0,1,0.0,0.0,0.0,0.0,1,0.0,0.0,0.0,0.0,0.0,1
1957,54237.0,0,1,48,5.5909869805108565,1.3862943611198906,3.4339872044851463,1.6094379124341003,0.0,4.060443010546419,1.6094379124341003,1.791759469228055,1.0986122886681098,5,6,0.0,0.0,0.0,0.0,0.0,0.0,0.0,69,13,1,2,361,16,0.0,3.1596564652082297,11,0.25,22,0.0,0,0.0,0.6931471805599453,0.0,0.6931471805599453,0,0.0,0.0,0.0,0.0,0,0.6931471805599453,0.0,0.0,0.0,0.0,1
1967,70647.0,0,1,65,6.331501849893691,4.454347296253507,5.147494476813453,3.258096538021482,4.820281565605037,4.74493212836325,1.0986122886681098,1.6094379124341003,2.0794415416798357,13,2,0.0,0.0,0.0,0.0,0.0,0.0,0.0,59,14,1,2,1079,26,0.0,3.7495040759303713,6,0.07692307692307693,28,0.0,1,0.0,0.0,0.0,0.6931471805599453,0,0.0,0.0,0.0,0.0,1,0.0,0.0,0.0,0.0,0.0,1
1962,52597.0,0,1,69,6.20050917404269,0.0,3.6375861597263857,2.0794415416798357,0.0,3.7612001156935624,1.3862943611198906,1.9459101490553132,1.3862943611198906,8,5,0.0,0.0,0.0,0.0,0.0,0.0,0.0,64,12,1,2,578,20,0.0,3.3978584803966405,11,0.15,25,0.0,0,0.0,0.6931471805599453,0.0,0.0,0,0.6931471805599453,0.0,0.0,0.0,1,0.0,0.0,0.0,0.0,0.0,1
1969,41021.0,1,0,12,2.70805020110221,2.0794415416798357,2.302585092994046,1.9459101490553132,2.833213344056216,2.5649493574615367,1.0986122886681098,1.0986122886681098,0.0,3,6,0.0,0.0,0.0,0.0,0.0,0.0,0.6931471805599453,57,14,1,3,64,7,0.6931471805599453,2.316769727986002,8,0.2857142857142857,13,0.0,0,0.6931471805599453,0.0,0.0,0.0,0,0.0,0.6931471805599453,0.0,0.0,1,0.0,0.0,0.0,0.0,0.6931471805599453,0
1975,40233.0,0,1,84,4.394449154672439,1.6094379124341003,3.8501476017100584,0.0,2.8903717578961645,1.0986122886681098,1.791759469228055,1.0986122886681098,0.6931471805599453,5,6,0.0,0.0,0.0,0.0,0.0,0.0,0.0,51,13,1,3,149,13,0.0,2.5226469777708473,8,0.38461538461538464,19,0.0,0,0.0,0.6931471805599453,0.0,0.0,1,0.0,0.0,0.0,0.0,1,0.0,0.0,0.0,0.0,0.0,1
1980,50183.0,1,1,47,4.584967478670572,2.5649493574615367,4.442651256490317,2.6390573296152584,2.3978952727983707,2.772588722239781,2.0794415416798357,1.3862943611198906,0.6931471805599453,6,5,0.0,0.0,0.0,0.0,0.0,0.0,0.0,46,12,2,4,231,17,0.0,2.680215402108766,8,0.4117647058823529,22,0.0,1,0.0,0.0,0.0,0.0,1,0.0,0.0,0.0,0.0,1,0.0,0.0,0.0,0.0,0.0,1
1959,54753.0,0,1,87,5.288267030694535,4.68213122712422,5.429345628954441,2.0794415416798357,4.0943445622221,4.882801922586371,1.3862943611198906,1.791759469228055,1.0986122886681098,11,4,0.0,0.0,0.0,0.0,0.0,0.0,0.0,67,13,1,3,728,21,0.0,3.574216545793796,9,0.14285714285714285,25,0.0,1,0.0,0.0,0.0,0.0,0,0.0,0.6931471805599453,0.0,0.0,1,0.0,0.0,0.0,0.6931471805599453,0.0,0
1973,92955.0,0,0,35,6.542471960506805,3.091042453358316,6.8308742346461795,3.4657359027997265,3.2188758248682006,4.442651256490317,0.6931471805599453,1.9459101490553132,2.0794415416798357,9,2,0.0,0.0,0.6931471805599453,0.6931471805599453,0.0,0.0,0.6931471805599453,53,13,0,2,1778,23,1.3862943611198906,4.360603129246806,8,0.043478260869565216,25,0.0,1,0.0,0.0,0.0,0.0,1,0.0,0.0,0.0,0.0,1,0.0,0.0,0.0,0.6931471805599453,0.0,0
1973,33471.0,1,0,47,3.784189633918261,1.0986122886681098,3.332204510175204,0.0,2.302585092994046,2.5649493574615367,1.3862943611198906,1.3862943611198906,0.0,4,7,0.0,0.0,0.0,0.0,0.0,0.0,0.0,53,14,1,3,93,10,0.0,2.33214389523559,10,0.3,17,0.0,1,0.0,0.0,0.0,0.0,1,0.0,0.0,0.0,0.0,1,0.0,0.0,0.0,0.0,0.0,1
1974,34596.0,1,0,48,2.70805020110221,0.0,1.0986122886681098,0.0,0.0,2.0794415416798357,0.6931471805599453,0.6931471805599453,0.0,2,8,0.0,0.0,0.0,0.0,0.0,0.0,0.6931471805599453,52,13,1,3,23,4,0.6931471805599453,1.9095425048844386,9,0.25,12,0.0,0,0.0,0.6931471805599453,0.0,0.0,1,0.0,0.0,0.0,0.0,1,0.0,0.0,0.0,0.0,0.0,1
1980,44010.0,1,0,46,5.231108616854587,3.6109179126442243,5.459585514144159,4.465908118654584,4.290459441148391,3.8918202981106265,1.9459101490553132,2.3978952727983707,1.0986122886681098,6,9,0.0,0.0,0.0,0.0,0.0,0.0,0.0,46,14,1,3,662,24,0.0,3.3528237973779396,19,0.25,33,0.0,1,0.0,0.0,0.0,0.0,0,0.0,0.6931471805599453,0.0,0.0,0,0.6931471805599453,0.0,0.0,0.6931471805599453,0.0,0
1988,84219.0,0,0,27,6.075346031088684,4.927253685157205,5.993961427306569,3.828641396489095,4.927253685157205,3.828641396489095,0.6931471805599453,1.3862943611198906,1.6094379124341003,10,1,0.0,0.0,0.0,0.0,0.0,0.0,0.0,38,12,0,2,1198,18,0.0,4.212950304629947,4,0.05555555555555555,19,0.0,1,0.0,0.0,0.0,0.0,1,0.0,0.0,0.0,0.0,1,0.0,0.0,0.0,0.0,0.0,1
1968,40706.0,2,1,37,4.0943445622221,0.0,2.4849066497880004,1.6094379124341003,1.0986122886681098,1.791759469228055,1.6094379124341003,1.3862943611198906,0.0,4,7,0.0,0.0,0.0,0.0,0.0,0.0,0.0,58,13,3,5,81,11,0.0,2.12389330425067,10,0.36363636363636365,18,0.0,0,0.0,0.6931471805599453,0.0,0.0,0,0.0,0.6931471805599453,0.0,0.0,1,0.0,0.0,0.0,0.0,0.0,1
1988,15716.0,1,0,8,2.833213344056216,1.791759469228055,3.4339872044851463,2.1972245773362196,2.0794415416798357,3.295836866004329,1.3862943611198906,1.3862943611198906,0.0,4,8,0.0,0.0,0.0,0.0,0.0,0.6931471805599453,0.0,38,14,1,3,92,10,0.0,2.322387720290225,11,0.3,18,0.0,0,0.0,0.0,0.0,0.0,1,0.0,0.0,0.0,0.0,1,0.0,0.0,0.0,0.6931471805599453,0.0,0
1959,59052.0,0,1,29,5.442417710521793,3.58351893845611,4.330733340286331,4.1588830833596715,4.060443010546419,3.4657359027997265,1.3862943611198906,2.0794415416798357,0.6931471805599453,7,5,0.0,0.0,0.0,0.0,0.0,0.0,0.0,67,13,1,2,491,18,0.0,3.342076258654358,12,0.16666666666666666,23,0.0,0,0.0,0.0,0.0,0.6931471805599453,0,0.0,0.0,0.0,0.0,0,0.6931471805599453,0.0,0.0,0.0,0.0,1
1971,80573.0,0,0,85,6.721425700790643,4.9344739331306915,6.066108090103747,4.110873864173311,4.532599493153256,2.772588722239781,0.6931471805599453,1.6094379124341003,1.9459101490553132,13,2,0.0,0.0,0.0,0.0,0.0,0.0,0.0,55,14,0,2,1564,24,0.0,4.192176811459135,6,0.041666666666666664,26,0.0,0,0.6931471805599453,0.0,0.0,0.0,0,0.0,0.6931471805599453,0.0,0.0,1,0.0,0.0,0.0,0.0,0.0,1
1962,83715.0,0,0,2,5.765191102784844,2.1972245773362196,6.0112671744041615,5.017279836814924,3.58351893845611,2.1972245773362196,0.6931471805599453,1.0986122886681098,2.1972245773362196,13,0,0.0,0.0,0.0,0.0,0.0,0.0,0.0,64,12,0,2,926,24,0.0,3.678408154246641,2,0.041666666666666664,24,0.0,1,0.0,0.0,0.0,0.0,1,0.0,0.0,0.0,0.0,1,0.0,0.0,0.0,0.6931471805599453,0.0,0
1959,82576.0,0,0,66,7.095893221097532,4.02535169073515,6.100318952020064,5.1298987149230735,2.9444389791664403,2.9444389791664403,0.6931471805599453,1.0986122886681098,1.6094379124341003,12,1,0.0,0.0,0.6931471805599453,0.0,0.0,0.0,0.0,67,14,0,2,1910,19,0.6931471805599453,4.620318033739289,3,0.05263157894736842,20,0.0,0,0.6931471805599453,0.0,0.0,0.0,0,0.0,0.6931471805599453,0.0,0.0,1,0.0,0.0,0.0,0.0,0.0,1
1965,56962.0,2,1,60,5.680172609017068,1.3862943611198906,4.356708826689592,2.3978952727983707,1.3862943611198906,3.295836866004329,2.0794415416798357,1.9459101490553132,1.3862943611198906,5,7,0.0,0.0,0.0,0.0,0.0,0.0,0.0,61,13,3,5,411,21,0.0,3.0239031505206873,13,0.3333333333333333,28,0.0,0,0.6931471805599453,0.0,0.0,0.0,1,0.0,0.0,0.0,0.0,0,0.6931471805599453,0.0,0.0,0.0,0.0,1
1952,35704.0,1,1,54,3.4339872044851463,2.302585092994046,2.5649493574615367,1.0986122886681098,2.4849066497880004,3.4339872044851463,1.3862943611198906,1.0986122886681098,0.0,4,4,0.0,0.0,0.0,0.0,0.0,0.0,0.0,74,12,2,4,94,9,0.0,2.4375044108934163,6,0.3333333333333333,13,0.0,1,0.0,0.0,0.0,0.0,1,0.0,0.0,0.0,0.0,1,0.0,0.0,0.0,0.0,0.0,1
1954,53103.0,0,1,70,6.593044534142437,2.8903717578961645,4.897839799950911,2.4849066497880004,0.0,5.278114659230517,1.791759469228055,2.3978952727983707,1.9459101490553132,7,7,0.6931471805599453,0.0,0.0,0.0,0.0,0.0,0.0,72,13,1,3,1085,28,0.6931471805599453,3.6826098411003407,17,0.17857142857142858,35,0.0,1,0.0,0.0,0.0,0.0,0,0.0,0.6931471805599453,0.0,0.0,0,0.6931471805599453,0.0,0.0,0.0,0.0,1
1960,46779.0,1,1,55,2.5649493574615367,0.6931471805599453,1.3862943611198906,0.0,0.0,2.0794415416798357,0.6931471805599453,0.0,0.6931471805599453,2,4,0.0,0.0,0.0,0.0,0.0,0.0,0.0,66,13,2,3,23,4,0.0,1.9095425048844386,4,0.25,8,0.0,0,0.0,0.0,0.0,0.0,0,0.0,0.0,0.6931471805599453,0.0,1,0.0,0.0,0.0,0.0,0.0,1
1965,4861.0,0,0,20,1.0986122886681098,0.6931471805599453,0.6931471805599453,0.6931471805599453,0.0,0.6931471805599453,0.0,0.0,0.0,0,14,0.0,0.0,0.0,0.0,0.0,0.0,0.0,61,12,0,1,6,0,0.0,0.0,14,0.0,14,0.0,1,0.0,0.0,0.0,0.6931471805599453,0,0.0,0.0,0.0,0.0,0,0.6931471805599453,0.0,0.0,0.0,0.0,1
1979,33462.0,1,0,78,3.1354942159291497,1.3862943611198906,2.9444389791664403,0.0,0.0,2.4849066497880004,0.6931471805599453,1.0986122886681098,0.0,3,7,0.0,0.0,0.0,0.0,0.0,0.0,0.0,47,13,1,2,54,6,0.0,2.302585092994046,9,0.16666666666666666,13,0.0,0,0.6931471805599453,0.0,0.0,0.6931471805599453,0,0.0,0.0,0.0,0.0,1,0.0,0.0,0.0,0.0,0.0,1
1978,63693.0,0,1,63,6.376726947898627,3.784189633918261,5.823045895483019,3.7612001156935624,4.477336814478207,4.007333185232471,1.3862943611198906,2.4849066497880004,1.9459101490553132,9,6,0.0,0.0,0.0,0.0,0.0,0.0,0.0,48,13,1,2,1150,29,0.0,3.705126070550897,17,0.10344827586206896,35,0.0,1,0.0,0.0,0.0,0.6931471805599453,0,0.0,0.0,0.0,0.0,0,0.6931471805599453,0.0,0.0,0.0,0.0,1
1950,80763.0,0,0,17,6.51471269087253,5.1298987149230735,4.6913478822291435,5.262690188904886,3.7612001156935624,5.44673737166631,0.6931471805599453,1.791759469228055,2.4849066497880004,6,3,0.0,0.0,0.6931471805599453,0.6931471805599453,0.0,0.0,0.6931471805599453,76,13,0,2,1415,23,1.3862943611198906,4.135514322351843,8,0.043478260869565216,26,0.0,1,0.0,0.0,0.0,0.0,1,0.0,0.0,0.0,0.0,0,0.0,0.0,0.0,0.0,0.0,1
1974,65352.0,0,1,43,5.652489180268651,1.3862943611198906,4.442651256490317,1.6094379124341003,2.0794415416798357,3.1780538303479458,1.0986122886681098,1.6094379124341003,1.0986122886681098,8,4,0.0,0.0,0.0,0.0,0.0,0.0,0.0,52,13,1,3,405,16,0.0,3.2700441114426,8,0.125,20,0.0,0,0.0,0.6931471805599453,0.0,0.0,1,0.0,0.0,0.0,0.0,1,0.0,0.0,0.0,0.0,0.0,1
1978,82170.0,0,0,13,6.931471805599453,4.543294782270004,6.480044561926653,3.912023005428146,4.02535169073515,3.6375861597263857,0.6931471805599453,1.791759469228055,1.9459101490553132,7,2,0.0,0.0,0.0,0.0,0.0,0.0,0.0,48,13,0,2,1908,19,0.0,4.619280689247926,7,0.05263157894736842,21,0.0,0,0.0,0.6931471805599453,0.0,0.0,1,0.0,0.0,0.0,0.0,1,0.0,0.0,0.0,0.0,0.0,1
1969,75759.0,0,0,46,7.240649694255466,3.1354942159291497,6.5638555265321274,4.499809670330265,4.5217885770490405,5.209486152841421,0.6931471805599453,2.302585092994046,2.0794415416798357,9,5,0.6931471805599453,0.0,0.6931471805599453,0.6931471805599453,0.0,0.0,0.6931471805599453,57,13,0,2,2486,26,1.6094379124341003,4.570737989566608,14,0.038461538461538464,31,0.0,1,0.0,0.0,0.0,0.0,1,0.0,0.0,0.0,0.0,0,0.6931471805599453,0.0,0.0,0.0,0.0,1
1976,79689.0,0,0,65,5.7430031878094825,3.295836866004329,6.46302945692067,5.198497031265826,3.6375861597263857,4.804021044733257,0.6931471805599453,1.6094379124341003,2.302585092994046,13,2,0.0,0.0,0.0,0.0,0.0,0.0,0.0,50,13,0,1,1315,27,0.0,3.906079451527298,6,0.037037037037037035,29,0.0,0,0.0,0.0,0.0,0.0,0,0.6931471805599453,0.0,0.0,0.0,1,0.0,0.0,0.0,0.6931471805599453,0.0,0
1956,35340.0,1,1,1,3.332204510175204,0.0,2.5649493574615367,0.0,0.6931471805599453,1.791759469228055,1.0986122886681098,1.0986122886681098,0.0,3,5,0.0,0.0,0.0,0.0,0.0,0.0,0.0,70,12,2,3,45,7,0.0,2.005333569526114,7,0.2857142857142857,12,0.0,0,0.0,0.6931471805599453,0.0,0.0,0,0.0,0.0,0.6931471805599453,0.0,1,0.0,0.0,0.0,0.0,0.0,1
1954,85683.0,0,0,6,7.167809184316444,2.8903717578961645,5.7430031878094825,3.828641396489095,4.248495242049359,3.9512437185814275,0.6931471805599453,1.0986122886681098,1.6094379124341003,10,1,0.0,0.6931471805599453,0.6931471805599453,0.6931471805599453,0.6931471805599453,0.0,0.6931471805599453,72,12,0,1,1789,17,1.791759469228055,4.665656389920715,3,0.058823529411764705,18,0.0,1,0.0,0.0,0.0,0.6931471805599453,0,0.0,0.0,0.0,0.0,1,0.0,0.0,0.0,0.0,0.0,1
1972,24884.0,1,0,32,1.3862943611198906,1.9459101490553132,2.0794415416798357,0.0,0.0,1.3862943611198906,0.6931471805599453,0.0,0.0,3,7,0.0,0.0,0.0,0.0,0.0,0.0,0.0,54,14,1,3,19,4,0.0,1.749199854809259,7,0.25,11,0.0,0,0.0,0.0,0.0,0.0,1,0.0,0.0,0.0,0.0,1,0.0,0.0,0.0,0.6931471805599453,0.0,0
1981,42021.0,1,0,34,5.976350909297934,1.791759469228055,4.919980925828125,2.0794415416798357,1.791759469228055,3.332204510175204,1.791759469228055,2.3978952727983707,0.6931471805599453,6,9,0.6931471805599453,0.0,0.0,0.0,0.0,0.0,0.0,45,14,1,3,573,22,0.6931471805599453,3.297518952187314,19,0.22727272727272727,31,0.0,0,0.6931471805599453,0.0,0.0,0.0,0,0.0,0.6931471805599453,0.0,0.0,0,0.6931471805599453,0.0,0.0,0.0,0.0,1
1989,64449.0,1,0,70,5.389071729816501,4.1588830833596715,5.645446897643238,4.927253685157205,3.58351893845611,4.2626798770413155,1.6094379124341003,1.791759469228055,1.3862943611198906,12,4,0.0,0.0,0.0,0.0,0.0,0.0,0.0,37,12,1,2,805,24,0.0,3.5421663247873494,9,0.16666666666666666,28,0.0,1,0.0,0.0,0.0,0.0,0,0.6931471805599453,0.0,0.0,0.0,1,0.0,0.0,0.0,0.6931471805599453,0.0,0
1954,64587.0,1,1,49,4.204692619390966,0.0,2.833213344056216,0.0,1.9459101490553132,3.044522437723423,1.0986122886681098,0.6931471805599453,0.6931471805599453,4,3,0.0,0.0,0.0,0.0,0.0,0.0,0.0,72,12,2,3,108,8,0.0,2.6741486494265287,4,0.25,11,0.0,1,0.0,0.0,0.0,0.6931471805599453,0,0.0,0.0,0.0,0.0,1,0.0,0.0,0.0,0.0,0.0,1
1995,34824.0,0,0,65,1.6094379124341003,1.0986122886681098,2.4849066497880004,1.0986122886681098,0.0,1.6094379124341003,0.6931471805599453,0.6931471805599453,0.0,2,6,0.0,0.0,0.0,0.0,0.0,0.0,0.0,31,12,0,1,23,4,0.0,1.9095425048844386,7,0.25,10,0.0,1,0.0,0.0,0.0,0.0,0,0.6931471805599453,0.0,0.0,0.0,1,0.0,0.0,0.0,0.6931471805599453,0.0,0
1978,75437.0,0,0,25,6.679599185844383,0.0,6.302618975744905,4.564348191467836,4.07753744390572,0.0,0.6931471805599453,2.1972245773362196,1.6094379124341003,10,6,0.0,0.0,0.0,0.6931471805599453,0.0,0.0,0.0,48,13,0,2,1493,23,0.6931471805599453,4.188336350273167,14,0.043478260869565216,29,0.0,1,0.0,0.0,0.0,0.0,0,0.0,0.6931471805599453,0.0,0.0,1,0.0,0.0,0.0,0.0,0.0,1
1957,26091.0,1,1,84,2.772588722239781,2.3978952727983707,2.995732273553991,2.1972245773362196,2.8903717578961645,3.044522437723423,1.3862943611198906,1.0986122886681098,0.6931471805599453,3,5,0.0,0.0,0.0,0.0,0.0,0.0,0.0,69,12,2,4,89,9,0.0,2.3877429013343527,7,0.3333333333333333,14,0.0,1,0.0,0.0,0.0,0.0,0,0.0,0.6931471805599453,0.0,0.0,1,0.0,0.0,0.6931471805599453,0.0,0.0,0
1973,52845.0,1,0,7,5.953243334287785,3.258096538021482,5.680172609017068,4.875197323201151,3.7376696182833684,4.174387269895637,1.3862943611198906,2.1972245773362196,2.1972245773362196,6,6,0.6931471805599453,0.0,0.0,0.0,0.0,0.0,0.0,53,13,1,3,936,25,0.6931471805599453,3.6490985841020915,14,0.12,31,0.0,1,0.0,0.0,0.0,0.0,1,0.0,0.0,0.0,0.0,0,0.6931471805599453,0.0,0.0,0.0,0.0,1
1956,46086.0,0,1,34,5.501258210544727,2.1972245773362196,3.4965075614664802,2.0794415416798357,1.0986122886681098,3.9318256327243257,1.6094379124341003,1.3862943611198906,0.6931471805599453,8,4,0.0,0.0,0.0,0.0,0.0,0.0,0.0,70,13,1,2,343,16,0.0,3.1107336662484975,7,0.25,20,0.0,1,0.0,0.0,0.0,0.6931471805599453,0,0.0,0.0,0.0,0.0,1,0.0,0.0,0.0,0.0,0.0,1
1956,78028.0,0,1,38,5.0689042022202315,2.995732273553991,5.666426688112432,3.258096538021482,0.0,3.6635616461296463,0.6931471805599453,1.9459101490553132,1.6094379124341003,9,7,0.0,0.6931471805599453,0.6931471805599453,0.0,0.0,0.0,0.6931471805599453,70,14,1,2,528,20,1.3862943611198906,3.3105430133940246,13,0.05,27,0.0,0,0.0,0.6931471805599453,0.0,0.0,0,0.0,0.0,0.6931471805599453,0.0,1,0.0,0.0,0.0,0.6931471805599453,0.0,0
1987,95169.0,0,0,1,7.1592919047975645,3.091042453358316,6.1092475827643655,4.672828834461906,3.044522437723423,3.044522437723423,0.6931471805599453,1.6094379124341003,1.3862943611198906,4,1,0.0,0.0,0.6931471805599453,0.6931471805599453,0.0,0.0,0.6931471805599453,39,13,0,1,1901,12,1.3862943611198906,5.071521319652253,5,0.08333333333333333,13,0.0,0,0.0,0.6931471805599453,0.0,0.0,0,0.6931471805599453,0.0,0.0,0.0,0,0.6931471805599453,0.0,0.0,0.0,0.0,1
1981,56337.0,1,1,25,5.857933154483459,2.833213344056216,4.976733742420574,3.367295829986474,1.791759469228055,5.209486152841421,1.791759469228055,2.1972245773362196,1.791759469228055,4,8,0.6931471805599453,0.0,0.0,0.6931471805599453,0.0,0.0,0.6931471805599453,45,13,2,4,724,22,1.3862943611198906,3.523683146845445,16,0.22727272727272727,30,0.0,0,0.0,0.0,0.0,0.0,1,0.0,0.0,0.0,0.0,0,0.6931471805599453,0.0,0.0,0.0,0.0,1
1987,22434.0,1,0,25,1.6094379124341003,2.5649493574615367,2.4849066497880004,1.3862943611198906,2.6390573296152584,2.772588722239781,1.0986122886681098,1.0986122886681098,0.0,3,8,0.0,0.0,0.0,0.0,0.0,0.0,0.0,39,13,1,3,58,7,0.0,2.228477120840324,10,0.2857142857142857,15,0.0,1,0.0,0.0,0.0,0.0,0,0.0,0.6931471805599453,0.0,0.0,1,0.0,0.0,0.6931471805599453,0.0,0.0,0
1954,36930.0,0,1,50,5.4116460518550396,1.0986122886681098,3.4657359027997265,0.0,1.0986122886681098,3.6888794541139363,1.791759469228055,1.791759469228055,1.0986122886681098,4,8,0.0,0.0,0.0,0.0,0.0,0.0,0.0,72,13,1,3,297,16,0.0,2.973614468300372,13,0.3125,24,0.0,0,0.0,0.6931471805599453,0.0,0.0,1,0.0,0.0,0.0,0.0,0,0.6931471805599453,0.0,0.0,0.0,0.0,1
1954,36130.0,0,1,46,5.062595033026967,3.784189633918261,4.852030263919617,4.23410650459726,4.04305126783455,3.6375861597263857,1.9459101490553132,1.3862943611198906,2.1972245773362196,4,4,0.6931471805599453,0.0,0.0,0.0,0.0,0.0,0.6931471805599453,72,13,1,2,488,21,1.0986122886681098,3.1879255788271,7,0.2857142857142857,25,0.0,1,0.0,0.0,0.0,0.0,0,0.6931471805599453,0.0,0.0,0.0,0,0.0,0.0,0.0,0.0,0.0,1
1953,65569.0,0,1,96,5.986452005284438,3.8501476017100584,5.666426688112432,3.044522437723423,3.6635616461296463,4.2626798770413155,1.0986122886681098,1.9459101490553132,1.791759469228055,10,3,0.0,0.0,0.0,0.0,0.0,0.0,0.0,73,14,1,3,859,23,0.0,3.6466978400776418,9,0.08695652173913043,26,0.0,0,0.6931471805599453,0.0,0.0,0.0,1,0.0,0.0,0.0,0.0,1,0.0,0.0,0.0,0.0,0.0,1
1952,83844.0,0,0,57,6.804614520062624,3.4657359027997265,5.846438775057725,4.330733340286331,3.4657359027997265,5.2574953720277815,0.6931471805599453,1.6094379124341003,1.6094379124341003,11,1,0.0,0.0,0.6931471805599453,0.0,0.0,0.0,0.0,74,13,0,2,1574,20,0.6931471805599453,4.378269585796169,5,0.05,21,0.0,1,0.0,0.0,0.0,0.0,0,0.0,0.6931471805599453,0.0,0.0,1,0.0,0.0,0.0,0.0,0.0,1
1968,19514.0,1,1,47,2.70805020110221,1.3862943611198906,3.091042453358316,1.0986122886681098,0.6931471805599453,3.367295829986474,1.6094379124341003,1.3862943611198906,0.6931471805599453,2,8,0.6931471805599453,0.0,0.0,0.0,0.0,0.0,0.0,58,12,2,4,69,10,0.6931471805599453,2.066862759472976,11,0.4,18,0.0,1,0.0,0.0,0.0,0.0,1,0.0,0.0,0.0,0.0,0,0.6931471805599453,0.0,0.6931471805599453,0.0,0.0,0
1963,36736.0,1,1,52,2.3978952727983707,0.0,1.3862943611198906,0.0,0.0,1.6094379124341003,0.6931471805599453,0.6931471805599453,0.0,2,6,0.0,0.0,0.0,0.0,0.0,0.0,0.0,63,13,2,3,17,4,0.0,1.6582280766035324,7,0.25,10,0.0,0,0.0,0.6931471805599453,0.0,0.0,0,0.6931471805599453,0.0,0.0,0.0,1,0.0,0.0,0.0,0.0,0.0,1
1979,77568.0,0,1,30,7.115582126184454,0.0,5.983936280687191,5.4510384535657,5.187385805840755,5.0689042022202315,0.6931471805599453,2.3978952727983707,1.0986122886681098,8,5,0.0,0.6931471805599453,0.6931471805599453,0.6931471805599453,0.0,0.0,0.0,47,14,1,3,2194,21,1.3862943611198906,4.658485244755813,15,0.047619047619047616,26,0.0,1,0.0,0.0,0.0,0.0,0,0.0,0.6931471805599453,0.0,0.0,0,0.6931471805599453,0.0,0.0,0.0,0.0,1
1976,49187.0,0,1,63,4.406719247264253,0.6931471805599453,3.4657359027997265,1.0986122886681098,0.6931471805599453,0.0,0.6931471805599453,0.6931471805599453,0.6931471805599453,5,2,0.0,0.0,0.0,0.0,0.0,0.0,0.0,50,12,1,3,116,8,0.0,2.740840023925201,3,0.125,10,0.0,0,0.0,0.6931471805599453,0.0,0.0,0,0.0,0.6931471805599453,0.0,0.0,1,0.0,0.0,0.0,0.0,0.0,1
1978,30168.0,1,0,51,5.043425116919247,3.044522437723423,4.204692619390966,0.0,2.5649493574615367,3.332204510175204,2.0794415416798357,1.9459101490553132,0.6931471805599453,4,9,0.0,0.0,0.0,0.0,0.0,0.0,0.0,48,13,1,2,279,18,0.0,2.803360380906535,15,0.3888888888888889,27,0.0,1,0.0,0.0,0.0,0.0,0,0.6931471805599453,0.0,0.0,0.0,0,0.6931471805599453,0.0,0.0,0.0,0.0,1
1968,34053.0,0,1,14,4.1588830833596715,0.0,3.091042453358316,2.0794415416798357,0.0,2.5649493574615367,0.6931471805599453,1.3862943611198906,0.0,3,8,0.0,0.0,0.0,0.0,0.0,0.0,0.0,58,14,1,3,103,7,0.0,2.7545702167371027,11,0.14285714285714285,15,0.0,0,0.6931471805599453,0.0,0.0,0.0,0,0.0,0.6931471805599453,0.0,0.0,0,0.6931471805599453,0.0,0.0,0.0,0.0,1
1971,38196.0,1,1,20,3.4339872044851463,0.0,2.4849066497880004,0.0,0.0,1.3862943611198906,1.3862943611198906,1.0986122886681098,0.0,4,5,0.0,0.0,0.0,0.0,0.0,0.0,0.0,55,12,2,4,44,9,0.0,1.7730673362159026,7,0.3333333333333333,14,0.0,0,0.6931471805599453,0.0,0.0,0.0,1,0.0,0.0,0.0,0.0,1,0.0,0.0,0.0,0.0,0.0,1
1951,59412.0,0,0,56,4.51085950651685,4.219507705176107,5.111987788356544,3.4339872044851463,3.784189633918261,2.4849066497880004,0.6931471805599453,1.6094379124341003,1.0986122886681098,8,3,0.0,0.0,0.0,0.0,0.0,0.0,0.0,75,12,0,2,406,15,0.0,3.3345826325801715,7,0.06666666666666667,18,0.0,0,0.6931471805599453,0.0,0.0,0.0,1,0.0,0.0,0.0,0.0,1,0.0,0.0,0.0,0.6931471805599453,0.0,0
1965,70924.0,0,0,41,6.455198563340122,4.74493212836325,5.541263545158426,4.890349128221754,5.030437921392435,4.343805421853684,0.6931471805599453,1.9459101490553132,1.9459101490553132,7,3,0.0,0.0,0.6931471805599453,0.0,0.0,0.0,0.0,61,12,0,2,1363,20,0.6931471805599453,4.236278058110767,9,0.05,23,0.0,0,0.0,0.0,0.0,0.0,1,0.0,0.0,0.0,0.0,1,0.0,0.0,0.0,0.0,0.0,1
1969,54165.0,0,0,72,4.852030263919617,1.6094379124341003,4.30406509320417,2.772588722239781,1.9459101490553132,2.4849066497880004,0.6931471805599453,1.0986122886681098,0.6931471805599453,7,2,0.0,0.0,0.0,0.0,0.0,0.0,0.0,57,13,0,2,236,11,0.0,3.1114930638296068,4,0.09090909090909091,13,0.0,1,0.0,0.0,0.0,0.0,0,0.0,0.6931471805599453,0.0,0.0,1,0.0,0.0,0.0,0.0,0.0,1
1973,32300.0,1,0,1,2.6390573296152584,1.3862943611198906,1.9459101490553132,1.9459101490553132,1.791759469228055,1.9459101490553132,0.6931471805599453,0.6931471805599453,0.0,3,8,0.0,0.0,0.0,0.0,0.0,0.0,0.0,53,13,1,3,39,5,0.0,2.174751721484161,9,0.2,13,0.0,1,0.0,0.0,0.0,0.0,1,0.0,0.0,0.0,0.0,1,0.0,0.0,0.0,0.0,0.0,1
1976,20180.0,0,0,27,2.9444389791664403,3.7612001156935624,3.2188758248682006,2.772588722239781,3.044522437723423,2.9444389791664403,0.6931471805599453,1.0986122886681098,0.6931471805599453,4,7,0.0,0.0,0.0,0.0,0.0,0.0,0.0,50,13,0,1,137,8,0.0,2.8972922007407385,9,0.125,15,0.0,1,0.0,0.0,0.0,0.0,0,0.6931471805599453,0.0,0.0,0.0,1,0.0,0.6931471805599453,0.0,0.0,0.0,0
1973,34961.0,1,0,77,3.828641396489095,1.0986122886681098,3.295836866004329,1.6094379124341003,0.6931471805599453,0.6931471805599453,1.3862943611198906,1.3862943611198906,0.6931471805599453,3,7,0.0,0.0,0.0,0.0,0.0,0.0,0.0,53,12,1,3,79,10,0.0,2.186051276738094,10,0.3,17,0.0,1,0.0,0.0,0.0,0.0,1,0.0,0.0,0.0,0.0,0,0.6931471805599453,0.0,0.0,0.0,0.0,1
1974,28440.0,1,0,87,3.6635616461296463,0.6931471805599453,3.2188758248682006,0.0,0.0,0.0,0.6931471805599453,1.0986122886681098,0.0,3,8,0.0,0.0,0.0,0.0,0.0,0.0,0.0,52,13,1,3,63,6,0.0,2.4423470353692043,10,0.16666666666666666,14,0.0,0,0.0,0.6931471805599453,0.0,0.0,0,0.0,0.6931471805599453,0.0,0.0,1,0.0,0.0,0.0,0.0,0.0,1
1953,64504.0,1,2,81,6.894670039433482,3.6109179126442243,5.1298987149230735,2.833213344056216,0.0,4.6913478822291435,2.0794415416798357,2.4849066497880004,1.3862943611198906,4,7,0.0,0.0,0.0,0.0,0.0,0.0,0.6931471805599453,73,13,3,5,1314,25,0.6931471805599453,3.9808025208229716,18,0.28,32,0.0,0,0.0,0.6931471805599453,0.0,0.0,0,0.0,0.6931471805599453,0.0,0.0,0,0.6931471805599453,0.0,0.0,0.0,0.0,1
1966,33564.0,0,1,51,4.127134385045092,0.0,1.3862943611198906,0.0,0.0,2.0794415416798357,0.6931471805599453,0.6931471805599453,0.6931471805599453,3,5,0.0,0.0,0.0,0.0,0.0,0.0,0.0,60,12,1,3,71,6,0.0,2.5520459526256287,6,0.16666666666666666,11,0.0,0,0.6931471805599453,0.0,0.0,0.0,0,0.0,0.6931471805599453,0.0,0.0,1,0.0,0.0,0.0,0.0,0.0,1
1978,17345.0,1,0,79,1.6094379124341003,2.302585092994046,2.833213344056216,2.8903717578961645,0.0,2.5649493574615367,1.0986122886681098,1.0986122886681098,0.6931471805599453,2,8,0.0,0.0,0.0,0.0,0.0,0.0,0.0,48,14,1,3,58,7,0.0,2.228477120840324,10,0.2857142857142857,15,0.0,1,0.0,0.0,0.0,0.0,1,0.0,0.0,0.0,0.0,0,0.6931471805599453,0.0,0.0,0.0,0.0,0
1967,56320.0,0,1,11,5.308267697401205,3.9889840465642745,5.153291594497779,4.762173934797756,4.356708826689592,4.430816798843313,1.3862943611198906,1.791759469228055,1.6094379124341003,9,4,0.0,0.0,0.0,0.0,0.0,0.0,0.0,59,13,1,3,702,21,0.0,3.5388867844353418,9,0.14285714285714285,25,0.0,0,0.0,0.6931471805599453,0.0,0.0,1,0.0,0.0,0.0,0.0,1,0.0,0.0,0.0,0.0,0.0,1
1978,28647.0,1,0,54,2.995732273553991,2.1972245773362196,3.4011973816621555,0.0,2.5649493574615367,3.295836866004329,0.6931471805599453,1.0986122886681098,1.0986122886681098,2,7,0.6931471805599453,0.0,0.0,0.0,0.0,0.0,0.6931471805599453,48,13,1,2,94,7,1.0986122886681098,2.6692103677859462,9,0.14285714285714285,14,0.0,1,0.0,0.0,0.0,0.0,0,0.6931471805599453,0.0,0.0,0.0,0,0.6931471805599453,0.0,0.0,0.6931471805599453,0.0,0
1987,15038.0,1,0,93,1.6094379124341003,2.1972245773362196,2.4849066497880004,2.995732273553991,2.5649493574615367,3.295836866004329,1.0986122886681098,1.0986122886681098,0.6931471805599453,2,9,0.0,0.0,0.0,0.0,0.0,0.0,0.0,39,13,1,2,80,7,0.0,2.5199979695992702,11,0.2857142857142857,16,0.6931471805599453,0,0.0,0.0,0.0,0.0,0,0.6931471805599453,0.0,0.0,0.0,0,0.6931471805599453,0.0,0.6931471805599453,0.0,0.0,0
1958,32173.0,0,1,0,2.9444389791664403,0.0,1.0986122886681098,0.0,0.0,1.0986122886681098,0.6931471805599453,0.6931471805599453,0.0,3,4,0.0,0.0,0.0,0.0,0.0,0.0,0.0,68,13,1,2,22,5,0.0,1.6863989535702288,5,0.2,9,0.0,0,0.0,0.6931471805599453,0.0,0.6931471805599453,0,0.0,0.0,0.0,0.0,1,0.0,0.0,0.0,0.0,0.0,1
1964,68316.0,0,1,54,6.693323668269949,4.394449154672439,5.087596335232384,4.795790545596741,2.4849066497880004,3.5263605246161616,1.791759469228055,2.3978952727983707,2.0794415416798357,10,6,0.0,0.0,0.0,0.0,0.0,0.0,0.0,62,14,1,3,1211,32,0.0,3.6595471887109845,16,0.15625,38,0.0,0,0.0,0.0,0.0,0.0,0,0.0,0.6931471805599453,0.0,0.0,0,0.6931471805599453,0.0,0.0,0.0,0.0,1
1971,74538.0,0,0,21,5.942799375126701,4.59511985013459,6.598509028614515,4.709530201312334,4.727387818712341,3.367295829986474,0.6931471805599453,2.1972245773362196,2.1972245773362196,5,3,0.0,0.0,0.6931471805599453,0.0,0.0,0.0,0.6931471805599453,55,13,0,2,1461,22,1.0986122886681098,4.210779888779617,11,0.045454545454545456,25,0.0,1,0.0,0.0,0.0,0.0,0,0.0,0.6931471805599453,0.0,0.0,0,0.6931471805599453,0.0,0.0,0.6931471805599453,0.0,0
1971,91700.0,0,0,58,6.3578422665081,5.153291594497779,6.8690144506657065,4.836281906951478,4.7535901911063645,2.995732273553991,0.6931471805599453,2.1972245773362196,1.9459101490553132,5,3,0.0,0.0,0.0,0.0,0.0,0.0,0.6931471805599453,55,13,0,1,1968,20,0.6931471805599453,4.599152113662528,11,0.05,23,0.0,1,0.0,0.0,0.0,0.0,0,0.6931471805599453,0.0,0.0,0.0,0,0.6931471805599453,0.0,0.0,0.6931471805599453,0.0,0
1969,68695.0,0,0,3,6.129050210060545,4.406719247264253,5.877735781779639,4.672828834461906,3.9318256327243257,3.713572066704308,0.6931471805599453,1.6094379124341003,1.6094379124341003,7,2,0.0,0.0,0.0,0.0,0.0,0.0,0.0,57,12,0,2,1091,16,0.0,4.2368202104688555,6,0.0625,18,0.0,1,0.0,0.0,0.0,0.0,0,0.0,0.6931471805599453,0.0,0.0,1,0.0,0.0,0.0,0.0,0.0,1
1977,31056.0,1,0,99,1.791759469228055,2.3978952727983707,2.6390573296152584,1.3862943611198906,2.1972245773362196,2.833213344056216,0.6931471805599453,0.6931471805599453,0.0,3,8,0.0,0.0,0.0,0.0,0.0,0.0,0.0,49,13,1,3,55,5,0.0,2.4849066497880004,9,0.2,13,0.0,0,0.0,0.0,0.0,0.0,1,0.0,0.0,0.0,0.0,1,0.0,0.0,0.6931471805599453,0.0,0.0,0
1973,79593.0,0,0,70,5.860786223465865,4.110873864173311,6.343880434126331,4.709530201312334,4.897839799950911,4.983606621708336,0.6931471805599453,1.791759469228055,1.9459101490553132,7,2,0.0,0.0,0.6931471805599453,0.0,0.0,0.0,0.0,53,12,0,2,1366,19,0.6931471805599453,4.289016439454999,7,0.05263157894736842,21,0.0,1,0.0,0.0,0.0,0.0,1,0.0,0.0,0.0,0.0,1,0.0,0.0,0.0,0.6931471805599453,0.0,0
1980,28071.0,0,0,65,3.6888794541139363,3.5263605246161616,4.875197323201151,3.7376696182833684,3.295836866004329,3.8066624897703196,1.0986122886681098,1.791759469228055,0.6931471805599453,5,8,0.0,0.0,0.0,0.0,0.0,0.0,0.0,46,14,0,1,313,13,0.0,3.221948023905171,13,0.15384615384615385,21,0.0,1,0.0,0.0,0.0,0.0,0,0.6931471805599453,0.0,0.0,0.0,0,0.6931471805599453,0.0,0.0,0.6931471805599453,0.0,0
1958,37334.0,1,1,44,3.295836866004329,0.6931471805599453,2.833213344056216,1.0986122886681098,1.0986122886681098,2.772588722239781,1.6094379124341003,1.3862943611198906,0.0,4,4,0.0,0.0,0.0,0.0,0.0,0.0,0.0,68,12,2,4,62,11,0.0,1.8925641683500207,7,0.36363636363636365,15,0.0,0,0.0,0.6931471805599453,0.0,0.0,0,0.0,0.6931471805599453,0.0,0.0,1,0.0,0.0,0.0,0.0,0.0,1
1972,46423.0,1,1,6,4.23410650459726,0.0,2.833213344056216,0.0,0.0,2.1972245773362196,1.3862943611198906,1.0986122886681098,0.0,4,7,0.0,0.0,0.0,0.0,0.0,0.0,0.0,54,13,2,3,92,9,0.0,2.41789593950504,9,0.3333333333333333,16,0.0,0,0.6931471805599453,0.0,0.0,0.0,0,0.6931471805599453,0.0,0.0,0.0,1,0.0,0.0,0.0,0.0,0.0,1
1971,37126.0,1,0,9,3.828641396489095,1.3862943611198906,2.302585092994046,1.6094379124341003,1.6094379124341003,2.0794415416798357,0.6931471805599453,0.6931471805599453,1.0986122886681098,2,6,0.6931471805599453,0.0,0.0,0.0,0.0,0.0,0.6931471805599453,55,12,1,3,72,6,1.0986122886681098,2.5649493574615367,7,0.16666666666666666,12,0.0,0,0.0,0.6931471805599453,0.0,0.0,1,0.0,0.0,0.0,0.0,0,0.0,0.0,0.0,0.0,0.0,1
1953,47703.0,0,1,95,5.886104031450156,0.0,4.90527477843843,2.6390573296152584,3.295836866004329,4.820281565605037,1.6094379124341003,1.9459101490553132,1.3862943611198906,8,5,0.0,0.0,0.0,0.0,0.0,0.0,0.0,73,13,1,3,655,21,0.0,3.4716706383195413,11,0.19047619047619047,26,0.0,1,0.0,0.0,0.0,0.0,1,0.0,0.0,0.0,0.0,1,0.0,0.0,0.0,0.0,0.0,1
1959,61180.0,0,1,70,6.0014148779611505,3.2188758248682006,3.4011973816621555,1.9459101490553132,3.2188758248682006,5.389071729816501,1.0986122886681098,1.791759469228055,1.791759469228055,6,3,0.6931471805599453,0.0,0.0,0.0,0.0,0.0,0.0,67,12,1,3,704,18,0.6931471805599453,3.6916533809966614,8,0.1111111111111111,21,0.0,1,0.0,0.0,0.0,0.0,1,0.0,0.0,0.0,0.0,1,0.0,0.0,0.0,0.0,0.0,1
1954,38998.0,1,1,92,3.5553480614894135,0.6931471805599453,2.70805020110221,0.0,0.0,1.791759469228055,1.3862943611198906,1.0986122886681098,0.0,3,8,0.0,0.0,0.0,0.0,0.0,0.6931471805599453,0.0,72,14,2,4,54,8,0.0,2.0476928433652555,10,0.375,16,0.0,1,0.0,0.0,0.0,0.0,1,0.0,0.0,0.0,0.0,1,0.0,0.0,0.0,0.0,0.0,1
1991,8028.0,0,0,62,4.30406509320417,2.9444389791664403,4.204692619390966,2.0794415416798357,2.5649493574615367,1.0986122886681098,2.772588722239781,0.0,0.6931471805599453,0,19,0.0,0.0,0.0,0.0,0.0,0.0,0.0,35,14,0,1,178,16,0.0,2.495269436823547,19,0.9375,35,0.0,1,0.0,0.0,0.0,0.0,0,0.6931471805599453,0.0,0.0,0.0,0,0.0,0.0,0.0,0.0,0.0,1
1962,76081.0,0,0,85,5.680172609017068,3.4339872044851463,6.030685260261263,4.1588830833596715,3.5263605246161616,5.303304908059076,0.6931471805599453,1.6094379124341003,1.791759469228055,4,2,0.0,0.0,0.0,0.6931471805599453,0.0,0.0,0.0,64,12,0,2,1033,14,0.6931471805599453,4.314626881255278,6,0.07142857142857142,16,0.0,1,0.0,0.0,0.0,0.0,0,0.0,0.6931471805599453,0.0,0.0,0,0.0,0.0,0.0,0.6931471805599453,0.0,0
1986,34728.0,1,0,2,2.70805020110221,0.0,2.833213344056216,0.0,0.0,1.9459101490553132,0.6931471805599453,0.6931471805599453,0.6931471805599453,2,6,0.0,0.0,0.0,0.0,0.0,0.0,0.6931471805599453,40,13,1,3,36,5,0.6931471805599453,2.1041341542702074,7,0.2,11,0.0,1,0.0,0.0,0.0,0.0,0,0.0,0.6931471805599453,0.0,0.0,1,0.0,0.0,0.0,0.6931471805599453,0.0,0
1965,33168.0,0,1,0,4.394449154672439,0.6931471805599453,3.6375861597263857,0.0,0.6931471805599453,1.3862943611198906,1.3862943611198906,1.0986122886681098,0.6931471805599453,4,7,0.0,0.0,0.0,0.0,0.0,0.0,0.0,61,14,1,2,122,10,0.0,2.580216829592325,9,0.3,17,0.0,0,0.6931471805599453,0.0,0.0,0.0,0,0.6931471805599453,0.0,0.0,0.0,1,0.0,0.0,0.0,0.0,0.0,1
1966,33585.0,0,1,91,3.4339872044851463,2.4849066497880004,3.5263605246161616,2.6390573296152584,1.9459101490553132,3.4011973816621555,0.6931471805599453,1.0986122886681098,0.0,4,4,0.0,0.0,0.0,0.0,0.0,0.0,0.0,60,13,1,3,122,7,0.0,2.913902255306359,6,0.14285714285714285,11,0.0,0,0.6931471805599453,0.0,0.0,0.0,1,0.0,0.0,0.0,0.0,1,0.0,0.0,0.0,0.6931471805599453,0.0,0
1960,77037.0,0,1,3,6.139884552226255,4.574710978503383,5.811140992976701,5.1298987149230735,3.9889840465642745,2.3978952727983707,0.6931471805599453,2.0794415416798357,2.0794415416798357,12,3,0.0,0.0,0.0,0.0,0.0,0.0,0.0,66,13,1,3,1123,27,0.0,3.751680355352967,10,0.037037037037037035,30,0.0,0,0.0,0.6931471805599453,0.0,0.0,1,0.0,0.0,0.0,0.0,1,0.0,0.0,0.0,0.0,0.0,1
1984,35196.0,1,0,68,4.330733340286331,2.5649493574615367,4.955827057601261,3.784189633918261,3.6888794541139363,5.236441962829949,1.9459101490553132,1.9459101490553132,0.6931471805599453,5,8,0.0,0.0,0.0,0.0,0.0,0.0,0.6931471805599453,42,14,1,3,497,18,0.6931471805599453,3.3537951427675714,14,0.3333333333333333,26,0.0,1,0.0,0.0,0.0,0.0,0,0.0,0.6931471805599453,0.0,0.0,0,0.6931471805599453,0.0,0.6931471805599453,0.0,0.0,0
1966,44529.0,0,1,98,6.289715570908998,2.6390573296152584,4.5217885770490405,2.8903717578961645,1.9459101490553132,3.295836866004329,1.9459101490553132,1.9459101490553132,1.0986122886681098,11,5,0.0,0.6931471805599453,0.0,0.0,0.0,0.0,0.0,60,13,1,3,691,25,0.6931471805599453,3.3548043420924447,11,0.24,30,0.0,1,0.0,0.0,0.0,0.0,1,0.0,0.0,0.0,0.0,1,0.0,0.0,0.0,0.0,0.0,1
1965,70924.0,0,0,41,6.455198563340122,4.74493212836325,5.541263545158426,4.890349128221754,5.030437921392435,4.343805421853684,0.6931471805599453,1.9459101490553132,1.9459101490553132,7,3,0.0,0.0,0.6931471805599453,0.0,0.0,0.0,0.0,61,12,0,2,1363,20,0.6931471805599453,4.236278058110767,9,0.05,23,0.0,0,0.0,0.0,0.0,0.0,1,0.0,0.0,0.0,0.0,1,0.0,0.0,0.0,0.0,0.0,1
1966,28764.0,1,1,16,2.1972245773362196,0.0,1.3862943611198906,0.0,0.0,0.6931471805599453,0.6931471805599453,0.6931471805599453,0.0,2,8,0.6931471805599453,0.0,0.0,0.0,0.0,0.0,0.0,60,12,2,4,12,4,0.6931471805599453,1.3862943611198906,9,0.25,12,0.0,0,0.0,0.6931471805599453,0.0,0.0,0,0.0,0.6931471805599453,0.0,0.0,1,0.0,0.0,0.0,0.0,0.0,1
1949,69098.0,0,0,82,7.182352111885263,3.1354942159291497,6.660575149839686,4.983606621708336,0.0,5.187385805840755,0.6931471805599453,2.0794415416798357,2.1972245773362196,9,5,0.0,0.0,0.0,0.0,0.0,0.0,0.0,77,13,0,2,2440,25,0.0,4.591071261608589,12,0.04,30,0.0,0,0.0,0.6931471805599453,0.0,0.0,1,0.0,0.0,0.0,0.0,1,0.0,0.0,0.0,0.0,0.0,1
1970,25959.0,1,1,1,1.6094379124341003,1.0986122886681098,2.5649493574615367,2.0794415416798357,1.791759469228055,3.295836866004329,1.0986122886681098,0.6931471805599453,1.0986122886681098,2,6,0.0,0.0,0.0,0.0,0.0,0.0,0.6931471805599453,56,13,2,3,56,7,0.6931471805599453,2.1972245773362196,7,0.2857142857142857,13,0.0,0,0.0,0.0,0.0,0.6931471805599453,0,0.0,0.0,0.0,0.0,0,0.0,0.0,0.6931471805599453,0.0,0.0,0
1983,27100.0,1,0,64,2.5649493574615367,0.0,2.6390573296152584,1.0986122886681098,0.0,2.3978952727983707,0.6931471805599453,0.6931471805599453,0.0,3,7,0.0,0.0,0.0,0.0,0.0,0.0,0.0,43,13,1,3,37,5,0.0,2.128231705849268,8,0.2,12,0.0,0,0.6931471805599453,0.0,0.0,0.0,1,0.0,0.0,0.0,0.0,1,0.0,0.0,0.0,0.6931471805599453,0.0,0
1985,70596.0,0,0,68,5.8522024797744745,3.8066624897703196,6.282266746896006,2.8903717578961645,0.0,3.295836866004329,0.6931471805599453,1.3862943611198906,1.791759469228055,12,2,0.0,0.0,0.0,0.0,0.0,0.0,0.0,41,14,0,1,968,21,0.0,3.852171893899289,5,0.047619047619047616,23,0.0,1,0.0,0.0,0.0,0.0,0,0.6931471805599453,0.0,0.0,0.0,1,0.0,0.0,0.0,0.6931471805599453,0.0,0
1974,42557.0,0,1,98,5.262690188904886,1.791759469228055,3.9889840465642745,0.0,1.791759469228055,2.772588722239781,1.6094379124341003,1.9459101490553132,0.6931471805599453,4,8,0.0,0.0,0.0,0.0,0.0,0.0,0.0,52,14,1,3,270,15,0.0,2.9444389791664403,14,0.26666666666666666,23,0.0,1,0.0,0.0,0.0,0.0,1,0.0,0.0,0.0,0.0,0,0.6931471805599453,0.0,0.0,0.0,0.0,1
1951,53312.0,0,0,32,5.488937726156687,0.0,2.5649493574615367,0.0,0.0,3.258096538021482,0.6931471805599453,1.791759469228055,0.6931471805599453,5,7,0.0,0.0,0.0,0.0,0.0,0.0,0.0,75,13,0,2,278,12,0.0,3.1849742731925192,12,0.08333333333333333,19,0.0,0,0.0,0.6931471805599453,0.0,0.0,1,0.0,0.0,0.0,0.0,0,0.6931471805599453,0.0,0.0,0.0,0.0,1
1952,72228.0,0,0,87,6.448889394146858,3.367295829986474,6.198478716492308,3.4339872044851463,2.70805020110221,4.04305126783455,0.6931471805599453,1.9459101490553132,2.0794415416798357,8,3,0.0,0.0,0.0,0.0,0.0,0.0,0.0,74,14,0,1,1250,22,0.0,4.057303290541752,9,0.045454545454545456,25,0.0,1,0.0,0.0,0.0,0.0,0,0.6931471805599453,0.0,0.0,0.0,1,0.0,0.0,0.0,0.0,0.0,1
1987,67605.0,0,0,84,5.820082930352362,3.367295829986474,5.645446897643238,5.220355825078324,4.007333185232471,4.007333185232471,0.6931471805599453,1.0986122886681098,2.1972245773362196,6,1,0.0,0.0,0.0,0.0,0.0,0.0,0.0,39,13,0,2,938,17,0.0,4.028497996424514,3,0.058823529411764705,18,0.0,1,0.0,0.0,0.0,0.0,0,0.0,0.6931471805599453,0.0,0.0,0,0.0,0.0,0.0,0.0,0.0,1
1949,62845.0,1,1,3,7.003065458786462,0.0,3.828641396489095,0.0,0.0,3.5553480614894135,2.4849066497880004,1.3862943611198906,1.6094379124341003,10,8,0.0,0.6931471805599453,0.0,0.0,0.0,0.0,0.0,77,14,2,4,1178,28,0.6931471805599453,3.762859867111927,11,0.39285714285714285,36,0.0,0,0.6931471805599453,0.0,0.0,0.0,1,0.0,0.0,0.0,0.0,1,0.0,0.0,0.0,0.0,0.0,1
1958,65196.0,0,2,34,6.612041034833092,2.995732273553991,5.204006687076795,2.5649493574615367,0.0,5.303304908059076,1.0986122886681098,2.0794415416798357,1.9459101490553132,11,5,0.6931471805599453,0.0,0.0,0.0,0.0,0.0,0.0,68,13,2,4,1155,26,0.6931471805599453,3.81602027817588,12,0.07692307692307693,31,0.0,1,0.0,0.0,0.0,0.0,0,0.0,0.6931471805599453,0.0,0.0,1,0.0,0.0,0.0,0.0,0.0,1
1987,42000.0,0,0,23,4.8283137373023015,4.430816798843313,5.5909869805108565,4.454347296253507,4.0943445622221,3.58351893845611,1.0986122886681098,1.791759469228055,1.0986122886681098,11,5,0.0,0.0,0.0,0.0,0.0,0.0,0.6931471805599453,39,13,0,1,653,20,0.6931471805599453,3.5160130560907366,10,0.1,25,0.0,0,0.0,0.6931471805599453,0.0,0.0,0,0.6931471805599453,0.0,0.0,0.0,1,0.0,0.0,0.0,0.6931471805599453,0.0,0
1973,35860.0,1,1,37,2.772588722239781,0.0,2.1972245773362196,1.6094379124341003,1.0986122886681098,3.044522437723423,1.0986122886681098,0.6931471805599453,0.6931471805599453,2,5,0.6931471805599453,0.0,0.0,0.0,0.0,0.0,0.0,53,12,2,3,49,6,0.6931471805599453,2.2155737160044158,6,0.3333333333333333,11,0.0,0,0.0,0.6931471805599453,0.0,0.6931471805599453,0,0.0,0.0,0.0,0.0,1,0.0,0.0,0.6931471805599453,0.0,0.0,0
1964,65526.0,0,1,22,5.986452005284438,2.995732273553991,4.248495242049359,2.5649493574615367,0.0,2.302585092994046,0.6931471805599453,1.6094379124341003,1.6094379124341003,8,2,0.0,0.0,0.0,0.0,0.0,0.0,0.0,62,12,1,3,506,17,0.0,3.426368120008707,6,0.058823529411764705,19,0.0,0,0.0,0.6931471805599453,0.0,0.0,1,0.0,0.0,0.0,0.0,1,0.0,0.0,0.0,0.0,0.0,1
1961,16860.0,1,1,19,2.3978952727983707,1.6094379124341003,1.6094379124341003,1.3862943611198906,1.3862943611198906,2.70805020110221,1.3862943611198906,0.6931471805599453,0.6931471805599453,3,7,0.0,0.0,0.0,0.0,0.0,0.0,0.0,65,14,2,4,38,8,0.0,1.749199854809259,8,0.375,15,0.0,1,0.0,0.0,0.0,0.0,1,0.0,0.0,0.0,0.0,1,0.0,0.0,0.6931471805599453,0.0,0.0,0
1992,83528.0,0,0,7,6.274762021241939,4.770684624465665,6.520621127558696,4.90527477843843,3.8066624897703196,4.997212273764115,0.6931471805599453,1.6094379124341003,2.3978952727983707,8,1,0.6931471805599453,0.0,0.0,0.6931471805599453,0.0,0.0,0.6931471805599453,34,12,0,1,1650,23,1.3862943611198906,4.286879485057674,5,0.043478260869565216,24,0.0,1,0.0,0.0,0.0,0.0,0,0.6931471805599453,0.0,0.0,0.0,0,0.0,0.0,0.0,0.6931471805599453,0.0,0
1965,64176.0,0,1,52,7.103322062526113,3.5263605246161616,5.521460917862246,4.174387269895637,4.762173934797756,5.0106352940962555,2.1972245773362196,2.1972245773362196,2.302585092994046,8,6,0.0,0.0,0.0,0.0,0.0,0.0,0.0,61,14,1,2,1826,33,0.0,4.0312864262549635,14,0.24242424242424243,39,0.0,0,0.0,0.0,0.0,0.6931471805599453,0,0.0,0.0,0.0,0.0,0,0.0,0.0,0.0,0.0,0.0,1
1956,22304.0,0,0,91,1.3862943611198906,1.0986122886681098,2.0794415416798357,0.0,1.6094379124341003,1.0986122886681098,0.6931471805599453,0.6931471805599453,0.0,2,8,0.0,0.0,0.0,0.0,0.0,0.0,0.0,70,14,0,1,18,4,0.0,1.7047480922384253,9,0.25,12,0.0,1,0.0,0.0,0.0,0.6931471805599453,0,0.0,0.0,0.0,0.0,1,0.0,0.0,0.0,0.6931471805599453,0.0,0
1978,67023.0,0,0,93,6.09807428216624,3.8066624897703196,5.948034989180646,2.4849066497880004,2.1972245773362196,2.8903717578961645,0.6931471805599453,1.3862943611198906,2.0794415416798357,13,2,0.0,0.0,0.0,0.0,0.0,0.6931471805599453,0.0,48,12,0,2,906,24,0.0,3.657130755799356,5,0.041666666666666664,26,0.0,1,0.0,0.0,0.0,0.0,1,0.0,0.0,0.0,0.0,1,0.0,0.0,0.0,0.0,0.0,1
1971,32892.0,1,0,78,3.295836866004329,0.0,2.772588722239781,1.0986122886681098,0.6931471805599453,1.0986122886681098,1.0986122886681098,1.3862943611198906,0.0,3,8,0.0,0.0,0.0,0.0,0.0,0.0,0.0,55,12,1,3,46,8,0.0,1.9095425048844386,11,0.25,16,0.0,0,0.0,0.6931471805599453,0.0,0.0,0,0.0,0.6931471805599453,0.0,0.0,0,0.6931471805599453,0.0,0.0,0.0,0.0,1
1966,70713.0,0,1,23,6.602587892189336,4.74493212836325,5.634789603169249,4.418840607796598,4.343805421853684,5.25227342804663,1.9459101490553132,1.791759469228055,1.9459101490553132,8,3,0.0,0.0,0.0,0.0,0.0,0.0,0.0,60,14,1,3,1477,25,0.0,4.09567700745588,8,0.24,28,0.0,1,0.0,0.0,0.0,0.0,0,0.0,0.6931471805599453,0.0,0.0,1,0.0,0.0,0.0,0.0,0.0,1
1955,59925.0,0,1,83,6.161207321695077,3.091042453358316,5.176149732573829,2.995732273553991,3.091042453358316,4.04305126783455,1.3862943611198906,2.302585092994046,1.0986122886681098,9,6,0.0,0.0,0.0,0.0,0.0,0.0,0.0,71,14,1,3,766,23,0.0,3.5352721049167246,15,0.13043478260869565,29,0.0,1,0.0,0.0,0.0,0.0,0,0.0,0.6931471805599453,0.0,0.0,0,0.6931471805599453,0.0,0.0,0.0,0.0,1
1953,39722.0,0,1,92,3.4965075614664802,0.0,1.791759469228055,1.0986122886681098,0.0,2.1972245773362196,1.0986122886681098,1.0986122886681098,0.0,3,5,0.0,0.0,0.0,0.0,0.0,0.0,0.0,73,12,1,3,47,7,0.0,2.043073897508961,7,0.2857142857142857,12,0.0,1,0.0,0.0,0.0,0.0,1,0.0,0.0,0.0,0.0,1,0.0,0.0,0.0,0.0,0.0,1
1958,46610.0,0,0,4,5.666426688112432,2.3978952727983707,3.4339872044851463,1.6094379124341003,2.3978952727983707,4.836281906951478,0.6931471805599453,1.9459101490553132,0.6931471805599453,6,6,0.0,0.0,0.0,0.0,0.0,0.0,0.0,68,13,0,2,467,14,0.0,3.5368099404905027,12,0.07142857142857142,20,0.0,1,0.0,0.0,0.0,0.0,0,0.0,0.6931471805599453,0.0,0.0,0,0.6931471805599453,0.0,0.0,0.0,0.0,1
1961,88347.0,0,0,32,6.957497370876951,5.187385805840755,6.320768294250582,4.356708826689592,4.9344739331306915,4.77912349311153,0.6931471805599453,1.6094379124341003,2.0794415416798357,9,1,0.0,0.0,0.0,0.6931471805599453,0.0,0.0,0.0,65,13,0,2,2116,21,0.6931471805599453,4.622635817595724,5,0.047619047619047616,22,0.0,1,0.0,0.0,0.0,0.0,0,0.0,0.6931471805599453,0.0,0.0,1,0.0,0.0,0.0,0.0,0.0,1
1981,87171.0,0,0,27,6.90975328164481,3.8066624897703196,4.68213122712422,4.07753744390572,3.8066624897703196,3.8066624897703196,0.6931471805599453,1.9459101490553132,2.0794415416798357,11,2,0.6931471805599453,0.0,0.6931471805599453,0.0,0.0,0.0,0.0,45,13,0,2,1298,25,1.0986122886681098,3.968781339246755,8,0.04,27,0.0,0,0.0,0.6931471805599453,0.0,0.0,1,0.0,0.0,0.0,0.0,1,0.0,0.0,0.0,0.0,0.0,1
1976,26907.0,1,1,10,2.302585092994046,0.6931471805599453,2.0794415416798357,0.0,1.3862943611198906,1.0986122886681098,1.0986122886681098,0.6931471805599453,0.0,3,7,0.0,0.0,0.0,0.0,0.0,0.0,0.0,50,13,2,4,22,6,0.0,1.5404450409471488,8,0.3333333333333333,13,0.0,0,0.0,0.0,0.0,0.0,0,0.0,0.6931471805599453,0.0,0.0,1,0.0,0.0,0.0,0.0,0.0,1
1968,50014.0,1,0,9,5.459585514144159,2.70805020110221,4.356708826689592,2.995732273553991,2.3978952727983707,3.7612001156935624,1.0986122886681098,1.6094379124341003,0.6931471805599453,8,5,0.0,0.0,0.0,0.0,0.0,0.0,0.0,58,12,1,2,396,15,0.0,3.3105430133940246,9,0.13333333333333333,20,0.0,0,0.6931471805599453,0.0,0.0,0.0,0,0.6931471805599453,0.0,0.0,0.0,1,0.0,0.0,0.0,0.0,0.0,1
1978,41014.0,1,0,65,2.0794415416798357,1.0986122886681098,1.9459101490553132,1.0986122886681098,0.0,1.3862943611198906,0.6931471805599453,0.6931471805599453,0.0,2,7,0.0,0.0,0.0,0.0,0.0,0.0,0.0,48,13,1,3,20,4,0.0,1.791759469228055,8,0.25,11,0.0,0,0.0,0.6931471805599453,0.0,0.0,1,0.0,0.0,0.0,0.0,1,0.0,0.0,0.0,0.0,0.0,1
1965,66294.0,0,0,68,5.529429087511423,4.6913478822291435,5.814130531825066,4.189654742026425,4.532599493153256,4.770684624465665,0.6931471805599453,1.6094379124341003,1.3862943611198906,5,2,0.0,0.0,0.0,0.0,0.0,0.0,0.0,61,12,0,1,967,13,0.0,4.322603214203081,6,0.07692307692307693,15,0.0,1,0.0,0.0,0.0,0.0,0,0.6931471805599453,0.0,0.0,0.0,1,0.0,0.0,0.0,0.6931471805599453,0.0,0
1971,36715.0,1,0,16,5.153291594497779,2.3978952727983707,4.836281906951478,3.091042453358316,2.6390573296152584,2.833213344056216,1.9459101490553132,2.0794415416798357,1.0986122886681098,4,9,0.0,0.0,0.0,0.0,0.0,0.0,0.6931471805599453,55,14,1,3,357,19,0.6931471805599453,2.985150164223454,16,0.3157894736842105,28,0.0,1,0.0,0.0,0.0,0.0,1,0.0,0.0,0.0,0.0,0,0.6931471805599453,0.0,0.0,0.0,0.0,1
1956,79456.0,0,0,12,6.338594078203183,3.7612001156935624,6.3080984415095305,4.174387269895637,4.430816798843313,4.605170185988092,0.6931471805599453,1.791759469228055,1.9459101490553132,4,3,0.0,0.0,0.0,0.0,0.0,0.0,0.6931471805599453,70,14,0,2,1401,16,0.6931471805599453,4.483708517450899,8,0.0625,19,0.0,1,0.0,0.0,0.0,0.0,1,0.0,0.0,0.0,0.0,0,0.0,0.0,0.0,0.0,0.0,1
1982,40479.0,1,0,95,1.791759469228055,0.0,2.1972245773362196,1.0986122886681098,0.0,0.0,0.6931471805599453,0.0,0.0,3,4,0.0,0.0,0.0,0.0,0.0,0.0,0.0,44,13,1,3,15,4,0.0,1.55814461804655,4,0.25,8,0.0,1,0.0,0.0,0.0,0.0,0,0.0,0.6931471805599453,0.0,0.0,1,0.0,0.0,0.0,0.6931471805599453,0.0,0
1970,75345.0,0,0,16,6.823286122355687,4.060443010546419,6.736966958001855,4.605170185988092,3.6635616461296463,4.897839799950911,0.6931471805599453,1.791759469228055,2.1972245773362196,6,3,0.0,0.0,0.0,0.6931471805599453,0.0,0.0,0.6931471805599453,56,13,0,1,2087,20,1.0986122886681098,4.6572881402501976,8,0.05,23,0.0,0,0.6931471805599453,0.0,0.0,0.0,0,0.6931471805599453,0.0,0.0,0.0,0,0.0,0.0,0.0,0.0,0.0,1
1977,54233.0,0,1,46,6.481577129276431,2.1972245773362196,5.0689042022202315,3.091042453358316,0.0,4.962844630259907,1.6094379124341003,2.4849066497880004,1.9459101490553132,5,8,0.0,0.0,0.0,0.0,0.0,0.0,0.0,49,13,1,3,981,26,0.0,3.6566343546970805,19,0.15384615384615385,34,0.0,1,0.0,0.0,0.0,0.0,1,0.0,0.0,0.0,0.0,0,0.6931471805599453,0.0,0.0,0.0,0.0,1
1970,24163.0,1,1,3,1.6094379124341003,0.6931471805599453,2.0794415416798357,1.0986122886681098,0.6931471805599453,1.0986122886681098,1.0986122886681098,0.6931471805599453,0.0,3,4,0.0,0.0,0.0,0.0,0.0,0.0,0.0,56,13,2,3,17,6,0.0,1.3437347467010947,5,0.3333333333333333,10,0.0,1,0.0,0.0,0.0,0.0,0,0.6931471805599453,0.0,0.0,0.0,1,0.0,0.0,0.0,0.6931471805599453,0.0,0
1958,84460.0,0,0,80,5.030437921392435,3.332204510175204,4.6443908991413725,4.672828834461906,4.007333185232471,4.406719247264253,0.0,2.302585092994046,2.302585092994046,4,5,0.0,0.6931471805599453,0.6931471805599453,0.6931471805599453,0.6931471805599453,0.0,0.6931471805599453,68,13,0,2,523,22,1.791759469228055,3.2097433413049283,14,0.0,27,0.0,0,0.0,0.6931471805599453,0.0,0.0,0,0.0,0.6931471805599453,0.0,0.0,0,0.6931471805599453,0.0,0.0,0.0,0.0,1
1983,43776.0,1,0,77,2.1972245773362196,0.0,2.302585092994046,1.0986122886681098,0.6931471805599453,1.3862943611198906,0.6931471805599453,0.6931471805599453,0.0,2,6,0.0,0.0,0.0,0.0,0.0,0.0,0.0,43,12,1,3,23,4,0.0,1.9095425048844386,7,0.25,10,0.0,1,0.0,0.0,0.0,0.0,0,0.0,0.6931471805599453,0.0,0.0,1,0.0,0.0,0.0,0.6931471805599453,0.0,0
1958,71691.0,0,0,0,5.820082930352362,4.875197323201151,6.021023349349527,5.484796933490655,3.4965075614664802,3.784189633918261,0.6931471805599453,1.6094379124341003,2.0794415416798357,5,2,0.0,0.0,0.0,0.0,0.0,0.0,0.6931471805599453,68,12,0,1,1192,17,0.6931471805599453,4.264335506558576,6,0.058823529411764705,19,0.0,0,0.0,0.6931471805599453,0.0,0.0,0,0.6931471805599453,0.0,0.0,0.0,0,0.0,0.0,0.0,0.6931471805599453,0.0,0
1973,85844.0,0,0,62,6.844815479208263,2.995732273553991,6.738152494595957,3.258096538021482,4.564348191467836,3.6635616461296463,0.6931471805599453,1.9459101490553132,1.9459101490553132,7,2,0.0,0.0,0.6931471805599453,0.0,0.0,0.0,0.0,53,12,0,2,1958,20,0.6931471805599453,4.594109238628667,8,0.05,22,0.0,0,0.0,0.6931471805599453,0.0,0.0,1,0.0,0.0,0.0,0.0,1,0.0,0.0,0.0,0.0,0.0,1
1974,39190.0,1,0,91,4.23410650459726,2.1972245773362196,2.9444389791664403,2.995732273553991,2.1972245773362196,2.5649493574615367,1.0986122886681098,1.0986122886681098,0.6931471805599453,4,5,0.0,0.0,0.0,0.0,0.0,0.0,0.0,52,12,1,2,133,9,0.0,2.7586024802650413,7,0.2222222222222222,14,0.0,0,0.0,0.6931471805599453,0.0,0.0,0,0.6931471805599453,0.0,0.0,0.0,1,0.0,0.0,0.0,0.0,0.0,1
1959,71367.0,0,0,24,5.429345628954441,3.1780538303479458,5.966146739123692,3.7612001156935624,3.091042453358316,4.330733340286331,0.6931471805599453,1.6094379124341003,1.791759469228055,7,2,0.0,0.0,0.0,0.0,0.0,0.0,0.0,67,13,0,2,777,17,0.0,3.8438701171909195,6,0.058823529411764705,19,0.0,1,0.0,0.0,0.0,0.0,0,0.0,0.6931471805599453,0.0,0.0,1,0.0,0.0,0.0,0.6931471805599453,0.0,0
1972,38578.0,1,1,2,3.6635616461296463,1.6094379124341003,3.1354942159291497,1.3862943611198906,1.3862943611198906,1.3862943611198906,1.3862943611198906,1.3862943611198906,0.0,3,8,0.0,0.0,0.0,0.0,0.0,0.0,0.0,54,13,2,3,73,9,0.0,2.209494669928034,11,0.3333333333333333,17,0.0,0,0.0,0.6931471805599453,0.0,0.0,0,0.6931471805599453,0.0,0.0,0.0,0,0.6931471805599453,0.0,0.0,0.0,0.0,1
1965,57236.0,1,1,22,4.663439094112067,0.0,2.302585092994046,1.0986122886681098,0.6931471805599453,1.6094379124341003,1.3862943611198906,1.0986122886681098,0.6931471805599453,4,3,0.0,0.0,0.0,0.0,0.0,0.0,0.0,61,12,2,4,121,10,0.0,2.5726122302071057,5,0.3,13,0.0,0,0.0,0.6931471805599453,0.0,0.0,1,0.0,0.0,0.0,0.0,1,0.0,0.0,0.0,0.0,0.0,1
1979,61825.0,0,1,56,5.093750200806762,3.9318256327243257,4.61512051684126,4.02535169073515,3.4339872044851463,3.332204510175204,0.6931471805599453,1.6094379124341003,1.0986122886681098,8,4,0.0,0.0,0.0,0.0,0.0,0.0,0.0,47,13,1,2,424,15,0.0,3.3764492119729614,8,0.06666666666666667,19,0.0,1,0.0,0.0,0.0,0.0,0,0.6931471805599453,0.0,0.0,0.0,1,0.0,0.0,0.0,0.0,0.0,1
1958,79803.0,0,1,54,6.354370040797351,2.1972245773362196,5.37989735354046,3.091042453358316,2.833213344056216,3.5263605246161616,0.6931471805599453,1.6094379124341003,1.3862943611198906,5,1,0.0,0.0,0.0,0.0,0.0,0.0,0.0,68,12,1,2,868,13,0.0,4.216108268474643,5,0.07692307692307693,14,0.0,1,0.0,0.0,0.0,0.6931471805599453,0,0.0,0.0,0.0,0.0,1,0.0,0.0,0.0,0.0,0.0,1
1986,80910.0,0,0,71,5.081404364984463,4.394449154672439,5.91350300563827,4.219507705176107,3.6888794541139363,3.7376696182833684,0.6931471805599453,1.3862943611198906,1.3862943611198906,8,1,0.0,0.0,0.0,0.0,0.0,0.0,0.0,40,14,0,1,756,15,0.0,3.9396381724611196,4,0.06666666666666667,16,0.0,0,0.0,0.0,0.0,0.0,0,0.6931471805599453,0.0,0.0,0.0,1,0.0,0.0,0.0,0.6931471805599453,0.0,0
1982,27590.0,1,0,38,1.9459101490553132,0.0,1.791759469228055,0.0,0.0,0.6931471805599453,0.6931471805599453,0.6931471805599453,0.0,2,7,0.0,0.0,0.0,0.0,0.0,0.0,0.0,44,13,1,3,12,4,0.0,1.3862943611198906,8,0.25,11,0.0,0,0.6931471805599453,0.0,0.0,0.0,0,0.0,0.6931471805599453,0.0,0.0,1,0.0,0.0,0.0,0.0,0.0,1
1979,56775.0,0,1,62,6.421622267806518,3.58351893845611,5.081404364984463,4.07753744390572,3.58351893845611,3.58351893845611,1.0986122886681098,1.791759469228055,2.1972245773362196,10,5,0.0,0.0,0.0,0.0,0.0,0.0,0.0,47,13,1,3,937,25,0.0,3.6501386257975055,10,0.08,30,0.0,1,0.0,0.0,0.0,0.0,1,0.0,0.0,0.0,0.0,1,0.0,0.0,0.0,0.0,0.0,1
1975,83829.0,0,0,78,6.8001700683022,5.087596335232384,6.066108090103747,5.231108616854587,5.087596335232384,3.332204510175204,0.0,1.6094379124341003,2.0794415416798357,6,1,0.6931471805599453,0.0,0.6931471805599453,0.6931471805599453,0.0,0.0,0.6931471805599453,51,13,0,1,1862,17,1.6094379124341003,4.70528165535725,5,0.0,18,0.0,1,0.0,0.0,0.0,0.6931471805599453,0,0.0,0.0,0.0,0.0,0,0.0,0.0,0.0,0.0,0.0,1
1979,54210.0,0,1,18,4.2626798770413155,4.007333185232471,4.700480365792417,4.394449154672439,2.302585092994046,3.828641396489095,1.0986122886681098,1.6094379124341003,0.6931471805599453,7,5,0.0,0.0,0.0,0.0,0.0,0.0,0.0,47,13,1,3,367,14,0.0,3.3037420455114423,9,0.14285714285714285,19,0.0,0,0.0,0.0,0.0,0.0,1,0.0,0.0,0.0,0.0,1,0.0,0.0,0.0,0.6931471805599453,0.0,0
1986,38508.0,1,0,95,4.795790545596741,2.995732273553991,5.332718793265369,3.258096538021482,2.995732273553991,4.007333185232471,1.9459101490553132,2.0794415416798357,1.0986122886681098,5,8,0.0,0.0,0.0,0.0,0.0,0.0,0.0,40,13,1,3,443,20,0.0,3.1419947805322432,15,0.3,28,0.0,1,0.0,0.0,0.0,0.0,1,0.0,0.0,0.0,0.0,0,0.6931471805599453,0.0,0.0,0.6931471805599453,0.0,0
1970,53187.0,1,0,66,5.356586274672012,1.0986122886681098,3.4339872044851463,2.0794415416798357,2.0794415416798357,2.3978952727983707,1.0986122886681098,1.6094379124341003,0.6931471805599453,6,5,0.0,0.0,0.0,0.0,0.0,0.0,0.0,56,13,1,3,267,13,0.0,3.069840245707713,9,0.15384615384615385,18,0.0,1,0.0,0.0,0.0,0.0,0,0.0,0.6931471805599453,0.0,0.0,1,0.0,0.0,0.0,0.0,0.0,1
1972,30023.0,1,0,28,2.4849066497880004,0.0,2.833213344056216,2.0794415416798357,1.9459101490553132,3.091042453358316,0.6931471805599453,1.0986122886681098,0.0,3,8,0.0,0.0,0.0,0.0,0.0,0.0,0.0,54,12,1,3,61,6,0.0,2.412933150162911,10,0.16666666666666666,14,0.0,1,0.0,0.0,0.0,0.0,1,0.0,0.0,0.0,0.0,1,0.0,0.0,0.6931471805599453,0.0,0.0,0
1960,76045.0,0,0,78,6.634633357861686,3.9889840465642745,5.993961427306569,2.8903717578961645,4.543294782270004,0.0,0.6931471805599453,1.6094379124341003,1.791759469228055,11,2,0.0,0.0,0.0,0.6931471805599453,0.0,0.0,0.0,66,13,0,1,1323,21,0.6931471805599453,4.1588830833596715,6,0.047619047619047616,23,0.0,0,0.0,0.6931471805599453,0.0,0.0,0,0.6931471805599453,0.0,0.0,0.0,1,0.0,0.0,0.0,0.0,0.0,1
1952,50870.0,0,1,13,3.9889840465642745,0.0,2.1972245773362196,0.0,0.0,1.0986122886681098,0.6931471805599453,1.0986122886681098,0.0,3,5,0.0,0.0,0.0,0.0,0.0,0.0,0.0,74,12,1,3,63,6,0.0,2.4423470353692043,7,0.16666666666666666,11,0.0,0,0.0,0.6931471805599453,0.0,0.0,1,0.0,0.0,0.0,0.0,1,0.0,0.0,0.0,0.0,0.0,1
1970,15315.0,0,0,27,2.0794415416798357,1.6094379124341003,2.6390573296152584,2.772588722239781,2.1972245773362196,2.8903717578961645,1.0986122886681098,1.0986122886681098,0.0,4,5,0.0,0.0,0.0,0.0,0.0,0.0,0.0,56,13,0,2,64,8,0.0,2.1972245773362196,7,0.25,13,0.0,0,0.0,0.0,0.0,0.0,1,0.0,0.0,0.0,0.0,1,0.0,0.0,0.6931471805599453,0.0,0.0,0
1974,65463.0,1,0,17,5.971261839790462,3.4965075614664802,4.2626798770413155,3.091042453358316,3.4965075614664802,2.833213344056216,1.0986122886681098,1.9459101490553132,1.0986122886681098,9,5,0.0,0.6931471805599453,0.0,0.0,0.0,0.0,0.0,52,12,1,3,562,19,0.6931471805599453,3.4203117776854706,11,0.10526315789473684,24,0.0,0,0.0,0.0,0.0,0.0,1,0.0,0.0,0.0,0.0,1,0.0,0.0,0.0,0.0,0.0,1
1965,66480.0,1,1,71,5.298317366548036,2.302585092994046,4.060443010546419,3.044522437723423,3.091042453358316,1.9459101490553132,2.0794415416798357,1.6094379124341003,0.6931471805599453,7,4,0.0,0.0,0.0,0.0,0.0,0.0,0.0,61,12,2,4,312,19,0.0,2.8576793962106226,8,0.3684210526315789,23,0.0,1,0.0,0.0,0.0,0.0,1,0.0,0.0,0.0,0.0,1,0.0,0.0,0.0,0.0,0.0,1
1954,76773.0,0,0,79,6.248042874508429,4.04305126783455,6.1092475827643655,4.465908118654584,3.5263605246161616,2.833213344056216,0.6931471805599453,1.0986122886681098,1.0986122886681098,11,1,0.0,0.0,0.0,0.0,0.0,0.0,0.0,72,13,0,1,1156,16,0.0,4.293878247897177,3,0.0625,17,0.0,1,0.0,0.0,0.0,0.6931471805599453,0,0.0,0.0,0.0,0.0,1,0.0,0.0,0.0,0.0,0.0,1
1983,81698.0,0,0,1,6.565264970035361,3.828641396489095,4.7535901911063645,3.4339872044851463,5.081404364984463,3.828641396489095,0.6931471805599453,2.1972245773362196,1.0986122886681098,5,5,0.0,0.0,0.0,0.6931471805599453,0.0,0.0,0.6931471805599453,43,13,0,1,1104,16,1.0986122886681098,4.248495242049359,13,0.0625,21,0.0,0,0.0,0.0,0.0,0.0,0,0.6931471805599453,0.0,0.0,0.0,0,0.6931471805599453,0.0,0.0,0.0,0.0,1
1973,54466.0,1,1,78,2.5649493574615367,0.0,1.6094379124341003,0.0,0.0,0.0,0.6931471805599453,0.6931471805599453,0.0,2,5,0.0,0.0,0.0,0.0,0.0,0.0,0.0,53,12,2,3,16,4,0.0,1.6094379124341003,6,0.25,9,0.0,0,0.0,0.6931471805599453,0.0,0.0,0,0.6931471805599453,0.0,0.0,0.0,1,0.0,0.0,0.0,0.0,0.0,1
1960,98777.0,0,0,23,6.90875477931522,2.995732273553991,6.568077911411976,4.836281906951478,4.7535901911063645,3.6635616461296463,0.0,1.6094379124341003,1.9459101490553132,9,1,0.0,0.6931471805599453,0.0,0.0,0.0,0.0,0.0,66,12,0,1,2008,19,0.6931471805599453,4.66987316728556,5,0.0,20,0.0,0,0.6931471805599453,0.0,0.0,0.0,0,0.6931471805599453,0.0,0.0,0.0,1,0.0,0.0,0.0,0.0,0.0,1
1984,16269.0,1,0,75,2.995732273553991,1.3862943611198906,2.9444389791664403,1.3862943611198906,0.6931471805599453,0.0,1.3862943611198906,1.3862943611198906,0.0,3,8,0.0,0.0,0.0,0.0,0.0,0.0,0.0,42,13,1,2,44,9,0.0,1.7730673362159026,11,0.3333333333333333,17,0.0,0,0.0,0.6931471805599453,0.0,0.0,0,0.6931471805599453,0.0,0.0,0.0,0,0.6931471805599453,0.0,0.0,0.0,0.0,1
1971,71819.0,0,1,70,7.110696122978827,3.367295829986474,4.948759890378168,0.0,2.70805020110221,5.1298987149230735,1.3862943611198906,1.3862943611198906,1.3862943611198906,5,6,0.0,0.6931471805599453,0.6931471805599453,0.0,0.0,0.0,0.0,55,13,1,3,1574,14,1.0986122886681098,4.731173312191823,9,0.21428571428571427,20,0.0,1,0.0,0.0,0.0,0.0,0,0.0,0.6931471805599453,0.0,0.0,1,0.0,0.0,0.0,0.0,0.0,1
1983,33569.0,1,0,10,2.833213344056216,1.0986122886681098,2.9444389791664403,1.3862943611198906,0.0,3.2188758248682006,0.6931471805599453,0.6931471805599453,0.6931471805599453,2,8,0.6931471805599453,0.0,0.0,0.0,0.0,0.0,0.6931471805599453,43,13,1,3,63,5,1.0986122886681098,2.6100697927420065,9,0.2,13,0.0,0,0.0,0.6931471805599453,0.0,0.0,1,0.0,0.0,0.0,0.0,1,0.0,0.0,0.6931471805599453,0.0,0.0,0
1983,36262.0,0,0,24,4.48863636973214,3.6888794541139363,4.007333185232471,4.174387269895637,3.367295829986474,5.0369526024136295,0.6931471805599453,1.3862943611198906,1.791759469228055,3,6,0.6931471805599453,0.0,0.0,0.0,0.0,0.0,0.6931471805599453,43,13,0,2,426,12,1.0986122886681098,3.597312260588446,9,0.08333333333333333,18,0.0,0,0.6931471805599453,0.0,0.0,0.0,1,0.0,0.0,0.0,0.0,0,0.0,0.0,0.6931471805599453,0.0,0.0,0
1966,22634.0,0,0,47,1.0986122886681098,3.1780538303479458,2.4849066497880004,2.1972245773362196,1.9459101490553132,3.8501476017100584,0.6931471805599453,1.0986122886681098,0.6931471805599453,2,8,0.0,0.0,0.0,0.0,0.0,0.0,0.0,60,13,0,2,96,6,0.0,2.833213344056216,10,0.16666666666666666,14,0.6931471805599453,0,0.0,0.0,0.0,0.0,0,0.0,0.6931471805599453,0.0,0.0,0,0.6931471805599453,0.0,0.6931471805599453,0.0,0.0,0
1978,47025.0,0,1,98,6.2324480165505225,2.4849066497880004,4.0943445622221,3.1780538303479458,1.791759469228055,3.4011973816621555,1.791759469228055,2.4849066497880004,0.6931471805599453,6,9,0.0,0.0,0.0,0.0,0.0,0.0,0.0,48,13,1,3,635,23,0.0,3.3537107153961676,20,0.21739130434782608,32,0.0,0,0.0,0.0,0.0,0.0,1,0.0,0.0,0.0,0.0,0,0.6931471805599453,0.0,0.0,0.0,0.0,1
1968,70566.0,0,1,4,5.945420608606575,3.367295829986474,5.375278407684165,4.442651256490317,3.367295829986474,3.091042453358316,1.0986122886681098,1.9459101490553132,1.791759469228055,9,3,0.0,0.0,0.0,0.0,0.0,0.0,0.0,58,13,1,2,757,22,0.0,3.566968592512432,9,0.09090909090909091,25,0.0,1,0.0,0.0,0.0,0.0,0,0.6931471805599453,0.0,0.0,0.0,1,0.0,0.0,0.0,0.0,0.0,1
1979,31605.0,1,0,15,4.31748811353631,0.0,3.7612001156935624,1.0986122886681098,0.6931471805599453,1.9459101490553132,1.0986122886681098,1.0986122886681098,0.6931471805599453,4,7,0.0,0.0,0.0,0.0,0.0,0.0,0.0,47,14,1,3,125,9,0.0,2.700615222614692,9,0.2222222222222222,16,0.0,0,0.0,0.6931471805599453,0.0,0.0,1,0.0,0.0,0.0,0.0,1,0.0,0.0,0.0,0.0,0.0,1
1973,52034.0,1,1,67,4.990432586778736,0.0,4.543294782270004,2.0794415416798357,2.6390573296152584,4.30406509320417,1.791759469228055,1.6094379124341003,1.0986122886681098,5,7,0.0,0.0,0.0,0.0,0.0,0.0,0.0,53,13,2,3,332,16,0.0,3.079613757534693,11,0.3125,23,0.0,0,0.6931471805599453,0.0,0.0,0.6931471805599453,0,0.0,0.0,0.0,0.0,1,0.0,0.0,0.0,0.0,0.0,1
1979,48526.0,1,0,32,3.1780538303479458,2.8903717578961645,3.1780538303479458,3.784189633918261,3.044522437723423,2.302585092994046,0.6931471805599453,1.0986122886681098,0.6931471805599453,4,3,0.0,0.0,0.0,0.0,0.0,0.0,0.0,47,13,1,2,135,8,0.0,2.883403088580071,5,0.125,11,0.0,1,0.0,0.0,0.0,0.0,0,0.6931471805599453,0.0,0.0,0.0,1,0.0,0.0,0.0,0.0,0.0,0
1954,46734.0,0,1,40,4.709530201312334,1.791759469228055,4.927253685157205,3.295836866004329,3.1780538303479458,3.4011973816621555,1.0986122886681098,1.9459101490553132,0.6931471805599453,5,7,0.0,0.0,0.0,0.0,0.0,0.0,0.0,72,14,1,3,330,14,0.0,3.2015843277581397,13,0.14285714285714285,21,0.0,1,0.0,0.0,0.0,0.0,1,0.0,0.0,0.0,0.0,0,0.6931471805599453,0.0,0.0,0.6931471805599453,0.0,0
1962,39552.0,1,1,54,5.111987788356544,1.3862943611198906,4.997212273764115,1.6094379124341003,3.2188758248682006,3.7376696182833684,2.0794415416798357,1.9459101490553132,1.0986122886681098,5,8,0.0,0.0,0.0,0.0,0.0,0.0,0.6931471805599453,64,14,2,3,384,20,0.6931471805599453,3.005682604407159,14,0.35,28,0.0,1,0.0,0.0,0.0,0.6931471805599453,0,0.0,0.0,0.0,0.0,0,0.6931471805599453,0.0,0.0,0.0,0.0,1
1966,86358.0,1,1,78,6.86484777797086,3.871201010907891,6.20455776256869,4.418840607796598,3.871201010907891,4.564348191467836,1.6094379124341003,1.791759469228055,1.3862943611198906,6,8,0.0,0.0,0.0,0.0,0.0,0.0,0.0,60,14,2,3,1722,18,0.0,4.5712686343124105,13,0.2222222222222222,26,0.0,1,0.0,0.0,0.0,0.0,0,0.6931471805599453,0.0,0.0,0.0,1,0.0,0.0,0.0,0.0,0.0,1
1977,46931.0,2,1,94,3.7376696182833684,0.0,2.8903717578961645,1.3862943611198906,0.6931471805599453,2.833213344056216,1.0986122886681098,0.6931471805599453,0.6931471805599453,3,3,0.0,0.0,0.0,0.0,0.0,0.0,0.0,49,12,3,5,78,7,0.0,2.496741107435003,4,0.2857142857142857,10,0.0,1,0.0,0.0,0.0,0.0,0,0.0,0.6931471805599453,0.0,0.0,1,0.0,0.0,0.0,0.0,0.0,1
1985,16581.0,0,0,51,0.6931471805599453,1.3862943611198906,1.6094379124341003,1.0986122886681098,1.3862943611198906,2.4849066497880004,0.6931471805599453,0.0,0.0,3,4,0.0,0.0,0.0,0.0,0.0,0.0,0.0,41,13,0,1,24,4,0.0,1.9459101490553132,4,0.25,8,0.6931471805599453,0,0.0,0.0,0.0,0.0,0,0.6931471805599453,0.0,0.0,0.0,1,0.0,0.0,0.6931471805599453,0.0,0.0,0
1952,63998.0,0,0,42,5.176149732573829,3.4011973816621555,6.70808408385307,0.0,3.5263605246161616,4.727387818712341,0.6931471805599453,2.0794415416798357,1.9459101490553132,11,4,0.0,0.0,0.0,0.0,0.0,0.0,0.6931471805599453,74,13,0,1,1168,25,0.6931471805599453,3.8653505972297153,11,0.04,29,0.0,0,0.0,0.0,0.0,0.6931471805599453,0,0.0,0.0,0.0,0.0,1,0.0,0.0,0.0,0.6931471805599453,0.0,0
1951,67381.0,0,1,67,6.704414354964107,2.1972245773362196,3.9889840465642745,2.4849066497880004,0.0,4.2626798770413155,1.6094379124341003,1.0986122886681098,1.0986122886681098,9,7,0.0,0.6931471805599453,0.0,0.0,0.0,0.0,0.0,75,13,1,3,957,17,0.6931471805599453,4.048197959586319,9,0.23529411764705882,24,0.0,0,0.6931471805599453,0.0,0.0,0.0,1,0.0,0.0,0.0,0.0,1,0.0,0.0,0.0,0.0,0.0,1
1967,25930.0,1,1,87,1.9459101490553132,0.6931471805599453,1.0986122886681098,1.0986122886681098,0.0,1.6094379124341003,0.6931471805599453,0.6931471805599453,0.0,2,7,0.0,0.0,0.0,0.0,0.0,0.0,0.0,59,13,2,3,15,4,0.0,1.55814461804655,8,0.25,11,0.0,1,0.0,0.0,0.0,0.0,0,0.6931471805599453,0.0,0.0,0.0,1,0.0,0.0,0.0,0.0,0.0,1
1978,42693.0,1,0,29,2.1972245773362196,1.6094379124341003,3.044522437723423,1.9459101490553132,1.3862943611198906,2.833213344056216,0.6931471805599453,0.6931471805599453,0.0,3,5,0.0,0.0,0.0,0.0,0.0,0.0,0.0,48,12,1,3,57,5,0.0,2.517696472610991,6,0.2,10,0.0,1,0.0,0.0,0.0,0.0,1,0.0,0.0,0.0,0.0,1,0.0,0.0,0.0,0.6931471805599453,0.0,0
1976,85606.0,0,1,89,6.576469569048224,3.7612001156935624,6.762729506931879,5.393627546352362,3.4339872044851463,4.442651256490317,1.0986122886681098,1.9459101490553132,2.0794415416798357,9,3,0.0,0.0,0.0,0.6931471805599453,0.0,0.0,0.0,50,14,1,3,1956,24,0.6931471805599453,4.412798293340635,9,0.08333333333333333,27,0.0,1,0.0,0.0,0.0,0.0,0,0.0,0.6931471805599453,0.0,0.0,1,0.0,0.0,0.0,0.6931471805599453,0.0,0
1985,72903.0,0,0,74,6.97354301952014,4.9344739331306915,6.621405651764134,0.0,2.995732273553991,3.6888794541139363,0.6931471805599453,2.0794415416798357,1.791759469228055,8,4,0.0,0.6931471805599453,0.6931471805599453,0.6931471805599453,0.0,0.0,0.6931471805599453,41,13,0,1,2013,21,1.6094379124341003,4.573237138885082,11,0.047619047619047616,25,0.0,1,0.0,0.0,0.0,0.0,0,0.6931471805599453,0.0,0.0,0.0,1,0.0,0.0,0.0,0.0,0.0,1
1974,49669.0,1,0,97,5.117993812416755,1.791759469228055,4.68213122712422,2.4849066497880004,2.1972245773362196,3.4011973816621555,1.0986122886681098,1.791759469228055,0.6931471805599453,6,6,0.0,0.0,0.0,0.0,0.0,0.0,0.0,52,12,1,3,326,14,0.0,3.1898882879949486,11,0.14285714285714285,20,0.0,0,0.0,0.0,0.0,0.0,0,0.0,0.6931471805599453,0.0,0.0,1,0.0,0.0,0.0,0.0,0.0,1
1968,36778.0,1,1,63,3.4011973816621555,1.6094379124341003,3.5553480614894135,1.0986122886681098,1.6094379124341003,1.6094379124341003,1.3862943611198906,1.3862943611198906,0.0,3,9,0.0,0.0,0.0,0.0,0.0,0.0,0.0,58,14,2,4,77,9,0.0,2.257122718917288,12,0.3333333333333333,18,0.0,0,0.0,0.6931471805599453,0.0,0.0,1,0.0,0.0,0.0,0.0,0,0.6931471805599453,0.0,0.0,0.6931471805599453,0.0,0
1962,85696.0,0,0,88,6.5722825426940075,4.343805421853684,5.981414211254481,4.762173934797756,0.0,2.5649493574615367,0.6931471805599453,1.6094379124341003,1.9459101490553132,9,1,0.0,0.0,0.0,0.0,0.0,0.0,0.6931471805599453,64,13,0,1,1313,20,0.6931471805599453,4.199455046624718,5,0.05,21,0.0,0,0.0,0.6931471805599453,0.0,0.6931471805599453,0,0.0,0.0,0.0,0.0,1,0.0,0.0,0.0,0.0,0.0,1
1989,10979.0,0,0,34,2.1972245773362196,1.6094379124341003,2.3978952727983707,1.0986122886681098,1.0986122886681098,1.6094379124341003,1.0986122886681098,1.3862943611198906,0.0,3,5,0.0,0.0,0.0,0.0,0.0,0.0,0.0,37,12,0,1,30,8,0.0,1.55814461804655,8,0.25,13,0.0,0,0.6931471805599453,0.0,0.0,0.6931471805599453,0,0.0,0.0,0.0,0.0,0,0.6931471805599453,0.0,0.0,0.6931471805599453,0.0,0
1961,49678.0,0,1,81,5.438079308923196,1.791759469228055,4.04305126783455,1.3862943611198906,1.0986122886681098,3.044522437723423,1.0986122886681098,1.9459101490553132,1.0986122886681098,4,7,0.0,0.0,0.0,0.0,0.0,0.0,0.0,65,13,1,3,315,14,0.0,3.1570004211501135,13,0.14285714285714285,21,0.0,1,0.0,0.0,0.0,0.0,1,0.0,0.0,0.0,0.0,0,0.6931471805599453,0.0,0.0,0.0,0.0,1
1953,56129.0,0,1,65,5.771441123130016,3.8918202981106265,4.897839799950911,3.6888794541139363,4.290459441148391,3.8918202981106265,1.6094379124341003,1.9459101490553132,1.0986122886681098,10,4,0.0,0.0,0.0,0.0,0.0,0.0,0.0,73,13,1,3,660,22,0.0,3.4339872044851463,10,0.18181818181818182,26,0.0,0,0.6931471805599453,0.0,0.0,0.0,0,0.0,0.6931471805599453,0.0,0.0,1,0.0,0.0,0.0,0.0,0.0,1
1989,37155.0,1,0,51,3.1780538303479458,0.0,3.295836866004329,2.0794415416798357,2.772588722239781,1.3862943611198906,0.6931471805599453,1.0986122886681098,0.0,4,5,0.0,0.0,0.0,0.0,0.0,0.0,0.0,37,13,1,3,74,7,0.0,2.4485390056171252,7,0.14285714285714285,12,0.0,1,0.0,0.0,0.0,0.0,1,0.0,0.0,0.0,0.0,1,0.0,0.0,0.0,0.6931471805599453,0.0,0
1978,21282.0,1,0,76,0.6931471805599453,1.791759469228055,2.1972245773362196,1.6094379124341003,2.1972245773362196,3.044522437723423,1.0986122886681098,1.0986122886681098,0.6931471805599453,2,6,0.0,0.0,0.0,0.0,0.0,0.0,0.0,48,12,1,2,46,7,0.0,2.0243817644968085,8,0.2857142857142857,13,0.0,0,0.0,0.0,0.0,0.6931471805599453,0,0.0,0.0,0.0,0.0,0,0.6931471805599453,0.0,0.6931471805599453,0.0,0.0,0
1962,33419.0,0,1,76,4.04305126783455,0.0,2.5649493574615367,0.0,0.0,2.9444389791664403,1.0986122886681098,1.0986122886681098,0.0,4,7,0.0,0.0,0.0,0.0,0.0,0.0,0.0,64,13,1,2,86,8,0.0,2.463853240590168,9,0.25,15,0.0,0,0.0,0.6931471805599453,0.0,0.0,0,0.6931471805599453,0.0,0.0,0.0,1,0.0,0.0,0.0,0.0,0.0,1
1945,63285.0,0,0,84,6.2324480165505225,4.8283137373023015,5.521460917862246,3.9318256327243257,3.6635616461296463,4.90527477843843,0.6931471805599453,1.9459101490553132,1.791759469228055,13,3,0.0,0.0,0.0,0.0,0.0,0.0,0.0,81,13,0,1,1103,25,0.0,3.8093256071898036,9,0.04,28,0.0,1,0.0,0.0,0.0,0.0,0,0.0,0.0,0.6931471805599453,0.0,1,0.0,0.0,0.0,0.0,0.0,1
1974,21255.0,1,0,56,3.4011973816621555,0.0,3.258096538021482,1.0986122886681098,1.0986122886681098,1.3862943611198906,1.6094379124341003,1.0986122886681098,0.6931471805599453,4,4,0.0,0.0,0.0,0.0,0.0,0.0,0.0,52,12,1,3,61,11,0.0,1.8787708462176849,6,0.36363636363636365,15,0.0,0,0.6931471805599453,0.0,0.0,0.0,0,0.0,0.6931471805599453,0.0,0.0,1,0.0,0.0,0.0,0.0,0.0,1
1981,42162.0,1,0,31,3.8501476017100584,2.0794415416798357,4.0943445622221,1.0986122886681098,1.6094379124341003,3.332204510175204,1.0986122886681098,1.3862943611198906,0.6931471805599453,3,6,0.6931471805599453,0.0,0.0,0.0,0.0,0.0,0.6931471805599453,45,13,1,3,145,9,1.0986122886681098,2.83972802507741,9,0.2222222222222222,15,0.0,1,0.0,0.0,0.0,0.0,0,0.0,0.6931471805599453,0.0,0.0,0,0.6931471805599453,0.0,0.0,0.6931471805599453,0.0,0
1956,54450.0,1,1,0,6.12029741895095,0.0,5.147494476813453,2.1972245773362196,2.995732273553991,3.4965075614664802,2.5649493574615367,2.302585092994046,1.0986122886681098,8,8,0.0,0.0,0.0,0.0,0.0,0.0,0.0,70,14,2,4,684,31,0.0,3.1382953382088616,17,0.3870967741935484,39,0.0,1,0.0,0.0,0.0,0.0,0,0.0,0.6931471805599453,0.0,0.0,0,0.6931471805599453,0.0,0.0,0.0,0.0,1
1954,57744.0,0,1,91,5.860786223465865,1.3862943611198906,3.6888794541139363,0.0,0.0,2.995732273553991,1.0986122886681098,2.302585092994046,0.6931471805599453,4,8,0.0,0.0,0.0,0.0,0.0,0.0,0.0,72,13,1,3,411,16,0.0,3.284195290988843,17,0.125,24,0.0,0,0.0,0.6931471805599453,0.0,0.0,1,0.0,0.0,0.0,0.0,0,0.6931471805599453,0.0,0.0,0.0,0.0,1
1986,26576.0,1,0,40,2.3978952727983707,0.0,2.1972245773362196,0.0,0.0,2.302585092994046,0.6931471805599453,0.6931471805599453,0.0,2,9,0.6931471805599453,0.0,0.0,0.0,0.0,0.0,0.6931471805599453,40,14,1,2,27,4,1.0986122886681098,2.0476928433652555,10,0.25,13,0.0,1,0.0,0.0,0.0,0.0,0,0.6931471805599453,0.0,0.0,0.0,1,0.0,0.0,0.0,0.0,0.0,1
1943,57513.0,0,0,59,6.601230118728877,3.713572066704308,5.214935757608986,3.970291913552122,3.044522437723423,3.4339872044851463,1.0986122886681098,2.302585092994046,1.3862943611198906,13,6,0.0,0.0,0.0,0.0,0.0,0.0,0.0,83,13,0,1,1060,27,0.0,3.6953400211168805,15,0.07407407407407407,33,0.0,0,0.0,0.6931471805599453,0.0,0.0,0,0.0,0.0,0.6931471805599453,0.0,1,0.0,0.0,0.0,0.0,0.0,1
1964,68142.0,0,1,96,6.8001700683022,4.844187086458591,5.2832037287379885,4.5217885770490405,4.727387818712341,3.6375861597263857,1.3862943611198906,2.3978952727983707,1.6094379124341003,7,6,0.0,0.0,0.0,0.0,0.0,0.0,0.0,62,14,1,3,1459,24,0.0,4.1237685117899865,16,0.125,30,0.0,1,0.0,0.0,0.0,0.0,0,0.0,0.6931471805599453,0.0,0.0,0,0.6931471805599453,0.0,0.0,0.0,0.0,1
1979,7500.0,0,1,61,1.791759469228055,1.0986122886681098,1.3862943611198906,1.3862943611198906,0.0,1.791759469228055,0.6931471805599453,0.6931471805599453,0.0,2,8,0.0,0.0,0.0,0.0,0.0,0.0,0.0,47,14,1,3,18,4,0.0,1.7047480922384253,9,0.25,12,0.0,1,0.0,0.0,0.0,0.0,1,0.0,0.0,0.0,0.0,1,0.0,0.0,0.0,0.0,0.0,1
1974,83145.0,0,0,14,6.656726524178391,3.58351893845611,6.595780513961311,3.6888794541139363,4.927253685157205,4.74493212836325,0.6931471805599453,1.791759469228055,2.302585092994046,11,2,0.0,0.0,0.6931471805599453,0.0,0.0,0.0,0.6931471805599453,52,14,0,2,1833,26,1.0986122886681098,4.269697449699962,7,0.038461538461538464,28,0.0,1,0.0,0.0,0.0,0.0,0,0.0,0.6931471805599453,0.0,0.0,1,0.0,0.0,0.0,0.0,0.0,1
1960,54197.0,0,1,16,5.093750200806762,1.9459101490553132,3.6375861597263857,1.9459101490553132,2.6390573296152584,2.6390573296152584,1.0986122886681098,0.6931471805599453,1.3862943611198906,6,1,0.0,0.0,0.0,0.0,0.0,0.0,0.0,66,12,1,3,237,12,0.0,3.0325462466767075,2,0.16666666666666666,13,0.0,0,0.6931471805599453,0.0,0.0,0.0,1,0.0,0.0,0.0,0.0,1,0.0,0.0,0.0,0.0,0.0,1
1963,23091.0,1,1,98,3.58351893845611,0.0,2.4849066497880004,0.0,0.0,1.0986122886681098,1.6094379124341003,1.0986122886681098,0.6931471805599453,3,7,0.0,0.0,0.0,0.0,0.0,0.0,0.0,63,12,2,3,48,10,0.0,1.7578579175523736,9,0.4,17,0.0,0,0.0,0.6931471805599453,0.0,0.0,0,0.6931471805599453,0.0,0.0,0.0,1,0.0,0.0,0.0,0.0,0.0,1
1976,46049.0,1,1,11,5.8377304471659395,2.302585092994046,4.727387818712341,2.995732273553991,2.70805020110221,2.995732273553991,2.3978952727983707,1.791759469228055,1.0986122886681098,9,7,0.0,0.0,0.0,0.0,0.0,0.0,0.6931471805599453,50,13,2,4,515,26,0.6931471805599453,3.0353227408249994,12,0.38461538461538464,33,0.0,1,0.0,0.0,0.0,0.0,1,0.0,0.0,0.0,0.0,1,0.0,0.0,0.0,0.0,0.0,1
1974,56715.0,0,0,52,5.556828061699537,4.663439094112067,5.480638923341991,5.472270673671475,5.153291594497779,2.302585092994046,0.6931471805599453,2.0794415416798357,1.3862943611198906,4,4,0.0,0.0,0.0,0.0,0.0,0.0,0.0,52,14,0,2,1020,15,0.0,4.23410650459726,11,0.06666666666666667,19,0.0,1,0.0,0.0,0.0,0.0,0,0.0,0.6931471805599453,0.0,0.0,0,0.6931471805599453,0.0,0.0,0.0,0.0,1
1961,79410.0,0,0,19,6.490723534502507,4.394449154672439,6.182084906716632,4.820281565605037,2.6390573296152584,2.6390573296152584,0.6931471805599453,1.3862943611198906,1.0986122886681098,5,1,0.0,0.0,0.0,0.0,0.0,0.0,0.0,65,12,0,2,1370,11,0.0,4.832667880610922,4,0.09090909090909091,12,0.0,1,0.0,0.0,0.0,0.0,1,0.0,0.0,0.0,0.0,1,0.0,0.0,0.0,0.0,0.0,1
1951,57304.0,0,1,61,5.877735781779639,4.394449154672439,5.799092654460526,4.9344739331306915,2.8903717578961645,4.672828834461906,1.0986122886681098,2.0794415416798357,1.9459101490553132,10,5,0.0,0.0,0.0,0.0,0.0,0.0,0.0,75,13,1,3,1026,25,0.0,3.7386215460087504,12,0.08,30,0.0,1,0.0,0.0,0.0,0.0,1,0.0,0.0,0.0,0.0,1,0.0,0.0,0.0,0.0,0.0,1
1965,44375.0,0,1,73,5.365976015021851,1.791759469228055,3.367295829986474,2.0794415416798357,2.0794415416798357,3.7376696182833684,0.6931471805599453,1.6094379124341003,0.6931471805599453,6,5,0.0,0.0,0.0,0.0,0.0,0.0,0.0,61,12,1,3,301,12,0.0,3.261296540752153,9,0.08333333333333333,17,0.0,1,0.0,0.0,0.0,0.0,1,0.0,0.0,0.0,0.0,1,0.0,0.0,0.0,0.0,0.0,1
1956,54450.0,1,1,0,6.12029741895095,0.0,5.147494476813453,2.1972245773362196,2.995732273553991,3.4965075614664802,2.5649493574615367,2.302585092994046,1.0986122886681098,8,8,0.0,0.0,0.0,0.0,0.0,0.0,0.0,70,14,2,4,684,31,0.0,3.1382953382088616,17,0.3870967741935484,39,0.0,1,0.0,0.0,0.0,0.0,0,0.0,0.6931471805599453,0.0,0.0,0,0.6931471805599453,0.0,0.0,0.0,0.0,1
1965,59594.0,0,1,74,6.126869184114185,1.6094379124341003,3.4011973816621555,0.0,0.0,2.302585092994046,0.6931471805599453,2.1972245773362196,0.6931471805599453,7,7,0.0,0.6931471805599453,0.0,0.0,0.0,0.0,0.0,61,14,1,3,499,17,0.6931471805599453,3.4128934214253466,15,0.058823529411764705,24,0.0,1,0.0,0.0,0.0,0.0,1,0.0,0.0,0.0,0.0,0,0.6931471805599453,0.0,0.0,0.0,0.0,1
1994,80685.0,0,0,55,5.488937726156687,3.828641396489095,6.405228458030842,3.5553480614894135,3.295836866004329,4.007333185232471,0.6931471805599453,1.9459101490553132,1.6094379124341003,10,2,0.0,0.0,0.0,0.0,0.0,0.0,0.0,32,14,0,2,1004,21,0.0,3.8879254538490855,8,0.047619047619047616,23,0.0,1,0.0,0.0,0.0,0.0,0,0.0,0.6931471805599453,0.0,0.0,1,0.0,0.0,0.0,0.6931471805599453,0.0,0
1974,40344.0,0,1,48,5.351858133476067,0.0,1.9459101490553132,0.0,0.0,1.0986122886681098,1.0986122886681098,1.6094379124341003,0.6931471805599453,5,7,0.0,0.0,0.0,0.0,0.0,0.0,0.0,52,13,1,3,218,12,0.0,2.953172659135195,11,0.16666666666666666,19,0.0,0,0.0,0.6931471805599453,0.0,0.0,1,0.0,0.0,0.0,0.0,1,0.0,0.0,0.0,0.0,0.0,1
1972,62710.0,0,1,53,6.091309882077698,3.58351893845611,4.430816798843313,2.0794415416798357,3.4011973816621555,2.4849066497880004,1.6094379124341003,1.6094379124341003,1.0986122886681098,12,4,0.0,0.0,0.0,0.0,0.0,0.0,0.0,54,13,1,3,606,22,0.0,3.351497713109883,8,0.18181818181818182,26,0.0,1,0.0,0.0,0.0,0.0,1,0.0,0.0,0.0,0.0,1,0.0,0.0,0.0,0.0,0.0,1
1968,48985.0,0,1,13,2.995732273553991,2.6390573296152584,2.9444389791664403,2.3978952727983707,2.0794415416798357,2.1972245773362196,0.6931471805599453,0.6931471805599453,0.6931471805599453,3,3,0.0,0.0,0.0,0.0,0.0,0.0,0.0,58,13,1,3,75,6,0.0,2.6026896854443837,4,0.16666666666666666,9,0.0,0,0.0,0.0,0.0,0.0,1,0.0,0.0,0.0,0.0,1,0.0,0.0,0.0,0.0,0.0,1
1968,35322.0,1,2,34,3.367295829986474,2.302585092994046,3.6375861597263857,2.5649493574615367,2.0794415416798357,2.6390573296152584,1.3862943611198906,1.0986122886681098,0.0,4,8,0.0,0.0,0.0,0.0,0.0,0.0,0.0,58,14,3,5,106,9,0.0,2.5477075510270306,10,0.3333333333333333,17,0.0,1,0.0,0.0,0.0,0.0,0,0.0,0.6931471805599453,0.0,0.0,1,0.0,0.0,0.0,0.6931471805599453,0.0,0
1948,77142.0,0,0,54,6.1675164908883415,4.330733340286331,5.093750200806762,3.4011973816621555,5.0238805208462765,4.584967478670572,0.6931471805599453,1.6094379124341003,1.6094379124341003,8,2,0.0,0.0,0.0,0.0,0.0,0.0,0.0,78,13,0,2,990,17,0.0,4.0815175486623465,6,0.058823529411764705,19,0.0,1,0.0,0.0,0.0,0.0,1,0.0,0.0,0.0,0.0,1,0.0,0.0,0.0,0.0,0.0,1
1969,81657.0,0,0,69,5.8998973535824915,3.713572066704308,6.054439346269371,5.0689042022202315,4.110873864173311,3.9318256327243257,0.6931471805599453,1.3862943611198906,1.6094379124341003,8,1,0.0,0.0,0.0,0.0,0.0,0.0,0.0,57,12,0,1,1097,16,0.0,4.242225629035763,4,0.0625,17,0.0,1,0.0,0.0,0.0,0.0,0,0.6931471805599453,0.0,0.0,0.0,1,0.0,0.0,0.0,0.6931471805599453,0.0,0
1996,14421.0,0,0,81,0.0,0.0,1.0986122886681098,1.3862943611198906,1.3862943611198906,2.1972245773362196,0.6931471805599453,0.6931471805599453,0.0,2,5,0.6931471805599453,0.0,0.0,0.0,0.0,0.0,0.0,30,12,0,2,16,4,0.6931471805599453,1.6094379124341003,6,0.25,9,0.6931471805599453,0,0.0,0.0,0.0,0.0,1,0.0,0.0,0.0,0.0,1,0.0,0.0,0.6931471805599453,0.0,0.0,0
1974,20130.0,0,0,99,0.0,1.9459101490553132,1.3862943611198906,2.0794415416798357,1.9459101490553132,2.5649493574615367,0.6931471805599453,0.6931471805599453,0.0,3,8,0.0,0.0,0.0,0.0,0.0,0.0,0.0,52,12,0,2,34,5,0.0,2.0541237336955462,9,0.2,13,0.0,0,0.0,0.0,0.0,0.0,1,0.0,0.0,0.0,0.0,1,0.0,0.0,0.6931471805599453,0.0,0.0,0
1990,74214.0,0,0,3,6.761572768804055,4.430816798843313,6.306275286948016,4.465908118654584,4.605170185988092,3.5263605246161616,0.6931471805599453,2.1972245773362196,1.0986122886681098,5,5,0.0,0.0,0.0,0.0,0.0,0.0,0.0,36,14,0,2,1711,16,0.0,4.681552355906898,13,0.0625,21,0.0,0,0.0,0.6931471805599453,0.0,0.0,1,0.0,0.0,0.0,0.0,0,0.6931471805599453,0.0,0.0,0.0,0.0,1
1957,66726.0,1,1,61,5.857933154483459,2.0794415416798357,3.58351893845611,0.0,0.0,3.871201010907891,1.3862943611198906,2.1972245773362196,1.0986122886681098,4,7,0.0,0.6931471805599453,0.0,0.0,0.0,0.0,0.0,69,12,2,4,438,17,0.6931471805599453,3.2870840748947345,15,0.17647058823529413,24,0.0,0,0.6931471805599453,0.0,0.0,0.0,1,0.0,0.0,0.0,0.0,0,0.6931471805599453,0.0,0.0,0.0,0.0,1
1979,23724.0,1,0,65,1.791759469228055,3.1780538303479458,2.772588722239781,0.0,2.9444389791664403,2.70805020110221,1.0986122886681098,1.0986122886681098,0.0,3,8,0.0,0.0,0.0,0.0,0.0,0.0,0.0,47,13,1,3,75,7,0.0,2.46080909820894,10,0.2857142857142857,15,0.6931471805599453,0,0.0,0.0,0.0,0.0,0,0.0,0.6931471805599453,0.0,0.0,1,0.0,0.6931471805599453,0.0,0.0,0.0,0
1960,47353.0,0,1,93,5.220355825078324,1.0986122886681098,2.995732273553991,2.1972245773362196,2.1972245773362196,1.6094379124341003,1.3862943611198906,1.0986122886681098,1.0986122886681098,6,5,0.0,0.0,0.0,0.0,0.0,0.0,0.0,66,13,1,3,225,13,0.0,2.907321316209938,7,0.23076923076923078,18,0.0,0,0.6931471805599453,0.0,0.0,0.0,1,0.0,0.0,0.0,0.0,1,0.0,0.0,0.0,0.0,0.0,1
1952,33444.0,1,1,24,2.1972245773362196,0.0,2.1972245773362196,0.0,0.0,1.0986122886681098,0.6931471805599453,0.6931471805599453,0.0,2,8,0.0,0.0,0.0,0.0,0.0,0.0,0.0,74,14,2,4,18,4,0.0,1.7047480922384253,9,0.25,12,0.0,0,0.6931471805599453,0.0,0.0,0.0,1,0.0,0.0,0.0,0.0,1,0.0,0.0,0.0,0.0,0.0,1
1981,54386.0,0,1,8,5.627621113690637,3.091042453358316,4.174387269895637,4.143134726391533,3.091042453358316,3.258096538021482,1.0986122886681098,1.3862943611198906,1.0986122886681098,10,3,0.0,0.0,0.0,0.0,0.0,0.0,0.0,45,13,1,3,470,17,0.0,3.355050779026374,6,0.11764705882352941,20,0.0,1,0.0,0.0,0.0,0.0,1,0.0,0.0,0.0,0.0,1,0.0,0.0,0.0,0.0,0.0,1
1981,28510.0,1,1,72,3.8066624897703196,1.791759469228055,2.995732273553991,0.0,1.6094379124341003,2.995732273553991,1.3862943611198906,1.0986122886681098,0.0,4,5,0.0,0.0,0.0,0.0,0.0,0.0,0.0,45,13,2,3,91,9,0.0,2.407945608651872,7,0.3333333333333333,14,0.0,1,0.0,0.0,0.0,0.6931471805599453,0,0.0,0.0,0.0,0.0,1,0.0,0.0,0.0,0.0,0.0,1
1991,90638.0,0,0,29,7.053585727193677,4.795790545596741,6.82001636467413,4.553876891600541,4.976733742420574,4.574710978503383,0.6931471805599453,1.3862943611198906,1.6094379124341003,10,1,0.0,0.0,0.6931471805599453,0.0,0.0,0.0,0.0,35,12,0,1,2525,18,0.6931471805599453,4.950728007525955,4,0.05555555555555555,19,0.0,0,0.6931471805599453,0.0,0.0,0.0,0,0.6931471805599453,0.0,0.0,0.0,1,0.0,0.0,0.0,0.0,0.0,1
1950,48070.0,0,1,33,5.924255797414532,2.70805020110221,4.430816798843313,1.9459101490553132,2.302585092994046,2.995732273553991,1.3862943611198906,2.1972245773362196,1.0986122886681098,6,7,0.0,0.0,0.0,0.0,0.0,0.6931471805599453,0.0,76,13,1,3,504,19,0.0,3.3151424848984825,15,0.15789473684210525,26,0.0,1,0.0,0.0,0.0,0.0,0,0.0,0.6931471805599453,0.0,0.0,0,0.6931471805599453,0.0,0.0,0.0,0.0,1
1957,43140.0,0,1,68,4.90527477843843,2.1972245773362196,4.343805421853684,1.9459101490553132,0.0,2.4849066497880004,0.6931471805599453,1.6094379124341003,0.6931471805599453,5,6,0.0,0.0,0.0,0.0,0.0,0.0,0.0,69,13,1,3,235,11,0.0,3.1074362631339922,10,0.09090909090909091,17,0.0,1,0.0,0.0,0.0,0.0,1,0.0,0.0,0.0,0.0,1,0.0,0.0,0.0,0.0,0.0,1
1961,54959.0,0,1,55,7.046647277848756,0.0,4.110873864173311,0.0,0.0,3.2188758248682006,1.3862943611198906,2.302585092994046,1.791759469228055,4,7,0.0,0.6931471805599453,0.0,0.0,0.0,0.0,0.6931471805599453,65,13,1,2,1232,21,1.0986122886681098,4.088773517172645,16,0.14285714285714285,28,0.0,0,0.0,0.6931471805599453,0.0,0.6931471805599453,0,0.0,0.0,0.0,0.0,0,0.6931471805599453,0.0,0.0,0.0,0.0,1
1958,15056.0,1,1,76,1.9459101490553132,2.5649493574615367,1.3862943611198906,3.091042453358316,1.9459101490553132,3.713572066704308,1.791759469228055,1.0986122886681098,1.0986122886681098,3,5,0.0,0.0,0.0,0.0,0.0,0.0,0.0,68,13,2,3,88,12,0.0,2.120263536200091,7,0.4166666666666667,17,0.6931471805599453,0,0.0,0.0,0.0,0.0,0,0.6931471805599453,0.0,0.0,0.0,1,0.0,0.0,0.6931471805599453,0.0,0.0,0
1971,26954.0,1,0,17,1.6094379124341003,0.6931471805599453,2.4849066497880004,0.0,0.0,0.6931471805599453,0.6931471805599453,0.6931471805599453,0.0,2,7,0.0,0.0,0.0,0.0,0.0,0.0,0.0,55,12,1,2,17,4,0.0,1.6582280766035324,8,0.25,11,0.0,1,0.0,0.0,0.0,0.0,0,0.6931471805599453,0.0,0.0,0.0,1,0.0,0.0,0.0,0.6931471805599453,0.0,0
1985,22327.0,1,0,94,1.791759469228055,1.6094379124341003,2.1972245773362196,1.0986122886681098,0.0,1.791759469228055,0.6931471805599453,0.6931471805599453,0.0,3,5,0.0,0.0,0.0,0.0,0.0,0.0,0.0,41,13,1,2,24,5,0.0,1.7578579175523736,6,0.2,10,0.0,1,0.0,0.0,0.0,0.0,0,0.6931471805599453,0.0,0.0,0.0,1,0.0,0.0,0.0,0.6931471805599453,0.0,0
1965,44393.0,1,1,86,3.2188758248682006,1.0986122886681098,3.044522437723423,1.0986122886681098,1.0986122886681098,2.3978952727983707,1.0986122886681098,0.6931471805599453,0.0,4,4,0.0,0.0,0.0,0.0,0.0,0.0,0.0,61,13,2,4,60,7,0.0,2.2587824703356527,5,0.2857142857142857,11,0.0,1,0.0,0.0,0.0,0.0,1,0.0,0.0,0.0,0.0,1,0.0,0.0,0.0,0.0,0.0,1
1952,62000.0,0,1,25,6.802394763324311,0.0,4.624972813284271,0.0,0.0,3.044522437723423,0.6931471805599453,1.9459101490553132,1.9459101490553132,13,4,0.0,0.0,0.0,0.6931471805599453,0.0,0.0,0.0,74,13,1,2,1020,26,0.6931471805599453,3.694632106603386,10,0.038461538461538464,30,0.0,0,0.0,0.6931471805599453,0.0,0.0,0,0.6931471805599453,0.0,0.0,0.0,1,0.0,0.0,0.0,0.0,0.0,1
1962,31497.0,0,1,22,4.6913478822291435,0.6931471805599453,3.367295829986474,2.6390573296152584,0.6931471805599453,1.6094379124341003,1.0986122886681098,1.3862943611198906,0.6931471805599453,4,8,0.0,0.0,0.0,0.0,0.0,0.0,0.0,64,14,1,3,155,10,0.0,2.803360380906535,11,0.2,18,0.0,0,0.0,0.6931471805599453,0.0,0.0,0,0.0,0.6931471805599453,0.0,0.0,1,0.0,0.0,0.0,0.0,0.0,1
1974,45894.0,0,2,15,3.332204510175204,1.0986122886681098,2.0794415416798357,0.0,1.0986122886681098,2.6390573296152584,0.6931471805599453,0.6931471805599453,0.0,3,5,0.0,0.0,0.0,0.0,0.0,0.0,0.0,52,12,2,4,51,5,0.0,2.4159137783010487,6,0.2,10,0.0,0,0.0,0.0,0.0,0.0,1,0.0,0.0,0.0,0.0,1,0.0,0.0,0.0,0.0,0.0,1
1970,78579.0,0,0,35,6.705639094860003,4.204692619390966,6.309918278226516,5.37989735354046,4.204692619390966,4.605170185988092,0.6931471805599453,1.791759469228055,1.9459101490553132,4,3,0.0,0.0,0.0,0.0,0.0,0.0,0.6931471805599453,56,14,0,1,1812,16,0.6931471805599453,4.738389029774314,8,0.0625,19,0.0,0,0.6931471805599453,0.0,0.0,0.6931471805599453,0,0.0,0.0,0.0,0.0,0,0.0,0.0,0.0,0.0,0.0,1
1969,67369.0,0,1,81,7.1693500166706,0.0,4.2626798770413155,3.6375861597263857,2.70805020110221,3.7612001156935624,1.6094379124341003,2.0794415416798357,1.6094379124341003,10,4,0.0,0.6931471805599453,0.6931471805599453,0.0,0.0,0.0,0.6931471805599453,57,14,1,2,1461,25,1.3862943611198906,4.084967400409504,11,0.16,29,0.0,0,0.6931471805599453,0.0,0.0,0.0,0,0.0,0.0,0.6931471805599453,0.0,1,0.0,0.0,0.0,0.0,0.0,1
1960,58401.0,0,1,55,2.3978952727983707,0.0,2.4849066497880004,2.8903717578961645,3.4011973816621555,3.4011973816621555,0.6931471805599453,0.6931471805599453,1.0986122886681098,2,4,0.0,0.0,0.0,0.0,0.0,0.0,0.0,66,12,1,2,96,6,0.0,2.833213344056216,5,0.16666666666666666,10,0.0,1,0.0,0.0,0.0,0.6931471805599453,0,0.0,0.0,0.0,0.0,0,0.0,0.0,0.0,0.0,0.6931471805599453,0
1952,62307.0,0,1,94,4.477336814478207,2.6390573296152584,3.5553480614894135,2.3978952727983707,1.9459101490553132,2.3978952727983707,0.6931471805599453,1.6094379124341003,0.0,4,5,0.0,0.0,0.0,0.0,0.0,0.0,0.0,74,12,1,2,160,9,0.0,2.932674137586854,9,0.1111111111111111,14,0.0,1,0.0,0.0,0.0,0.0,0,0.6931471805599453,0.0,0.0,0.0,0,0.6931471805599453,0.0,0.0,0.0,0.0,1
1969,43641.0,1,1,50,4.060443010546419,1.0986122886681098,3.9512437185814275,1.6094379124341003,1.0986122886681098,3.1780538303479458,1.3862943611198906,1.0986122886681098,0.6931471805599453,4,6,0.0,0.0,0.0,0.0,0.0,0.0,0.0,57,13,2,4,139,10,0.0,2.7013612129514133,8,0.3,16,0.0,0,0.6931471805599453,0.0,0.0,0.0,1,0.0,0.0,0.0,0.0,1,0.0,0.0,0.0,0.0,0.0,1
1968,63841.0,0,1,64,6.455198563340122,2.772588722239781,4.61512051684126,3.044522437723423,2.0794415416798357,4.882801922586371,0.6931471805599453,2.302585092994046,1.3862943611198906,9,6,0.0,0.0,0.0,0.0,0.0,0.0,0.0,58,13,1,2,908,22,0.0,3.7441421327889857,15,0.045454545454545456,28,0.0,0,0.6931471805599453,0.0,0.0,0.6931471805599453,0,0.0,0.0,0.0,0.0,0,0.6931471805599453,0.0,0.0,0.0,0.0,1
1965,46891.0,0,1,91,3.784189633918261,2.5649493574615367,3.1780538303479458,3.4011973816621555,2.772588722239781,4.127134385045092,0.6931471805599453,1.0986122886681098,0.6931471805599453,4,4,0.0,0.0,0.0,0.0,0.0,0.0,0.0,61,13,1,3,183,8,0.0,3.172831886366794,6,0.125,12,0.0,0,0.0,0.0,0.0,0.0,1,0.0,0.0,0.0,0.0,1,0.0,0.0,0.6931471805599453,0.0,0.0,0
1969,70091.0,1,0,11,6.872128101338986,3.5553480614894135,4.927253685157205,2.772588722239781,0.0,2.4849066497880004,1.0986122886681098,1.791759469228055,1.0986122886681098,10,8,0.0,0.6931471805599453,0.0,0.0,0.0,0.0,0.0,57,13,1,3,1161,19,0.6931471805599453,4.12883073829327,13,0.10526315789473684,27,0.0,0,0.6931471805599453,0.0,0.0,0.0,1,0.0,0.0,0.0,0.0,1,0.0,0.0,0.0,0.0,0.0,1
1972,78075.0,0,0,72,6.35088571671474,2.1972245773362196,5.560681631015528,3.5553480614894135,3.58351893845611,4.394449154672439,0.6931471805599453,1.3862943611198906,1.791759469228055,5,1,0.0,0.0,0.0,0.0,0.0,0.0,0.0,54,12,0,2,988,14,0.0,4.270695952029551,4,0.07142857142857142,15,0.0,0,0.0,0.6931471805599453,0.0,0.0,1,0.0,0.0,0.0,0.0,0,0.0,0.0,0.0,0.0,0.0,1
1961,59184.0,0,1,6,5.834810737062605,4.962844630259907,4.736198448394496,5.560681631015528,5.0238805208462765,4.204692619390966,1.3862943611198906,1.9459101490553132,1.9459101490553132,12,5,0.0,0.0,0.0,0.0,0.0,0.0,0.0,65,14,1,2,1072,27,0.0,3.7063190883992925,11,0.1111111111111111,32,0.0,0,0.0,0.0,0.0,0.0,0,0.0,0.0,0.6931471805599453,0.0,1,0.0,0.0,0.0,0.0,0.0,1
1977,54809.0,1,1,0,4.1588830833596715,1.9459101490553132,4.060443010546419,2.6390573296152584,2.6390573296152584,3.1354942159291497,1.6094379124341003,1.0986122886681098,0.6931471805599453,5,4,0.0,0.0,0.0,0.0,0.0,0.0,0.0,49,13,2,4,174,12,0.0,2.740840023925201,6,0.3333333333333333,16,0.0,1,0.0,0.0,0.0,0.0,1,0.0,0.0,0.0,0.0,1,0.0,0.0,0.0,0.0,0.0,1
1959,58113.0,0,1,66,5.402677381872279,4.653960350157523,5.135798437050262,4.634728988229636,4.3694478524670215,4.442651256490317,1.3862943611198906,2.302585092994046,1.0986122886681098,8,7,0.0,0.0,0.0,0.0,0.0,0.6931471805599453,0.0,67,13,1,3,758,22,0.0,3.5682514663253215,16,0.13636363636363635,29,0.0,1,0.0,0.0,0.0,0.0,1,0.0,0.0,0.0,0.0,0,0.6931471805599453,0.0,0.0,0.0,0.0,1
1958,51412.0,0,1,42,4.948759890378168,1.3862943611198906,3.4011973816621555,1.6094379124341003,1.791759469228055,2.70805020110221,1.0986122886681098,1.3862943611198906,1.0986122886681098,4,4,0.0,0.0,0.0,0.0,0.0,0.0,0.0,68,13,1,3,195,11,0.0,2.9299808959912106,7,0.18181818181818182,15,0.0,0,0.6931471805599453,0.0,0.0,0.0,1,0.0,0.0,0.0,0.0,1,0.0,0.0,0.0,0.0,0.0,1
1979,15287.0,1,0,60,0.6931471805599453,1.0986122886681098,2.1972245773362196,1.6094379124341003,1.3862943611198906,2.6390573296152584,1.0986122886681098,0.6931471805599453,0.6931471805599453,2,7,0.6931471805599453,0.0,0.0,0.0,0.0,0.0,0.6931471805599453,47,14,1,2,31,6,1.0986122886681098,1.8191584434161694,8,0.3333333333333333,13,0.0,1,0.0,0.0,0.0,0.6931471805599453,0,0.0,0.0,0.0,0.0,1,0.0,0.0,0.6931471805599453,0.0,0.0,0
1957,66636.0,0,0,64,5.676753802268282,2.3978952727983707,6.536691597591305,4.442651256490317,2.3978952727983707,0.0,0.6931471805599453,1.3862943611198906,1.6094379124341003,9,1,0.0,0.0,0.0,0.0,0.0,0.0,0.0,69,13,0,2,1084,17,0.0,4.170760792666464,4,0.058823529411764705,18,0.0,0,0.6931471805599453,0.0,0.0,0.0,0,0.0,0.6931471805599453,0.0,0.0,1,0.0,0.0,0.0,0.6931471805599453,0.0,0
1956,50965.0,0,1,87,6.300785794663244,2.6390573296152584,4.454347296253507,2.1972245773362196,1.9459101490553132,3.4011973816621555,1.3862943611198906,2.3978952727983707,1.6094379124341003,5,8,0.6931471805599453,0.0,0.0,0.0,0.0,0.0,0.0,70,13,1,3,685,22,0.6931471805599453,3.469988212538257,18,0.13636363636363635,30,0.0,0,0.6931471805599453,0.0,0.0,0.0,1,0.0,0.0,0.0,0.0,0,0.6931471805599453,0.0,0.0,0.0,0.0,1
1965,84618.0,0,0,96,6.529418838262226,4.61512051684126,6.687108607866515,3.091042453358316,4.204692619390966,0.0,0.6931471805599453,1.9459101490553132,2.302585092994046,10,2,0.0,0.0,0.6931471805599453,0.0,0.0,0.0,0.0,61,13,0,2,1672,26,0.6931471805599453,4.1791098288498105,8,0.038461538461538464,28,0.0,0,0.0,0.6931471805599453,0.0,0.0,1,0.0,0.0,0.0,0.0,1,0.0,0.0,0.0,0.6931471805599453,0.0,0
1990,18351.0,0,0,1,0.6931471805599453,2.5649493574615367,2.302585092994046,0.0,2.70805020110221,2.0794415416798357,0.6931471805599453,1.0986122886681098,0.0,3,7,0.0,0.0,0.0,0.0,0.0,0.0,0.0,36,13,0,2,43,6,0.0,2.100060828882572,9,0.16666666666666666,13,0.0,1,0.0,0.0,0.0,0.0,1,0.0,0.0,0.0,0.0,1,0.0,0.0,0.0,0.0,0.6931471805599453,0
1957,40451.0,0,2,54,3.58351893845611,0.0,1.6094379124341003,0.0,0.0,2.3978952727983707,0.6931471805599453,0.6931471805599453,0.6931471805599453,2,5,0.6931471805599453,0.0,0.0,0.0,0.0,0.0,0.0,69,12,2,4,49,5,0.6931471805599453,2.379546134130174,6,0.2,10,0.0,0,0.0,0.6931471805599453,0.0,0.0,0,0.0,0.6931471805599453,0.0,0.0,1,0.0,0.0,0.0,0.0,0.0,1
1965,36317.0,0,1,53,4.477336814478207,1.3862943611198906,3.258096538021482,1.3862943611198906,1.0986122886681098,2.6390573296152584,1.0986122886681098,1.3862943611198906,0.0,4,7,0.0,0.0,0.0,0.0,0.0,0.0,0.0,61,13,1,3,133,9,0.0,2.7586024802650413,10,0.2222222222222222,16,0.0,1,0.0,0.0,0.0,0.0,0,0.0,0.6931471805599453,0.0,0.0,1,0.0,0.0,0.0,0.0,0.0,1
1957,42213.0,0,1,96,5.736572297479192,1.3862943611198906,3.2188758248682006,1.6094379124341003,1.3862943611198906,3.044522437723423,1.0986122886681098,1.791759469228055,0.6931471805599453,7,7,0.0,0.6931471805599453,0.0,0.0,0.0,0.0,0.0,69,13,1,3,363,15,0.6931471805599453,3.2268439945173775,12,0.13333333333333333,22,0.0,1,0.0,0.0,0.0,0.0,0,0.0,0.6931471805599453,0.0,0.0,1,0.0,0.0,0.0,0.0,0.0,1
1955,65748.0,0,1,58,5.153291594497779,4.30406509320417,4.543294782270004,4.564348191467836,4.3694478524670215,3.5553480614894135,1.0986122886681098,1.0986122886681098,1.6094379124341003,10,1,0.0,0.0,0.0,0.0,0.0,0.6931471805599453,0.0,71,13,1,3,545,18,0.0,3.4429078702435256,3,0.1111111111111111,19,0.0,1,0.0,0.0,0.0,0.0,0,0.0,0.6931471805599453,0.0,0.0,1,0.0,0.0,0.0,0.0,0.0,1
1972,77044.0,0,1,12,6.439350371100098,3.6635616461296463,5.493061443340548,3.9318256327243257,3.5553480614894135,4.343805421853684,1.0986122886681098,2.0794415416798357,2.4849066497880004,11,4,0.6931471805599453,0.0,0.0,0.0,0.0,0.0,0.0,54,13,1,3,1065,31,0.6931471805599453,3.5654352630228145,11,0.06451612903225806,35,0.0,1,0.0,0.0,0.0,0.0,0,0.0,0.6931471805599453,0.0,0.0,0,0.0,0.0,0.0,0.0,0.0,1
1969,74918.0,0,0,78,6.880384082186005,4.0943445622221,6.81783057145415,3.258096538021482,2.995732273553991,4.0943445622221,0.6931471805599453,1.791759469228055,2.302585092994046,6,3,0.0,0.0,0.6931471805599453,0.0,0.0,0.0,0.0,57,13,0,2,2047,21,0.6931471805599453,4.589814797904896,8,0.047619047619047616,24,0.0,1,0.0,0.0,0.0,0.0,0,0.0,0.6931471805599453,0.0,0.0,0,0.0,0.0,0.0,0.0,0.0,1
1972,56721.0,1,1,64,5.062595033026967,1.9459101490553132,3.6888794541139363,1.9459101490553132,2.6390573296152584,4.330733340286331,1.791759469228055,1.6094379124341003,0.6931471805599453,5,6,0.0,0.0,0.0,0.0,0.0,0.0,0.0,54,14,2,4,296,15,0.0,3.0317427110770243,10,0.3333333333333333,21,0.0,1,0.0,0.0,0.0,0.0,1,0.0,0.0,0.0,0.0,1,0.0,0.0,0.0,0.0,0.0,1
1975,42160.0,1,1,26,3.8918202981106265,2.302585092994046,3.828641396489095,1.3862943611198906,2.772588722239781,3.044522437723423,1.6094379124341003,1.0986122886681098,0.6931471805599453,4,6,0.0,0.0,0.0,0.0,0.0,0.0,0.6931471805599453,51,13,2,3,140,11,0.6931471805599453,2.6193845640165536,8,0.36363636363636365,17,0.0,1,0.0,0.0,0.0,0.0,0,0.6931471805599453,0.0,0.0,0.0,1,0.0,0.0,0.0,0.0,0.0,1
1965,61559.0,0,1,8,5.634789603169249,4.430816798843313,4.48863636973214,3.4965075614664802,2.70805020110221,3.5553480614894135,0.6931471805599453,1.6094379124341003,1.0986122886681098,10,3,0.0,0.0,0.0,0.0,0.0,0.0,0.0,61,13,1,2,530,17,0.0,3.471235458365765,7,0.058823529411764705,20,0.0,1,0.0,0.0,0.0,0.0,0,0.6931471805599453,0.0,0.0,0.0,1,0.0,0.0,0.0,0.0,0.0,1
1963,33629.0,1,1,49,4.890349128221754,0.0,2.833213344056216,0.0,0.0,1.6094379124341003,1.791759469228055,1.3862943611198906,0.6931471805599453,4,9,0.0,0.0,0.0,0.0,0.0,0.0,0.0,63,14,2,4,152,13,0.0,2.540996116439044,12,0.38461538461538464,22,0.0,0,0.0,0.6931471805599453,0.0,0.0,0,0.0,0.6931471805599453,0.0,0.0,1,0.0,0.0,0.0,0.0,0.0,1
1991,68682.0,0,0,56,6.824373670043086,0.0,6.226536669287466,4.605170185988092,3.4339872044851463,3.828641396489095,0.6931471805599453,1.6094379124341003,2.302585092994046,10,2,0.0,0.0,0.0,0.0,0.0,0.0,0.0,35,13,0,2,1598,24,0.0,4.213361404327412,6,0.041666666666666664,26,0.0,0,0.0,0.6931471805599453,0.0,0.0,0,0.0,0.6931471805599453,0.0,0.0,1,0.0,0.0,0.0,0.0,0.0,1
1963,34377.0,0,1,55,4.143134726391533,0.0,3.1354942159291497,1.3862943611198906,0.6931471805599453,3.295836866004329,1.0986122886681098,1.0986122886681098,1.0986122886681098,2,7,0.0,0.0,0.0,0.0,0.0,0.0,0.0,63,13,1,2,114,8,0.0,2.7245795030534206,9,0.25,15,0.0,1,0.0,0.0,0.0,0.0,0,0.6931471805599453,0.0,0.0,0.0,0,0.6931471805599453,0.0,0.0,0.0,0.0,1
1986,8940.0,1,0,25,0.6931471805599453,3.828641396489095,1.3862943611198906,1.6094379124341003,1.9459101490553132,3.7612001156935624,1.3862943611198906,1.3862943611198906,0.6931471805599453,3,8,0.0,0.0,0.0,0.0,0.0,0.0,0.0,40,14,1,2,101,10,0.0,2.4069451083182885,11,0.3,18,0.6931471805599453,0,0.0,0.0,0.0,0.0,0,0.6931471805599453,0.0,0.0,0.0,0,0.6931471805599453,0.6931471805599453,0.0,0.0,0.0,0
1973,26228.0,1,0,50,1.0986122886681098,1.9459101490553132,1.6094379124341003,1.3862943611198906,0.6931471805599453,2.302585092994046,0.6931471805599453,0.6931471805599453,0.0,2,8,0.0,0.0,0.0,0.0,0.0,0.0,0.0,53,13,1,3,25,4,0.0,1.9810014688665833,9,0.25,12,0.0,1,0.0,0.0,0.0,0.0,1,0.0,0.0,0.0,0.0,1,0.0,0.0,0.6931471805599453,0.0,0.0,0
1957,77297.0,0,0,84,6.013715156042802,4.127134385045092,4.700480365792417,3.8918202981106265,4.812184355372417,3.7376696182833684,0.6931471805599453,1.791759469228055,2.0794415416798357,9,4,0.0,0.0,0.0,0.6931471805599453,0.0,0.0,0.0,69,13,0,1,789,22,0.6931471805599453,3.607225600757097,9,0.045454545454545456,26,0.0,0,0.0,0.0,0.0,0.6931471805599453,0,0.0,0.0,0.0,0.0,1,0.0,0.0,0.0,0.0,0.0,1
1981,40211.0,1,1,30,3.9512437185814275,0.6931471805599453,2.0794415416798357,1.0986122886681098,0.6931471805599453,3.258096538021482,1.0986122886681098,1.0986122886681098,0.6931471805599453,2,8,0.6931471805599453,0.0,0.0,0.0,0.0,0.0,0.0,45,13,2,4,87,7,0.6931471805599453,2.597384633214691,10,0.2857142857142857,15,0.0,1,0.0,0.0,0.0,0.0,1,0.0,0.0,0.0,0.0,0,0.6931471805599453,0.0,0.0,0.0,0.0,1
1958,33438.0,1,1,81,4.143134726391533,0.6931471805599453,2.833213344056216,1.3862943611198906,1.0986122886681098,1.9459101490553132,1.6094379124341003,1.0986122886681098,0.6931471805599453,4,5,0.0,0.0,0.0,0.0,0.0,0.0,0.0,68,13,2,3,90,11,0.0,2.217225244042889,7,0.36363636363636365,16,0.0,0,0.0,0.6931471805599453,0.0,0.0,0,0.0,0.0,0.6931471805599453,0.0,1,0.0,0.0,0.0,0.0,0.0,1
1959,75032.0,0,1,74,6.859614903654202,2.5649493574615367,5.198497031265826,3.871201010907891,2.5649493574615367,2.5649493574615367,1.0986122886681098,1.791759469228055,1.6094379124341003,9,3,0.0,0.0,0.0,0.0,0.0,0.0,0.0,67,13,1,3,1215,20,0.0,4.123093975508087,8,0.1,23,0.0,0,0.0,0.6931471805599453,0.0,0.0,1,0.0,0.0,0.0,0.0,1,0.0,0.0,0.0,0.0,0.0,1
1955,61284.0,0,0,76,6.428105272684596,2.772588722239781,4.672828834461906,3.044522437723423,2.0794415416798357,3.828641396489095,0.6931471805599453,2.4849066497880004,1.0986122886681098,8,6,0.0,0.6931471805599453,0.0,0.0,0.0,0.0,0.0,71,13,0,1,811,22,0.6931471805599453,3.633991188808527,17,0.045454545454545456,28,0.0,0,0.0,0.6931471805599453,0.0,0.0,0,0.6931471805599453,0.0,0.0,0.0,0,0.6931471805599453,0.0,0.0,0.0,0.0,1
1986,22518.0,1,0,36,2.4849066497880004,2.0794415416798357,2.5649493574615367,1.0986122886681098,1.0986122886681098,3.332204510175204,1.0986122886681098,1.0986122886681098,0.6931471805599453,2,5,0.6931471805599453,0.0,0.0,0.0,0.0,0.0,0.6931471805599453,40,14,1,3,61,7,1.0986122886681098,2.2735975561207935,7,0.2857142857142857,12,0.0,1,0.0,0.0,0.0,0.0,1,0.0,0.0,0.0,0.0,0,0.6931471805599453,0.0,0.6931471805599453,0.0,0.0,0
1975,54730.0,0,1,64,5.765191102784844,1.3862943611198906,2.8903717578961645,1.6094379124341003,2.0794415416798357,4.04305126783455,1.791759469228055,1.6094379124341003,0.6931471805599453,8,4,0.0,0.0,0.0,0.0,0.0,0.0,0.0,51,13,1,3,405,18,0.0,3.1570004211501135,8,0.2777777777777778,22,0.0,0,0.6931471805599453,0.0,0.0,0.0,1,0.0,0.0,0.0,0.0,1,0.0,0.0,0.0,0.0,0.0,1
1955,38452.0,1,1,62,4.04305126783455,0.0,2.70805020110221,0.0,0.0,1.0986122886681098,1.3862943611198906,1.3862943611198906,0.0,3,7,0.0,0.0,0.0,0.0,0.0,0.0,0.0,71,12,2,4,72,9,0.0,2.1972245773362196,10,0.3333333333333333,16,0.0,0,0.6931471805599453,0.0,0.0,0.0,1,0.0,0.0,0.0,0.0,0,0.6931471805599453,0.0,0.0,0.0,0.0,1
1971,44421.0,1,1,53,4.709530201312334,1.791759469228055,4.0943445622221,2.0794415416798357,0.6931471805599453,2.0794415416798357,1.791759469228055,1.791759469228055,0.0,4,8,0.0,0.0,0.0,0.0,0.0,0.0,0.0,55,13,2,3,189,14,0.0,2.6741486494265287,13,0.35714285714285715,22,0.0,1,0.0,0.0,0.0,0.6931471805599453,0,0.0,0.0,0.0,0.0,0,0.6931471805599453,0.0,0.0,0.0,0.0,1
1986,38197.0,1,0,86,3.1780538303479458,0.0,2.4849066497880004,1.0986122886681098,0.6931471805599453,1.3862943611198906,0.6931471805599453,0.6931471805599453,0.0,3,5,0.0,0.0,0.0,0.0,0.0,0.0,0.0,40,13,1,3,40,5,0.0,2.1972245773362196,6,0.2,10,0.0,0,0.0,0.6931471805599453,0.0,0.0,0,0.0,0.6931471805599453,0.0,0.0,1,0.0,0.0,0.0,0.0,0.0,1
1978,41986.0,0,1,15,3.332204510175204,1.791759469228055,2.1972245773362196,2.1972245773362196,1.3862943611198906,2.5649493574615367,1.3862943611198906,1.3862943611198906,0.0,4,4,0.0,0.0,0.0,0.0,0.0,0.0,0.0,48,12,1,2,63,10,0.0,1.9878743481543455,7,0.3,14,0.0,1,0.0,0.0,0.0,0.6931471805599453,0,0.0,0.0,0.0,0.0,1,0.0,0.0,0.0,0.0,0.0,1
1983,28427.0,1,0,67,2.9444389791664403,1.3862943611198906,2.995732273553991,1.3862943611198906,1.3862943611198906,1.9459101490553132,1.0986122886681098,1.0986122886681098,0.0,3,8,0.0,0.0,0.0,0.0,0.0,0.0,0.0,43,13,1,3,52,7,0.0,2.1316272948504063,10,0.2857142857142857,15,0.0,1,0.0,0.0,0.0,0.0,0,0.0,0.6931471805599453,0.0,0.0,1,0.0,0.0,0.0,0.6931471805599453,0.0,0
1976,37395.0,1,0,47,2.9444389791664403,0.0,2.302585092994046,0.0,0.6931471805599453,2.4849066497880004,0.6931471805599453,0.6931471805599453,0.0,3,6,0.0,0.0,0.0,0.0,0.0,0.0,0.0,50,12,1,3,39,5,0.0,2.174751721484161,7,0.2,11,0.0,0,0.0,0.6931471805599453,0.0,0.0,0,0.0,0.6931471805599453,0.0,0.0,1,0.0,0.0,0.0,0.0,0.0,1
1971,64722.0,1,0,47,5.717027701406222,0.0,5.638354669333745,4.110873864173311,4.997212273764115,2.772588722239781,1.6094379124341003,2.1972245773362196,1.0986122886681098,11,6,0.0,0.0,0.0,0.0,0.0,0.0,0.0,55,12,1,3,805,25,0.0,3.502549875922443,14,0.16,31,0.0,1,0.0,0.0,0.0,0.0,1,0.0,0.0,0.0,0.0,1,0.0,0.0,0.0,0.0,0.0,1
1956,55249.0,0,1,81,4.584967478670572,0.6931471805599453,2.995732273553991,1.0986122886681098,0.0,2.4849066497880004,0.6931471805599453,1.0986122886681098,0.6931471805599453,4,3,0.0,0.0,0.0,0.0,0.0,0.0,0.0,70,12,1,3,130,8,0.0,2.847812143477369,5,0.125,11,0.0,0,0.6931471805599453,0.0,0.0,0.0,0,0.0,0.6931471805599453,0.0,0.0,1,0.0,0.0,0.0,0.0,0.0,1
1972,84906.0,0,0,98,6.905753276311464,2.772588722239781,6.028278520230698,4.605170185988092,3.4339872044851463,4.343805421853684,0.6931471805599453,1.791759469228055,1.9459101490553132,12,2,0.0,0.6931471805599453,0.6931471805599453,0.0,0.6931471805599453,0.0,0.0,54,13,0,2,1631,24,1.3862943611198906,4.233502457463217,7,0.041666666666666664,26,0.0,1,0.0,0.0,0.0,0.0,0,0.0,0.6931471805599453,0.0,0.0,1,0.0,0.0,0.0,0.0,0.0,1
1989,28691.0,1,0,56,1.791759469228055,1.6094379124341003,2.6390573296152584,2.1972245773362196,0.0,1.6094379124341003,0.6931471805599453,0.6931471805599453,0.0,3,8,0.0,0.0,0.0,0.0,0.0,0.0,0.0,37,13,1,3,34,5,0.0,2.0541237336955462,9,0.2,13,0.0,1,0.0,0.0,0.0,0.0,1,0.0,0.0,0.0,0.0,1,0.0,0.0,0.0,0.6931471805599453,0.0,0
1952,44213.0,1,1,48,4.564348191467836,2.4849066497880004,3.58351893845611,0.0,1.6094379124341003,2.0794415416798357,1.6094379124341003,1.0986122886681098,0.6931471805599453,5,6,0.0,0.0,0.0,0.0,0.0,0.0,0.0,74,13,2,3,152,12,0.0,2.614959778036198,8,0.3333333333333333,18,0.0,1,0.0,0.0,0.0,0.0,0,0.6931471805599453,0.0,0.0,0.0,1,0.0,0.0,0.0,0.0,0.0,1
1984,25707.0,1,0,18,0.6931471805599453,1.9459101490553132,1.0986122886681098,1.3862943611198906,1.9459101490553132,1.3862943611198906,0.6931471805599453,0.6931471805599453,0.0,3,7,0.0,0.0,0.0,0.0,0.0,0.0,0.0,42,12,1,2,21,5,0.0,1.6486586255873816,8,0.2,12,0.6931471805599453,0,0.0,0.0,0.0,0.0,0,0.6931471805599453,0.0,0.0,0.0,1,0.0,0.6931471805599453,0.0,0.0,0.0,0
1967,59062.0,2,1,74,3.8501476017100584,0.6931471805599453,2.5649493574615367,1.3862943611198906,0.0,2.302585092994046,1.0986122886681098,1.0986122886681098,0.0,3,4,0.0,0.0,0.0,0.0,0.0,0.0,0.0,59,13,3,5,71,7,0.0,2.4107986776342782,6,0.2857142857142857,11,0.0,0,0.0,0.6931471805599453,0.0,0.0,1,0.0,0.0,0.0,0.0,1,0.0,0.0,0.0,0.0,0.0,1
1962,76624.0,0,1,68,6.021023349349527,4.672828834461906,4.997212273764115,4.007333185232471,4.7535901911063645,4.204692619390966,0.6931471805599453,1.791759469228055,2.3978952727983707,7,1,0.6931471805599453,0.0,0.0,0.0,0.0,0.0,0.0,64,12,1,2,899,23,0.6931471805599453,3.6910510076274443,6,0.043478260869565216,24,0.0,1,0.0,0.0,0.0,0.0,0,0.6931471805599453,0.0,0.0,0.0,0,0.0,0.0,0.0,0.0,0.0,1
1947,66000.0,0,0,36,5.501258210544727,3.9512437185814275,5.602118820879701,4.624972813284271,0.0,3.828641396489095,0.6931471805599453,0.6931471805599453,1.3862943611198906,5,1,0.0,0.0,0.0,0.0,0.0,0.0,0.0,79,12,0,2,711,10,0.0,4.278054044290903,2,0.1,11,0.0,0,0.6931471805599453,0.0,0.0,0.0,0,0.0,0.6931471805599453,0.0,0.0,1,0.0,0.0,0.0,0.6931471805599453,0.0,0
1978,27683.0,1,0,90,5.030437921392435,2.302585092994046,4.804021044733257,2.5649493574615367,2.5649493574615367,3.828641396489095,1.6094379124341003,1.9459101490553132,1.0986122886681098,4,8,0.0,0.0,0.0,0.0,0.0,0.0,0.0,48,14,1,3,351,16,0.0,3.132773125814789,14,0.25,24,0.0,0,0.0,0.6931471805599453,0.0,0.0,0,0.0,0.6931471805599453,0.0,0.0,0,0.6931471805599453,0.0,0.0,0.0,0.0,1
1971,1730.0,0,0,65,0.6931471805599453,0.6931471805599453,1.3862943611198906,0.6931471805599453,0.6931471805599453,0.6931471805599453,2.772588722239781,0.0,0.0,0,20,0.0,0.0,0.0,0.0,0.0,0.0,0.0,55,12,0,1,8,15,0.0,0.4274440148269396,20,1.0,35,0.0,1,0.0,0.0,0.0,0.6931471805599453,0,0.0,0.0,0.0,0.0,0,0.6931471805599453,0.0,0.0,0.6931471805599453,0.0,0
1992,7500.0,1,0,63,2.3978952727983707,2.8903717578961645,2.9444389791664403,2.1972245773362196,3.295836866004329,3.713572066704308,1.6094379124341003,1.3862943611198906,1.0986122886681098,2,9,0.0,0.0,0.0,0.0,0.0,0.0,0.0,34,14,1,2,119,11,0.0,2.469639177657212,12,0.36363636363636365,20,0.6931471805599453,0,0.0,0.0,0.0,0.0,0,0.6931471805599453,0.0,0.0,0.0,0,0.6931471805599453,0.0,0.6931471805599453,0.0,0.0,0
1968,40521.0,1,1,82,2.5649493574615367,0.0,1.791759469228055,0.0,0.0,1.6094379124341003,0.6931471805599453,0.0,0.6931471805599453,2,5,0.0,0.0,0.0,0.0,0.0,0.0,0.0,58,13,2,4,21,4,0.0,1.8325814637483102,5,0.25,9,0.0,1,0.0,0.0,0.0,0.0,0,0.0,0.6931471805599453,0.0,0.0,1,0.0,0.0,0.0,0.0,0.0,1
1973,20427.0,1,0,63,1.791759469228055,0.0,1.6094379124341003,0.0,0.0,0.6931471805599453,0.6931471805599453,0.6931471805599453,0.0,2,8,0.0,0.0,0.0,0.0,0.0,0.0,0.0,53,12,1,3,10,4,0.0,1.252762968495368,9,0.25,12,0.0,0,0.0,0.6931471805599453,0.0,0.0,0,0.0,0.6931471805599453,0.0,0.0,1,0.0,0.0,0.0,0.0,0.0,1
1975,65106.0,0,1,55,6.673297967767654,2.995732273553991,4.897839799950911,2.5649493574615367,0.0,2.995732273553991,1.3862943611198906,2.1972245773362196,1.3862943611198906,13,6,0.0,0.6931471805599453,0.0,0.0,0.0,0.0,0.0,51,12,1,3,973,27,0.6931471805599453,3.611918412977808,14,0.1111111111111111,33,0.0,1,0.0,0.0,0.0,0.0,1,0.0,0.0,0.0,0.0,1,0.0,0.0,0.0,0.0,0.0,1
1965,69969.0,0,0,64,6.78332520060396,3.4011973816621555,6.244166900663736,3.6635616461296463,3.4011973816621555,3.8066624897703196,0.6931471805599453,1.6094379124341003,1.0986122886681098,6,3,0.0,0.0,0.6931471805599453,0.6931471805599453,0.0,0.0,0.6931471805599453,61,13,0,2,1536,13,1.3862943611198906,4.780415482955332,7,0.07692307692307693,16,0.0,0,0.0,0.6931471805599453,0.0,0.0,1,0.0,0.0,0.0,0.0,1,0.0,0.0,0.0,0.0,0.0,1
1952,67433.0,0,2,51,6.423246963533519,3.367295829986474,5.560681631015528,2.5649493574615367,3.8918202981106265,3.4339872044851463,1.6094379124341003,1.9459101490553132,1.791759469228055,13,4,0.0,0.6931471805599453,0.0,0.0,0.0,0.0,0.0,74,13,2,4,992,28,0.6931471805599453,3.5953533961031128,10,0.14285714285714285,32,0.0,1,0.0,0.0,0.0,0.0,1,0.0,0.0,0.0,0.0,1,0.0,0.0,0.0,0.0,0.0,1
1967,77766.0,0,1,97,6.912742820493176,4.0943445622221,5.583496308781699,4.7535901911063645,4.0943445622221,3.332204510175204,1.0986122886681098,2.4849066497880004,2.3978952727983707,11,6,0.6931471805599453,0.0,0.0,0.0,0.0,0.0,0.6931471805599453,59,13,1,3,1529,34,1.0986122886681098,3.8280018058053153,17,0.058823529411764705,40,0.0,0,0.0,0.6931471805599453,0.0,0.0,1,0.0,0.0,0.0,0.0,0,0.6931471805599453,0.0,0.0,0.0,0.0,1
1972,74716.0,0,1,92,4.897839799950911,3.332204510175204,6.045005314036012,2.6390573296152584,5.278114659230517,4.276666119016055,1.0986122886681098,2.0794415416798357,1.3862943611198906,5,4,0.0,0.0,0.0,0.0,0.0,0.0,0.0,54,13,1,3,860,17,0.0,3.943293648315967,11,0.11764705882352941,21,0.0,1,0.0,0.0,0.0,0.0,1,0.0,0.0,0.0,0.0,0,0.6931471805599453,0.0,0.0,0.6931471805599453,0.0,0
1963,68118.0,0,1,51,6.39024066706535,3.1780538303479458,4.820281565605037,2.3978952727983707,3.1780538303479458,5.043425116919247,1.0986122886681098,2.1972245773362196,2.302585092994046,4,6,0.0,0.0,0.0,0.0,0.0,0.0,0.0,63,13,1,2,928,23,0.0,3.7220198466162406,14,0.08695652173913043,29,0.0,1,0.0,0.0,0.0,0.6931471805599453,0,0.0,0.0,0.0,0.0,0,0.0,0.0,0.0,0.0,0.0,1
1970,55158.0,1,1,72,5.683579767338681,0.0,4.477336814478207,1.6094379124341003,2.4849066497880004,3.1780538303479458,1.6094379124341003,2.0794415416798357,1.0986122886681098,5,7,0.0,0.0,0.0,0.0,0.0,0.0,0.6931471805599453,56,14,2,4,418,18,0.6931471805599453,3.1872704854528697,14,0.2222222222222222,25,0.0,0,0.0,0.6931471805599453,0.0,0.0,1,0.0,0.0,0.0,0.0,0,0.6931471805599453,0.0,0.0,0.0,0.0,1
1955,62972.0,0,1,39,5.749392985908253,2.772588722239781,3.871201010907891,3.044522437723423,0.0,5.262690188904886,1.0986122886681098,2.0794415416798357,1.6094379124341003,3,6,0.0,0.0,0.0,0.0,0.0,0.0,0.6931471805599453,71,14,1,3,587,16,0.6931471805599453,3.629328474487404,13,0.125,22,0.0,0,0.0,0.0,0.0,0.0,1,0.0,0.0,0.0,0.0,0,0.6931471805599453,0.0,0.0,0.0,0.0,1
1975,74190.0,0,1,49,5.0238805208462765,4.406719247264253,4.465908118654584,5.1298987149230735,4.5217885770490405,4.174387269895637,1.0986122886681098,1.6094379124341003,1.0986122886681098,11,2,0.0,0.0,0.0,0.0,0.0,0.0,0.0,51,12,1,3,641,19,0.0,3.547800855854031,6,0.10526315789473684,21,0.0,1,0.0,0.0,0.0,0.0,1,0.0,0.0,0.0,0.0,1,0.0,0.0,0.0,0.0,0.0,0
1976,39356.0,1,1,21,2.772588722239781,0.0,1.0986122886681098,0.0,0.0,1.9459101490553132,0.6931471805599453,0.6931471805599453,0.0,2,6,0.6931471805599453,0.0,0.0,0.0,0.0,0.0,0.0,50,12,2,4,23,4,0.6931471805599453,1.9095425048844386,7,0.25,10,0.0,1,0.0,0.0,0.0,0.0,1,0.0,0.0,0.0,0.0,1,0.0,0.0,0.0,0.0,0.0,1
1969,76653.0,0,0,91,6.602587892189336,4.1588830833596715,6.853299093186078,5.393627546352362,5.247024072160486,4.844187086458591,0.6931471805599453,1.6094379124341003,2.0794415416798357,11,2,0.0,0.0,0.6931471805599453,0.6931471805599453,0.0,0.0,0.0,57,13,0,2,2279,23,1.0986122886681098,4.6060393733526785,6,0.043478260869565216,25,0.0,1,0.0,0.0,0.0,0.0,0,0.0,0.6931471805599453,0.0,0.0,1,0.0,0.0,0.0,0.6931471805599453,0.0,0
1973,35860.0,1,1,37,2.772588722239781,0.0,2.1972245773362196,1.6094379124341003,1.0986122886681098,3.044522437723423,1.0986122886681098,0.6931471805599453,0.6931471805599453,2,5,0.6931471805599453,0.0,0.0,0.0,0.0,0.0,0.0,53,12,2,3,49,6,0.6931471805599453,2.2155737160044158,6,0.3333333333333333,11,0.0,0,0.0,0.6931471805599453,0.0,0.6931471805599453,0,0.0,0.0,0.0,0.0,1,0.0,0.0,0.6931471805599453,0.0,0.0,0
1983,90687.0,0,0,98,6.890609120147166,2.8903717578961645,6.511745329644728,3.1780538303479458,3.5553480614894135,3.9512437185814275,0.6931471805599453,1.9459101490553132,1.0986122886681098,8,2,0.0,0.0,0.6931471805599453,0.0,0.0,0.0,0.6931471805599453,43,13,0,1,1779,17,1.0986122886681098,4.660103904805929,8,0.058823529411764705,19,0.0,0,0.0,0.6931471805599453,0.0,0.6931471805599453,0,0.0,0.0,0.0,0.0,1,0.0,0.0,0.0,0.0,0.0,1
1982,73450.0,0,0,85,7.04141166379481,3.9512437185814275,6.030685260261263,4.51085950651685,4.248495242049359,3.6375861597263857,0.6931471805599453,2.0794415416798357,2.1972245773362196,11,3,0.6931471805599453,0.0,0.0,0.6931471805599453,0.0,0.0,0.0,44,13,0,2,1804,27,1.0986122886681098,4.216780678670181,10,0.037037037037037035,30,0.0,0,0.6931471805599453,0.0,0.0,0.0,0,0.0,0.6931471805599453,0.0,0.0,1,0.0,0.0,0.0,0.0,0.0,1
1960,31454.0,1,1,40,3.367295829986474,0.0,2.4849066497880004,0.0,0.0,2.302585092994046,1.3862943611198906,1.0986122886681098,0.0,3,8,0.0,0.0,0.0,0.0,0.0,0.0,0.0,66,13,2,4,48,8,0.0,1.9459101490553132,10,0.375,16,0.0,1,0.0,0.0,0.0,0.0,1,0.0,0.0,0.0,0.0,1,0.0,0.0,0.0,0.0,0.0,1
1952,47139.0,1,1,2,3.8501476017100584,0.0,2.5649493574615367,0.0,1.0986122886681098,3.1780538303479458,1.0986122886681098,1.0986122886681098,0.6931471805599453,2,7,0.0,0.0,0.0,0.0,0.0,0.0,0.6931471805599453,74,12,2,3,83,7,0.6931471805599453,2.553899521274952,9,0.2857142857142857,14,0.0,1,0.0,0.0,0.0,0.0,0,0.6931471805599453,0.0,0.0,0.0,0,0.6931471805599453,0.0,0.0,0.0,0.0,1
1975,83829.0,0,0,78,6.8001700683022,5.087596335232384,6.066108090103747,5.231108616854587,5.087596335232384,3.332204510175204,0.0,1.6094379124341003,2.0794415416798357,6,1,0.6931471805599453,0.0,0.6931471805599453,0.6931471805599453,0.0,0.0,0.6931471805599453,51,13,0,1,1862,17,1.6094379124341003,4.70528165535725,5,0.0,18,0.0,1,0.0,0.0,0.0,0.6931471805599453,0,0.0,0.0,0.0,0.0,0,0.0,0.0,0.0,0.0,0.0,1
1963,53378.0,1,1,41,6.194405391104672,1.9459101490553132,5.030437921392435,2.1972245773362196,1.9459101490553132,4.890349128221754,2.3978952727983707,2.302585092994046,1.6094379124341003,6,8,0.0,0.0,0.0,0.0,0.0,0.0,0.6931471805599453,63,14,2,4,793,29,0.6931471805599453,3.344444565069706,17,0.3448275862068966,37,0.0,0,0.0,0.6931471805599453,0.0,0.0,1,0.0,0.0,0.0,0.0,0,0.6931471805599453,0.0,0.0,0.0,0.0,1
1970,19656.0,1,0,94,3.258096538021482,1.6094379124341003,2.302585092994046,1.9459101490553132,2.1972245773362196,3.4965075614664802,1.3862943611198906,1.0986122886681098,0.6931471805599453,3,7,0.0,0.0,0.0,0.0,0.0,0.0,0.0,56,13,1,3,84,9,0.0,2.3353749158170367,9,0.3333333333333333,16,0.0,1,0.0,0.0,0.0,0.0,0,0.0,0.6931471805599453,0.0,0.0,1,0.0,0.0,0.6931471805599453,0.0,0.0,0
1948,45579.0,0,1,10,4.983606621708336,0.6931471805599453,3.5263605246161616,1.0986122886681098,0.6931471805599453,0.6931471805599453,0.6931471805599453,1.6094379124341003,0.6931471805599453,4,6,0.0,0.0,0.0,0.0,0.0,0.0,0.0,78,13,1,3,183,10,0.0,2.9601050959108397,10,0.1,16,0.0,0,0.0,0.6931471805599453,0.0,0.0,1,0.0,0.0,0.0,0.0,0,0.6931471805599453,0.0,0.0,0.0,0.0,1
1958,85485.0,0,0,73,6.447305862541213,3.295836866004329,6.416732282512326,3.8066624897703196,2.9444389791664403,4.007333185232471,0.6931471805599453,1.9459101490553132,1.9459101490553132,6,2,0.0,0.0,0.0,0.0,0.0,0.0,0.0,68,12,0,1,1383,19,0.0,4.301216088428095,8,0.05263157894736842,21,0.0,0,0.0,0.0,0.0,0.0,0,0.6931471805599453,0.0,0.0,0.0,0,0.6931471805599453,0.0,0.0,0.0,0.0,1
1944,55956.0,0,0,22,6.634633357861686,3.6635616461296463,4.653960350157523,3.9318256327243257,2.302585092994046,3.6635616461296463,1.0986122886681098,2.0794415416798357,1.3862943611198906,4,4,0.0,0.6931471805599453,0.0,0.0,0.0,0.0,0.0,82,12,0,2,999,16,0.6931471805599453,4.150055169236106,11,0.125,20,0.0,1,0.0,0.0,0.0,0.0,1,0.0,0.0,0.0,0.0,0,0.6931471805599453,0.0,0.0,0.0,0.0,1
1963,64191.0,0,1,30,6.042632833682381,2.772588722239781,5.231108616854587,5.0238805208462765,3.6635616461296463,2.772588722239781,1.3862943611198906,1.791759469228055,1.3862943611198906,13,3,0.0,0.0,0.0,0.0,0.0,0.0,0.0,63,13,1,2,825,24,0.0,3.5660053559634015,8,0.125,27,0.0,0,0.6931471805599453,0.0,0.0,0.0,0,0.6931471805599453,0.0,0.0,0.0,1,0.0,0.0,0.0,0.0,0.0,1
1972,38808.0,1,0,21,4.836281906951478,2.8903717578961645,3.970291913552122,1.3862943611198906,2.995732273553991,3.4339872044851463,1.6094379124341003,1.791759469228055,0.6931471805599453,4,8,0.6931471805599453,0.0,0.0,0.0,0.0,0.0,0.6931471805599453,54,14,1,2,246,14,1.0986122886681098,2.921624301400269,13,0.2857142857142857,22,0.0,1,0.0,0.0,0.0,0.0,0,0.6931471805599453,0.0,0.0,0.0,0,0.6931471805599453,0.0,0.0,0.0,0.0,1
1966,57183.0,1,1,51,6.142037405587356,1.791759469228055,4.174387269895637,2.0794415416798357,0.0,4.2626798770413155,2.1972245773362196,2.302585092994046,0.6931471805599453,7,8,0.0,0.0,0.0,0.0,0.0,0.0,0.0,60,13,2,4,610,25,0.0,3.2347491740244907,17,0.32,33,0.0,0,0.6931471805599453,0.0,0.0,0.0,1,0.0,0.0,0.0,0.0,0,0.6931471805599453,0.0,0.0,0.0,0.0,1
1968,23748.0,1,0,97,1.9459101490553132,1.9459101490553132,3.4011973816621555,2.5649493574615367,2.772588722239781,2.1972245773362196,1.3862943611198906,1.0986122886681098,0.6931471805599453,3,8,0.0,0.0,0.0,0.0,0.0,0.0,0.0,58,14,1,2,76,9,0.0,2.245426679154097,10,0.3333333333333333,17,0.0,0,0.6931471805599453,0.0,0.0,0.6931471805599453,0,0.0,0.0,0.0,0.0,1,0.0,0.0,0.0,0.6931471805599453,0.0,0
1971,66303.0,0,1,56,6.994849985833071,2.5649493574615367,4.574710978503383,2.833213344056216,2.5649493574615367,4.110873864173311,1.6094379124341003,1.3862943611198906,1.6094379124341003,11,8,0.0,0.6931471805599453,0.0,0.0,0.0,0.0,0.0,55,13,1,3,1286,22,0.6931471805599453,4.085212078658828,11,0.18181818181818182,30,0.0,1,0.0,0.0,0.0,0.0,1,0.0,0.0,0.0,0.0,1,0.0,0.0,0.0,0.0,0.0,1
1975,37368.0,1,0,4,1.3862943611198906,1.0986122886681098,2.4849066497880004,1.0986122886681098,1.0986122886681098,2.3978952727983707,0.6931471805599453,0.6931471805599453,0.0,2,6,0.6931471805599453,0.0,0.0,0.0,0.0,0.0,0.0,51,13,1,3,30,4,0.6931471805599453,2.1400661634962708,7,0.25,10,0.0,0,0.6931471805599453,0.0,0.0,0.0,1,0.0,0.0,0.0,0.0,1,0.0,0.0,0.0,0.6931471805599453,0.0,0
1964,40800.0,1,2,77,3.2188758248682006,0.0,3.332204510175204,2.1972245773362196,3.4339872044851463,2.3978952727983707,1.0986122886681098,1.3862943611198906,0.0,3,7,0.0,0.0,0.0,0.0,0.0,0.6931471805599453,0.0,62,13,3,5,99,8,0.0,2.59338729278207,10,0.25,15,0.0,1,0.0,0.0,0.0,0.0,1,0.0,0.0,0.0,0.0,0,0.6931471805599453,0.0,0.0,0.0,0.6931471805599453,0
1978,71847.0,0,0,95,6.6039438246004725,3.091042453358316,4.672828834461906,4.02535169073515,4.1588830833596715,5.351858133476067,0.0,1.9459101490553132,2.0794415416798357,9,3,0.0,0.0,0.0,0.6931471805599453,0.0,0.0,0.0,48,14,0,1,1192,22,0.6931471805599453,4.010633518261128,9,0.0,25,0.0,1,0.0,0.0,0.0,0.6931471805599453,0,0.0,0.0,0.0,0.0,1,0.0,0.0,0.0,0.0,0.0,1
1975,46149.0,0,1,36,5.541263545158426,1.9459101490553132,4.276666119016055,1.6094379124341003,0.0,3.332204510175204,1.791759469228055,1.791759469228055,0.6931471805599453,7,5,0.0,0.0,0.0,0.0,0.0,0.0,0.0,51,13,1,3,362,18,0.0,3.0497994948242666,10,0.2777777777777778,23,0.0,1,0.0,0.0,0.0,0.0,1,0.0,0.0,0.0,0.0,1,0.0,0.0,0.0,0.0,0.0,1
1983,78687.0,0,0,13,6.706862336602747,5.225746673713202,6.5337888379333435,4.983606621708336,4.02535169073515,5.488937726156687,0.6931471805599453,1.6094379124341003,1.9459101490553132,8,2,0.0,0.0,0.6931471805599453,0.0,0.0,0.0,0.6931471805599453,43,14,0,2,2130,19,1.0986122886681098,4.72831891747607,6,0.05263157894736842,21,0.0,1,0.0,0.0,0.0,0.0,0,0.0,0.6931471805599453,0.0,0.0,1,0.0,0.0,0.0,0.0,0.0,1
1971,49118.0,0,0,90,6.431331081933479,4.007333185232471,5.480638923341991,4.605170185988092,4.59511985013459,4.787491742782046,1.0986122886681098,2.302585092994046,2.0794415416798357,10,7,0.0,0.6931471805599453,0.0,0.0,0.6931471805599453,0.0,0.6931471805599453,55,14,0,1,1229,28,1.3862943611198906,3.8042786984150436,16,0.07142857142857142,35,0.0,0,0.0,0.0,0.0,0.6931471805599453,0,0.0,0.0,0.0,0.0,1,0.0,0.0,0.0,0.0,0.0,1
1957,37633.0,1,1,49,2.6390573296152584,1.6094379124341003,3.044522437723423,0.0,0.0,0.6931471805599453,1.0986122886681098,0.6931471805599453,0.0,3,9,0.0,0.0,0.0,0.0,0.0,0.0,0.0,69,14,2,4,38,6,0.0,1.992430164690206,10,0.3333333333333333,15,0.0,0,0.0,0.6931471805599453,0.0,0.0,1,0.0,0.0,0.0,0.0,1,0.0,0.0,0.0,0.6931471805599453,0.0,0
1951,39767.0,0,0,18,4.736198448394496,4.127134385045092,5.3230099791384085,3.5553480614894135,3.295836866004329,3.871201010907891,1.0986122886681098,2.0794415416798357,0.6931471805599453,7,8,0.0,0.0,0.0,0.0,0.0,0.0,0.0,75,13,0,2,485,17,0.0,3.385386775635513,15,0.11764705882352941,25,0.0,0,0.6931471805599453,0.0,0.0,0.0,0,0.0,0.6931471805599453,0.0,0.0,0,0.6931471805599453,0.0,0.0,0.6931471805599453,0.0,0
1951,26997.0,0,0,89,2.0794415416798357,3.1780538303479458,4.3694478524670215,4.897839799950911,3.912023005428146,4.976733742420574,1.0986122886681098,1.6094379124341003,1.0986122886681098,5,7,0.0,0.0,0.0,0.0,0.0,0.0,0.0,75,14,0,2,434,13,0.0,3.537609237152032,11,0.15384615384615385,20,0.6931471805599453,0,0.0,0.0,0.0,0.0,1,0.0,0.0,0.0,0.0,1,0.0,0.0,0.6931471805599453,0.0,0.0,0
1970,33986.0,1,0,43,2.833213344056216,1.0986122886681098,2.9444389791664403,1.0986122886681098,0.6931471805599453,1.791759469228055,0.6931471805599453,0.6931471805599453,0.0,3,7,0.0,0.0,0.0,0.0,0.0,0.0,0.0,56,13,1,2,44,5,0.0,2.2823823856765264,8,0.2,12,0.0,1,0.0,0.0,0.0,0.6931471805599453,0,0.0,0.0,0.0,0.0,1,0.0,0.0,0.0,0.6931471805599453,0.0,0
1972,57091.0,0,1,82,6.137727054086234,0.0,3.2188758248682006,1.9459101490553132,0.0,1.6094379124341003,1.0986122886681098,2.302585092994046,1.0986122886681098,5,7,0.0,0.6931471805599453,0.0,0.0,0.0,0.0,0.6931471805599453,54,14,1,3,496,18,1.0986122886681098,3.3518515075590005,16,0.1111111111111111,25,0.0,0,0.0,0.6931471805599453,0.0,0.0,1,0.0,0.0,0.0,0.0,0,0.6931471805599453,0.0,0.0,0.0,0.0,1
1969,46831.0,1,1,84,3.1354942159291497,1.0986122886681098,2.3978952727983707,1.9459101490553132,1.6094379124341003,3.5553480614894135,1.0986122886681098,0.6931471805599453,1.0986122886681098,2,4,0.0,0.0,0.0,0.0,0.0,0.0,0.0,57,13,2,4,78,7,0.0,2.496741107435003,5,0.2857142857142857,11,0.0,0,0.0,0.0,0.0,0.0,1,0.0,0.0,0.0,0.0,0,0.0,0.0,0.6931471805599453,0.0,0.0,0
1972,83151.0,0,0,80,6.876264611890766,4.997212273764115,6.736966958001855,4.927253685157205,3.7612001156935624,5.351858133476067,0.6931471805599453,1.791759469228055,2.0794415416798357,10,2,0.6931471805599453,0.0,0.6931471805599453,0.6931471805599453,0.0,0.0,0.6931471805599453,54,13,0,2,2346,23,1.6094379124341003,4.634728988229636,7,0.043478260869565216,25,0.0,0,0.6931471805599453,0.0,0.0,0.0,1,0.0,0.0,0.0,0.0,1,0.0,0.0,0.0,0.0,0.0,1
1971,52531.0,0,0,68,5.648974238161206,4.727387818712341,5.0238805208462765,3.9512437185814275,4.290459441148391,4.836281906951478,1.0986122886681098,2.0794415416798357,1.0986122886681098,10,6,0.0,0.0,0.0,0.0,0.0,0.0,0.0,55,14,0,2,794,21,0.0,3.65866567551744,13,0.09523809523809523,27,0.0,1,0.0,0.0,0.0,0.0,1,0.0,0.0,0.0,0.0,1,0.0,0.0,0.0,0.0,0.0,1
1956,15759.0,0,0,12,0.6931471805599453,1.0986122886681098,1.791759469228055,1.9459101490553132,0.0,1.3862943611198906,0.6931471805599453,0.6931471805599453,0.0,2,7,0.0,0.0,0.0,0.0,0.0,0.0,0.0,70,13,0,2,17,4,0.0,1.6582280766035324,8,0.25,11,0.0,1,0.0,0.0,0.0,0.0,1,0.0,0.0,0.0,0.0,1,0.0,0.0,0.0,0.0,0.0,0
1971,22804.0,1,0,75,2.70805020110221,0.6931471805599453,2.0794415416798357,1.0986122886681098,0.6931471805599453,0.6931471805599453,0.6931471805599453,1.0986122886681098,0.0,2,9,0.0,0.0,0.0,0.0,0.0,0.0,0.0,55,13,1,2,26,5,0.0,1.824549292051046,11,0.2,14,0.0,1,0.0,0.0,0.0,0.0,0,0.6931471805599453,0.0,0.0,0.0,0,0.6931471805599453,0.0,0.0,0.0,0.0,1
1973,43050.0,1,0,10,3.4339872044851463,1.791759469228055,3.2188758248682006,1.9459101490553132,1.3862943611198906,2.1972245773362196,1.0986122886681098,1.0986122886681098,0.0,4,5,0.0,0.0,0.0,0.0,0.0,0.0,0.0,53,12,1,3,76,8,0.0,2.3513752571634776,7,0.25,13,0.0,0,0.0,0.0,0.0,0.0,1,0.0,0.0,0.0,0.0,1,0.0,0.0,0.0,0.0,0.0,1
1977,42997.0,1,1,91,1.6094379124341003,0.0,1.791759469228055,0.0,0.6931471805599453,1.791759469228055,0.6931471805599453,0.6931471805599453,0.0,2,7,0.0,0.0,0.0,0.0,0.0,0.0,0.0,49,13,2,3,15,4,0.0,1.55814461804655,8,0.25,11,0.0,0,0.0,0.6931471805599453,0.0,0.0,0,0.6931471805599453,0.0,0.0,0.0,1,0.0,0.0,0.0,0.6931471805599453,0.0,0
1963,48918.0,1,1,21,3.970291913552122,0.0,2.302585092994046,0.0,0.0,0.6931471805599453,1.0986122886681098,0.6931471805599453,0.0,4,4,0.0,0.0,0.0,0.0,0.0,0.0,0.0,63,12,2,3,62,7,0.0,2.2881963555419462,5,0.2857142857142857,11,0.0,0,0.0,0.6931471805599453,0.0,0.0,0,0.6931471805599453,0.0,0.0,0.0,1,0.0,0.0,0.0,0.0,0.0,1
1954,60033.0,0,1,28,4.143134726391533,0.6931471805599453,4.060443010546419,2.995732273553991,2.4849066497880004,3.8918202981106265,1.0986122886681098,1.0986122886681098,0.6931471805599453,5,2,0.0,0.0,0.0,0.0,0.0,0.0,0.0,72,12,1,3,198,10,0.0,3.0349529867072724,4,0.2,12,0.0,0,0.6931471805599453,0.0,0.0,0.0,0,0.0,0.6931471805599453,0.0,0.0,1,0.0,0.0,0.0,0.0,0.0,1
1978,34043.0,1,0,97,3.044522437723423,1.0986122886681098,2.70805020110221,1.3862943611198906,0.0,2.3978952727983707,0.6931471805599453,1.0986122886681098,0.0,2,9,0.0,0.0,0.0,0.0,0.0,0.0,0.0,48,13,1,3,49,5,0.0,2.379546134130174,11,0.2,14,0.0,0,0.0,0.6931471805599453,0.0,0.0,0,0.0,0.6931471805599453,0.0,0.0,0,0.6931471805599453,0.0,0.0,0.0,0.0,1
1966,57811.0,0,1,49,6.302618975744905,2.0794415416798357,4.74493212836325,3.6375861597263857,3.091042453358316,4.3694478524670215,1.791759469228055,2.0794415416798357,1.0986122886681098,11,5,0.0,0.6931471805599453,0.0,0.0,0.0,0.0,0.0,60,13,1,3,802,25,0.6931471805599453,3.4989288701554906,12,0.2,30,0.0,1,0.0,0.0,0.0,0.0,0,0.0,0.6931471805599453,0.0,0.0,1,0.0,0.0,0.0,0.0,0.0,1
1946,78569.0,0,0,14,6.326149473155099,4.382026634673881,6.434546518787453,5.337538079701318,5.170483995038151,4.564348191467836,0.6931471805599453,1.6094379124341003,1.9459101490553132,4,1,0.0,0.0,0.6931471805599453,0.0,0.0,0.0,0.6931471805599453,80,12,0,2,1736,15,1.0986122886681098,4.7598921311836415,5,0.06666666666666667,16,0.0,1,0.0,0.0,0.0,0.0,1,0.0,0.0,0.0,0.0,0,0.0,0.0,0.0,0.6931471805599453,0.0,0
1978,7500.0,1,1,5,1.9459101490553132,1.791759469228055,1.6094379124341003,2.6390573296152584,1.6094379124341003,3.258096538021482,1.6094379124341003,1.0986122886681098,0.6931471805599453,3,6,0.0,0.0,0.0,0.0,0.0,0.0,0.0,48,14,2,3,57,10,0.0,1.9021075263969205,8,0.4,16,0.0,1,0.0,0.0,0.0,0.0,0,0.6931471805599453,0.0,0.0,0.0,1,0.0,0.0,0.6931471805599453,0.0,0.0,0
1971,157733.0,1,0,37,3.6888794541139363,0.6931471805599453,2.302585092994046,1.0986122886681098,0.0,2.1972245773362196,0.0,0.6931471805599453,0.0,1,1,0.0,0.0,0.0,0.0,0.0,0.0,0.0,55,13,1,3,59,2,0.0,3.417726683613366,2,0.0,3,0.0,0,0.6931471805599453,0.0,0.0,0.0,0,0.0,0.6931471805599453,0.0,0.0,0,0.6931471805599453,0.0,0.0,0.0,0.0,1
1953,94384.0,0,0,62,7.013915474810528,3.2188758248682006,6.673297967767654,5.081404364984463,3.828641396489095,5.153291594497779,0.0,1.791759469228055,2.1972245773362196,5,2,0.0,0.6931471805599453,0.6931471805599453,0.6931471805599453,0.0,0.0,0.6931471805599453,73,13,0,2,2302,18,1.6094379124341003,4.858950706764191,7,0.0,20,0.0,1,0.0,0.0,0.0,0.0,0,0.0,0.6931471805599453,0.0,0.0,0,0.0,0.0,0.0,0.0,0.0,1
1985,23148.0,0,0,83,1.6094379124341003,1.9459101490553132,2.1972245773362196,1.9459101490553132,1.3862943611198906,2.3978952727983707,0.6931471805599453,1.0986122886681098,0.0,3,7,0.0,0.0,0.0,0.0,0.0,0.0,0.0,41,12,0,2,37,6,0.0,1.9694406464655074,9,0.16666666666666666,13,0.0,0,0.0,0.0,0.0,0.0,1,0.0,0.0,0.0,0.0,1,0.0,0.0,0.6931471805599453,0.0,0.0,0
1970,44267.0,1,1,48,5.214935757608986,1.791759469228055,4.189654742026425,1.3862943611198906,1.791759469228055,3.912023005428146,1.791759469228055,1.791759469228055,1.0986122886681098,4,9,0.0,0.0,0.0,0.0,0.0,0.0,0.0,56,13,2,3,310,16,0.0,3.0143086591269266,14,0.3125,25,0.0,1,0.0,0.0,0.0,0.6931471805599453,0,0.0,0.0,0.0,0.0,0,0.6931471805599453,0.0,0.0,0.0,0.0,1
1979,71626.0,0,0,94,6.304448802421981,4.290459441148391,5.932245187448011,4.553876891600541,4.983606621708336,4.290459441148391,0.6931471805599453,1.791759469228055,1.791759469228055,8,3,0.0,0.6931471805599453,0.0,0.0,0.0,0.0,0.0,47,14,0,2,1305,19,0.6931471805599453,4.243973757330513,8,0.05263157894736842,22,0.0,1,0.0,0.0,0.0,0.0,1,0.0,0.0,0.0,0.0,1,0.0,0.0,0.0,0.0,0.0,1
1966,60894.0,0,1,61,6.408528791059498,2.0794415416798357,5.049856007249537,2.3978952727983707,0.0,4.007333185232471,1.791759469228055,2.3978952727983707,1.3862943611198906,8,7,0.0,0.0,0.0,0.0,0.0,0.0,0.0,60,13,1,3,832,26,0.0,3.4965075614664802,17,0.19230769230769232,33,0.0,1,0.0,0.0,0.0,0.0,0,0.0,0.6931471805599453,0.0,0.0,0,0.6931471805599453,0.0,0.0,0.0,0.0,1
1976,50200.0,1,1,70,5.58724865840025,1.9459101490553132,3.9512437185814275,2.1972245773362196,1.9459101490553132,4.174387269895637,1.9459101490553132,2.0794415416798357,0.6931471805599453,5,8,0.0,0.0,0.0,0.0,0.0,0.0,0.0,50,13,2,4,401,19,0.0,3.0958157321109736,15,0.3157894736842105,27,0.0,1,0.0,0.0,0.0,0.0,0,0.0,0.6931471805599453,0.0,0.0,0,0.6931471805599453,0.0,0.0,0.0,0.0,1
1965,81051.0,0,0,43,7.04141166379481,3.4011973816621555,5.521460917862246,3.6635616461296463,3.4011973816621555,2.70805020110221,0.6931471805599453,1.791759469228055,1.791759469228055,12,2,0.0,0.6931471805599453,0.6931471805599453,0.0,0.0,0.0,0.0,61,12,0,2,1501,23,1.0986122886681098,4.193599520317442,7,0.043478260869565216,25,0.0,0,0.0,0.6931471805599453,0.0,0.0,1,0.0,0.0,0.0,0.0,1,0.0,0.0,0.0,0.0,0.0,1
1982,65169.0,0,0,23,6.980075940561763,0.0,4.248495242049359,0.0,0.0,3.8501476017100584,0.6931471805599453,2.3978952727983707,1.6094379124341003,13,6,0.6931471805599453,0.0,0.6931471805599453,0.6931471805599453,0.6931471805599453,0.0,0.6931471805599453,44,12,0,2,1189,28,1.791759469228055,3.7719395828123234,16,0.03571428571428571,34,0.0,1,0.0,0.0,0.0,0.0,1,0.0,0.0,0.0,0.0,1,0.0,0.0,0.0,0.0,0.0,1
1972,59868.0,0,1,37,6.648984550024776,3.9512437185814275,5.043425116919247,4.007333185232471,2.3978952727983707,5.043425116919247,2.0794415416798357,2.4849066497880004,1.0986122886681098,12,6,0.0,0.0,0.0,0.0,0.0,0.0,0.0,54,13,1,3,1194,32,0.0,3.64577621369643,17,0.21875,38,0.0,1,0.0,0.0,0.0,0.0,0,0.0,0.6931471805599453,0.0,0.0,1,0.0,0.0,0.0,0.0,0.0,1
1960,65695.0,0,1,50,5.918893854273146,3.4965075614664802,5.247024072160486,0.0,4.07753744390572,1.9459101490553132,1.0986122886681098,1.791759469228055,1.6094379124341003,10,4,0.0,0.0,0.0,0.0,0.0,0.0,0.0,66,12,1,3,656,21,0.0,3.473148835188852,9,0.09523809523809523,25,0.0,0,0.0,0.6931471805599453,0.0,0.0,1,0.0,0.0,0.0,0.0,1,0.0,0.0,0.0,0.0,0.0,1
1956,64857.0,0,0,78,6.322565239927284,2.70805020110221,6.576469569048224,5.351858133476067,0.0,3.784189633918261,0.6931471805599453,2.0794415416798357,1.791759469228055,10,4,0.0,0.0,0.0,0.0,0.0,0.0,0.0,70,14,0,1,1540,23,0.0,4.218868114492327,11,0.043478260869565216,27,0.0,0,0.6931471805599453,0.0,0.0,0.0,0,0.6931471805599453,0.0,0.0,0.0,1,0.0,0.0,0.0,0.6931471805599453,0.0,0
1965,45143.0,0,1,74,5.313205979041787,1.791759469228055,4.31748811353631,2.4849066497880004,1.791759469228055,2.70805020110221,1.3862943611198906,1.9459101490553132,0.6931471805599453,5,7,0.0,0.0,0.0,0.0,0.0,0.0,0.0,61,13,1,3,311,15,0.0,3.0788471802644977,13,0.2,22,0.0,0,0.6931471805599453,0.0,0.0,0.0,0,0.0,0.6931471805599453,0.0,0.0,0,0.6931471805599453,0.0,0.0,0.0,0.0,1
1955,74805.0,0,1,14,5.3471075307174685,5.093750200806762,5.3471075307174685,3.7376696182833684,5.093750200806762,3.6375861597263857,1.791759469228055,1.6094379124341003,2.0794415416798357,10,2,0.0,0.0,0.0,0.0,0.0,0.0,0.0,71,13,1,3,820,26,0.0,3.4824228215847413,6,0.19230769230769232,28,0.0,0,0.0,0.0,0.0,0.0,0,0.0,0.6931471805599453,0.0,0.0,1,0.0,0.0,0.0,0.0,0.0,1
1989,59060.0,1,0,77,3.58351893845611,3.713572066704308,4.718498871295094,3.6109179126442243,3.713572066704308,2.5649493574615367,1.3862943611198906,1.3862943611198906,0.6931471805599453,7,4,0.0,0.0,0.0,0.0,0.0,0.0,0.0,37,12,1,3,274,14,0.0,3.0239031505206873,7,0.21428571428571427,18,0.0,0,0.0,0.0,0.0,0.0,1,0.0,0.0,0.0,0.0,1,0.0,0.0,0.0,0.6931471805599453,0.0,0
1962,27238.0,1,1,39,3.6375861597263857,0.0,2.8903717578961645,0.0,0.0,1.3862943611198906,1.3862943611198906,1.3862943611198906,0.0,3,9,0.0,0.0,0.0,0.0,0.0,0.0,0.0,64,13,2,3,57,9,0.0,1.992430164690206,12,0.3333333333333333,18,0.0,0,0.0,0.6931471805599453,0.0,0.0,0,0.6931471805599453,0.0,0.0,0.0,0,0.6931471805599453,0.0,0.0,0.0,0.0,1
1965,47009.0,0,1,89,5.147494476813453,3.828641396489095,4.30406509320417,4.0943445622221,2.3978952727983707,4.51085950651685,1.6094379124341003,1.3862943611198906,1.0986122886681098,8,4,0.0,0.0,0.0,0.0,0.0,0.0,0.0,61,13,1,3,448,17,0.0,3.30882406153114,7,0.23529411764705882,21,0.0,1,0.0,0.0,0.0,0.0,0,0.0,0.6931471805599453,0.0,0.0,1,0.0,0.0,0.0,0.0,0.0,1
1973,46094.0,1,1,62,2.5649493574615367,1.0986122886681098,3.044522437723423,1.3862943611198906,1.0986122886681098,1.791759469228055,0.6931471805599453,0.6931471805599453,0.0,3,7,0.0,0.0,0.0,0.0,0.0,0.0,0.0,53,12,2,4,44,5,0.0,2.2823823856765264,8,0.2,12,0.0,0,0.0,0.0,0.0,0.0,1,0.0,0.0,0.0,0.0,1,0.0,0.0,0.0,0.6931471805599453,0.0,0
1972,40321.0,1,1,59,3.8066624897703196,1.6094379124341003,3.091042453358316,1.9459101490553132,0.0,3.332204510175204,1.0986122886681098,1.3862943611198906,0.0,3,7,0.0,0.0,0.0,0.0,0.0,0.0,0.0,54,13,2,4,102,8,0.0,2.6210388241125804,10,0.25,15,0.0,1,0.0,0.0,0.0,0.0,1,0.0,0.0,0.0,0.0,0,0.6931471805599453,0.0,0.0,0.0,0.0,1
1984,37235.0,1,0,68,3.044522437723423,1.0986122886681098,2.302585092994046,1.6094379124341003,1.9459101490553132,3.044522437723423,0.6931471805599453,0.6931471805599453,0.6931471805599453,2,4,0.0,0.0,0.0,0.0,0.0,0.0,0.0,42,12,1,3,61,5,0.0,2.580216829592325,5,0.2,9,0.0,1,0.0,0.0,0.0,0.0,0,0.0,0.6931471805599453,0.0,0.0,1,0.0,0.0,0.0,0.0,0.0,1
1960,81843.0,0,0,13,6.659293919683638,4.465908118654584,6.2878585601617845,3.5553480614894135,4.248495242049359,4.9344739331306915,0.6931471805599453,1.791759469228055,2.302585092994046,12,3,0.0,0.0,0.0,0.0,0.0,0.0,0.0,66,13,0,2,1643,27,0.0,4.124742039406471,8,0.037037037037037035,30,0.0,0,0.6931471805599453,0.0,0.0,0.0,1,0.0,0.0,0.0,0.0,1,0.0,0.0,0.0,0.0,0.0,1
1958,46692.0,0,1,37,5.14166355650266,1.9459101490553132,4.584967478670572,3.2188758248682006,2.5649493574615367,4.48863636973214,1.3862943611198906,1.9459101490553132,0.6931471805599453,5,6,0.0,0.0,0.0,0.0,0.0,0.0,0.0,68,13,1,3,397,15,0.0,3.312973148247316,12,0.2,21,0.0,0,0.6931471805599453,0.0,0.0,0.0,0,0.0,0.6931471805599453,0.0,0.0,0,0.6931471805599453,0.0,0.0,0.0,0.0,1
1968,77382.0,0,1,36,6.198478716492308,3.8918202981106265,5.44673737166631,4.727387818712341,4.663439094112067,4.90527477843843,1.0986122886681098,1.791759469228055,2.0794415416798357,12,1,0.0,0.0,0.6931471805599453,0.0,0.0,0.0,0.0,58,12,1,3,1121,26,0.6931471805599453,3.7868085791078885,6,0.07692307692307693,27,0.0,1,0.0,0.0,0.0,0.0,0,0.0,0.6931471805599453,0.0,0.0,1,0.0,0.0,0.0,0.0,0.0,1
1977,37774.0,2,0,28,5.159055299214529,2.1972245773362196,4.68213122712422,2.0794415416798357,1.0986122886681098,5.176149732573829,1.6094379124341003,2.0794415416798357,1.0986122886681098,3,9,0.6931471805599453,0.0,0.0,0.0,0.0,0.6931471805599453,0.6931471805599453,49,14,2,3,473,16,1.0986122886681098,3.4197737672350907,16,0.25,25,0.0,1,0.0,0.0,0.0,0.0,0,0.6931471805599453,0.0,0.0,0.0,0,0.6931471805599453,0.0,0.6931471805599453,0.0,0.0,0
1974,18393.0,1,0,2,2.0794415416798357,2.3978952727983707,2.6390573296152584,2.833213344056216,0.0,1.6094379124341003,1.0986122886681098,1.3862943611198906,0.0,3,8,0.0,0.0,0.0,0.0,0.0,0.0,0.0,52,12,1,3,50,8,0.0,1.9810014688665833,11,0.25,16,0.6931471805599453,0,0.0,0.0,0.0,0.0,1,0.0,0.0,0.0,0.0,0,0.6931471805599453,0.0,0.0,0.0,0.0,0
1962,72828.0,0,1,17,7.095064377287131,0.0,5.4638318050256105,2.995732273553991,2.70805020110221,5.327876168789581,1.9459101490553132,1.9459101490553132,1.3862943611198906,13,7,0.0,0.0,0.0,0.0,0.0,0.0,0.0,64,13,1,3,1678,28,0.0,4.10970221787642,13,0.21428571428571427,35,0.0,0,0.6931471805599453,0.0,0.0,0.0,1,0.0,0.0,0.0,0.0,1,0.0,0.0,0.0,0.0,0.0,1
1982,24711.0,0,0,86,2.3978952727983707,2.0794415416798357,3.258096538021482,1.9459101490553132,1.3862943611198906,2.0794415416798357,0.6931471805599453,1.3862943611198906,0.0,3,7,0.0,0.0,0.0,0.0,0.0,0.0,0.0,44,12,0,2,58,7,0.0,2.228477120840324,10,0.14285714285714285,14,0.0,1,0.0,0.0,0.0,0.0,1,0.0,0.0,0.0,0.0,0,0.6931471805599453,0.0,0.0,0.6931471805599453,0.0,0
1975,45503.0,1,0,54,4.584967478670572,1.6094379124341003,3.8066624897703196,1.9459101490553132,0.6931471805599453,2.9444389791664403,0.6931471805599453,1.3862943611198906,0.6931471805599453,4,5,0.0,0.0,0.0,0.0,0.0,0.0,0.0,51,13,1,3,170,9,0.0,2.990161228504536,8,0.1111111111111111,14,0.0,0,0.0,0.6931471805599453,0.0,0.0,1,0.0,0.0,0.0,0.0,1,0.0,0.0,0.0,0.0,0.0,1
1982,6560.0,0,0,2,4.219507705176107,2.4849066497880004,3.295836866004329,1.6094379124341003,1.3862943611198906,5.572154032177765,0.0,0.6931471805599453,0.0,1,17,0.0,0.0,0.0,0.0,0.0,0.0,0.0,44,13,0,1,373,2,0.0,5.233778845410465,18,0.0,19,0.0,0,0.6931471805599453,0.0,0.0,0.0,0,0.6931471805599453,0.0,0.0,0.0,0,0.6931471805599453,0.0,0.6931471805599453,0.0,0.0,0
1945,71604.0,0,0,3,5.846438775057725,3.9889840465642745,6.270988431858299,4.59511985013459,4.330733340286331,4.584967478670572,0.6931471805599453,2.1972245773362196,1.3862943611198906,5,4,0.6931471805599453,0.0,0.0,0.0,0.0,0.0,0.6931471805599453,81,13,0,2,1196,17,1.0986122886681098,4.267638564887834,12,0.058823529411764705,21,0.0,0,0.0,0.6931471805599453,0.0,0.0,0,0.0,0.6931471805599453,0.0,0.0,0,0.6931471805599453,0.0,0.0,0.6931471805599453,0.0,0
1979,27244.0,1,0,84,1.9459101490553132,1.791759469228055,2.8903717578961645,1.3862943611198906,3.2188758248682006,3.8501476017100584,1.0986122886681098,1.0986122886681098,1.0986122886681098,2,7,0.0,0.0,0.0,0.0,0.0,0.0,0.0,47,12,1,3,101,8,0.0,2.6119063405493077,9,0.25,15,0.0,1,0.0,0.0,0.0,0.0,1,0.0,0.0,0.0,0.0,0,0.6931471805599453,0.0,0.6931471805599453,0.0,0.0,0
1969,48752.0,1,1,8,4.30406509320417,4.060443010546419,4.61512051684126,4.276666119016055,2.772588722239781,0.0,1.791759469228055,1.9459101490553132,0.6931471805599453,5,9,0.0,0.0,0.0,0.0,0.0,0.0,0.6931471805599453,57,14,2,4,316,17,0.6931471805599453,2.9749291459242277,15,0.29411764705882354,26,0.0,1,0.0,0.0,0.0,0.0,1,0.0,0.0,0.0,0.0,0,0.6931471805599453,0.0,0.0,0.6931471805599453,0.0,0
1962,71434.0,0,1,4,6.568077911411976,3.6109179126442243,5.384495062789089,5.153291594497779,4.574710978503383,5.1298987149230735,1.3862943611198906,2.0794415416798357,1.6094379124341003,7,4,0.0,0.6931471805599453,0.0,0.6931471805599453,0.0,0.0,0.0,64,13,1,3,1400,21,1.0986122886681098,4.214593690373678,11,0.14285714285714285,25,0.0,1,0.0,0.0,0.0,0.0,1,0.0,0.0,0.0,0.0,0,0.6931471805599453,0.0,0.0,0.0,0.0,1
1948,90842.0,0,0,57,6.652863029353347,4.2626798770413155,4.77912349311153,5.209486152841421,5.236441962829949,4.543294782270004,0.6931471805599453,1.6094379124341003,2.302585092994046,13,1,0.0,0.0,0.0,0.0,0.0,0.0,0.0,78,13,0,1,1424,27,0.0,3.9841713868798587,5,0.037037037037037035,28,0.0,1,0.0,0.0,0.0,0.0,0,0.6931471805599453,0.0,0.0,0.0,1,0.0,0.0,0.0,0.0,0.0,1
1978,88097.0,1,0,24,5.099866427824199,0.0,6.175867270105761,0.0,4.844187086458591,4.330733340286331,0.6931471805599453,1.9459101490553132,1.791759469228055,8,9,0.0,0.6931471805599453,0.6931471805599453,0.6931471805599453,0.0,0.0,0.6931471805599453,48,14,1,3,844,20,1.6094379124341003,3.765840495250065,15,0.05,29,0.0,0,0.6931471805599453,0.0,0.0,0.0,1,0.0,0.0,0.0,0.0,1,0.0,0.0,0.0,0.6931471805599453,0.0,0
1975,51948.0,0,1,51,4.418840607796598,3.5263605246161616,4.007333185232471,4.276666119016055,3.4339872044851463,3.7376696182833684,1.0986122886681098,1.791759469228055,1.0986122886681098,4,5,0.0,0.0,0.0,0.0,0.0,0.0,0.0,51,13,1,3,311,13,0.0,3.2157941583307927,10,0.15384615384615385,18,0.0,1,0.0,0.0,0.0,0.0,1,0.0,0.0,0.0,0.0,0,0.6931471805599453,0.0,0.0,0.0,0.0,1
1982,71853.0,0,0,29,5.883322388488279,4.6913478822291435,6.025865973825314,4.955827057601261,4.584967478670572,3.4965075614664802,0.6931471805599453,1.0986122886681098,2.1972245773362196,6,1,0.0,0.0,0.0,0.0,0.0,0.0,0.0,44,13,0,2,1149,17,0.0,4.228121022854221,3,0.058823529411764705,18,0.0,1,0.0,0.0,0.0,0.0,0,0.0,0.6931471805599453,0.0,0.0,0,0.0,0.0,0.0,0.6931471805599453,0.0,0
1983,35876.0,0,0,13,4.204692619390966,1.0986122886681098,3.713572066704308,1.6094379124341003,1.3862943611198906,2.70805020110221,0.6931471805599453,1.3862943611198906,0.6931471805599453,3,6,0.0,0.0,0.0,0.0,0.0,0.0,0.0,43,12,0,2,129,8,0.0,2.840539384148289,9,0.125,14,0.0,0,0.6931471805599453,0.0,0.0,0.0,1,0.0,0.0,0.0,0.0,0,0.6931471805599453,0.0,0.0,0.0,0.0,1
1952,40049.0,0,1,23,2.6390573296152584,1.9459101490553132,2.0794415416798357,0.0,1.3862943611198906,1.3862943611198906,0.6931471805599453,0.6931471805599453,0.0,3,6,0.0,0.0,0.0,0.0,0.0,0.0,0.0,74,13,1,2,32,5,0.0,2.0014800002101243,7,0.2,11,0.0,1,0.0,0.0,0.0,0.0,0,0.0,0.0,0.6931471805599453,0.0,1,0.0,0.0,0.0,0.0,0.0,1
1982,39660.0,1,0,36,4.941642422609304,2.6390573296152584,4.3694478524670215,3.044522437723423,2.6390573296152584,3.6109179126442243,1.3862943611198906,2.0794415416798357,0.6931471805599453,3,9,0.0,0.0,0.0,0.0,0.0,0.0,0.6931471805599453,44,14,1,2,299,14,0.6931471805599453,3.1071458609248945,16,0.21428571428571427,23,0.0,1,0.0,0.0,0.0,0.0,0,0.6931471805599453,0.0,0.0,0.0,0,0.6931471805599453,0.0,0.0,0.0,0.0,1
1962,50127.0,0,1,88,5.616771097666572,0.0,3.091042453358316,1.6094379124341003,1.9459101490553132,2.772588722239781,0.6931471805599453,1.791759469228055,0.6931471805599453,6,6,0.0,0.6931471805599453,0.0,0.0,0.0,0.0,0.0,64,12,1,3,320,13,0.6931471805599453,3.243193132518907,11,0.07692307692307693,19,0.0,1,0.0,0.0,0.0,0.0,0,0.0,0.6931471805599453,0.0,0.0,1,0.0,0.0,0.0,0.0,0.0,1
1977,43263.0,0,1,2,5.572154032177765,1.9459101490553132,4.127134385045092,0.0,2.3978952727983707,4.634728988229636,1.3862943611198906,1.791759469228055,1.0986122886681098,6,5,0.0,0.0,0.0,0.0,0.0,0.0,0.0,49,14,1,3,441,16,0.0,3.3520946686544235,10,0.1875,21,0.0,0,0.6931471805599453,0.0,0.0,0.0,1,0.0,0.0,0.0,0.0,1,0.0,0.0,0.0,0.0,0.0,1
1949,62845.0,1,1,3,7.003065458786462,0.0,3.828641396489095,0.0,0.0,3.5553480614894135,2.4849066497880004,1.3862943611198906,1.6094379124341003,10,8,0.0,0.6931471805599453,0.0,0.0,0.0,0.0,0.6931471805599453,77,14,2,4,1178,28,1.0986122886681098,3.762859867111927,11,0.39285714285714285,36,0.0,0,0.6931471805599453,0.0,0.0,0.0,1,0.0,0.0,0.0,0.0,1,0.0,0.0,0.0,0.0,0.0,1
1990,18929.0,0,0,15,3.4965075614664802,0.0,2.1972245773362196,3.1780538303479458,1.6094379124341003,2.9444389791664403,0.6931471805599453,0.6931471805599453,0.0,4,6,0.0,0.0,0.0,0.0,0.0,0.0,0.0,36,13,0,2,85,6,0.0,2.719100037288795,7,0.16666666666666666,12,0.0,1,0.0,0.0,0.0,0.0,1,0.0,0.0,0.0,0.0,1,0.0,0.0,0.0,0.0,0.0,1
1982,24367.0,1,0,58,1.0986122886681098,1.6094379124341003,1.0986122886681098,0.0,2.4849066497880004,1.791759469228055,0.6931471805599453,0.6931471805599453,0.0,2,9,0.0,0.0,0.0,0.0,0.0,0.0,0.0,44,13,1,2,24,4,0.0,1.9459101490553132,10,0.25,13,0.6931471805599453,0,0.0,0.0,0.0,0.0,0,0.6931471805599453,0.0,0.0,0.0,1,0.0,0.0,0.0,0.0,0.6931471805599453,0
1975,33249.0,1,0,11,1.9459101490553132,2.3978952727983707,3.091042453358316,2.995732273553991,2.70805020110221,3.7612001156935624,1.0986122886681098,1.0986122886681098,0.6931471805599453,3,6,0.0,0.0,0.0,0.0,0.0,0.0,0.0,51,13,1,2,112,8,0.0,2.70805020110221,8,0.25,14,0.0,1,0.0,0.0,0.0,0.0,0,0.6931471805599453,0.0,0.0,0.0,1,0.0,0.0,0.6931471805599453,0.0,0.0,0
1959,26887.0,0,1,27,1.9459101490553132,2.0794415416798357,1.6094379124341003,1.3862943611198906,1.6094379124341003,1.9459101490553132,0.6931471805599453,0.6931471805599453,0.0,3,6,0.0,0.0,0.0,0.0,0.0,0.0,0.0,67,13,1,3,30,5,0.0,1.9459101490553132,7,0.2,11,0.0,0,0.0,0.0,0.0,0.0,1,0.0,0.0,0.0,0.0,1,0.0,0.6931471805599453,0.0,0.0,0.0,0
1983,50150.0,0,0,32,4.912654885736052,3.8501476017100584,4.532599493153256,4.189654742026425,4.127134385045092,2.4849066497880004,1.0986122886681098,1.791759469228055,1.0986122886681098,7,5,0.0,0.0,0.0,0.0,0.0,0.0,0.0,43,13,0,2,410,16,0.0,3.2818506240295893,10,0.125,21,0.0,0,0.0,0.6931471805599453,0.0,0.0,1,0.0,0.0,0.0,0.0,1,0.0,0.0,0.0,0.0,0.0,1
1976,62061.0,0,1,12,6.464588303689961,2.0794415416798357,4.442651256490317,0.0,3.4339872044851463,3.6635616461296463,1.3862943611198906,2.3978952727983707,1.6094379124341003,7,6,0.0,0.6931471805599453,0.0,0.0,0.0,0.0,0.0,50,13,1,3,800,24,0.6931471805599453,3.5361166995615263,16,0.125,30,0.0,1,0.0,0.0,0.0,0.0,0,0.0,0.6931471805599453,0.0,0.0,0,0.6931471805599453,0.0,0.0,0.0,0.0,1
1962,85696.0,0,0,88,6.5722825426940075,4.343805421853684,5.981414211254481,4.762173934797756,0.0,2.5649493574615367,0.6931471805599453,1.6094379124341003,1.9459101490553132,9,1,0.0,0.0,0.0,0.0,0.0,0.0,0.6931471805599453,64,13,0,1,1313,20,0.6931471805599453,4.199455046624718,5,0.05,21,0.0,0,0.0,0.6931471805599453,0.0,0.6931471805599453,0,0.0,0.0,0.0,0.0,1,0.0,0.0,0.0,0.0,0.0,1
1956,76542.0,0,0,91,6.678342114654332,4.30406509320417,6.352629396319567,0.0,3.4011973816621555,2.70805020110221,0.6931471805599453,1.6094379124341003,2.1972245773362196,10,2,0.0,0.0,0.0,0.0,0.0,0.0,0.0,70,13,0,2,1483,23,0.0,4.181718192430689,6,0.043478260869565216,25,0.0,0,0.0,0.6931471805599453,0.0,0.0,0,0.0,0.6931471805599453,0.0,0.0,1,0.0,0.0,0.0,0.0,0.0,1
1993,70515.0,0,0,12,6.042632833682381,0.0,6.115892125483034,5.209486152841421,4.174387269895637,4.948759890378168,0.6931471805599453,1.9459101490553132,1.9459101490553132,4,2,0.0,0.0,0.0,0.0,0.0,0.0,0.6931471805599453,33,13,0,1,1258,17,0.6931471805599453,4.31748811353631,8,0.058823529411764705,19,0.0,1,0.0,0.0,0.0,0.0,0,0.6931471805599453,0.0,0.0,0.0,0,0.6931471805599453,0.0,0.0,0.6931471805599453,0.0,0
1987,18227.0,1,0,21,0.6931471805599453,1.0986122886681098,2.0794415416798357,1.6094379124341003,1.3862943611198906,2.4849066497880004,0.6931471805599453,0.0,0.6931471805599453,2,8,0.0,0.0,0.0,0.0,0.0,0.0,0.0,39,14,1,3,28,4,0.0,2.0794415416798357,8,0.25,12,0.0,1,0.0,0.0,0.0,0.0,0,0.0,0.6931471805599453,0.0,0.0,1,0.0,0.0,0.6931471805599453,0.0,0.0,0
1965,69139.0,0,1,23,4.465908118654584,2.5649493574615367,4.330733340286331,3.5263605246161616,2.772588722239781,1.9459101490553132,0.6931471805599453,1.6094379124341003,0.6931471805599453,5,4,0.0,0.0,0.0,0.0,0.0,0.0,0.0,61,12,1,3,227,11,0.0,3.0743754008731043,8,0.09090909090909091,15,0.0,1,0.0,0.0,0.0,0.0,1,0.0,0.0,0.0,0.0,1,0.0,0.0,0.0,0.0,0.0,1
1982,69109.0,0,0,10,6.714170529909472,3.258096538021482,6.131226489483141,4.8283137373023015,3.4011973816621555,4.564348191467836,0.6931471805599453,1.9459101490553132,1.9459101490553132,7,4,0.0,0.0,0.6931471805599453,0.0,0.0,0.0,0.6931471805599453,44,14,0,2,1555,20,1.0986122886681098,4.366278277705742,10,0.05,24,0.0,1,0.0,0.0,0.0,0.0,1,0.0,0.0,0.0,0.0,1,0.0,0.0,0.0,0.0,0.0,1
1962,69627.0,0,1,35,5.44673737166631,5.087596335232384,5.375278407684165,5.147494476813453,3.4339872044851463,3.9889840465642745,1.0986122886681098,2.1972245773362196,1.0986122886681098,11,5,0.0,0.0,0.0,0.0,0.0,0.0,0.0,64,13,1,2,861,23,0.0,3.6489628467084936,13,0.08695652173913043,28,0.0,1,0.0,0.0,0.0,0.0,0,0.6931471805599453,0.0,0.0,0.0,1,0.0,0.0,0.0,0.0,0.0,1
1978,38136.0,1,0,69,2.1972245773362196,2.772588722239781,3.332204510175204,0.0,3.044522437723423,3.5263605246161616,1.0986122886681098,1.3862943611198906,0.6931471805599453,2,8,0.6931471805599453,0.0,0.0,0.0,0.0,0.0,0.0,48,13,1,3,103,8,0.6931471805599453,2.630088659632498,11,0.25,16,0.0,1,0.0,0.0,0.0,0.0,1,0.0,0.0,0.0,0.0,0,0.6931471805599453,0.0,0.6931471805599453,0.0,0.0,0
1946,62159.0,0,0,68,5.209486152841421,2.8903717578961645,5.560681631015528,4.356708826689592,4.2626798770413155,3.4011973816621555,0.6931471805599453,1.9459101490553132,1.0986122886681098,10,4,0.0,0.0,0.0,0.0,0.0,0.0,0.0,80,12,0,1,634,19,0.0,3.5371381501099908,10,0.05263157894736842,23,0.0,0,0.0,0.6931471805599453,0.0,0.0,0,0.6931471805599453,0.0,0.0,0.0,1,0.0,0.0,0.0,0.6931471805599453,0.0,0
1963,80695.0,0,0,85,6.324358962381311,4.867534450455582,6.892641641172089,5.267858159063328,3.6375861597263857,2.9444389791664403,0.6931471805599453,1.791759469228055,2.1972245773362196,5,2,0.0,0.0,0.0,0.0,0.0,0.0,0.0,63,13,0,1,1918,19,0.0,4.624456684240555,7,0.05263157894736842,21,0.0,1,0.0,0.0,0.0,0.0,0,0.6931471805599453,0.0,0.0,0.0,0,0.0,0.0,0.0,0.6931471805599453,0.0,0
1971,33316.0,1,1,34,4.382026634673881,0.6931471805599453,3.4657359027997265,1.6094379124341003,1.6094379124341003,2.5649493574615367,1.3862943611198906,1.0986122886681098,0.6931471805599453,4,6,0.0,0.0,0.0,0.0,0.0,0.0,0.0,55,13,2,3,131,10,0.0,2.6461747973841225,8,0.3,16,0.0,0,0.6931471805599453,0.0,0.0,0.0,0,0.6931471805599453,0.0,0.0,0.0,1,0.0,0.0,0.0,0.0,0.0,1
1968,58554.0,1,1,55,5.910796644040527,3.2188758248682006,4.23410650459726,3.6635616461296463,0.0,4.48863636973214,1.9459101490553132,2.1972245773362196,1.0986122886681098,6,7,0.0,0.0,0.0,0.0,0.0,0.0,0.0,58,14,2,4,586,22,0.0,3.319132428607851,15,0.2727272727272727,29,0.0,1,0.0,0.0,0.0,0.0,0,0.0,0.6931471805599453,0.0,0.0,0,0.6931471805599453,0.0,0.0,0.0,0.0,1
1992,17256.0,1,0,10,1.9459101490553132,1.6094379124341003,2.70805020110221,2.1972245773362196,2.1972245773362196,3.1354942159291497,1.0986122886681098,1.0986122886681098,0.6931471805599453,2,8,0.6931471805599453,0.0,0.0,0.0,0.0,0.0,0.0,34,13,1,3,62,7,0.6931471805599453,2.2881963555419462,10,0.2857142857142857,15,0.6931471805599453,0,0.0,0.0,0.0,0.0,1,0.0,0.0,0.0,0.0,0,0.6931471805599453,0.0,0.6931471805599453,0.0,0.0,0
1974,53034.0,1,1,30,5.081404364984463,2.772588722239781,5.2832037287379885,2.772588722239781,2.4849066497880004,3.9318256327243257,2.1972245773362196,1.9459101490553132,0.6931471805599453,7,8,0.0,0.0,0.0,0.0,0.0,0.0,0.0,52,13,2,3,447,22,0.0,3.0595603150879636,14,0.36363636363636365,30,0.0,1,0.0,0.0,0.0,0.6931471805599453,0,0.0,0.0,0.0,0.0,1,0.0,0.0,0.0,0.6931471805599453,0.0,0
1950,52203.0,0,0,36,6.192362489474872,3.091042453358316,5.476463551931511,4.04305126783455,4.6913478822291435,3.367295829986474,0.6931471805599453,2.1972245773362196,2.0794415416798357,11,6,0.0,0.0,0.0,0.0,0.0,0.0,0.0,76,14,0,2,939,27,0.0,3.577326968208189,14,0.037037037037037035,33,0.0,0,0.0,0.0,0.0,0.0,0,0.0,0.6931471805599453,0.0,0.0,1,0.0,0.0,0.0,0.0,0.0,1
1977,59601.0,0,1,14,6.539585955617669,2.0794415416798357,4.248495242049359,0.0,2.0794415416798357,3.1780538303479458,1.6094379124341003,1.0986122886681098,1.0986122886681098,7,8,0.0,0.6931471805599453,0.0,0.0,0.0,0.0,0.0,49,13,1,2,797,15,0.6931471805599453,3.991450139059468,10,0.26666666666666666,23,0.0,0,0.0,0.0,0.0,0.6931471805599453,0,0.0,0.0,0.0,0.0,1,0.0,0.0,0.0,0.0,0.0,1
1958,75154.0,0,1,79,6.298949246855942,2.3978952727983707,5.327876168789581,5.081404364984463,4.969813299576001,4.418840607796598,0.6931471805599453,1.9459101490553132,1.3862943611198906,6,3,0.0,0.0,0.0,0.0,0.0,0.0,0.6931471805599453,68,14,1,2,1143,16,0.6931471805599453,4.28272412109997,9,0.0625,19,0.0,0,0.6931471805599453,0.0,0.0,0.0,0,0.6931471805599453,0.0,0.0,0.0,0,0.6931471805599453,0.0,0.0,0.0,0.0,1
1976,47025.0,0,1,52,5.541263545158426,2.0794415416798357,4.6913478822291435,3.044522437723423,0.0,3.295836866004329,1.3862943611198906,1.9459101490553132,1.3862943611198906,5,6,0.0,0.0,0.0,0.0,0.0,0.0,0.0,50,13,1,2,415,17,0.0,3.235212244187894,12,0.17647058823529413,23,0.0,1,0.0,0.0,0.0,0.0,0,0.6931471805599453,0.0,0.0,0.0,0,0.6931471805599453,0.0,0.0,0.0,0.0,1
1973,37971.0,1,0,97,1.791759469228055,1.6094379124341003,2.3978952727983707,1.0986122886681098,1.0986122886681098,2.0794415416798357,0.6931471805599453,0.6931471805599453,0.0,3,8,0.0,0.0,0.0,0.0,0.0,0.0,0.0,53,13,1,3,30,5,0.0,1.9459101490553132,9,0.2,13,0.0,1,0.0,0.0,0.0,0.0,1,0.0,0.0,0.0,0.0,1,0.0,0.0,0.0,0.6931471805599453,0.0,0
1968,41335.0,1,0,24,4.727387818712341,2.995732273553991,3.091042453358316,2.833213344056216,2.70805020110221,1.791759469228055,1.3862943611198906,1.6094379124341003,0.6931471805599453,4,7,0.0,0.0,0.0,0.0,0.0,0.0,0.0,58,13,1,2,187,12,0.0,2.8083981749364924,11,0.25,19,0.0,0,0.6931471805599453,0.0,0.0,0.6931471805599453,0,0.0,0.0,0.0,0.0,0,0.6931471805599453,0.0,0.0,0.0,0.0,1
1958,67267.0,0,1,0,4.90527477843843,2.4849066497880004,4.0943445622221,2.772588722239781,1.0986122886681098,3.4339872044851463,0.6931471805599453,1.3862943611198906,1.0986122886681098,5,2,0.0,0.0,0.0,0.0,0.0,0.0,0.0,68,12,1,3,251,11,0.0,3.1704492309627264,5,0.09090909090909091,13,0.0,1,0.0,0.0,0.0,0.0,1,0.0,0.0,0.0,0.0,1,0.0,0.0,0.0,0.0,0.0,1
1975,57338.0,0,1,96,4.969813299576001,1.9459101490553132,3.970291913552122,2.4849066497880004,2.1972245773362196,2.8903717578961645,1.0986122886681098,1.6094379124341003,0.6931471805599453,5,5,0.0,0.0,0.0,0.0,0.0,0.0,0.0,51,12,1,2,237,12,0.0,3.0325462466767075,9,0.16666666666666666,17,0.0,1,0.0,0.0,0.0,0.0,0,0.6931471805599453,0.0,0.0,0.0,1,0.0,0.0,0.0,0.0,0.0,1
1960,50523.0,1,1,89,3.9512437185814275,1.6094379124341003,3.2188758248682006,1.6094379124341003,2.0794415416798357,0.6931471805599453,1.0986122886681098,1.0986122886681098,0.0,4,6,0.0,0.0,0.0,0.0,0.0,0.0,0.0,66,13,2,4,91,8,0.0,2.515678308454754,8,0.25,14,0.0,0,0.0,0.0,0.0,0.0,0,0.0,0.6931471805599453,0.0,0.0,1,0.0,0.0,0.0,0.0,0.0,1
1965,35791.0,2,1,94,3.332204510175204,0.0,1.791759469228055,0.0,0.0,1.3862943611198906,1.0986122886681098,0.6931471805599453,0.0,3,8,0.0,0.0,0.0,0.0,0.0,0.0,0.0,61,13,3,4,35,6,0.0,1.9218125974762528,9,0.3333333333333333,14,0.0,0,0.6931471805599453,0.0,0.0,0.0,0,0.6931471805599453,0.0,0.0,0.0,1,0.0,0.0,0.0,0.0,0.0,1
1960,50611.0,0,1,98,6.131226489483141,0.0,3.2188758248682006,1.9459101490553132,0.0,1.6094379124341003,1.9459101490553132,1.6094379124341003,1.791759469228055,7,6,0.0,0.6931471805599453,0.0,0.0,0.0,0.0,0.0,66,14,1,2,493,22,0.6931471805599453,3.1531244473054203,10,0.2727272727272727,28,0.0,0,0.0,0.6931471805599453,0.0,0.6931471805599453,0,0.0,0.0,0.0,0.0,1,0.0,0.0,0.0,0.0,0.0,1
1969,56242.0,0,1,72,6.536691597591305,2.1972245773362196,5.123963979403259,2.4849066497880004,2.1972245773362196,4.48863636973214,1.791759469228055,2.1972245773362196,1.6094379124341003,11,6,0.0,0.0,0.0,0.0,0.0,0.0,0.0,57,13,1,3,971,28,0.0,3.5745502684733497,14,0.17857142857142858,34,0.0,0,0.0,0.6931471805599453,0.0,0.0,1,0.0,0.0,0.0,0.0,1,0.0,0.0,0.0,0.0,0.0,1
1960,48904.0,0,1,1,5.648974238161206,2.3978952727983707,3.6635616461296463,0.0,2.6390573296152584,3.332204510175204,1.6094379124341003,2.0794415416798357,1.0986122886681098,4,8,0.0,0.0,0.0,0.0,0.0,0.0,0.0,66,14,1,2,371,17,0.0,3.1277919955670574,15,0.23529411764705882,25,0.0,1,0.0,0.0,0.0,0.0,0,0.6931471805599453,0.0,0.0,0.0,0,0.6931471805599453,0.0,0.0,0.0,0.0,1
1975,56243.0,1,2,26,5.8522024797744745,0.0,3.58351893845611,1.6094379124341003,1.3862943611198906,2.0794415416798357,1.9459101490553132,1.6094379124341003,1.0986122886681098,8,5,0.0,0.0,0.0,0.0,0.0,0.0,0.0,51,13,3,4,396,20,0.0,3.0349529867072724,9,0.3,25,0.0,1,0.0,0.0,0.0,0.0,0,0.6931471805599453,0.0,0.0,0.0,1,0.0,0.0,0.0,0.0,0.0,1
1985,21355.0,1,0,5,1.791759469228055,2.6390573296152584,2.70805020110221,0.0,1.791759469228055,3.4657359027997265,1.0986122886681098,1.0986122886681098,0.6931471805599453,2,6,0.6931471805599453,0.0,0.0,0.0,0.0,0.0,0.6931471805599453,41,13,1,3,68,7,1.0986122886681098,2.371577964480997,8,0.2857142857142857,13,0.0,1,0.0,0.0,0.0,0.0,1,0.0,0.0,0.0,0.0,0,0.6931471805599453,0.0,0.6931471805599453,0.0,0.0,0
1971,57420.0,0,1,22,5.638354669333745,0.0,2.9444389791664403,0.0,0.0,3.2188758248682006,1.3862943611198906,1.791759469228055,0.6931471805599453,6,7,0.0,0.6931471805599453,0.0,0.0,0.0,0.0,0.0,55,13,1,3,322,15,0.6931471805599453,3.1120327292501515,12,0.2,22,0.0,0,0.6931471805599453,0.0,0.0,0.0,0,0.0,0.6931471805599453,0.0,0.0,1,0.0,0.0,0.0,0.0,0.0,1
1970,,0,1,39,5.236441962829949,1.791759469228055,4.189654742026425,3.295836866004329,3.044522437723423,2.70805020110221,1.0986122886681098,1.6094379124341003,1.0986122886681098,6,5,0.0,0.0,0.0,0.0,0.0,0.0,0.0,56,13,1,3,317,14,0.0,3.1630610457618045,9,0.14285714285714285,19,0.0,0,0.6931471805599453,0.0,0.0,0.0,0,0.0,0.6931471805599453,0.0,0.0,1,0.0,0.0,0.0,0.0,0.0,1
1955,46390.0,0,1,56,4.564348191467836,2.70805020110221,4.174387269895637,1.0986122886681098,2.302585092994046,3.6635616461296463,0.6931471805599453,1.6094379124341003,1.0986122886681098,3,7,0.0,0.0,0.0,0.0,0.0,0.0,0.0,71,12,1,2,222,10,0.0,3.1441522786722644,11,0.1,17,0.0,0,0.6931471805599453,0.0,0.0,0.6931471805599453,0,0.0,0.0,0.0,0.0,0,0.6931471805599453,0.0,0.0,0.0,0.0,1
1956,54342.0,1,1,74,4.442651256490317,2.3978952727983707,3.5553480614894135,2.4849066497880004,2.3978952727983707,3.367295829986474,1.6094379124341003,1.3862943611198906,0.6931471805599453,4,6,0.0,0.0,0.0,0.0,0.0,0.0,0.0,70,13,2,4,177,12,0.0,2.7568403652716422,9,0.3333333333333333,18,0.0,0,0.0,0.0,0.0,0.0,0,0.0,0.6931471805599453,0.0,0.0,1,0.0,0.0,0.0,0.0,0.0,1
1958,,1,1,87,2.995732273553991,1.6094379124341003,2.5649493574615367,1.0986122886681098,1.0986122886681098,1.9459101490553132,0.6931471805599453,0.6931471805599453,0.0,3,5,0.0,0.0,0.0,0.0,0.0,0.0,0.0,68,14,2,4,45,5,0.0,2.302585092994046,6,0.2,10,0.0,1,0.0,0.0,0.0,0.0,0,0.0,0.6931471805599453,0.0,0.0,1,0.0,0.0,0.0,0.0,0.0,1
1964,,1,1,49,1.791759469228055,0.6931471805599453,2.302585092994046,1.0986122886681098,0.0,1.6094379124341003,0.6931471805599453,0.6931471805599453,0.0,2,7,0.0,0.0,0.0,0.0,0.0,0.0,0.0,62,12,2,3,21,4,0.0,1.8325814637483102,8,0.25,11,0.0,0,0.0,0.0,0.0,0.0,0,0.6931471805599453,0.0,0.0,0.0,1,0.0,0.0,0.0,0.6931471805599453,0.0,0
1973,20895.0,1,0,24,2.9444389791664403,1.3862943611198906,2.8903717578961645,1.3862943611198906,0.0,1.6094379124341003,0.6931471805599453,1.0986122886681098,0.0,3,9,0.0,0.0,0.0,0.0,0.0,0.0,0.0,53,14,1,3,45,6,0.0,2.1400661634962708,11,0.16666666666666666,15,0.0,1,0.0,0.0,0.0,0.0,1,0.0,0.0,0.0,0.0,1,0.0,0.0,0.0,0.0,0.0,1
1948,92344.0,0,0,9,6.900730664045173,3.2188758248682006,6.543911845564792,3.9512437185814275,2.995732273553991,4.787491742782046,0.0,1.791759469228055,2.3978952727983707,5,1,0.6931471805599453,0.0,0.6931471805599453,0.0,0.0,0.0,0.0,78,12,0,2,1899,20,1.0986122886681098,4.563827222453709,6,0.0,21,0.0,1,0.0,0.0,0.0,0.0,1,0.0,0.0,0.0,0.0,0,0.0,0.0,0.0,0.0,0.0,1
1972,,1,0,17,3.258096538021482,0.6931471805599453,2.6390573296152584,0.0,0.0,1.3862943611198906,0.6931471805599453,0.6931471805599453,0.0,3,7,0.0,0.0,0.0,0.0,0.0,0.0,0.0,54,12,1,3,42,5,0.0,2.2407096892759584,8,0.2,12,0.0,0,0.0,0.6931471805599453,0.0,0.0,0,0.0,0.6931471805599453,0.0,0.0,1,0.0,0.0,0.0,0.0,0.0,1
1976,26907.0,1,1,10,2.302585092994046,0.6931471805599453,2.0794415416798357,0.0,1.3862943611198906,1.0986122886681098,1.0986122886681098,0.6931471805599453,0.0,3,7,0.0,0.0,0.0,0.0,0.0,0.0,0.0,50,13,2,4,22,6,0.0,1.5404450409471488,8,0.3333333333333333,13,0.0,0,0.0,0.0,0.0,0.0,0,0.0,0.6931471805599453,0.0,0.0,1,0.0,0.0,0.0,0.0,0.0,1
1980,44964.0,1,1,35,2.995732273553991,0.6931471805599453,2.8903717578961645,1.0986122886681098,0.0,1.0986122886681098,0.6931471805599453,0.6931471805599453,0.0,3,8,0.0,0.0,0.0,0.0,0.0,0.0,0.0,46,14,2,4,41,5,0.0,2.2192034840549946,9,0.2,13,0.0,1,0.0,0.0,0.0,0.0,0,0.0,0.6931471805599453,0.0,0.0,1,0.0,0.0,0.0,0.0,0.0,1
1979,75507.0,0,0,56,6.565264970035361,4.543294782270004,5.926926025970411,4.653960350157523,4.394449154672439,4.394449154672439,0.6931471805599453,2.1972245773362196,1.9459101490553132,6,3,0.0,0.0,0.0,0.0,0.0,0.0,0.0,47,12,0,2,1440,21,0.0,4.242353974027276,11,0.047619047619047616,24,0.0,1,0.0,0.0,0.0,0.0,0,0.0,0.6931471805599453,0.0,0.0,0,0.6931471805599453,0.0,0.0,0.0,0.0,1
1972,53761.0,1,1,7,5.0689042022202315,0.0,4.343805421853684,2.6390573296152584,2.0794415416798357,4.276666119016055,1.9459101490553132,1.6094379124341003,1.6094379124341003,3,5,0.0,0.0,0.0,0.0,0.0,0.0,0.0,54,13,2,4,325,17,0.0,3.001597393006389,9,0.35294117647058826,22,0.0,0,0.6931471805599453,0.0,0.0,0.0,1,0.0,0.0,0.0,0.0,0,0.6931471805599453,0.0,0.0,0.0,0.0,1
1973,22682.0,1,0,51,2.3978952727983707,2.70805020110221,3.4011973816621555,1.6094379124341003,1.0986122886681098,3.6109179126442243,1.3862943611198906,1.0986122886681098,0.6931471805599453,4,4,0.0,0.0,0.0,0.0,0.0,0.0,0.0,53,13,1,3,95,10,0.0,2.3513752571634776,6,0.3,14,0.0,1,0.0,0.0,0.0,0.0,0,0.0,0.6931471805599453,0.0,0.0,1,0.0,0.0,0.6931471805599453,0.0,0.0,0
1972,38887.0,1,0,17,3.258096538021482,0.6931471805599453,2.6390573296152584,0.0,0.0,1.3862943611198906,0.6931471805599453,0.6931471805599453,0.0,3,7,0.0,0.0,0.0,0.0,0.0,0.0,0.0,54,12,1,3,42,5,0.0,2.2407096892759584,8,0.2,12,0.0,0,0.0,0.6931471805599453,0.0,0.0,0,0.0,0.6931471805599453,0.0,0.0,1,0.0,0.0,0.0,0.0,0.0,1
1975,41658.0,1,1,30,2.1972245773362196,1.6094379124341003,2.5649493574615367,2.772588722239781,1.6094379124341003,3.4011973816621555,1.0986122886681098,0.6931471805599453,0.6931471805599453,2,4,0.0,0.0,0.0,0.0,0.0,0.0,0.0,51,14,2,3,72,6,0.0,2.5649493574615367,5,0.3333333333333333,10,0.0,0,0.0,0.0,0.0,0.0,0,0.6931471805599453,0.0,0.0,0.0,1,0.0,0.0,0.6931471805599453,0.0,0.0,0
1972,29791.0,1,0,21,2.70805020110221,0.0,1.9459101490553132,0.0,0.0,0.0,1.0986122886681098,1.0986122886681098,0.0,3,5,0.0,0.0,0.0,0.0,0.0,0.0,0.0,54,12,1,3,20,7,0.0,1.349926716949016,7,0.2857142857142857,12,0.0,0,0.0,0.6931471805599453,0.0,0.0,1,0.0,0.0,0.0,0.0,1,0.0,0.0,0.0,0.0,0.0,1
1956,63915.0,0,2,2,6.434546518787453,2.0794415416798357,4.7535901911063645,3.4339872044851463,0.0,2.772588722239781,1.0986122886681098,1.9459101490553132,1.3862943611198906,12,5,0.0,0.0,0.0,0.0,0.0,0.0,0.0,70,13,2,4,789,23,0.0,3.5640061242325283,11,0.08695652173913043,28,0.0,0,0.6931471805599453,0.0,0.0,0.0,1,0.0,0.0,0.0,0.0,1,0.0,0.0,0.0,0.0,0.0,1
1974,39996.0,1,1,85,2.4849066497880004,0.0,1.3862943611198906,0.0,0.0,0.6931471805599453,0.6931471805599453,0.6931471805599453,0.0,2,6,0.0,0.0,0.0,0.0,0.0,0.0,0.0,52,12,2,3,15,4,0.0,1.55814461804655,7,0.25,10,0.0,1,0.0,0.0,0.0,0.6931471805599453,0,0.0,0.0,0.0,0.0,1,0.0,0.0,0.0,0.0,0.0,1
1972,26759.0,1,0,65,3.258096538021482,1.3862943611198906,2.833213344056216,2.1972245773362196,1.791759469228055,1.0986122886681098,1.0986122886681098,1.0986122886681098,0.6931471805599453,3,6,0.0,0.0,0.0,0.0,0.0,0.0,0.0,54,12,1,2,59,8,0.0,2.12525107771113,8,0.25,14,0.0,1,0.0,0.0,0.0,0.6931471805599453,0,0.0,0.0,0.0,0.0,1,0.0,0.0,0.0,0.0,0.0,1
1968,63841.0,0,1,64,6.455198563340122,2.772588722239781,4.61512051684126,3.044522437723423,2.0794415416798357,4.882801922586371,0.6931471805599453,2.302585092994046,1.3862943611198906,9,6,0.0,0.0,0.0,0.0,0.0,0.0,0.0,58,13,1,2,908,22,0.0,3.7441421327889857,15,0.045454545454545456,28,0.0,0,0.6931471805599453,0.0,0.0,0.6931471805599453,0,0.0,0.0,0.0,0.0,0,0.6931471805599453,0.0,0.0,0.0,0.0,1
1969,51039.0,1,1,11,4.61512051684126,4.174387269895637,4.382026634673881,4.189654742026425,0.0,4.700480365792417,1.0986122886681098,1.9459101490553132,1.0986122886681098,4,7,0.0,0.0,0.0,0.0,0.0,0.0,0.0,57,14,2,4,417,14,0.0,3.427050760488489,13,0.14285714285714285,21,0.0,0,0.0,0.6931471805599453,0.0,0.0,1,0.0,0.0,0.0,0.0,0,0.6931471805599453,0.0,0.6931471805599453,0.0,0.0,0
1961,60544.0,1,1,92,5.308267697401205,1.0986122886681098,3.784189633918261,1.3862943611198906,1.791759469228055,3.58351893845611,1.6094379124341003,1.791759469228055,0.6931471805599453,5,6,0.0,0.0,0.0,0.0,0.0,0.0,0.0,65,14,2,4,289,15,0.0,3.008977500304012,11,0.26666666666666666,21,0.0,1,0.0,0.0,0.0,0.0,1,0.0,0.0,0.0,0.0,0,0.6931471805599453,0.0,0.0,0.0,0.0,1
1972,65685.0,0,1,54,6.466144724237619,2.70805020110221,3.912023005428146,0.0,2.0794415416798357,4.060443010546419,0.6931471805599453,2.302585092994046,1.0986122886681098,9,5,0.0,0.0,0.0,0.0,0.0,0.0,0.0,54,12,1,3,769,21,0.0,3.6275105077376444,14,0.047619047619047616,26,0.0,1,0.0,0.0,0.0,0.0,1,0.0,0.0,0.0,0.0,0,0.6931471805599453,0.0,0.0,0.0,0.0,1
1953,37716.0,0,1,4,4.584967478670572,0.6931471805599453,3.7376696182833684,1.9459101490553132,1.0986122886681098,3.7376696182833684,1.0986122886681098,1.6094379124341003,0.6931471805599453,3,7,0.0,0.0,0.0,0.0,0.0,0.0,0.0,73,12,1,3,188,10,0.0,2.9856819377004897,11,0.2,17,0.0,1,0.0,0.0,0.0,0.0,1,0.0,0.0,0.0,0.0,0,0.6931471805599453,0.0,0.0,0.0,0.0,1
1957,36864.0,0,1,53,5.3230099791384085,1.791759469228055,3.6888794541139363,2.8903717578961645,0.0,4.499809670330265,1.3862943611198906,1.791759469228055,1.0986122886681098,4,8,0.0,0.0,0.0,0.0,0.0,0.0,0.6931471805599453,69,14,1,2,354,14,0.6931471805599453,3.2690256085536724,13,0.21428571428571427,22,0.0,1,0.0,0.0,0.0,0.0,0,0.6931471805599453,0.0,0.0,0.0,0,0.6931471805599453,0.0,0.0,0.0,0.0,1
1970,44511.0,1,0,39,6.2422232654551655,2.0794415416798357,4.897839799950911,3.8501476017100584,2.70805020110221,2.70805020110221,1.9459101490553132,2.1972245773362196,1.6094379124341003,8,8,0.0,0.0,0.0,0.0,0.0,0.0,0.0,56,14,1,3,727,26,0.0,3.3659686897784113,16,0.23076923076923078,34,0.0,0,0.6931471805599453,0.0,0.0,0.0,1,0.0,0.0,0.0,0.0,0,0.6931471805599453,0.0,0.0,0.0,0.0,1
1967,36947.0,1,1,49,4.48863636973214,1.3862943611198906,3.091042453358316,1.6094379124341003,0.6931471805599453,3.4011973816621555,1.6094379124341003,1.3862943611198906,0.0,4,9,0.0,0.0,0.0,0.0,0.0,0.0,0.0,59,14,2,4,146,11,0.0,2.6583505325499375,12,0.36363636363636365,20,0.0,0,0.0,0.6931471805599453,0.0,0.0,1,0.0,0.0,0.0,0.0,1,0.0,0.0,0.0,0.0,0.0,1
1951,47352.0,0,1,70,5.153291594497779,2.5649493574615367,4.727387818712341,2.1972245773362196,0.0,2.772588722239781,1.6094379124341003,1.9459101490553132,0.6931471805599453,5,7,0.0,0.0,0.0,0.0,0.0,0.0,0.0,75,13,1,3,319,16,0.0,3.041541809585285,13,0.25,23,0.0,0,0.6931471805599453,0.0,0.0,0.0,0,0.0,0.6931471805599453,0.0,0.0,0,0.6931471805599453,0.0,0.0,0.0,0.0,1
1953,67087.0,0,1,40,5.799092654460526,3.58351893845611,5.407171771460119,4.875197323201151,3.58351893845611,3.784189633918261,1.0986122886681098,2.0794415416798357,1.791759469228055,8,4,0.0,0.0,0.0,0.0,0.0,0.0,0.0,73,13,1,3,794,22,0.0,3.6133719016057912,11,0.09090909090909091,26,0.0,0,0.6931471805599453,0.0,0.0,0.0,1,0.0,0.0,0.0,0.0,1,0.0,0.0,0.0,0.0,0.0,1
1950,57045.0,0,1,40,5.6937321388027,2.6390573296152584,4.653960350157523,2.4849066497880004,2.6390573296152584,2.8903717578961645,1.3862943611198906,1.6094379124341003,1.0986122886681098,9,3,0.0,0.0,0.0,0.0,0.0,0.0,0.0,76,14,1,3,454,18,0.0,3.2666072276893905,7,0.16666666666666666,21,0.0,1,0.0,0.0,0.0,0.0,1,0.0,0.0,0.0,0.0,1,0.0,0.0,0.0,0.0,0.0,1
1953,36957.0,1,1,43,4.61512051684126,1.0986122886681098,2.833213344056216,1.0986122886681098,0.6931471805599453,3.4657359027997265,1.6094379124341003,1.3862943611198906,1.0986122886681098,2,9,0.0,0.0,0.0,0.0,0.0,0.0,0.6931471805599453,73,14,2,3,152,11,0.6931471805599453,2.6958549280083917,12,0.36363636363636365,20,0.0,0,0.0,0.6931471805599453,0.0,0.6931471805599453,0,0.0,0.0,0.0,0.0,0,0.6931471805599453,0.0,0.0,0.0,0.0,1
1977,69389.0,0,1,17,6.0473721790462776,2.0794415416798357,5.476463551931511,4.248495242049359,3.8501476017100584,2.772588722239781,0.6931471805599453,2.0794415416798357,1.0986122886681098,12,4,0.0,0.0,0.0,0.0,0.0,0.0,0.0,49,14,1,3,797,22,0.0,3.6170416304947537,11,0.045454545454545456,26,0.0,0,0.0,0.6931471805599453,0.0,0.0,1,0.0,0.0,0.0,0.0,1,0.0,0.0,0.0,0.0,0.0,1
1972,80134.0,1,0,40,7.105786129481271,2.833213344056216,5.60947179518496,4.653960350157523,0.0,4.394449154672439,1.0986122886681098,1.791759469228055,1.3862943611198906,6,6,0.0,0.6931471805599453,0.6931471805599453,0.6931471805599453,0.0,0.0,0.6931471805599453,54,13,1,3,1690,16,1.6094379124341003,4.669318005811843,11,0.125,22,0.0,1,0.0,0.0,0.0,0.0,1,0.0,0.0,0.0,0.0,1,0.0,0.0,0.0,0.0,0.0,1
1969,43142.0,1,1,84,1.791759469228055,0.6931471805599453,2.0794415416798357,1.0986122886681098,0.6931471805599453,1.6094379124341003,0.6931471805599453,0.6931471805599453,0.0,2,7,0.0,0.0,0.0,0.0,0.0,0.0,0.0,57,12,2,4,20,4,0.0,1.791759469228055,8,0.25,11,0.0,0,0.6931471805599453,0.0,0.0,0.0,1,0.0,0.0,0.0,0.0,1,0.0,0.0,0.0,0.6931471805599453,0.0,0
1944,80589.0,0,0,25,6.230481447578482,4.543294782270004,6.255750041753367,5.493061443340548,3.713572066704308,3.295836866004329,0.6931471805599453,1.791759469228055,2.3978952727983707,5,1,0.0,0.0,0.0,0.6931471805599453,0.0,0.0,0.6931471805599453,82,12,0,2,1428,21,1.0986122886681098,4.23410650459726,6,0.047619047619047616,22,0.0,1,0.0,0.0,0.0,0.0,1,0.0,0.0,0.0,0.0,0,0.0,0.0,0.0,0.6931471805599453,0.0,0
1990,34412.0,1,0,62,3.970291913552122,2.5649493574615367,3.9318256327243257,1.6094379124341003,3.6109179126442243,4.02535169073515,1.3862943611198906,1.791759469228055,0.0,3,9,0.0,0.0,0.0,0.0,0.0,0.0,0.0,36,13,1,2,209,11,0.0,2.995732273553991,14,0.2727272727272727,20,0.0,1,0.0,0.0,0.0,0.0,0,0.6931471805599453,0.0,0.0,0.0,0,0.6931471805599453,0.0,0.6931471805599453,0.0,0.0,0
1979,57537.0,1,0,83,5.2574953720277815,4.04305126783455,4.941642422609304,3.9512437185814275,2.1972245773362196,4.61512051684126,1.6094379124341003,1.6094379124341003,1.3862943611198906,8,4,0.0,0.0,0.0,0.0,0.0,0.0,0.0,47,13,1,2,545,19,0.0,3.3906152723316185,8,0.21052631578947367,23,0.0,1,0.0,0.0,0.0,0.0,0,0.6931471805599453,0.0,0.0,0.0,1,0.0,0.0,0.0,0.0,0.0,1
1966,22634.0,0,0,47,1.0986122886681098,3.1780538303479458,2.4849066497880004,2.1972245773362196,1.9459101490553132,3.8501476017100584,0.6931471805599453,1.0986122886681098,0.6931471805599453,2,8,0.0,0.0,0.0,0.0,0.0,0.0,0.0,60,13,0,2,96,6,0.0,2.833213344056216,10,0.16666666666666666,14,0.6931471805599453,0,0.0,0.0,0.0,0.0,0,0.0,0.6931471805599453,0.0,0.0,0,0.6931471805599453,0.0,0.6931471805599453,0.0,0.0,0
1948,51315.0,0,0,45,4.23410650459726,3.367295829986474,3.6888794541139363,2.833213344056216,3.4339872044851463,3.7376696182833684,0.6931471805599453,1.0986122886681098,1.0986122886681098,5,2,0.0,0.0,0.0,0.0,0.0,0.0,0.0,78,12,0,2,222,10,0.0,3.1441522786722644,4,0.1,12,0.0,1,0.0,0.0,0.0,0.0,0,0.0,0.6931471805599453,0.0,0.0,1,0.0,0.0,0.0,0.0,0.0,1
1972,36026.0,2,1,34,3.044522437723423,1.6094379124341003,2.3978952727983707,1.9459101490553132,1.6094379124341003,2.8903717578961645,1.0986122886681098,1.0986122886681098,0.0,3,6,0.0,0.0,0.0,0.0,0.0,0.0,0.0,54,12,3,5,61,7,0.0,2.2735975561207935,8,0.2857142857142857,13,0.0,1,0.0,0.0,0.0,0.0,1,0.0,0.0,0.0,0.0,1,0.0,0.0,0.0,0.0,0.0,1
1973,24639.0,1,1,3,3.044522437723423,1.3862943611198906,2.833213344056216,0.0,1.6094379124341003,0.6931471805599453,1.3862943611198906,1.0986122886681098,0.0,4,6,0.0,0.0,0.0,0.0,0.0,0.0,0.0,53,12,2,4,44,9,0.0,1.7730673362159026,8,0.3333333333333333,15,0.0,1,0.0,0.0,0.0,0.0,1,0.0,0.0,0.0,0.0,1,0.0,0.0,0.0,0.0,0.0,1
1972,34578.0,2,1,1,2.0794415416798357,0.0,0.6931471805599453,0.0,0.0,0.0,0.6931471805599453,0.6931471805599453,0.0,2,6,0.0,0.0,0.0,0.0,0.0,0.0,0.0,54,12,3,5,8,4,0.0,1.0986122886681098,7,0.25,10,0.0,0,0.0,0.6931471805599453,0.0,0.0,0,0.0,0.6931471805599453,0.0,0.0,1,0.0,0.0,0.0,0.0,0.0,1
1972,65704.0,0,0,18,5.634789603169249,5.153291594497779,4.31748811353631,3.6635616461296463,2.1972245773362196,5.5093883366279774,0.6931471805599453,1.0986122886681098,2.3978952727983707,10,1,0.0,0.0,0.0,0.0,0.0,0.0,0.0,54,13,0,1,817,23,0.0,3.5979076759082096,3,0.043478260869565216,24,0.0,0,0.0,0.0,0.0,0.0,0,0.6931471805599453,0.0,0.0,0.0,0,0.0,0.0,0.0,0.0,0.0,1
1966,63810.0,0,1,45,6.885509670034818,2.5649493574615367,5.537334267018537,2.833213344056216,2.5649493574615367,4.624972813284271,1.6094379124341003,1.6094379124341003,1.3862943611198906,12,8,0.0,0.6931471805599453,0.0,0.0,0.0,0.0,0.0,60,14,1,2,1371,23,0.6931471805599453,4.10443837539132,12,0.17391304347826086,31,0.0,1,0.0,0.0,0.0,0.0,0,0.6931471805599453,0.0,0.0,0.0,1,0.0,0.0,0.0,0.0,0.0,1
1969,54132.0,0,1,81,3.4339872044851463,0.6931471805599453,2.1972245773362196,0.0,0.0,1.3862943611198906,0.6931471805599453,0.6931471805599453,0.0,3,7,0.0,0.0,0.0,0.0,0.0,0.0,0.0,57,12,1,3,42,5,0.0,2.2407096892759584,8,0.2,12,0.0,0,0.0,0.6931471805599453,0.0,0.0,0,0.0,0.6931471805599453,0.0,0.0,1,0.0,0.0,0.0,0.0,0.0,1
1959,18690.0,0,0,77,1.9459101490553132,0.6931471805599453,2.0794415416798357,3.1780538303479458,1.6094379124341003,2.995732273553991,0.6931471805599453,0.6931471805599453,0.6931471805599453,2,8,0.0,0.0,0.0,0.0,0.0,0.0,0.0,67,14,0,2,60,5,0.0,2.5649493574615367,9,0.2,13,0.0,1,0.0,0.0,0.0,0.0,1,0.0,0.0,0.0,0.0,1,0.0,0.0,0.0,0.0,0.0,0
1970,28164.0,1,0,23,1.3862943611198906,2.9444389791664403,3.295836866004329,2.4849066497880004,2.1972245773362196,2.5649493574615367,1.3862943611198906,1.0986122886681098,0.0,4,7,0.0,0.0,0.0,0.0,0.0,0.0,0.0,56,13,1,3,78,9,0.0,2.268683541318364,9,0.3333333333333333,16,0.0,1,0.0,0.0,0.0,0.0,1,0.0,0.0,0.0,0.0,1,0.0,0.0,0.0,0.6931471805599453,0.0,0
1974,34596.0,1,0,48,2.70805020110221,0.0,1.0986122886681098,0.0,0.0,2.0794415416798357,0.6931471805599453,0.6931471805599453,0.0,2,8,0.0,0.0,0.0,0.0,0.0,0.0,0.0,52,13,1,3,23,4,0.0,1.9095425048844386,9,0.25,12,0.0,0,0.0,0.6931471805599453,0.0,0.0,1,0.0,0.0,0.0,0.0,1,0.0,0.0,0.0,0.0,0.0,1
1972,43269.0,1,0,61,2.3978952727983707,0.6931471805599453,2.0794415416798357,0.0,0.0,0.6931471805599453,0.6931471805599453,0.6931471805599453,0.0,2,8,0.0,0.0,0.0,0.0,0.0,0.0,0.0,54,13,1,3,19,4,0.0,1.749199854809259,9,0.25,12,0.0,0,0.0,0.6931471805599453,0.0,0.0,1,0.0,0.0,0.0,0.0,1,0.0,0.0,0.0,0.0,0.0,1
1958,38741.0,1,1,60,2.0794415416798357,2.3978952727983707,2.8903717578961645,2.1972245773362196,1.9459101490553132,2.6390573296152584,1.0986122886681098,1.0986122886681098,0.0,3,7,0.0,0.0,0.0,0.0,0.0,0.0,0.0,68,12,2,3,61,7,0.0,2.2735975561207935,9,0.2857142857142857,14,0.0,0,0.0,0.0,0.0,0.0,0,0.6931471805599453,0.0,0.0,0.0,1,0.0,0.0,0.0,0.6931471805599453,0.0,0
1972,31907.0,0,0,75,3.5263605246161616,4.477336814478207,4.174387269895637,5.170483995038151,2.833213344056216,4.31748811353631,0.6931471805599453,1.9459101490553132,0.6931471805599453,6,7,0.0,0.0,0.0,0.0,0.0,0.0,0.0,54,13,0,1,449,14,0.0,3.4986697244709752,13,0.07142857142857142,21,0.0,1,0.0,0.0,0.0,0.0,0,0.6931471805599453,0.0,0.0,0.0,0,0.6931471805599453,0.0,0.0,0.0,0.0,0
1983,27100.0,1,0,64,2.5649493574615367,0.0,2.6390573296152584,1.0986122886681098,0.0,2.3978952727983707,0.6931471805599453,0.6931471805599453,0.0,3,7,0.0,0.0,0.0,0.0,0.0,0.0,0.0,43,13,1,3,37,5,0.0,2.128231705849268,8,0.2,12,0.0,0,0.6931471805599453,0.0,0.0,0.0,1,0.0,0.0,0.0,0.0,1,0.0,0.0,0.0,0.6931471805599453,0.0,0
1973,31163.0,1,0,54,1.0986122886681098,1.3862943611198906,2.3978952727983707,2.4849066497880004,1.0986122886681098,2.3978952727983707,0.6931471805599453,0.6931471805599453,0.0,3,6,0.0,0.0,0.0,0.0,0.0,0.0,0.0,53,12,1,2,38,5,0.0,2.151762203259462,7,0.2,11,0.0,0,0.0,0.0,0.0,0.6931471805599453,0,0.0,0.0,0.0,0.0,1,0.0,0.0,0.0,0.0,0.0,0
1985,92533.0,0,0,84,6.542471960506805,3.091042453358316,4.77912349311153,4.709530201312334,4.997212273764115,3.7612001156935624,0.6931471805599453,1.9459101490553132,1.791759469228055,11,2,0.0,0.0,0.6931471805599453,0.6931471805599453,0.0,0.0,0.0,41,13,0,2,1131,23,1.0986122886681098,3.915495231138895,8,0.043478260869565216,25,0.0,1,0.0,0.0,0.0,0.0,1,0.0,0.0,0.0,0.0,1,0.0,0.0,0.0,0.0,0.0,1
1973,34853.0,1,1,75,2.302585092994046,1.3862943611198906,2.772588722239781,1.0986122886681098,1.3862943611198906,1.0986122886681098,1.0986122886681098,1.0986122886681098,0.0,3,6,0.0,0.0,0.0,0.0,0.0,0.0,0.0,53,13,2,3,34,7,0.0,1.7676619176489945,8,0.2857142857142857,13,0.0,1,0.0,0.0,0.0,0.0,0,0.6931471805599453,0.0,0.0,0.0,1,0.0,0.0,0.0,0.6931471805599453,0.0,0
1967,70844.0,1,1,16,4.867534450455582,3.295836866004329,4.219507705176107,1.3862943611198906,4.219507705176107,1.0986122886681098,1.791759469228055,1.9459101490553132,0.6931471805599453,5,7,0.0,0.0,0.0,0.0,0.0,0.0,0.0,59,13,2,3,294,17,0.0,2.906579568123018,13,0.29411764705882354,24,0.0,1,0.0,0.0,0.0,0.6931471805599453,0,0.0,0.0,0.0,0.0,0,0.6931471805599453,0.0,0.0,0.0,0.0,1
1979,31086.0,1,1,79,2.833213344056216,1.0986122886681098,2.4849066497880004,1.3862943611198906,0.0,2.833213344056216,1.0986122886681098,0.6931471805599453,0.6931471805599453,2,8,0.6931471805599453,0.0,0.0,0.0,0.0,0.0,0.0,47,13,2,4,48,6,0.6931471805599453,2.1972245773362196,9,0.3333333333333333,14,0.0,0,0.0,0.0,0.0,0.0,1,0.0,0.0,0.0,0.0,1,0.0,0.0,0.0,0.0,0.0,1
1961,60544.0,1,1,92,5.308267697401205,1.0986122886681098,3.784189633918261,1.3862943611198906,1.791759469228055,3.58351893845611,1.6094379124341003,1.791759469228055,0.6931471805599453,5,6,0.0,0.0,0.0,0.0,0.0,0.0,0.0,65,14,2,4,289,15,0.0,3.008977500304012,11,0.26666666666666666,21,0.0,1,0.0,0.0,0.0,0.0,1,0.0,0.0,0.0,0.0,0,0.6931471805599453,0.0,0.0,0.0,0.0,1
1986,20491.0,0,0,16,1.791759469228055,1.6094379124341003,1.791759469228055,1.6094379124341003,1.0986122886681098,2.3978952727983707,0.6931471805599453,0.0,0.6931471805599453,2,7,0.0,0.0,0.0,0.0,0.0,0.0,0.0,40,13,0,2,30,4,0.0,2.1400661634962708,7,0.25,11,0.0,0,0.0,0.0,0.0,0.0,0,0.0,0.6931471805599453,0.0,0.0,1,0.0,0.0,0.6931471805599453,0.0,0.0,0
1964,42523.0,0,0,96,2.70805020110221,3.6109179126442243,2.4849066497880004,1.3862943611198906,3.295836866004329,3.58351893845611,0.6931471805599453,0.6931471805599453,0.6931471805599453,4,2,0.0,0.0,0.0,0.0,0.0,0.0,0.0,62,12,0,2,125,7,0.0,2.9368917735310576,3,0.14285714285714285,9,0.0,1,0.0,0.0,0.0,0.0,1,0.0,0.0,0.0,0.0,1,0.0,0.6931471805599453,0.0,0.0,0.0,0
1983,39922.0,1,0,30,3.4011973816621555,2.5649493574615367,4.0943445622221,2.995732273553991,0.6931471805599453,3.6109179126442243,1.0986122886681098,1.3862943611198906,0.0,4,8,0.0,0.0,0.0,0.0,0.0,0.0,0.0,43,13,1,3,156,9,0.0,2.908720896564361,11,0.2222222222222222,17,0.0,1,0.0,0.0,0.0,0.0,1,0.0,0.0,0.0,0.0,1,0.0,0.0,0.0,0.6931471805599453,0.0,0
1952,33402.0,1,1,60,3.295836866004329,1.0986122886681098,2.995732273553991,2.3978952727983707,1.791759469228055,2.1972245773362196,1.3862943611198906,1.0986122886681098,0.6931471805599453,3,8,0.0,0.0,0.0,0.0,0.0,0.0,0.0,74,13,2,4,70,9,0.0,2.1722232751308024,10,0.3333333333333333,17,0.0,1,0.0,0.0,0.0,0.0,0,0.0,0.6931471805599453,0.0,0.0,1,0.0,0.0,0.0,0.0,0.0,1
1949,36408.0,1,1,11,2.302585092994046,0.6931471805599453,1.6094379124341003,1.3862943611198906,1.0986122886681098,1.3862943611198906,0.6931471805599453,0.6931471805599453,0.0,2,6,0.0,0.0,0.0,0.0,0.0,0.0,0.0,77,13,2,4,22,4,0.0,1.8718021769015913,7,0.25,10,0.0,0,0.6931471805599453,0.0,0.0,0.0,1,0.0,0.0,0.0,0.0,1,0.0,0.0,0.0,0.0,0.0,1
1979,21645.0,1,0,75,2.70805020110221,0.0,3.1780538303479458,1.6094379124341003,1.791759469228055,2.995732273553991,1.3862943611198906,1.3862943611198906,0.0,3,9,0.0,0.0,0.0,0.0,0.0,0.0,0.6931471805599453,47,14,1,3,65,9,0.6931471805599453,2.10684051586795,12,0.3333333333333333,18,0.0,1,0.0,0.0,0.0,0.0,0,0.0,0.6931471805599453,0.0,0.0,0,0.6931471805599453,0.0,0.0,0.6931471805599453,0.0,0
1948,78427.0,0,0,36,6.880384082186005,2.995732273553991,6.39024066706535,5.198497031265826,3.295836866004329,4.9344739331306915,1.3862943611198906,1.3862943611198906,2.0794415416798357,10,3,0.0,0.0,0.0,0.6931471805599453,0.0,0.0,0.6931471805599453,78,14,0,1,1930,23,1.0986122886681098,4.441627714947529,6,0.13043478260869565,26,0.0,0,0.6931471805599453,0.0,0.0,0.0,0,0.0,0.0,0.6931471805599453,0.0,1,0.0,0.0,0.0,0.0,0.0,1
1946,82657.0,0,0,71,6.874198495453294,5.1298987149230735,6.511745329644728,5.5093883366279774,4.663439094112067,4.844187086458591,0.6931471805599453,2.0794415416798357,1.791759469228055,10,4,0.0,0.6931471805599453,0.0,0.6931471805599453,0.0,0.0,0.0,80,13,0,2,2283,23,1.0986122886681098,4.607775484899855,11,0.043478260869565216,27,0.0,1,0.0,0.0,0.0,0.0,0,0.0,0.6931471805599453,0.0,0.0,1,0.0,0.0,0.0,0.0,0.0,1
1958,51876.0,0,0,88,4.605170185988092,3.332204510175204,4.634728988229636,3.367295829986474,3.8918202981106265,1.9459101490553132,0.6931471805599453,1.0986122886681098,1.0986122886681098,8,1,0.0,0.0,0.0,0.0,0.0,0.0,0.0,68,13,0,2,310,13,0.0,3.2127029657611197,3,0.07692307692307693,14,0.0,1,0.0,0.0,0.0,0.0,1,0.0,0.0,0.0,0.0,1,0.0,0.0,0.0,0.6931471805599453,0.0,0
1971,78041.0,0,0,93,6.180016653652572,3.58351893845611,6.317164686747284,4.290459441148391,5.081404364984463,2.8903717578961645,0.6931471805599453,1.6094379124341003,1.6094379124341003,9,2,0.0,0.0,0.0,0.0,0.0,0.0,0.0,55,14,0,2,1319,18,0.0,4.307811819205779,6,0.05555555555555555,20,0.0,0,0.0,0.0,0.0,0.0,1,0.0,0.0,0.0,0.0,1,0.0,0.0,0.0,0.6931471805599453,0.0,0
1957,52852.0,0,1,93,6.5722825426940075,2.1972245773362196,4.605170185988092,2.4849066497880004,0.0,3.871201010907891,1.6094379124341003,2.3978952727983707,2.0794415416798357,5,8,0.6931471805599453,0.0,0.0,0.0,0.0,0.0,0.0,69,14,1,3,879,26,0.6931471805599453,3.549838405678444,18,0.15384615384615385,34,0.0,1,0.0,0.0,0.0,0.0,1,0.0,0.0,0.0,0.0,0,0.6931471805599453,0.0,0.0,0.0,0.0,1
1982,70038.0,0,0,54,6.376726947898627,4.007333185232471,5.855071922202427,4.276666119016055,4.007333185232471,4.875197323201151,0.6931471805599453,1.6094379124341003,1.6094379124341003,8,2,0.0,0.0,0.0,0.0,0.0,0.0,0.0,44,13,0,2,1244,17,0.0,4.306446991908704,6,0.058823529411764705,19,0.0,0,0.0,0.6931471805599453,0.0,0.0,0,0.0,0.6931471805599453,0.0,0.0,1,0.0,0.0,0.0,0.0,0.0,1
1973,69401.0,0,1,41,5.991464547107982,3.332204510175204,5.075173815233827,4.07753744390572,2.1972245773362196,3.6888794541139363,1.6094379124341003,1.6094379124341003,1.6094379124341003,5,2,0.0,0.0,0.0,0.0,0.0,0.0,0.0,53,12,1,3,690,17,0.0,3.7278173218403565,6,0.23529411764705882,19,0.0,0,0.0,0.0,0.0,0.0,0,0.0,0.6931471805599453,0.0,0.0,1,0.0,0.0,0.0,0.0,0.0,1
1972,46053.0,1,0,46,4.04305126783455,2.3978952727983707,4.532599493153256,2.995732273553991,2.0794415416798357,3.258096538021482,1.3862943611198906,1.3862943611198906,1.0986122886681098,4,5,0.0,0.0,0.0,0.0,0.0,0.0,0.0,54,13,1,3,209,12,0.0,2.9132560517297525,8,0.25,17,0.0,1,0.0,0.0,0.0,0.0,0,0.0,0.6931471805599453,0.0,0.0,1,0.0,0.0,0.0,0.6931471805599453,0.0,0
1965,77343.0,0,0,28,5.429345628954441,5.0238805208462765,6.352629396319567,4.59511985013459,4.007333185232471,3.4657359027997265,0.6931471805599453,1.3862943611198906,1.6094379124341003,9,1,0.0,0.0,0.0,0.0,0.0,0.0,0.0,61,12,0,2,1134,17,0.0,4.215173064665667,4,0.058823529411764705,18,0.0,1,0.0,0.0,0.0,0.0,1,0.0,0.0,0.0,0.0,1,0.0,0.0,0.0,0.6931471805599453,0.0,0
1953,73892.0,0,0,40,6.556778356158042,4.634728988229636,6.400257445308821,0.0,4.07753744390572,3.784189633918261,0.6931471805599453,1.3862943611198906,2.4849066497880004,8,1,0.0,0.0,0.0,0.0,0.0,0.0,0.6931471805599453,73,13,0,1,1507,23,0.6931471805599453,4.1975287984573315,4,0.043478260869565216,24,0.0,1,0.0,0.0,0.0,0.0,0,0.6931471805599453,0.0,0.0,0.0,0,0.0,0.0,0.0,0.0,0.0,1
1967,40304.0,1,0,82,3.6375861597263857,0.0,2.8903717578961645,0.0,0.0,1.3862943611198906,0.6931471805599453,1.0986122886681098,0.0,3,7,0.0,0.0,0.0,0.0,0.0,0.0,0.0,59,13,1,2,57,6,0.0,2.3513752571634776,9,0.16666666666666666,13,0.0,0,0.0,0.6931471805599453,0.0,0.0,0,0.6931471805599453,0.0,0.0,0.0,1,0.0,0.0,0.0,0.0,0.0,1
1965,32727.0,0,0,38,5.123963979403259,2.6390573296152584,5.198497031265826,4.465908118654584,2.6390573296152584,4.2626798770413155,1.0986122886681098,2.0794415416798357,1.3862943611198906,5,8,0.0,0.0,0.0,0.0,0.0,0.0,0.0,61,14,0,2,529,17,0.0,3.469405631688689,15,0.11764705882352941,25,0.0,0,0.0,0.6931471805599453,0.0,0.0,0,0.0,0.6931471805599453,0.0,0.0,0,0.6931471805599453,0.0,0.0,0.6931471805599453,0.0,0
1969,68695.0,0,0,3,6.129050210060545,4.406719247264253,5.877735781779639,4.672828834461906,3.9318256327243257,3.713572066704308,0.6931471805599453,1.6094379124341003,1.6094379124341003,7,2,0.0,0.0,0.0,0.0,0.0,0.0,0.0,57,12,0,2,1091,16,0.0,4.2368202104688555,6,0.0625,18,0.0,1,0.0,0.0,0.0,0.0,0,0.0,0.6931471805599453,0.0,0.0,1,0.0,0.0,0.0,0.0,0.0,1
1971,43300.0,0,1,87,4.5217885770490405,1.3862943611198906,3.970291913552122,1.0986122886681098,0.6931471805599453,3.4657359027997265,1.3862943611198906,1.6094379124341003,0.0,4,8,0.0,0.0,0.0,0.0,0.0,0.0,0.6931471805599453,55,14,1,2,180,11,0.6931471805599453,2.854378155248259,12,0.2727272727272727,19,0.0,1,0.0,0.0,0.0,0.6931471805599453,0,0.0,0.0,0.0,0.0,0,0.6931471805599453,0.0,0.0,0.0,0.0,1
1972,26290.0,1,1,49,2.772588722239781,2.1972245773362196,2.833213344056216,2.4849066497880004,1.791759469228055,3.1354942159291497,1.6094379124341003,1.0986122886681098,0.0,4,6,0.0,0.0,0.0,0.0,0.0,0.0,0.0,54,13,2,4,77,10,0.0,2.163323025660538,8,0.4,16,0.0,1,0.0,0.0,0.0,0.0,0,0.0,0.6931471805599453,0.0,0.0,1,0.0,0.0,0.6931471805599453,0.0,0.0,0
1970,93790.0,0,0,16,7.172424577124845,4.23410650459726,6.595780513961311,4.499809670330265,4.74493212836325,3.828641396489095,0.0,1.9459101490553132,2.0794415416798357,12,2,0.0,0.6931471805599453,0.6931471805599453,0.6931471805599453,0.0,0.0,0.6931471805599453,56,12,0,1,2349,25,1.6094379124341003,4.553455750301413,8,0.0,27,0.0,1,0.0,0.0,0.0,0.0,0,0.6931471805599453,0.0,0.0,0.0,1,0.0,0.0,0.0,0.0,0.0,1
1974,38410.0,0,0,65,5.0369526024136295,4.174387269895637,4.820281565605037,4.762173934797756,4.174387269895637,2.70805020110221,1.0986122886681098,1.791759469228055,1.0986122886681098,9,6,0.0,0.0,0.0,0.0,0.0,0.0,0.6931471805599453,52,14,0,2,534,18,0.6931471805599453,3.4231762883809305,11,0.1111111111111111,24,0.0,0,0.0,0.6931471805599453,0.0,0.0,1,0.0,0.0,0.0,0.0,1,0.0,0.0,0.0,0.0,0.0,1
1950,64866.0,0,1,9,6.2324480165505225,1.791759469228055,3.091042453358316,2.0794415416798357,1.791759469228055,2.3978952727983707,1.6094379124341003,2.0794415416798357,1.3862943611198906,7,5,0.0,0.6931471805599453,0.0,0.0,0.0,0.0,0.0,76,12,1,2,556,21,0.6931471805599453,3.3133198287846763,12,0.19047619047619047,26,0.0,0,0.6931471805599453,0.0,0.0,0.0,0,0.0,0.0,0.6931471805599453,0.0,0,0.6931471805599453,0.0,0.0,0.0,0.0,1
1959,57957.0,0,1,24,5.673323267171493,4.0943445622221,5.181783550292085,4.356708826689592,1.791759469228055,3.4011973816621555,2.0794415416798357,1.6094379124341003,1.9459101490553132,8,3,0.0,0.0,0.0,0.0,0.0,0.6931471805599453,0.0,67,13,1,3,637,25,0.0,3.2763897310688073,7,0.28,28,0.0,1,0.0,0.0,0.0,0.0,0,0.0,0.6931471805599453,0.0,0.0,1,0.0,0.0,0.0,0.0,0.0,1
1955,46015.0,1,1,25,3.6635616461296463,0.0,1.0986122886681098,0.0,0.0,1.9459101490553132,0.6931471805599453,0.6931471805599453,0.0,3,7,0.6931471805599453,0.0,0.0,0.0,0.6931471805599453,0.0,0.0,71,12,2,4,46,5,1.0986122886681098,2.322387720290225,8,0.2,12,0.0,0,0.0,0.6931471805599453,0.0,0.0,0,0.0,0.6931471805599453,0.0,0.0,1,0.0,0.0,0.0,0.0,0.0,1
1978,16531.0,1,0,43,1.0986122886681098,2.6390573296152584,1.9459101490553132,2.0794415416798357,1.791759469228055,2.4849066497880004,1.3862943611198906,1.3862943611198906,0.0,3,7,0.0,0.0,0.0,0.0,0.0,0.0,0.0,48,12,1,3,44,9,0.0,1.7730673362159026,10,0.3333333333333333,16,0.0,1,0.0,0.0,0.0,0.0,0,0.0,0.6931471805599453,0.0,0.0,0,0.6931471805599453,0.6931471805599453,0.0,0.0,0.0,0
1986,28072.0,1,0,10,3.4339872044851463,0.0,2.3978952727983707,1.0986122886681098,0.0,1.791759469228055,0.6931471805599453,0.6931471805599453,0.0,3,7,0.0,0.0,0.0,0.0,0.0,0.0,0.0,40,13,1,3,47,5,0.0,2.341805806147327,8,0.2,12,0.0,0,0.6931471805599453,0.0,0.0,0.0,1,0.0,0.0,0.0,0.0,1,0.0,0.0,0.0,0.0,0.0,1
1963,49476.0,0,1,29,5.958424693029782,3.1780538303479458,4.564348191467836,4.007333185232471,3.7376696182833684,5.2832037287379885,1.6094379124341003,1.0986122886681098,2.4849066497880004,5,2,0.0,0.0,0.0,0.0,0.0,0.0,0.0,63,13,1,2,795,22,0.0,3.614596641501687,4,0.18181818181818182,24,0.0,0,0.6931471805599453,0.0,0.0,0.6931471805599453,0,0.0,0.0,0.0,0.0,0,0.0,0.0,0.0,0.0,0.0,1
1953,50725.0,0,1,45,6.095824562432225,2.3978952727983707,4.330733340286331,0.0,2.3978952727983707,3.8918202981106265,1.6094379124341003,2.1972245773362196,0.6931471805599453,8,8,0.0,0.0,0.0,0.0,0.0,0.0,0.0,73,13,1,3,586,21,0.0,3.3640063533360753,16,0.19047619047619047,29,0.0,1,0.0,0.0,0.0,0.0,1,0.0,0.0,0.0,0.0,0,0.6931471805599453,0.0,0.0,0.0,0.0,1
1952,83844.0,0,0,57,6.804614520062624,3.4657359027997265,5.846438775057725,4.330733340286331,3.4657359027997265,5.2574953720277815,0.6931471805599453,1.6094379124341003,1.6094379124341003,11,1,0.0,0.0,0.6931471805599453,0.0,0.0,0.0,0.0,74,13,0,2,1574,20,0.6931471805599453,4.378269585796169,5,0.05,21,0.0,1,0.0,0.0,0.0,0.0,0,0.0,0.6931471805599453,0.0,0.0,1,0.0,0.0,0.0,0.0,0.0,1
1950,41145.0,1,1,20,2.302585092994046,0.0,1.3862943611198906,0.0,0.0,0.6931471805599453,0.6931471805599453,0.0,0.0,3,3,0.0,0.0,0.0,0.0,0.0,0.0,0.0,76,12,2,4,13,4,0.0,1.4469189829363254,3,0.25,7,0.0,0,0.0,0.6931471805599453,0.0,0.0,1,0.0,0.0,0.0,0.0,1,0.0,0.0,0.0,0.0,0.0,1
1970,67419.0,0,1,29,6.741700694652055,4.442651256490317,5.8664680569332965,4.5217885770490405,4.04305126783455,3.7612001156935624,1.6094379124341003,2.302585092994046,1.6094379124341003,8,5,0.0,0.0,0.0,0.0,0.0,0.0,0.0,56,13,1,3,1471,25,0.0,4.091674333666222,14,0.16,30,0.0,1,0.0,0.0,0.0,0.0,0,0.0,0.6931471805599453,0.0,0.0,0,0.6931471805599453,0.0,0.0,0.0,0.0,1
1970,23162.0,1,1,82,2.1972245773362196,1.3862943611198906,2.302585092994046,2.995732273553991,1.6094379124341003,3.1354942159291497,1.3862943611198906,0.6931471805599453,0.6931471805599453,3,6,0.0,0.0,0.0,0.0,0.0,0.0,0.0,56,13,2,4,65,8,0.0,2.211017899468555,7,0.375,14,0.0,0,0.0,0.0,0.0,0.0,1,0.0,0.0,0.0,0.0,1,0.0,0.0,0.6931471805599453,0.0,0.0,0
1977,34380.0,1,0,68,4.290459441148391,2.0794415416798357,4.07753744390572,2.6390573296152584,0.6931471805599453,3.2188758248682006,1.6094379124341003,1.6094379124341003,0.6931471805599453,3,8,0.0,0.0,0.0,0.0,0.0,0.0,0.0,49,13,1,3,175,12,0.0,2.7462019670665865,12,0.3333333333333333,20,0.0,1,0.0,0.0,0.0,0.0,1,0.0,0.0,0.0,0.0,0,0.6931471805599453,0.0,0.0,0.0,0.0,1
1966,34704.0,0,1,65,3.4011973816621555,0.0,1.791759469228055,0.0,0.6931471805599453,1.791759469228055,0.6931471805599453,0.6931471805599453,0.0,3,5,0.0,0.0,0.0,0.0,0.0,0.0,0.0,60,13,1,2,40,5,0.0,2.1972245773362196,6,0.2,10,0.0,1,0.0,0.0,0.0,0.0,0,0.6931471805599453,0.0,0.0,0.0,1,0.0,0.0,0.0,0.0,0.0,1
1969,94871.0,0,2,99,5.135798437050262,3.2188758248682006,6.317164686747284,5.241747015059643,0.0,4.976733742420574,0.6931471805599453,2.1972245773362196,1.791759469228055,4,7,0.0,0.6931471805599453,0.6931471805599453,0.0,0.0,0.0,0.6931471805599453,57,14,2,4,1078,18,1.3862943611198906,4.109050709611796,15,0.05555555555555555,25,0.0,0,0.0,0.6931471805599453,0.0,0.0,1,0.0,0.0,0.0,0.0,0,0.6931471805599453,0.0,0.0,0.6931471805599453,0.0,0
1958,65148.0,0,1,9,6.133398042996649,3.58351893845611,6.0473721790462776,3.5263605246161616,2.5649493574615367,5.0369526024136295,1.0986122886681098,1.9459101490553132,1.9459101490553132,7,4,0.0,0.0,0.0,0.0,0.0,0.0,0.0,68,14,1,3,1115,21,0.0,3.9907461615576736,10,0.09523809523809523,25,0.0,1,0.0,0.0,0.0,0.0,1,0.0,0.0,0.0,0.0,1,0.0,0.0,0.0,0.0,0.0,1
1954,39898.0,0,1,20,4.248495242049359,2.1972245773362196,3.295836866004329,2.5649493574615367,2.0794415416798357,2.5649493574615367,1.0986122886681098,1.3862943611198906,0.0,4,7,0.0,0.0,0.0,0.0,0.0,0.0,0.0,72,13,1,3,134,9,0.0,2.765620052923688,10,0.2222222222222222,16,0.0,1,0.0,0.0,0.0,0.0,0,0.0,0.6931471805599453,0.0,0.0,1,0.0,0.0,0.0,0.0,0.0,1
1956,64857.0,0,0,78,6.322565239927284,2.70805020110221,6.576469569048224,5.351858133476067,0.0,3.784189633918261,0.6931471805599453,2.0794415416798357,1.791759469228055,10,4,0.0,0.0,0.0,0.0,0.0,0.0,0.0,70,14,0,1,1540,23,0.0,4.218868114492327,11,0.043478260869565216,27,0.0,0,0.6931471805599453,0.0,0.0,0.0,0,0.6931471805599453,0.0,0.0,0.0,1,0.0,0.0,0.0,0.6931471805599453,0.0,0
1970,59892.0,0,1,26,4.30406509320417,0.0,2.6390573296152584,0.0,0.6931471805599453,0.0,0.6931471805599453,1.0986122886681098,0.6931471805599453,3,3,0.0,0.0,0.0,0.0,0.0,0.0,0.0,56,13,1,3,87,7,0.0,2.597384633214691,5,0.14285714285714285,10,0.0,0,0.0,0.6931471805599453,0.0,0.0,1,0.0,0.0,0.0,0.0,1,0.0,0.0,0.0,0.0,0.0,1
1987,41020.0,0,0,68,4.727387818712341,0.6931471805599453,4.007333185232471,2.0794415416798357,2.0794415416798357,3.6109179126442243,0.6931471805599453,1.3862943611198906,1.0986122886681098,4,3,0.0,0.0,0.0,0.0,0.0,0.0,0.0,39,13,0,1,217,10,0.0,3.122364924487357,6,0.1,13,0.0,0,0.6931471805599453,0.0,0.0,0.0,0,0.6931471805599453,0.0,0.0,0.0,1,0.0,0.0,0.0,0.0,0.0,1
1961,57072.0,0,1,79,6.851184927493743,0.0,4.110873864173311,0.0,0.0,3.4339872044851463,1.0986122886681098,2.0794415416798357,1.791759469228055,13,5,0.6931471805599453,0.0,0.0,0.0,0.0,0.0,0.0,65,12,1,3,1034,27,0.6931471805599453,3.671130272609654,12,0.07407407407407407,32,0.0,0,0.0,0.6931471805599453,0.0,0.0,1,0.0,0.0,0.0,0.0,1,0.0,0.0,0.0,0.0,0.0,1
1979,60474.0,0,1,25,5.583496308781699,5.298317366548036,5.717027701406222,5.459585514144159,2.302585092994046,5.14166355650266,2.0794415416798357,2.3978952727983707,1.0986122886681098,12,7,0.0,0.0,0.0,0.0,0.0,0.0,0.0,47,13,1,2,1180,31,0.0,3.665214539067946,17,0.22580645161290322,38,0.0,1,0.0,0.0,0.0,0.0,0,0.6931471805599453,0.0,0.0,0.0,1,0.0,0.0,0.0,0.6931471805599453,0.0,0
1960,62807.0,0,1,83,6.267200548541362,3.367295829986474,4.912654885736052,2.3978952727983707,3.091042453358316,4.605170185988092,1.3862943611198906,1.791759469228055,1.3862943611198906,12,5,0.0,0.0,0.0,0.0,0.0,0.0,0.0,66,14,1,3,819,23,0.0,3.600285798313177,10,0.13043478260869565,28,0.0,1,0.0,0.0,0.0,0.0,0,0.0,0.6931471805599453,0.0,0.0,1,0.0,0.0,0.0,0.0,0.0,1
1981,19414.0,1,0,32,1.0986122886681098,1.3862943611198906,2.5649493574615367,1.3862943611198906,1.791759469228055,2.0794415416798357,0.6931471805599453,0.6931471805599453,0.0,3,8,0.0,0.0,0.0,0.0,0.0,0.0,0.0,45,13,1,3,32,5,0.0,2.0014800002101243,9,0.2,13,0.0,0,0.0,0.0,0.0,0.0,0,0.0,0.6931471805599453,0.0,0.0,1,0.0,0.0,0.0,0.6931471805599453,0.0,0
1980,19107.0,1,0,49,1.0986122886681098,1.6094379124341003,2.302585092994046,2.3978952727983707,1.791759469228055,2.833213344056216,1.0986122886681098,0.6931471805599453,0.0,3,7,0.0,0.0,0.0,0.0,0.0,0.0,0.0,46,13,1,3,46,6,0.0,2.1594842493533726,8,0.3333333333333333,13,0.0,1,0.0,0.0,0.0,0.0,1,0.0,0.0,0.0,0.0,1,0.0,0.0,0.6931471805599453,0.0,0.0,0
1976,75484.0,0,1,50,5.937536205082426,4.584967478670572,5.560681631015528,5.288267030694535,5.272999558563747,3.5553480614894135,1.0986122886681098,2.0794415416798357,1.3862943611198906,6,4,0.0,0.0,0.0,0.0,0.0,0.0,0.0,50,14,1,3,1159,18,0.0,4.180352349364112,11,0.1111111111111111,22,0.0,0,0.0,0.0,0.0,0.0,0,0.0,0.6931471805599453,0.0,0.0,0,0.6931471805599453,0.0,0.0,0.0,0.0,1
1976,70379.0,0,1,84,6.317164686747284,3.258096538021482,4.962844630259907,4.189654742026425,4.219507705176107,2.1972245773362196,1.3862943611198906,1.9459101490553132,1.3862943611198906,13,4,0.0,0.0,0.0,0.0,0.0,0.0,0.0,50,13,1,2,860,25,0.0,3.5667118201397288,10,0.12,29,0.0,0,0.6931471805599453,0.0,0.0,0.0,0,0.6931471805599453,0.0,0.0,0.0,1,0.0,0.0,0.0,0.0,0.0,1
1970,79419.0,0,0,96,6.62273632394984,4.852030263919617,6.5337888379333435,3.044522437723423,2.772588722239781,3.4657359027997265,0.6931471805599453,1.6094379124341003,1.9459101490553132,4,2,0.0,0.0,0.0,0.0,0.0,0.0,0.0,56,12,0,2,1631,15,0.0,4.698053180134805,6,0.06666666666666667,17,0.0,0,0.6931471805599453,0.0,0.0,0.0,0,0.0,0.6931471805599453,0.0,0.0,0,0.0,0.0,0.0,0.0,0.0,1
1946,64014.0,2,1,56,6.008813185442595,0.0,3.4339872044851463,0.0,0.0,2.1972245773362196,2.0794415416798357,2.1972245773362196,1.0986122886681098,5,7,0.0,0.0,0.0,0.6931471805599453,0.0,0.0,0.0,80,12,3,5,444,22,0.6931471805599453,3.05314318076733,15,0.3181818181818182,29,0.0,0,0.0,0.6931471805599453,0.0,0.0,0,0.0,0.6931471805599453,0.0,0.0,0,0.6931471805599453,0.0,0.0,0.0,0.0,1
1955,76998.0,0,1,85,7.27931883541462,4.499809670330265,5.087596335232384,4.248495242049359,3.58351893845611,4.68213122712422,1.0986122886681098,2.4849066497880004,2.1972245773362196,8,6,0.0,0.0,0.6931471805599453,0.0,0.0,0.0,0.0,71,13,1,3,1910,29,0.6931471805599453,4.202631825256177,17,0.06896551724137931,35,0.0,1,0.0,0.0,0.0,0.0,1,0.0,0.0,0.0,0.0,0,0.6931471805599453,0.0,0.0,0.0,0.0,1
1972,49854.0,1,0,63,4.820281565605037,2.8903717578961645,5.147494476813453,3.6888794541139363,0.0,3.4339872044851463,1.791759469228055,1.9459101490553132,1.0986122886681098,5,6,0.0,0.0,0.0,0.0,0.0,0.0,0.0,54,13,1,3,380,18,0.0,3.096080247388273,12,0.2777777777777778,24,0.0,0,0.6931471805599453,0.0,0.0,0.0,0,0.0,0.6931471805599453,0.0,0.0,0,0.6931471805599453,0.0,0.0,0.6931471805599453,0.0,0
1971,60585.0,1,1,17,5.5909869805108565,3.7612001156935624,5.736572297479192,4.02535169073515,3.7612001156935624,3.091042453358316,2.3978952727983707,2.0794415416798357,1.6094379124341003,9,5,0.0,0.0,0.0,0.0,0.0,0.0,0.6931471805599453,55,13,2,4,736,30,0.6931471805599453,3.239984788078436,12,0.3333333333333333,35,0.0,0,0.0,0.6931471805599453,0.0,0.0,1,0.0,0.0,0.0,0.0,1,0.0,0.0,0.0,0.6931471805599453,0.0,0
1950,42873.0,1,1,11,5.3471075307174685,0.0,3.713572066704308,1.3862943611198906,1.0986122886681098,2.772588722239781,1.6094379124341003,1.9459101490553132,0.6931471805599453,4,8,0.0,0.0,0.0,0.0,0.0,0.0,0.0,76,13,2,3,269,15,0.0,2.940924037058996,14,0.26666666666666666,23,0.0,0,0.0,0.6931471805599453,0.0,0.6931471805599453,0,0.0,0.0,0.0,0.0,0,0.6931471805599453,0.0,0.0,0.0,0.0,1
1988,87679.0,0,0,62,7.138866999945524,5.153291594497779,6.704414354964107,4.584967478670572,5.003946305945459,3.5263605246161616,0.6931471805599453,2.0794415416798357,2.4849066497880004,10,4,0.6931471805599453,0.0,0.6931471805599453,0.6931471805599453,0.0,0.0,0.6931471805599453,38,13,0,2,2524,29,1.6094379124341003,4.47772858725501,11,0.034482758620689655,33,0.0,1,0.0,0.0,0.0,0.0,0,0.0,0.6931471805599453,0.0,0.0,0,0.0,0.0,0.0,0.0,0.0,1
1978,57867.0,1,0,48,5.84354441703136,3.58351893845611,5.187385805840755,2.772588722239781,3.1780538303479458,2.8903717578961645,2.0794415416798357,2.0794415416798357,1.0986122886681098,9,6,0.0,0.0,0.0,0.0,0.0,0.0,0.0,48,13,1,3,612,25,0.0,3.2378938307039626,13,0.28,31,0.0,1,0.0,0.0,0.0,0.0,0,0.0,0.6931471805599453,0.0,0.0,1,0.0,0.0,0.0,0.0,0.0,1
1990,35765.0,1,0,86,3.1354942159291497,1.3862943611198906,3.4339872044851463,0.0,1.791759469228055,2.772588722239781,1.0986122886681098,1.0986122886681098,0.0,4,6,0.0,0.0,0.0,0.0,0.0,0.0,0.0,36,13,1,3,75,8,0.0,2.339399066116762,8,0.25,14,0.0,1,0.0,0.0,0.0,0.0,1,0.0,0.0,0.0,0.0,1,0.0,0.0,0.0,0.6931471805599453,0.0,0
1959,65492.0,0,0,73,5.5134287461649825,5.087596335232384,5.69035945432406,5.351858133476067,4.454347296253507,3.871201010907891,1.0986122886681098,1.6094379124341003,2.0794415416798357,13,2,0.0,0.0,0.0,0.0,0.0,0.0,0.0,67,12,0,2,1045,26,0.0,3.7182515324262666,6,0.07692307692307693,28,0.0,1,0.0,0.0,0.0,0.0,1,0.0,0.0,0.0,0.0,1,0.0,0.0,0.0,0.6931471805599453,0.0,0
1977,32952.0,1,0,36,3.6635616461296463,0.0,2.5649493574615367,1.3862943611198906,0.6931471805599453,0.6931471805599453,0.6931471805599453,1.0986122886681098,0.0,3,7,0.0,0.0,0.0,0.0,0.0,0.0,0.0,49,13,1,2,55,6,0.0,2.3191143949452564,9,0.16666666666666666,13,0.0,1,0.0,0.0,0.0,0.6931471805599453,0,0.0,0.0,0.0,0.0,1,0.0,0.0,0.0,0.0,0.0,1
1969,53374.0,0,1,34,6.799055862058796,2.3978952727983707,4.624972813284271,2.6390573296152584,2.3978952727983707,3.5553480614894135,1.9459101490553132,1.6094379124341003,1.0986122886681098,9,9,0.6931471805599453,0.0,0.0,0.0,0.0,0.0,0.6931471805599453,57,14,1,3,1064,21,1.0986122886681098,3.9448128282511368,13,0.2857142857142857,30,0.0,0,0.0,0.6931471805599453,0.0,0.0,0,0.0,0.6931471805599453,0.0,0.0,1,0.0,0.0,0.0,0.0,0.0,1
1959,71706.0,0,1,16,6.837332814685591,4.04305126783455,5.537334267018537,4.5217885770490405,4.59511985013459,2.70805020110221,1.6094379124341003,2.302585092994046,1.791759469228055,7,5,0.0,0.0,0.0,0.0,0.0,0.0,0.0,67,14,1,3,1443,25,0.0,4.07278038430626,14,0.16,30,0.0,1,0.0,0.0,0.0,0.0,0,0.0,0.6931471805599453,0.0,0.0,0,0.6931471805599453,0.0,0.0,0.0,0.0,1
1988,68487.0,0,0,48,6.63200177739563,2.5649493574615367,5.955837369464831,3.5263605246161616,4.499809670330265,4.499809670330265,0.6931471805599453,2.302585092994046,2.0794415416798357,13,4,0.0,0.0,0.0,0.0,0.0,0.0,0.0,38,13,0,2,1366,30,0.0,3.8401689016601623,13,0.03333333333333333,34,0.0,1,0.0,0.0,0.0,0.0,1,0.0,0.0,0.0,0.0,1,0.0,0.0,0.0,0.0,0.0,1
1975,53253.0,1,1,61,5.37989735354046,2.302585092994046,4.060443010546419,3.044522437723423,2.302585092994046,4.836281906951478,2.0794415416798357,1.6094379124341003,1.3862943611198906,5,5,0.0,0.0,0.0,0.0,0.0,0.0,0.0,51,13,2,4,436,19,0.0,3.17585843978451,9,0.3684210526315789,24,0.0,0,0.6931471805599453,0.0,0.0,0.0,0,0.0,0.6931471805599453,0.0,0.0,1,0.0,0.0,0.0,0.0,0.0,1
1973,31163.0,1,0,54,1.0986122886681098,1.3862943611198906,2.3978952727983707,2.4849066497880004,1.0986122886681098,2.3978952727983707,0.6931471805599453,0.6931471805599453,0.0,3,6,0.0,0.0,0.0,0.0,0.0,0.0,0.0,53,12,1,2,38,5,0.0,2.151762203259462,7,0.2,11,0.0,0,0.0,0.0,0.0,0.6931471805599453,0,0.0,0.0,0.0,0.0,1,0.0,0.0,0.0,0.0,0.0,0
1977,42014.0,1,0,56,5.501258210544727,2.772588722239781,4.6913478822291435,1.6094379124341003,2.772588722239781,3.9318256327243257,1.9459101490553132,2.0794415416798357,0.6931471805599453,6,8,0.0,0.0,0.0,0.0,0.0,0.0,0.6931471805599453,49,14,1,3,436,20,0.6931471805599453,3.126760535960395,15,0.3,28,0.0,1,0.0,0.0,0.0,0.0,1,0.0,0.0,0.0,0.0,0,0.6931471805599453,0.0,0.0,0.0,0.0,1
1973,54108.0,1,1,74,6.29156913955832,1.9459101490553132,4.5217885770490405,2.1972245773362196,1.9459101490553132,4.584967478670572,2.6390573296152584,2.1972245773362196,1.0986122886681098,9,8,0.0,0.0,0.0,0.0,0.0,0.0,0.0,53,14,2,4,747,32,0.0,3.1922751430710217,16,0.40625,40,0.0,0,0.6931471805599453,0.0,0.0,0.0,1,0.0,0.0,0.0,0.0,1,0.0,0.0,0.0,0.0,0.0,1
1955,49667.0,0,0,35,7.074963197966044,3.295836866004329,4.795790545596741,2.8903717578961645,2.6390573296152584,3.6888794541139363,1.0986122886681098,1.791759469228055,2.3978952727983707,5,8,0.6931471805599453,0.0,0.0,0.0,0.0,0.0,0.6931471805599453,71,14,0,1,1396,22,1.0986122886681098,4.165960253733757,13,0.09090909090909091,30,0.0,0,0.0,0.6931471805599453,0.0,0.0,0,0.6931471805599453,0.0,0.0,0.0,0,0.0,0.0,0.0,0.0,0.0,1
1974,63206.0,0,0,65,6.621405651764134,2.1972245773362196,4.836281906951478,2.4849066497880004,2.1972245773362196,3.295836866004329,0.6931471805599453,1.6094379124341003,1.3862943611198906,6,2,0.0,0.0,0.6931471805599453,0.0,0.0,0.0,0.0,52,12,0,2,928,14,0.6931471805599453,4.208947944961104,6,0.07142857142857142,16,0.0,0,0.6931471805599453,0.0,0.0,0.0,1,0.0,0.0,0.0,0.0,1,0.0,0.0,0.0,0.0,0.0,1
1972,57136.0,1,1,48,5.726847747587197,1.791759469228055,4.700480365792417,3.091042453358316,4.700480365792417,4.532599493153256,2.302585092994046,1.791759469228055,1.0986122886681098,10,6,0.0,0.0,0.0,0.0,0.0,0.0,0.0,54,13,2,4,642,26,0.0,3.2461916355151637,11,0.34615384615384615,32,0.0,0,0.6931471805599453,0.0,0.0,0.0,1,0.0,0.0,0.0,0.0,1,0.0,0.0,0.0,0.0,0.0,1
1975,46772.0,0,1,88,5.860786223465865,4.653960350157523,5.247024072160486,5.288267030694535,5.0238805208462765,4.060443010546419,1.9459101490553132,2.4849066497880004,2.1972245773362196,5,8,0.6931471805599453,0.0,0.0,0.0,0.0,0.0,0.0,51,14,1,3,1048,30,0.6931471805599453,3.581665369806787,19,0.2,38,0.0,0,0.0,0.0,0.0,0.0,0,0.0,0.6931471805599453,0.0,0.0,0,0.6931471805599453,0.0,0.0,0.0,0.0,1
1971,78931.0,0,0,19,5.805134968916488,5.288267030694535,5.14166355650266,4.07753744390572,5.030437921392435,3.58351893845611,0.6931471805599453,1.0986122886681098,2.1972245773362196,13,1,0.0,0.0,0.0,0.0,0.0,0.0,0.0,55,13,0,2,943,24,0.0,3.6961446651053484,3,0.041666666666666664,25,0.0,0,0.0,0.6931471805599453,0.0,0.0,1,0.0,0.0,0.0,0.0,1,0.0,0.0,0.0,0.0,0.0,1
1958,53977.0,0,1,21,6.431331081933479,2.833213344056216,5.111987788356544,0.0,3.2188758248682006,4.418840607796598,1.791759469228055,1.791759469228055,1.791759469228055,12,5,0.0,0.0,0.0,0.0,0.0,0.0,0.0,68,13,1,3,907,27,0.0,3.5436395722245138,10,0.18518518518518517,32,0.0,1,0.0,0.0,0.0,0.0,0,0.0,0.6931471805599453,0.0,0.0,1,0.0,0.0,0.0,0.0,0.0,1
1988,84219.0,0,0,27,6.075346031088684,4.927253685157205,5.993961427306569,3.828641396489095,4.927253685157205,3.828641396489095,0.6931471805599453,1.3862943611198906,1.6094379124341003,10,1,0.0,0.0,0.0,0.0,0.0,0.0,0.0,38,12,0,2,1198,18,0.0,4.212950304629947,4,0.05555555555555555,19,0.0,1,0.0,0.0,0.0,0.0,1,0.0,0.0,0.0,0.0,1,0.0,0.0,0.0,0.0,0.0,1
1975,46098.0,1,1,86,4.060443010546419,0.0,3.332204510175204,0.0,0.0,3.6109179126442243,1.6094379124341003,1.3862943611198906,1.0986122886681098,2,8,0.0,0.0,0.0,0.0,0.0,0.0,0.0,51,14,2,3,120,11,0.0,2.477302050402781,11,0.36363636363636365,19,0.0,0,0.6931471805599453,0.0,0.0,0.0,0,0.6931471805599453,0.0,0.0,0.0,0,0.6931471805599453,0.0,0.0,0.0,0.0,1
1965,73538.0,0,1,92,6.699500340161678,4.343805421853684,6.061456918928017,4.605170185988092,4.927253685157205,4.68213122712422,1.3862943611198906,2.3978952727983707,1.6094379124341003,9,7,0.0,0.0,0.0,0.0,0.0,0.0,0.0,61,14,1,3,1658,26,0.0,4.17083065678079,17,0.11538461538461539,33,0.0,1,0.0,0.0,0.0,0.0,1,0.0,0.0,0.0,0.0,0,0.6931471805599453,0.0,0.0,0.0,0.0,1
1986,79529.0,0,0,1,6.049733455231958,3.7612001156935624,6.561030665896573,4.30406509320417,5.288267030694535,5.288267030694535,0.6931471805599453,1.6094379124341003,2.1972245773362196,9,2,0.0,0.0,0.0,0.0,0.0,0.0,0.0,40,12,0,2,1638,22,0.0,4.323530427992273,6,0.045454545454545456,24,0.0,1,0.0,0.0,0.0,0.0,1,0.0,0.0,0.0,0.0,1,0.0,0.0,0.0,0.6931471805599453,0.0,0
1977,20981.0,0,0,14,1.0986122886681098,2.5649493574615367,2.3978952727983707,1.9459101490553132,2.6390573296152584,3.4339872044851463,0.6931471805599453,1.3862943611198906,0.6931471805599453,2,8,0.0,0.0,0.0,0.0,0.0,0.0,0.6931471805599453,49,13,0,2,73,7,0.6931471805599453,2.436116485618568,11,0.14285714285714285,15,0.0,0,0.0,0.0,0.0,0.0,0,0.0,0.6931471805599453,0.0,0.0,0,0.6931471805599453,0.0,0.6931471805599453,0.0,0.0,0
1980,51766.0,1,0,74,4.110873864173311,3.9512437185814275,4.477336814478207,1.9459101490553132,3.044522437723423,3.9512437185814275,1.0986122886681098,1.6094379124341003,1.0986122886681098,4,5,0.0,0.0,0.0,0.0,0.0,0.0,0.0,46,12,1,2,275,12,0.0,3.174575565971621,9,0.16666666666666666,17,0.0,1,0.0,0.0,0.0,0.0,0,0.6931471805599453,0.0,0.0,0.0,0,0.6931471805599453,0.0,0.0,0.6931471805599453,0.0,0
1962,55759.0,0,1,84,6.516193076042964,0.0,4.454347296253507,2.3978952727983707,2.0794415416798357,4.356708826689592,1.791759469228055,2.3978952727983707,1.3862943611198906,8,8,0.0,0.0,0.0,0.0,0.0,0.0,0.0,64,14,1,3,854,26,0.0,3.52182536945077,18,0.19230769230769232,34,0.0,1,0.0,0.0,0.0,0.0,1,0.0,0.0,0.0,0.0,0,0.6931471805599453,0.0,0.0,0.0,0.0,1
1978,33039.0,1,0,4,3.4339872044851463,2.1972245773362196,2.5649493574615367,2.1972245773362196,2.1972245773362196,2.5649493574615367,0.6931471805599453,1.0986122886681098,0.0,4,5,0.0,0.0,0.0,0.0,0.0,0.0,0.0,48,13,1,3,78,7,0.0,2.496741107435003,7,0.14285714285714285,12,0.0,1,0.0,0.0,0.0,0.0,1,0.0,0.0,0.0,0.0,1,0.0,0.0,0.0,0.0,0.0,1
1972,37787.0,1,0,50,3.713572066704308,0.6931471805599453,3.713572066704308,1.6094379124341003,1.3862943611198906,2.9444389791664403,0.6931471805599453,1.3862943611198906,0.0,3,8,0.0,0.0,0.0,0.0,0.0,0.0,0.0,54,13,1,3,106,7,0.0,2.7814776696570274,11,0.14285714285714285,15,0.0,0,0.6931471805599453,0.0,0.0,0.0,1,0.0,0.0,0.0,0.0,0,0.6931471805599453,0.0,0.0,0.0,0.0,1
1970,27242.0,1,0,2,1.3862943611198906,2.8903717578961645,3.295836866004329,3.044522437723423,0.6931471805599453,3.6888794541139363,1.0986122886681098,1.0986122886681098,0.0,3,9,0.0,0.0,0.0,0.0,0.0,0.0,0.6931471805599453,56,14,1,2,106,7,0.6931471805599453,2.7814776696570274,11,0.2857142857142857,16,0.0,1,0.0,0.0,0.0,0.0,0,0.6931471805599453,0.0,0.0,0.0,1,0.0,0.0,0.6931471805599453,0.0,0.0,0
1983,87188.0,0,0,73,6.814542897259958,4.718498871295094,6.586171654854675,3.912023005428146,4.31748811353631,4.02535169073515,0.6931471805599453,2.3978952727983707,1.0986122886681098,6,3,0.0,0.0,0.0,0.0,0.0,0.0,0.6931471805599453,43,13,0,1,1923,19,0.6931471805599453,4.6270346696848295,13,0.05263157894736842,22,0.0,0,0.0,0.6931471805599453,0.0,0.0,0,0.6931471805599453,0.0,0.0,0.0,0,0.6931471805599453,0.0,0.0,0.0,0.0,1
1971,69930.0,0,0,21,5.53338948872752,4.59511985013459,6.71901315438526,5.393627546352362,4.2626798770413155,5.2832037287379885,0.6931471805599453,1.6094379124341003,1.791759469228055,12,3,0.0,0.0,0.0,0.0,0.0,0.0,0.0,55,13,0,2,1662,22,0.0,4.337884741443956,7,0.045454545454545456,25,0.0,1,0.0,0.0,0.0,0.0,0,0.0,0.6931471805599453,0.0,0.0,1,0.0,0.0,0.0,0.6931471805599453,0.0,0
1976,37697.0,1,0,82,3.5553480614894135,1.9459101490553132,3.091042453358316,2.4849066497880004,1.6094379124341003,2.1972245773362196,0.6931471805599453,1.0986122886681098,0.6931471805599453,3,6,0.0,0.0,0.0,0.0,0.0,0.0,0.0,50,12,1,2,84,7,0.0,2.5649493574615367,8,0.14285714285714285,13,0.0,1,0.0,0.0,0.0,0.0,0,0.6931471805599453,0.0,0.0,0.0,1,0.0,0.0,0.0,0.0,0.0,1
1973,37401.0,1,0,14,2.995732273553991,1.3862943611198906,2.995732273553991,1.3862943611198906,0.6931471805599453,1.3862943611198906,1.0986122886681098,1.0986122886681098,0.0,3,7,0.0,0.0,0.0,0.0,0.0,0.0,0.0,53,12,1,3,48,7,0.0,2.0614230361771577,9,0.2857142857142857,14,0.0,0,0.0,0.6931471805599453,0.0,0.0,1,0.0,0.0,0.0,0.0,1,0.0,0.0,0.0,0.0,0.0,1
1973,3502.0,1,0,56,1.0986122886681098,0.6931471805599453,0.6931471805599453,0.0,0.0,0.6931471805599453,0.0,0.0,0.0,0,14,0.0,0.0,0.0,0.0,0.0,0.0,0.0,53,13,1,2,5,0,0.0,0.0,14,0.0,14,0.0,1,0.0,0.0,0.0,0.0,0,0.6931471805599453,0.0,0.0,0.0,0,0.6931471805599453,0.0,0.0,0.0,0.0,1
1976,58597.0,1,1,20,6.19644412779452,0.0,5.220355825078324,2.3978952727983707,3.367295829986474,3.091042453358316,2.5649493574615367,2.0794415416798357,1.6094379124341003,9,7,0.0,0.0,0.0,0.0,0.0,0.0,0.0,50,14,2,4,733,32,0.0,3.1741399310268092,14,0.375,39,0.0,1,0.0,0.0,0.0,0.0,1,0.0,0.0,0.0,0.0,1,0.0,0.0,0.0,0.0,0.0,1
1948,82032.0,0,0,54,5.808142489980444,5.272999558563747,5.934894195619588,5.0106352940962555,4.836281906951478,4.060443010546419,0.0,1.6094379124341003,1.9459101490553132,7,1,0.0,0.0,0.0,0.0,0.0,0.0,0.0,78,12,0,1,1234,17,0.0,4.298485166410695,5,0.0,18,0.0,0,0.0,0.6931471805599453,0.0,0.0,0,0.0,0.0,0.6931471805599453,0.0,1,0.0,0.0,0.0,0.6931471805599453,0.0,0
1958,28087.0,1,1,77,3.9889840465642745,2.1972245773362196,2.8903717578961645,2.6390573296152584,0.0,3.091042453358316,1.3862943611198906,1.0986122886681098,1.0986122886681098,2,7,0.0,0.0,0.0,0.0,0.0,0.0,0.0,68,14,2,4,112,9,0.0,2.5985659682605218,9,0.3333333333333333,16,0.0,1,0.0,0.0,0.0,0.0,0,0.0,0.6931471805599453,0.0,0.0,0,0.6931471805599453,0.0,0.0,0.0,0.0,1
1987,74004.0,0,0,5,6.665683717782408,3.8918202981106265,6.329720905522696,3.7612001156935624,5.176149732573829,3.8918202981106265,0.6931471805599453,1.6094379124341003,1.9459101490553132,4,3,0.0,0.0,0.6931471805599453,0.6931471805599453,0.0,0.0,0.6931471805599453,39,12,0,1,1658,15,1.3862943611198906,4.714323499884614,7,0.06666666666666667,18,0.0,0,0.0,0.6931471805599453,0.0,0.0,0,0.6931471805599453,0.0,0.0,0.0,0,0.0,0.0,0.0,0.0,0.0,1
1960,19740.0,0,1,65,2.0794415416798357,2.4849066497880004,1.3862943611198906,2.3978952727983707,1.6094379124341003,3.044522437723423,1.0986122886681098,0.6931471805599453,0.6931471805599453,3,5,0.0,0.0,0.0,0.0,0.0,0.0,0.0,66,13,1,3,55,7,0.0,2.181224235989778,6,0.2857142857142857,12,0.0,1,0.0,0.0,0.0,0.0,0,0.0,0.6931471805599453,0.0,0.0,1,0.0,0.0,0.6931471805599453,0.0,0.0,0
1975,57036.0,0,1,33,7.066466970136958,3.784189633918261,5.393627546352362,2.995732273553991,2.70805020110221,3.871201010907891,1.6094379124341003,1.9459101490553132,1.3862943611198906,13,9,0.6931471805599453,0.0,0.0,0.0,0.0,0.0,0.0,51,14,1,3,1513,26,0.6931471805599453,4.080791595817397,15,0.15384615384615385,35,0.0,0,0.0,0.0,0.0,0.0,1,0.0,0.0,0.0,0.0,1,0.0,0.0,0.0,0.0,0.0,1
1958,53083.0,1,1,65,5.375278407684165,2.0794415416798357,3.5263605246161616,1.3862943611198906,0.0,2.6390573296152584,1.9459101490553132,1.791759469228055,0.6931471805599453,5,7,0.0,0.6931471805599453,0.0,0.0,0.0,0.0,0.0,68,13,2,4,271,17,0.6931471805599453,2.82974713607973,12,0.35294117647058826,24,0.0,0,0.0,0.0,0.0,0.0,0,0.0,0.6931471805599453,0.0,0.0,0,0.6931471805599453,0.0,0.0,0.0,0.0,1
1975,69283.0,0,1,41,6.51471269087253,4.143134726391533,4.90527477843843,0.0,3.295836866004329,2.1972245773362196,1.6094379124341003,2.0794415416798357,1.3862943611198906,13,5,0.0,0.0,0.0,0.0,0.0,0.0,0.0,51,12,1,3,904,27,0.0,3.540422411272738,12,0.14814814814814814,32,0.0,0,0.0,0.6931471805599453,0.0,0.0,1,0.0,0.0,0.0,0.0,1,0.0,0.0,0.0,0.0,0.0,1
1975,46098.0,1,1,86,4.060443010546419,0.0,3.332204510175204,0.0,0.0,3.6109179126442243,1.6094379124341003,1.3862943611198906,1.0986122886681098,2,8,0.0,0.0,0.0,0.0,0.0,0.0,0.6931471805599453,51,14,2,3,120,11,0.6931471805599453,2.477302050402781,11,0.36363636363636365,19,0.0,0,0.6931471805599453,0.0,0.0,0.0,0,0.6931471805599453,0.0,0.0,0.0,0,0.6931471805599453,0.0,0.0,0.0,0.0,1
1988,23331.0,1,0,92,1.791759469228055,3.6109179126442243,2.0794415416798357,0.0,2.3978952727983707,3.828641396489095,1.0986122886681098,1.3862943611198906,0.0,3,8,0.0,0.0,0.0,0.0,0.0,0.0,0.0,38,14,1,3,103,8,0.0,2.630088659632498,11,0.25,16,0.0,0,0.0,0.0,0.0,0.0,1,0.0,0.0,0.0,0.0,0,0.6931471805599453,0.0,0.6931471805599453,0.0,0.0,0
1988,23331.0,1,0,97,4.653960350157523,3.044522437723423,4.624972813284271,3.2188758248682006,2.772588722239781,1.791759469228055,1.9459101490553132,1.791759469228055,0.6931471805599453,5,9,0.0,0.0,0.0,0.0,0.0,0.0,0.0,38,14,1,2,269,17,0.0,2.8227784667636366,14,0.35294117647058826,26,0.0,0,0.0,0.0,0.0,0.0,0,0.6931471805599453,0.0,0.0,0.0,0,0.6931471805599453,0.0,0.0,0.0,0.0,1
1989,9255.0,1,0,91,2.302585092994046,0.0,2.0794415416798357,1.0986122886681098,0.0,1.6094379124341003,0.6931471805599453,0.6931471805599453,0.6931471805599453,2,8,0.0,0.0,0.0,0.0,0.0,0.0,0.0,37,13,1,2,22,5,0.0,1.6863989535702288,9,0.2,13,0.0,1,0.0,0.0,0.0,0.0,0,0.6931471805599453,0.0,0.0,0.0,1,0.0,0.0,0.0,0.0,0.0,1
1959,67786.0,0,0,0,6.068425588244111,4.418840607796598,6.091309882077698,4.394449154672439,3.044522437723423,4.634728988229636,0.6931471805599453,1.3862943611198906,1.9459101490553132,6,1,0.0,0.0,0.0,0.0,0.0,0.0,0.6931471805599453,67,13,0,1,1156,16,0.6931471805599453,4.293878247897177,4,0.0625,17,0.0,0,0.0,0.6931471805599453,0.0,0.0,0,0.0,0.0,0.6931471805599453,0.0,0,0.0,0.0,0.0,0.6931471805599453,0.0,0
1971,71969.0,0,1,59,6.90875477931522,0.0,4.343805421853684,0.0,0.0,2.3978952727983707,1.3862943611198906,1.3862943611198906,1.6094379124341003,9,8,0.0,0.6931471805599453,0.0,0.0,0.0,0.0,0.0,55,14,1,3,1086,19,0.6931471805599453,4.063161634785413,11,0.15789473684210525,27,0.0,0,0.0,0.6931471805599453,0.0,0.0,1,0.0,0.0,0.0,0.0,1,0.0,0.0,0.0,0.0,0.0,1
1967,59235.0,1,0,4,6.1070228877422545,3.713572066704308,6.152732694704104,4.394449154672439,0.0,4.5217885770490405,1.3862943611198906,2.4849066497880004,1.0986122886681098,12,7,0.0,0.0,0.0,0.0,0.0,0.0,0.0,59,13,1,2,1128,28,0.0,3.720516539057119,18,0.10714285714285714,35,0.0,0,0.6931471805599453,0.0,0.0,0.0,0,0.6931471805599453,0.0,0.0,0.0,1,0.0,0.0,0.0,0.6931471805599453,0.0,0
1989,31928.0,1,0,5,3.5263605246161616,1.6094379124341003,3.2188758248682006,1.6094379124341003,1.0986122886681098,1.791759469228055,1.0986122886681098,1.3862943611198906,0.0,4,7,0.0,0.0,0.0,0.0,0.0,0.0,0.0,37,12,1,3,72,9,0.0,2.1972245773362196,10,0.2222222222222222,16,0.0,1,0.0,0.0,0.0,0.0,0,0.0,0.6931471805599453,0.0,0.0,1,0.0,0.0,0.0,0.0,0.0,1
1961,74881.0,1,1,48,6.226536669287466,4.290459441148391,5.602118820879701,3.6109179126442243,3.332204510175204,4.007333185232471,1.6094379124341003,2.302585092994046,1.0986122886681098,12,5,0.0,0.0,0.0,0.0,0.0,0.0,0.0,65,13,2,4,964,27,0.0,3.6028776683256587,14,0.14814814814814814,32,0.0,0,0.6931471805599453,0.0,0.0,0.0,0,0.0,0.6931471805599453,0.0,0.0,1,0.0,0.0,0.0,0.0,0.0,1
1978,65819.0,0,0,99,5.5909869805108565,3.6635616461296463,6.553933404025811,5.0106352940962555,5.111987788356544,4.1588830833596715,0.6931471805599453,1.791759469228055,1.6094379124341003,10,3,0.0,0.0,0.0,0.0,0.0,0.0,0.0,48,14,0,2,1383,20,0.0,4.25063580654847,8,0.05,23,0.0,1,0.0,0.0,0.0,0.0,1,0.0,0.0,0.0,0.0,1,0.0,0.0,0.0,0.6931471805599453,0.0,0
1953,51411.0,1,2,81,2.70805020110221,0.0,1.3862943611198906,0.0,0.0,0.6931471805599453,0.6931471805599453,0.0,0.0,3,5,0.0,0.0,0.0,0.0,0.0,0.0,0.0,73,13,3,4,18,4,0.0,1.7047480922384253,5,0.25,9,0.0,0,0.0,0.6931471805599453,0.0,0.0,0,0.6931471805599453,0.0,0.0,0.0,1,0.0,0.0,0.0,0.0,0.0,1
1964,51983.0,0,1,95,6.448889394146858,0.0,4.7535901911063645,2.3978952727983707,2.0794415416798357,3.4339872044851463,1.3862943611198906,2.302585092994046,1.0986122886681098,10,7,0.0,0.0,0.0,0.0,0.0,0.0,0.0,62,14,1,2,793,24,0.0,3.5275852645120573,16,0.125,31,0.0,1,0.0,0.0,0.0,0.6931471805599453,0,0.0,0.0,0.0,0.0,1,0.0,0.0,0.0,0.0,0.0,1
1986,42386.0,1,0,43,4.189654742026425,1.6094379124341003,2.833213344056216,0.0,1.6094379124341003,2.4849066497880004,0.6931471805599453,1.3862943611198906,0.0,3,8,0.0,0.0,0.0,0.0,0.0,0.0,0.0,40,13,1,3,100,7,0.0,2.7269186854065928,11,0.14285714285714285,15,0.0,0,0.6931471805599453,0.0,0.0,0.0,0,0.0,0.6931471805599453,0.0,0.0,0,0.6931471805599453,0.0,0.0,0.0,0.0,1
1987,30390.0,0,0,5,2.3978952727983707,2.5649493574615367,2.5649493574615367,3.258096538021482,0.6931471805599453,3.044522437723423,0.6931471805599453,1.0986122886681098,0.0,3,6,0.0,0.0,0.0,0.0,0.0,0.0,0.0,39,13,0,2,80,6,0.0,2.662587827025453,8,0.16666666666666666,12,0.0,0,0.0,0.0,0.0,0.0,1,0.0,0.0,0.0,0.0,1,0.0,0.0,0.0,0.0,0.0,0
1963,30983.0,0,0,50,3.9512437185814275,1.6094379124341003,3.9318256327243257,2.5649493574615367,0.6931471805599453,3.912023005428146,0.6931471805599453,1.6094379124341003,0.0,3,8,0.0,0.0,0.0,0.0,0.0,0.0,0.6931471805599453,63,14,0,1,167,8,0.6931471805599453,3.0853444322436783,12,0.125,16,0.0,1,0.0,0.0,0.0,0.0,0,0.6931471805599453,0.0,0.0,0.0,0,0.6931471805599453,0.0,0.0,0.0,0.0,1
1957,66033.0,0,1,76,5.683579767338681,3.58351893845611,5.19295685089021,3.8501476017100584,4.0943445622221,4.189654742026425,1.0986122886681098,2.1972245773362196,1.3862943611198906,7,7,0.0,0.0,0.0,0.0,0.0,0.0,0.0,69,13,1,2,677,20,0.0,3.551053137206533,15,0.1,27,0.0,1,0.0,0.0,0.0,0.0,0,0.0,0.0,0.6931471805599453,0.0,0,0.6931471805599453,0.0,0.0,0.0,0.0,1
1975,37284.0,1,1,46,2.4849066497880004,0.6931471805599453,1.0986122886681098,1.0986122886681098,0.6931471805599453,1.9459101490553132,0.6931471805599453,0.0,0.0,3,6,0.0,0.0,0.0,0.0,0.0,0.0,0.0,51,13,2,4,23,4,0.0,1.9095425048844386,6,0.25,10,0.0,0,0.0,0.0,0.0,0.0,1,0.0,0.0,0.0,0.0,1,0.0,0.0,0.0,0.0,0.0,1
1951,57530.0,0,1,68,3.9318256327243257,0.6931471805599453,3.332204510175204,1.9459101490553132,2.0794415416798357,0.6931471805599453,0.6931471805599453,0.6931471805599453,0.6931471805599453,4,1,0.0,0.0,0.0,0.0,0.0,0.0,0.0,75,13,1,2,92,7,0.0,2.649209701079277,2,0.14285714285714285,8,0.0,0,0.6931471805599453,0.0,0.0,0.6931471805599453,0,0.0,0.0,0.0,0.0,1,0.0,0.0,0.0,0.0,0.0,1
1965,76800.0,0,0,33,5.159055299214529,3.295836866004329,5.545177444479562,3.58351893845611,4.276666119016055,4.406719247264253,0.6931471805599453,1.6094379124341003,1.6094379124341003,7,1,0.0,0.0,0.0,0.0,0.0,0.0,0.0,61,12,0,2,641,16,0.0,3.7150952962448294,5,0.0625,17,0.0,0,0.0,0.0,0.0,0.0,1,0.0,0.0,0.0,0.0,1,0.0,0.0,0.0,0.6931471805599453,0.0,0
1956,63943.0,0,1,50,6.049733455231958,5.220355825078324,5.910796644040527,2.6390573296152584,4.584967478670572,3.091042453358316,0.6931471805599453,1.9459101490553132,1.6094379124341003,6,5,0.0,0.0,0.0,0.0,0.0,0.0,0.0,70,14,1,3,1106,17,0.0,4.190545610682227,11,0.058823529411764705,22,0.0,1,0.0,0.0,0.0,0.0,1,0.0,0.0,0.0,0.0,0,0.6931471805599453,0.0,0.0,0.0,0.0,1
1962,76081.0,0,0,85,5.680172609017068,3.4339872044851463,6.030685260261263,4.1588830833596715,3.5263605246161616,5.303304908059076,0.6931471805599453,1.6094379124341003,1.791759469228055,4,2,0.0,0.0,0.0,0.6931471805599453,0.0,0.0,0.0,64,12,0,2,1033,14,0.6931471805599453,4.314626881255278,6,0.07142857142857142,16,0.0,1,0.0,0.0,0.0,0.0,0,0.0,0.6931471805599453,0.0,0.0,0,0.0,0.0,0.0,0.6931471805599453,0.0,0
1974,67445.0,0,1,63,6.630683385642372,4.394449154672439,5.384495062789089,3.4011973816621555,4.394449154672439,2.4849066497880004,1.791759469228055,2.302585092994046,1.9459101490553132,12,6,0.0,0.0,0.0,0.0,0.0,0.0,0.0,52,14,1,3,1174,32,0.0,3.629328474487404,15,0.15625,38,0.0,1,0.0,0.0,0.0,0.0,1,0.0,0.0,0.0,0.0,1,0.0,0.0,0.0,0.0,0.0,1
1967,37054.0,1,1,89,2.5649493574615367,0.6931471805599453,1.9459101490553132,0.0,0.6931471805599453,1.791759469228055,1.0986122886681098,0.6931471805599453,0.0,3,7,0.0,0.0,0.0,0.0,0.0,0.0,0.0,59,13,2,4,25,6,0.0,1.6422277352570913,8,0.3333333333333333,13,0.0,0,0.6931471805599453,0.0,0.0,0.0,1,0.0,0.0,0.0,0.0,1,0.0,0.0,0.0,0.0,0.0,1
1962,47175.0,1,1,81,5.123963979403259,1.0986122886681098,3.8066624897703196,1.9459101490553132,1.0986122886681098,2.995732273553991,2.0794415416798357,1.6094379124341003,1.0986122886681098,4,8,0.6931471805599453,0.0,0.0,0.0,0.0,0.0,0.6931471805599453,64,14,2,4,240,17,1.0986122886681098,2.7158627408390035,12,0.4117647058823529,25,0.0,0,0.6931471805599453,0.0,0.0,0.0,0,0.0,0.6931471805599453,0.0,0.0,0,0.6931471805599453,0.0,0.0,0.0,0.0,1
1976,31859.0,1,0,77,1.3862943611198906,0.6931471805599453,1.3862943611198906,2.1972245773362196,0.0,1.791759469228055,0.6931471805599453,0.6931471805599453,0.0,2,7,0.0,0.0,0.0,0.0,0.0,0.0,0.0,50,13,1,2,20,4,0.0,1.791759469228055,8,0.25,11,0.0,1,0.0,0.0,0.0,0.6931471805599453,0,0.0,0.0,0.0,0.0,1,0.0,0.0,0.0,0.0,0.0,0
1961,27215.0,2,1,50,3.4339872044851463,1.791759469228055,3.1354942159291497,2.1972245773362196,2.302585092994046,3.367295829986474,1.6094379124341003,1.0986122886681098,0.6931471805599453,4,6,0.0,0.0,0.0,0.0,0.0,0.0,0.0,65,13,3,4,102,11,0.0,2.32949254591397,8,0.36363636363636365,17,0.0,1,0.0,0.0,0.0,0.6931471805599453,0,0.0,0.0,0.0,0.0,1,0.0,0.0,0.0,0.0,0.0,1
1976,70179.0,0,1,10,6.278521424165844,4.48863636973214,5.1298987149230735,4.248495242049359,3.8066624897703196,4.897839799950911,1.3862943611198906,2.0794415416798357,1.3862943611198906,13,5,0.0,0.0,0.0,0.0,0.0,0.0,0.0,50,13,1,2,1034,26,0.0,3.7079276490846307,12,0.11538461538461539,31,0.0,0,0.0,0.6931471805599453,0.0,0.6931471805599453,0,0.0,0.0,0.0,0.0,1,0.0,0.0,0.0,0.0,0.0,1
1983,39922.0,1,0,30,3.4011973816621555,2.5649493574615367,4.0943445622221,2.995732273553991,0.6931471805599453,3.6109179126442243,1.0986122886681098,1.3862943611198906,0.0,4,8,0.0,0.0,0.0,0.0,0.0,0.0,0.0,43,13,1,3,156,9,0.0,2.908720896564361,11,0.2222222222222222,17,0.0,1,0.0,0.0,0.0,0.0,1,0.0,0.0,0.0,0.0,1,0.0,0.0,0.0,0.6931471805599453,0.0,0
1976,49681.0,0,2,66,6.021023349349527,0.0,3.295836866004329,0.0,0.0,3.091042453358316,1.9459101490553132,2.0794415416798357,0.6931471805599453,7,7,0.0,0.0,0.0,0.0,0.0,0.0,0.0,50,13,2,4,458,21,0.0,3.1271781596874924,14,0.2857142857142857,28,0.0,0,0.6931471805599453,0.0,0.0,0.0,1,0.0,0.0,0.0,0.0,0,0.6931471805599453,0.0,0.0,0.0,0.0,1
1988,24645.0,1,0,16,1.791759469228055,1.3862943611198906,1.6094379124341003,1.6094379124341003,0.6931471805599453,0.0,0.6931471805599453,0.6931471805599453,0.0,2,8,0.0,0.0,0.0,0.0,0.0,0.0,0.0,38,14,1,3,17,4,0.0,1.6582280766035324,9,0.25,12,0.0,1,0.0,0.0,0.0,0.0,1,0.0,0.0,0.0,0.0,1,0.0,0.0,0.0,0.0,0.0,1
1954,79865.0,0,1,12,4.276666119016055,4.605170185988092,5.631211781821365,5.225746673713202,4.804021044733257,3.6635616461296463,0.6931471805599453,1.791759469228055,2.3978952727983707,5,1,0.0,0.0,0.0,0.0,0.0,0.0,0.0,72,12,1,2,792,21,0.0,3.6562086718243876,6,0.047619047619047616,22,0.0,1,0.0,0.0,0.0,0.6931471805599453,0,0.0,0.0,0.0,0.0,0,0.0,0.0,0.0,0.6931471805599453,0.0,0
1985,44322.0,1,0,30,3.8501476017100584,0.0,3.713572066704308,1.3862943611198906,0.0,1.3862943611198906,1.0986122886681098,1.3862943611198906,0.0,3,8,0.0,0.0,0.0,0.0,0.0,0.0,0.0,41,12,1,3,92,8,0.0,2.5257286443082556,11,0.25,16,0.0,1,0.0,0.0,0.0,0.0,1,0.0,0.0,0.0,0.0,0,0.6931471805599453,0.0,0.0,0.0,0.0,1
1952,47958.0,0,1,8,5.594711379601839,2.4849066497880004,4.48863636973214,2.772588722239781,1.3862943611198906,3.1354942159291497,1.0986122886681098,1.9459101490553132,1.3862943611198906,5,5,0.0,0.0,0.0,0.0,0.0,0.0,0.0,74,13,1,2,407,16,0.0,3.274783456806497,11,0.125,21,0.0,1,0.0,0.0,0.0,0.0,0,0.6931471805599453,0.0,0.0,0.0,0,0.6931471805599453,0.0,0.0,0.0,0.0,1
1964,63972.0,0,1,93,6.834108738813838,4.1588830833596715,5.541263545158426,0.0,2.5649493574615367,2.5649493574615367,1.6094379124341003,1.791759469228055,1.6094379124341003,10,4,0.0,0.6931471805599453,0.0,0.0,0.0,0.0,0.0,62,14,1,2,1269,23,0.6931471805599453,4.0284524684133975,9,0.17391304347826086,27,0.0,0,0.6931471805599453,0.0,0.0,0.0,0,0.6931471805599453,0.0,0.0,0.0,1,0.0,0.0,0.0,0.0,0.0,1
1954,75315.0,0,1,14,6.131226489483141,2.772588722239781,5.147494476813453,4.962844630259907,3.1780538303479458,3.4657359027997265,1.0986122886681098,1.791759469228055,1.6094379124341003,12,2,0.0,0.0,0.0,0.0,0.0,0.0,0.0,72,12,1,3,841,23,0.0,3.626078552874906,7,0.08695652173913043,25,0.0,1,0.0,0.0,0.0,0.0,0,0.0,0.6931471805599453,0.0,0.0,1,0.0,0.0,0.0,0.0,0.0,1
1950,55517.0,1,1,53,6.182084906716632,0.0,4.6913478822291435,0.0,1.9459101490553132,3.6109179126442243,1.791759469228055,2.4849066497880004,0.6931471805599453,6,9,0.0,0.0,0.0,0.0,0.0,0.0,0.6931471805599453,76,14,2,4,633,23,0.6931471805599453,3.3506665730149394,20,0.21739130434782608,32,0.0,0,0.0,0.6931471805599453,0.0,0.0,1,0.0,0.0,0.0,0.0,0,0.6931471805599453,0.0,0.0,0.0,0.0,1
1957,75283.0,1,2,26,6.598509028614515,2.302585092994046,5.198497031265826,2.5649493574615367,2.995732273553991,4.204692619390966,2.4849066497880004,1.9459101490553132,1.3862943611198906,5,4,0.0,0.0,0.0,0.0,0.0,0.0,0.0,69,13,3,5,1019,25,0.0,3.731938943574383,10,0.44,29,0.0,0,0.0,0.6931471805599453,0.0,0.0,1,0.0,0.0,0.0,0.0,0,0.6931471805599453,0.0,0.0,0.0,0.0,1
1946,82800.0,0,0,23,6.914730892718563,3.1354942159291497,4.7535901911063645,4.0943445622221,4.23410650459726,3.828641396489095,0.6931471805599453,2.0794415416798357,1.9459101490553132,12,3,0.0,0.0,0.6931471805599453,0.6931471805599453,0.0,0.0,0.6931471805599453,80,14,0,1,1315,26,1.3862943611198906,3.9430743452601966,10,0.038461538461538464,29,0.0,0,0.0,0.6931471805599453,0.0,0.0,0,0.6931471805599453,0.0,0.0,0.0,1,0.0,0.0,0.0,0.0,0.0,1
1954,38998.0,1,1,92,3.5553480614894135,0.6931471805599453,2.70805020110221,0.0,0.0,1.791759469228055,1.3862943611198906,1.0986122886681098,0.0,3,8,0.0,0.0,0.0,0.0,0.0,0.6931471805599453,0.0,72,14,2,4,54,8,0.0,2.0476928433652555,10,0.375,16,0.0,1,0.0,0.0,0.0,0.0,1,0.0,0.0,0.0,0.0,1,0.0,0.0,0.0,0.0,0.0,1
1991,90638.0,0,0,29,7.053585727193677,4.795790545596741,6.82001636467413,4.553876891600541,4.976733742420574,4.574710978503383,0.6931471805599453,1.3862943611198906,1.6094379124341003,10,1,0.0,0.0,0.6931471805599453,0.0,0.0,0.0,0.6931471805599453,35,12,0,1,2525,18,1.0986122886681098,4.950728007525955,4,0.05555555555555555,19,0.0,0,0.6931471805599453,0.0,0.0,0.0,0,0.6931471805599453,0.0,0.0,0.0,1,0.0,0.0,0.0,0.0,0.0,1
1986,27161.0,1,0,41,2.0794415416798357,1.6094379124341003,3.1780538303479458,2.0794415416798357,0.0,2.4849066497880004,0.6931471805599453,0.6931471805599453,0.0,3,7,0.0,0.0,0.0,0.0,0.0,0.0,0.0,40,13,1,3,52,5,0.0,2.4336133554004498,8,0.2,12,0.0,0,0.6931471805599453,0.0,0.0,0.0,1,0.0,0.0,0.0,0.0,1,0.0,0.0,0.0,0.6931471805599453,0.0,0
1977,42014.0,1,0,56,5.501258210544727,2.772588722239781,4.6913478822291435,1.6094379124341003,2.772588722239781,3.9318256327243257,1.9459101490553132,2.0794415416798357,0.6931471805599453,6,8,0.0,0.0,0.0,0.0,0.0,0.0,0.6931471805599453,49,14,1,3,436,20,0.6931471805599453,3.126760535960395,15,0.3,28,0.0,1,0.0,0.0,0.0,0.0,1,0.0,0.0,0.0,0.0,0,0.6931471805599453,0.0,0.0,0.0,0.0,1
1960,38201.0,0,1,19,5.455321115357702,0.0,3.1780538303479458,0.0,0.0,2.5649493574615367,1.6094379124341003,1.791759469228055,0.6931471805599453,5,8,0.0,0.0,0.0,0.0,0.0,0.0,0.0,66,13,1,3,268,15,0.0,2.9373966965410276,13,0.26666666666666666,23,0.0,0,0.0,0.6931471805599453,0.0,0.0,0,0.0,0.6931471805599453,0.0,0.0,0,0.6931471805599453,0.0,0.0,0.0,0.0,1
1982,45203.0,2,0,4,3.58351893845611,1.3862943611198906,4.219507705176107,2.3978952727983707,2.1972245773362196,3.2188758248682006,0.6931471805599453,1.3862943611198906,0.6931471805599453,3,6,0.0,0.0,0.0,0.0,0.0,0.0,0.6931471805599453,44,12,2,4,147,8,0.6931471805599453,2.9639835752394106,9,0.125,14,0.0,1,0.0,0.0,0.0,0.0,0,0.0,0.6931471805599453,0.0,0.0,0,0.6931471805599453,0.0,0.0,0.6931471805599453,0.0,0
1947,81574.0,0,0,89,7.133295954896068,0.0,6.144185634125646,3.8501476017100584,3.58351893845611,0.0,0.6931471805599453,1.6094379124341003,1.791759469228055,8,1,0.0,0.6931471805599453,0.6931471805599453,0.0,0.0,0.0,0.0,79,12,0,2,1798,18,1.0986122886681098,4.614019801265074,5,0.05555555555555555,19,0.0,0,0.0,0.6931471805599453,0.0,0.0,0,0.0,0.6931471805599453,0.0,0.0,1,0.0,0.0,0.0,0.0,0.0,1
1992,34935.0,0,0,71,3.5553480614894135,1.6094379124341003,4.204692619390966,1.3862943611198906,2.3978952727983707,3.044522437723423,0.6931471805599453,1.0986122886681098,0.6931471805599453,4,7,0.0,0.0,0.0,0.0,0.0,0.0,0.0,34,13,0,2,137,8,0.0,2.8972922007407385,9,0.125,15,0.0,1,0.0,0.0,0.0,0.0,1,0.0,0.0,0.0,0.0,1,0.0,0.0,0.0,0.6931471805599453,0.0,0
1976,60482.0,0,1,81,5.545177444479562,3.784189633918261,4.90527477843843,3.6375861597263857,2.70805020110221,3.2188758248682006,0.6931471805599453,2.0794415416798357,1.0986122886681098,7,7,0.0,0.0,0.0,0.0,0.0,0.0,0.0,50,13,1,2,507,17,0.0,3.4282783402648263,14,0.058823529411764705,24,0.0,0,0.6931471805599453,0.0,0.0,0.0,0,0.6931471805599453,0.0,0.0,0.0,0,0.6931471805599453,0.0,0.0,0.0,0.0,1
1956,34633.0,2,1,31,2.1972245773362196,0.6931471805599453,1.791759469228055,0.0,0.0,0.6931471805599453,0.6931471805599453,0.6931471805599453,0.0,2,6,0.0,0.0,0.0,0.0,0.0,0.0,0.0,70,12,3,5,15,4,0.0,1.55814461804655,7,0.25,10,0.0,1,0.0,0.0,0.0,0.0,0,0.0,0.6931471805599453,0.0,0.0,1,0.0,0.0,0.0,0.0,0.0,1
1947,78093.0,0,0,53,5.910796644040527,3.4965075614664802,6.461468176353717,2.6390573296152584,3.784189633918261,2.3978952727983707,0.6931471805599453,1.6094379124341003,2.0794415416798357,5,1,0.0,0.0,0.0,0.0,0.0,0.0,0.0,79,13,0,2,1105,17,0.0,4.189654742026425,5,0.058823529411764705,18,0.0,0,0.6931471805599453,0.0,0.0,0.0,0,0.0,0.6931471805599453,0.0,0.0,0,0.0,0.0,0.0,0.6931471805599453,0.0,0
1950,82460.0,0,0,78,5.545177444479562,3.871201010907891,6.352629396319567,3.970291913552122,3.4965075614664802,2.772588722239781,0.6931471805599453,1.791759469228055,1.3862943611198906,6,1,0.0,0.0,0.0,0.0,0.0,0.0,0.0,76,13,0,1,974,15,0.0,4.188644130520502,6,0.06666666666666667,16,0.0,1,0.0,0.0,0.0,0.6931471805599453,0,0.0,0.0,0.0,0.0,1,0.0,0.0,0.0,0.6931471805599453,0.0,0
1966,45903.0,0,1,80,3.5263605246161616,2.1972245773362196,2.3978952727983707,1.0986122886681098,2.3978952727983707,1.3862943611198906,1.0986122886681098,1.0986122886681098,0.6931471805599453,3,4,0.0,0.0,0.0,0.0,0.0,0.0,0.0,60,12,1,3,66,8,0.0,2.224623551524334,6,0.25,12,0.0,0,0.6931471805599453,0.0,0.0,0.0,0,0.0,0.6931471805599453,0.0,0.0,1,0.0,0.0,0.0,0.0,0.0,1
1987,81361.0,0,0,18,5.099866427824199,3.1780538303479458,6.052089168924417,3.332204510175204,4.189654742026425,4.343805421853684,0.6931471805599453,1.3862943611198906,2.3978952727983707,13,1,0.0,0.0,0.0,0.0,0.0,0.0,0.6931471805599453,39,12,0,1,778,27,0.6931471805599453,3.395005411414234,4,0.037037037037037035,28,0.0,1,0.0,0.0,0.0,0.6931471805599453,0,0.0,0.0,0.0,0.0,1,0.0,0.0,0.0,0.6931471805599453,0.0,0
1973,35860.0,1,1,37,2.772588722239781,0.0,2.1972245773362196,1.6094379124341003,1.0986122886681098,3.044522437723423,1.0986122886681098,0.6931471805599453,0.6931471805599453,2,5,0.6931471805599453,0.0,0.0,0.0,0.0,0.0,0.6931471805599453,53,12,2,3,49,6,1.0986122886681098,2.2155737160044158,6,0.3333333333333333,11,0.0,0,0.0,0.6931471805599453,0.0,0.6931471805599453,0,0.0,0.0,0.0,0.0,1,0.0,0.0,0.6931471805599453,0.0,0.0,0
1952,40442.0,1,1,52,3.828641396489095,2.5649493574615367,3.970291913552122,3.258096538021482,3.1354942159291497,2.6390573296152584,1.6094379124341003,1.3862943611198906,0.6931471805599453,4,7,0.0,0.0,0.0,0.0,0.0,0.0,0.6931471805599453,74,14,2,4,169,12,0.6931471805599453,2.7135903814778253,10,0.3333333333333333,19,0.0,0,0.6931471805599453,0.0,0.0,0.0,0,0.0,0.6931471805599453,0.0,0.0,1,0.0,0.0,0.0,0.6931471805599453,0.0,0
1965,61482.0,0,0,39,3.8918202981106265,4.07753744390572,4.23410650459726,2.833213344056216,4.204692619390966,3.784189633918261,0.6931471805599453,1.3862943611198906,1.0986122886681098,6,2,0.0,0.0,0.0,0.0,0.0,0.0,0.0,61,12,0,2,299,12,0.0,3.254886262391234,5,0.08333333333333333,14,0.0,1,0.0,0.0,0.0,0.0,1,0.0,0.0,0.0,0.0,1,0.0,0.0,0.0,0.6931471805599453,0.0,0
1980,34968.0,1,0,11,5.0689042022202315,1.9459101490553132,3.828641396489095,2.1972245773362196,1.0986122886681098,1.0986122886681098,2.0794415416798357,1.3862943611198906,1.0986122886681098,5,7,0.0,0.0,0.0,0.0,0.0,0.0,0.0,46,13,1,3,221,17,0.0,2.6390573296152584,10,0.4117647058823529,24,0.0,1,0.0,0.0,0.0,0.0,1,0.0,0.0,0.0,0.0,1,0.0,0.0,0.0,0.0,0.0,1
1987,75794.0,0,0,33,6.626717749249025,5.081404364984463,6.439350371100098,4.1588830833596715,3.4965075614664802,3.8918202981106265,0.6931471805599453,2.0794415416798357,1.791759469228055,12,3,0.0,0.0,0.0,0.6931471805599453,0.0,0.0,0.0,39,13,0,2,1682,25,0.6931471805599453,4.22361689792624,10,0.04,28,0.0,1,0.0,0.0,0.0,0.0,1,0.0,0.0,0.0,0.0,1,0.0,0.0,0.0,0.0,0.0,1
1962,31497.0,0,1,22,4.6913478822291435,0.6931471805599453,3.367295829986474,2.6390573296152584,0.6931471805599453,1.6094379124341003,1.0986122886681098,1.3862943611198906,0.6931471805599453,4,8,0.0,0.0,0.0,0.0,0.0,0.0,0.0,64,14,1,3,155,10,0.0,2.803360380906535,11,0.2,18,0.0,0,0.0,0.6931471805599453,0.0,0.0,0,0.0,0.6931471805599453,0.0,0.0,1,0.0,0.0,0.0,0.0,0.0,1
1955,74268.0,0,0,83,5.298317366548036,4.204692619390966,5.755742213586912,4.584967478670572,5.1647859739235145,3.7376696182833684,0.6931471805599453,1.6094379124341003,1.3862943611198906,5,2,0.0,0.0,0.0,0.0,0.0,0.0,0.0,71,13,0,2,892,13,0.0,4.242985586238389,6,0.07692307692307693,15,0.0,1,0.0,0.0,0.0,0.0,1,0.0,0.0,0.0,0.0,1,0.0,0.0,0.0,0.6931471805599453,0.0,0
1988,13724.0,1,0,43,1.0986122886681098,2.0794415416798357,1.791759469228055,1.0986122886681098,2.772588722239781,3.332204510175204,0.6931471805599453,1.0986122886681098,0.0,2,9,0.6931471805599453,0.0,0.0,0.0,0.0,0.0,0.0,38,14,1,3,58,5,0.6931471805599453,2.533696813957432,11,0.2,14,0.6931471805599453,0,0.0,0.0,0.0,0.0,0,0.0,0.6931471805599453,0.0,0.0,0,0.6931471805599453,0.0,0.6931471805599453,0.0,0.0,0
1965,45143.0,0,1,74,5.313205979041787,1.791759469228055,4.31748811353631,2.4849066497880004,1.791759469228055,2.70805020110221,1.3862943611198906,1.9459101490553132,0.6931471805599453,5,7,0.0,0.0,0.0,0.0,0.0,0.0,0.0,61,13,1,3,311,15,0.0,3.0788471802644977,13,0.2,22,0.0,0,0.6931471805599453,0.0,0.0,0.0,0,0.0,0.6931471805599453,0.0,0.0,0,0.6931471805599453,0.0,0.0,0.0,0.0,1
1967,52569.0,0,1,54,4.454347296253507,0.0,1.3862943611198906,0.0,0.0,2.0794415416798357,0.6931471805599453,1.0986122886681098,0.0,4,3,0.0,0.0,0.0,0.0,0.0,0.0,0.0,59,12,1,2,95,7,0.0,2.6790626642289577,5,0.14285714285714285,10,0.0,0,0.0,0.6931471805599453,0.0,0.0,0,0.6931471805599453,0.0,0.0,0.0,1,0.0,0.0,0.0,0.0,0.0,1
1973,48432.0,0,1,3,5.777652323222656,1.3862943611198906,3.9318256327243257,1.6094379124341003,1.3862943611198906,3.7612001156935624,1.791759469228055,2.0794415416798357,0.6931471805599453,6,8,0.0,0.0,0.0,0.0,0.0,0.0,0.6931471805599453,53,14,1,2,424,19,0.6931471805599453,3.149130790878695,15,0.2631578947368421,27,0.0,0,0.0,0.6931471805599453,0.0,0.0,0,0.6931471805599453,0.0,0.0,0.0,0,0.6931471805599453,0.0,0.0,0.0,0.0,1
1960,17144.0,1,1,96,2.9444389791664403,1.0986122886681098,2.995732273553991,0.0,1.0986122886681098,1.9459101490553132,1.791759469228055,1.3862943611198906,0.0,4,7,0.0,0.0,0.0,0.0,0.0,0.0,0.0,66,12,2,4,47,12,0.0,1.5926307941177191,10,0.4166666666666667,19,0.0,0,0.6931471805599453,0.0,0.0,0.0,0,0.0,0.6931471805599453,0.0,0.0,1,0.0,0.0,0.0,0.6931471805599453,0.0,0
1984,36108.0,1,0,68,4.955827057601261,2.1972245773362196,4.867534450455582,1.3862943611198906,2.4849066497880004,3.871201010907891,1.3862943611198906,2.0794415416798357,0.6931471805599453,4,9,0.6931471805599453,0.0,0.0,0.0,0.0,0.0,0.0,42,13,1,2,339,15,0.6931471805599453,3.1612467120315646,16,0.2,24,0.0,1,0.0,0.0,0.0,0.0,0,0.6931471805599453,0.0,0.0,0.0,0,0.6931471805599453,0.0,0.0,0.0,0.0,1
1971,76445.0,1,0,2,6.606650186198215,4.68213122712422,5.736572297479192,4.948759890378168,4.394449154672439,3.58351893845611,0.6931471805599453,1.0986122886681098,1.791759469228055,13,6,0.0,0.0,0.0,0.0,0.0,0.0,0.0,55,14,1,3,1410,21,0.0,4.221606341833028,8,0.047619047619047616,27,0.0,1,0.0,0.0,0.0,0.0,1,0.0,0.0,0.0,0.0,1,0.0,0.0,0.0,0.0,0.0,1
1975,36663.0,1,0,40,2.9444389791664403,0.0,1.9459101490553132,1.3862943611198906,1.3862943611198906,1.791759469228055,0.6931471805599453,0.6931471805599453,0.6931471805599453,3,2,0.0,0.0,0.0,0.0,0.0,0.0,0.0,51,12,1,3,35,6,0.0,1.9218125974762528,3,0.16666666666666666,8,0.0,0,0.0,0.6931471805599453,0.0,0.0,1,0.0,0.0,0.0,0.0,1,0.0,0.0,0.0,0.0,0.0,1
1965,53843.0,0,1,64,5.937536205082426,0.0,4.48863636973214,2.995732273553991,1.6094379124341003,4.30406509320417,1.6094379124341003,2.1972245773362196,1.791759469228055,3,7,0.0,0.0,0.0,0.0,0.0,0.0,0.0,61,13,1,3,562,20,0.0,3.370738174177447,15,0.2,27,0.0,0,0.6931471805599453,0.0,0.0,0.0,1,0.0,0.0,0.0,0.0,0,0.6931471805599453,0.0,0.0,0.0,0.0,1
1956,90226.0,0,0,26,6.988413181999592,4.6913478822291435,6.476972362889683,5.537334267018537,5.0238805208462765,4.6913478822291435,0.6931471805599453,1.6094379124341003,2.0794415416798357,12,2,0.0,0.0,0.0,0.6931471805599453,0.0,0.0,0.0,70,14,0,2,2352,24,0.6931471805599453,4.59511985013459,6,0.041666666666666664,26,0.0,0,0.6931471805599453,0.0,0.0,0.0,1,0.0,0.0,0.0,0.0,1,0.0,0.0,0.0,0.0,0.0,1
1955,70638.0,0,0,69,6.92461239604856,2.5649493574615367,5.375278407684165,2.833213344056216,2.5649493574615367,4.1588830833596715,0.6931471805599453,1.6094379124341003,1.791759469228055,10,3,0.0,0.6931471805599453,0.0,0.0,0.0,0.0,0.0,71,13,0,1,1334,20,0.6931471805599453,4.215086179918229,7,0.05,23,0.0,0,0.6931471805599453,0.0,0.0,0.6931471805599453,0,0.0,0.0,0.0,0.0,1,0.0,0.0,0.0,0.0,0.0,1
1960,44512.0,1,1,57,3.1780538303479458,0.6931471805599453,1.9459101490553132,0.0,0.0,1.0986122886681098,1.0986122886681098,0.6931471805599453,0.0,3,4,0.0,0.0,0.0,0.0,0.0,0.0,0.0,66,13,2,4,32,6,0.0,1.8458266904983307,5,0.3333333333333333,10,0.0,1,0.0,0.0,0.0,0.0,0,0.0,0.6931471805599453,0.0,0.0,1,0.0,0.0,0.0,0.0,0.0,1
1961,27116.0,1,1,78,2.5649493574615367,0.6931471805599453,3.091042453358316,1.0986122886681098,1.0986122886681098,1.3862943611198906,1.0986122886681098,1.0986122886681098,0.0,3,7,0.0,0.0,0.0,0.0,0.0,0.0,0.0,65,12,2,4,41,7,0.0,1.9252908618525775,9,0.2857142857142857,14,0.0,1,0.0,0.0,0.0,0.0,1,0.0,0.0,0.0,0.0,1,0.0,0.0,0.0,0.6931471805599453,0.0,0
1963,54072.0,1,1,71,3.58351893845611,0.0,1.6094379124341003,0.0,0.0,0.0,0.6931471805599453,1.0986122886681098,0.0,2,8,0.0,0.0,0.0,0.0,0.0,0.0,0.0,63,13,2,4,39,5,0.0,2.174751721484161,10,0.2,13,0.0,0,0.0,0.6931471805599453,0.0,0.0,1,0.0,0.0,0.0,0.0,0,0.6931471805599453,0.0,0.0,0.0,0.0,1
1977,71855.0,0,1,59,6.3080984415095305,3.4657359027997265,6.0473721790462776,0.0,4.727387818712341,3.367295829986474,1.6094379124341003,1.791759469228055,1.791759469228055,11,3,0.0,0.0,0.0,0.0,0.0,0.0,0.0,49,13,1,3,1141,25,0.0,3.842458542042237,8,0.16,28,0.0,1,0.0,0.0,0.0,0.0,1,0.0,0.0,0.0,0.0,1,0.0,0.0,0.0,0.0,0.0,1
1990,51250.0,1,0,28,5.8377304471659395,3.4965075614664802,5.442417710521793,3.5553480614894135,3.4965075614664802,3.713572066704308,1.791759469228055,2.3978952727983707,1.791759469228055,4,9,0.6931471805599453,0.0,0.0,0.0,0.0,0.0,0.0,36,13,1,2,710,24,0.6931471805599453,3.42045519826657,19,0.20833333333333334,33,0.0,0,0.0,0.0,0.0,0.0,0,0.6931471805599453,0.0,0.0,0.0,0,0.6931471805599453,0.0,0.0,0.0,0.0,1
1973,60432.0,0,1,61,5.902633333401366,1.3862943611198906,2.772588722239781,1.6094379124341003,1.3862943611198906,2.4849066497880004,1.791759469228055,2.0794415416798357,1.0986122886681098,5,6,0.0,0.0,0.0,0.0,0.0,0.0,0.0,53,12,1,3,401,19,0.0,3.0958157321109736,13,0.2631578947368421,25,0.0,0,0.6931471805599453,0.0,0.0,0.0,1,0.0,0.0,0.0,0.0,0,0.6931471805599453,0.0,0.0,0.0,0.0,1
1964,65526.0,0,1,22,5.986452005284438,2.995732273553991,4.248495242049359,2.5649493574615367,0.0,2.302585092994046,0.6931471805599453,1.6094379124341003,1.6094379124341003,8,2,0.0,0.0,0.0,0.0,0.0,0.0,0.0,62,12,1,3,506,17,0.0,3.426368120008707,6,0.058823529411764705,19,0.0,0,0.0,0.6931471805599453,0.0,0.0,1,0.0,0.0,0.0,0.0,1,0.0,0.0,0.0,0.0,0.0,1
1988,68655.0,0,0,95,6.124683390894205,2.995732273553991,6.725033642166843,4.330733340286331,4.77912349311153,3.6635616461296463,0.6931471805599453,1.6094379124341003,1.791759469228055,11,3,0.0,0.0,0.0,0.0,0.0,0.0,0.0,38,14,0,1,1538,21,0.0,4.307277431334353,7,0.047619047619047616,24,0.0,1,0.0,0.0,0.0,0.0,0,0.6931471805599453,0.0,0.0,0.0,1,0.0,0.0,0.0,0.6931471805599453,0.0,0
1978,12393.0,0,0,38,1.791759469228055,1.9459101490553132,2.772588722239781,2.4849066497880004,2.0794415416798357,2.6390573296152584,0.6931471805599453,1.0986122886681098,0.0,3,9,0.0,0.0,0.0,0.0,0.0,0.0,0.0,48,14,0,2,57,6,0.0,2.3513752571634776,11,0.16666666666666666,15,0.0,0,0.0,0.0,0.0,0.0,1,0.0,0.0,0.0,0.0,1,0.0,0.0,0.0,0.6931471805599453,0.0,0
1990,64509.0,0,0,19,6.729824070489475,5.225746673713202,6.3561076606958915,3.2188758248682006,3.258096538021482,4.356708826689592,0.6931471805599453,1.9459101490553132,1.3862943611198906,9,4,0.6931471805599453,0.0,0.0,0.0,0.0,0.0,0.6931471805599453,36,13,0,1,1722,19,1.0986122886681098,4.517775960601749,10,0.05263157894736842,23,0.0,1,0.0,0.0,0.0,0.0,0,0.6931471805599453,0.0,0.0,0.0,1,0.0,0.0,0.0,0.0,0.0,1
1975,33955.0,1,0,92,4.61512051684126,1.0986122886681098,4.859812404361672,3.1780538303479458,2.0794415416798357,2.3978952727983707,1.6094379124341003,1.791759469228055,0.6931471805599453,5,8,0.0,0.0,0.0,0.0,0.0,0.0,0.0,51,13,1,2,270,15,0.0,2.9444389791664403,13,0.26666666666666666,23,0.0,1,0.0,0.0,0.0,0.0,0,0.6931471805599453,0.0,0.0,0.0,0,0.6931471805599453,0.0,0.0,0.6931471805599453,0.0,0
1977,31353.0,1,1,24,2.3978952727983707,0.0,2.3978952727983707,1.3862943611198906,0.6931471805599453,2.0794415416798357,1.0986122886681098,0.6931471805599453,0.6931471805599453,2,8,0.0,0.0,0.0,0.0,0.0,0.0,0.6931471805599453,49,13,2,4,31,6,0.6931471805599453,1.8191584434161694,9,0.3333333333333333,14,0.0,1,0.0,0.0,0.0,0.0,1,0.0,0.0,0.0,0.0,1,0.0,0.0,0.0,0.0,0.0,1
1984,55434.0,1,0,21,5.476463551931511,4.7535901911063645,5.375278407684165,5.135798437050262,4.248495242049359,4.343805421853684,1.3862943611198906,1.791759469228055,1.3862943611198906,13,4,0.0,0.0,0.0,0.0,0.0,0.0,0.0,42,13,1,3,882,24,0.0,3.6309854756950335,9,0.125,28,0.0,1,0.0,0.0,0.0,0.0,1,0.0,0.0,0.0,0.0,1,0.0,0.0,0.0,0.0,0.0,1
1983,28359.0,1,0,35,1.9459101490553132,0.0,1.791759469228055,1.0986122886681098,0.6931471805599453,1.0986122886681098,0.6931471805599453,0.6931471805599453,0.0,2,7,0.0,0.0,0.0,0.0,0.0,0.0,0.0,43,13,1,3,16,4,0.0,1.6094379124341003,8,0.25,11,0.0,1,0.0,0.0,0.0,0.0,0,0.0,0.6931471805599453,0.0,0.0,1,0.0,0.0,0.0,0.0,0.0,1
1987,57100.0,1,0,9,5.0689042022202315,2.4849066497880004,4.605170185988092,2.772588722239781,2.4849066497880004,2.8903717578961645,1.0986122886681098,1.3862943611198906,1.0986122886681098,7,3,0.0,0.0,0.0,0.0,0.0,0.0,0.0,39,12,1,2,311,14,0.0,3.144767852714479,6,0.14285714285714285,17,0.0,1,0.0,0.0,0.0,0.0,0,0.6931471805599453,0.0,0.0,0.0,1,0.0,0.0,0.0,0.0,0.0,1
1965,69139.0,0,1,23,4.465908118654584,2.5649493574615367,4.330733340286331,3.5263605246161616,2.772588722239781,1.9459101490553132,0.6931471805599453,1.6094379124341003,0.6931471805599453,5,4,0.0,0.0,0.0,0.0,0.0,0.0,0.0,61,12,1,3,227,11,0.0,3.0743754008731043,8,0.09090909090909091,15,0.0,1,0.0,0.0,0.0,0.0,1,0.0,0.0,0.0,0.0,1,0.0,0.0,0.0,0.0,0.0,1
1956,52973.0,0,1,92,6.75343791859778,0.0,4.343805421853684,2.5649493574615367,2.302585092994046,5.298317366548036,2.0794415416798357,2.302585092994046,1.9459101490553132,9,8,0.0,0.0,0.0,0.0,0.0,0.0,0.0,70,14,1,3,1152,31,0.0,3.6418216594932407,17,0.22580645161290322,39,0.0,0,0.6931471805599453,0.0,0.0,0.0,1,0.0,0.0,0.0,0.0,0,0.6931471805599453,0.0,0.0,0.0,0.0,1
1965,51717.0,0,1,55,4.59511985013459,0.6931471805599453,2.8903717578961645,0.0,0.6931471805599453,1.791759469228055,0.6931471805599453,1.3862943611198906,0.0,4,7,0.0,0.6931471805599453,0.0,0.0,0.0,0.0,0.0,61,13,1,3,122,8,0.6931471805599453,2.7880929087757464,10,0.125,15,0.0,0,0.0,0.6931471805599453,0.0,0.0,0,0.0,0.6931471805599453,0.0,0.0,1,0.0,0.0,0.0,0.0,0.0,1
1971,18793.0,1,0,14,1.6094379124341003,2.833213344056216,3.044522437723423,0.0,2.8903717578961645,3.044522437723423,1.3862943611198906,1.0986122886681098,0.0,4,8,0.0,0.0,0.0,0.0,0.0,0.0,0.0,55,13,1,3,77,9,0.0,2.257122718917288,10,0.3333333333333333,17,0.0,1,0.0,0.0,0.0,0.0,1,0.0,0.0,0.0,0.0,1,0.0,0.0,0.0,0.6931471805599453,0.0,0
1982,66664.0,0,0,78,5.988961416889864,4.574710978503383,6.104793232414985,5.3981627015177525,4.574710978503383,3.4965075614664802,0.6931471805599453,1.791759469228055,2.0794415416798357,6,3,0.0,0.0,0.0,0.0,0.0,0.0,0.0,44,14,0,2,1289,19,0.0,4.231815552850703,8,0.05263157894736842,22,0.0,0,0.0,0.0,0.0,0.0,0,0.0,0.6931471805599453,0.0,0.0,0,0.0,0.0,0.0,0.6931471805599453,0.0,0
1959,50664.0,1,1,64,5.749392985908253,2.1972245773362196,4.653960350157523,1.9459101490553132,1.6094379124341003,4.844187086458591,2.302585092994046,2.1972245773362196,0.6931471805599453,6,9,0.0,0.0,0.0,0.0,0.0,0.0,0.0,67,13,2,3,561,24,0.0,3.193558016883911,17,0.375,33,0.0,1,0.0,0.0,0.0,0.0,0,0.6931471805599453,0.0,0.0,0.0,0,0.6931471805599453,0.0,0.0,0.0,0.0,1
1963,54414.0,1,1,49,4.700480365792417,2.9444389791664403,2.833213344056216,3.2188758248682006,3.295836866004329,2.9444389791664403,1.6094379124341003,1.3862943611198906,0.6931471805599453,5,4,0.0,0.0,0.0,0.0,0.0,0.0,0.0,63,13,2,4,211,13,0.0,2.8466966943935033,7,0.3076923076923077,17,0.0,1,0.0,0.0,0.0,0.0,0,0.0,0.6931471805599453,0.0,0.0,1,0.0,0.0,0.0,0.0,0.0,1
1952,54549.0,0,1,8,5.37989735354046,1.0986122886681098,1.9459101490553132,0.0,0.0,2.302585092994046,1.0986122886681098,1.791759469228055,0.6931471805599453,4,7,0.0,0.0,0.0,0.0,0.0,0.0,0.0,74,12,1,3,233,12,0.0,3.0163515607567266,12,0.16666666666666666,19,0.0,0,0.0,0.6931471805599453,0.0,0.0,1,0.0,0.0,0.0,0.0,0,0.6931471805599453,0.0,0.0,0.0,0.0,1
1971,47111.0,0,1,35,6.39024066706535,4.276666119016055,5.0369526024136295,4.795790545596741,4.727387818712341,3.7376696182833684,1.9459101490553132,1.3862943611198906,1.0986122886681098,10,9,0.0,0.0,0.0,0.0,0.0,0.0,0.0,55,14,1,2,1092,21,0.0,3.970291913552122,12,0.2857142857142857,30,0.0,0,0.0,0.6931471805599453,0.0,0.0,0,0.0,0.0,0.6931471805599453,0.0,1,0.0,0.0,0.0,0.0,0.0,1
1963,41003.0,0,0,11,4.820281565605037,4.897839799950911,4.962844630259907,4.276666119016055,3.8066624897703196,4.48863636973214,0.6931471805599453,1.9459101490553132,1.0986122886681098,8,6,0.0,0.0,0.0,0.0,0.0,0.0,0.0,63,13,0,1,601,17,0.0,3.5932751134014747,12,0.058823529411764705,23,0.0,0,0.0,0.6931471805599453,0.0,0.6931471805599453,0,0.0,0.0,0.0,0.0,1,0.0,0.0,0.0,0.6931471805599453,0.0,0
1982,19444.0,1,0,8,2.833213344056216,0.0,3.1780538303479458,1.3862943611198906,1.0986122886681098,2.3978952727983707,1.3862943611198906,1.6094379124341003,0.6931471805599453,2,7,0.0,0.0,0.0,0.0,0.0,0.0,0.6931471805599453,44,12,1,3,54,10,0.6931471805599453,1.8562979903656263,11,0.3,17,0.0,1,0.0,0.0,0.0,0.0,0,0.0,0.6931471805599453,0.0,0.0,0,0.6931471805599453,0.0,0.0,0.6931471805599453,0.0,0
1976,36301.0,1,0,53,2.4849066497880004,2.5649493574615367,3.58351893845611,1.3862943611198906,1.791759469228055,2.5649493574615367,0.6931471805599453,1.3862943611198906,0.0,3,7,0.0,0.0,0.0,0.0,0.0,0.0,0.0,50,13,1,3,78,7,0.0,2.496741107435003,10,0.14285714285714285,14,0.0,0,0.0,0.0,0.0,0.0,0,0.0,0.6931471805599453,0.0,0.0,0,0.6931471805599453,0.0,0.0,0.6931471805599453,0.0,0
1947,73059.0,0,1,36,6.018593214496234,4.727387818712341,6.042632833682381,0.0,4.418840607796598,4.276666119016055,0.6931471805599453,2.302585092994046,1.3862943611198906,13,4,0.0,0.0,0.0,0.0,0.0,0.0,0.0,79,13,1,3,1095,26,0.0,3.763879885050678,13,0.038461538461538464,30,0.0,0,0.0,0.6931471805599453,0.0,0.0,0,0.0,0.6931471805599453,0.0,0.0,1,0.0,0.0,0.0,0.6931471805599453,0.0,0
1969,42731.0,1,0,64,5.075173815233827,1.0986122886681098,3.9512437185814275,1.9459101490553132,1.0986122886681098,3.2188758248682006,1.3862943611198906,1.6094379124341003,0.6931471805599453,5,5,0.0,0.0,0.0,0.0,0.0,0.0,0.0,57,13,1,3,244,13,0.0,2.984126727433683,9,0.23076923076923078,18,0.0,0,0.0,0.6931471805599453,0.0,0.0,0,0.0,0.6931471805599453,0.0,0.0,1,0.0,0.0,0.0,0.0,0.0,1
1959,52854.0,1,1,43,4.663439094112067,0.0,2.3978952727983707,0.0,0.6931471805599453,0.0,1.0986122886681098,1.0986122886681098,0.6931471805599453,4,5,0.0,0.0,0.0,0.0,0.0,0.0,0.0,67,12,2,4,116,9,0.0,2.631089159966082,7,0.2222222222222222,14,0.0,0,0.0,0.6931471805599453,0.0,0.0,1,0.0,0.0,0.0,0.0,1,0.0,0.0,0.0,0.0,0.0,1
1978,22775.0,1,0,40,1.791759469228055,0.6931471805599453,2.1972245773362196,0.0,0.0,0.6931471805599453,0.6931471805599453,0.6931471805599453,0.0,2,8,0.0,0.0,0.0,0.0,0.0,0.0,0.0,48,13,1,3,15,4,0.0,1.55814461804655,9,0.25,12,0.0,1,0.0,0.0,0.0,0.0,0,0.0,0.6931471805599453,0.0,0.0,1,0.0,0.0,0.0,0.6931471805599453,0.0,0
1948,46681.0,0,2,52,5.598421958998375,2.772588722239781,4.248495242049359,2.772588722239781,2.995732273553991,3.6635616461296463,1.0986122886681098,1.6094379124341003,1.9459101490553132,4,5,0.0,0.0,0.0,0.0,0.0,0.0,0.0,78,13,2,4,425,16,0.0,3.316456153207065,9,0.125,21,0.0,0,0.0,0.6931471805599453,0.0,0.0,0,0.0,0.6931471805599453,0.0,0.0,0,0.0,0.0,0.0,0.0,0.0,1
1955,59821.0,0,1,11,6.4457198193855785,0.0,4.2626798770413155,0.0,0.0,3.58351893845611,1.9459101490553132,2.4849066497880004,1.0986122886681098,7,8,0.0,0.0,0.0,0.0,0.0,0.0,0.0,71,13,1,3,734,26,0.0,3.375221895258895,19,0.23076923076923078,34,0.0,0,0.0,0.6931471805599453,0.0,0.0,1,0.0,0.0,0.0,0.0,0,0.6931471805599453,0.0,0.0,0.0,0.0,1
1954,50002.0,0,1,21,6.095824562432225,1.791759469228055,4.276666119016055,3.091042453358316,2.833213344056216,4.418840607796598,1.0986122886681098,2.1972245773362196,1.0986122886681098,7,7,0.0,0.0,0.0,0.0,0.0,0.0,0.0,72,13,1,2,638,19,0.0,3.5432450393181703,15,0.10526315789473684,26,0.0,1,0.0,0.0,0.0,0.6931471805599453,0,0.0,0.0,0.0,0.0,0,0.6931471805599453,0.0,0.0,0.0,0.0,1
1945,69755.0,0,0,23,5.384495062789089,4.356708826689592,5.924255797414532,4.718498871295094,3.1780538303479458,4.543294782270004,0.6931471805599453,1.3862943611198906,1.9459101490553132,12,1,0.0,0.0,0.0,0.0,0.0,0.0,0.0,81,13,0,2,894,22,0.0,3.7289739113158142,4,0.045454545454545456,23,0.0,1,0.0,0.0,0.0,0.0,1,0.0,0.0,0.0,0.0,1,0.0,0.0,0.0,0.6931471805599453,0.0,0
1969,44078.0,1,1,17,3.2188758248682006,0.6931471805599453,2.3978952727983707,1.0986122886681098,0.0,1.6094379124341003,1.0986122886681098,1.0986122886681098,0.0,3,5,0.0,0.0,0.0,0.0,0.0,0.0,0.0,57,12,2,4,41,7,0.0,1.9252908618525775,7,0.2857142857142857,12,0.0,1,0.0,0.0,0.0,0.0,1,0.0,0.0,0.0,0.0,1,0.0,0.0,0.0,0.0,0.0,1
1976,30560.0,1,0,6,2.302585092994046,0.6931471805599453,1.791759469228055,1.6094379124341003,1.791759469228055,2.0794415416798357,0.6931471805599453,0.6931471805599453,0.0,3,7,0.0,0.0,0.0,0.0,0.0,0.0,0.0,50,13,1,3,31,5,0.0,1.9740810260220096,8,0.2,12,0.0,0,0.6931471805599453,0.0,0.0,0.0,0,0.0,0.6931471805599453,0.0,0.0,1,0.0,0.0,0.0,0.0,0.0,1
1969,35924.0,1,1,56,2.1972245773362196,0.0,2.70805020110221,1.0986122886681098,1.3862943611198906,2.0794415416798357,0.6931471805599453,0.6931471805599453,0.0,3,5,0.0,0.0,0.0,0.0,0.0,0.0,0.0,57,12,2,4,34,5,0.0,2.0541237336955462,6,0.2,10,0.0,0,0.6931471805599453,0.0,0.0,0.0,0,0.0,0.6931471805599453,0.0,0.0,1,0.0,0.0,0.0,0.6931471805599453,0.0,0
1964,64140.0,0,2,71,7.286191714702382,0.0,4.127134385045092,0.0,2.772588722239781,5.375278407684165,1.791759469228055,1.0986122886681098,1.791759469228055,6,5,0.6931471805599453,0.0,0.6931471805599453,0.0,0.6931471805599453,0.0,0.6931471805599453,62,13,2,3,1750,18,1.6094379124341003,4.587232485301424,7,0.2777777777777778,23,0.0,0,0.0,0.6931471805599453,0.0,0.6931471805599453,0,0.0,0.0,0.0,0.0,1,0.0,0.0,0.0,0.0,0.0,1
1981,56386.0,1,1,51,5.442417710521793,3.8918202981106265,5.3706380281276624,2.6390573296152584,3.4965075614664802,4.330733340286331,2.1972245773362196,2.302585092994046,0.6931471805599453,7,9,0.0,0.0,0.0,0.0,0.0,0.0,0.0,45,14,2,4,612,25,0.0,3.2378938307039626,18,0.32,34,0.0,1,0.0,0.0,0.0,0.0,0,0.0,0.6931471805599453,0.0,0.0,0,0.6931471805599453,0.0,0.0,0.0,0.0,1
1979,24594.0,1,0,94,0.6931471805599453,1.3862943611198906,1.9459101490553132,2.3978952727983707,0.0,2.302585092994046,0.6931471805599453,0.6931471805599453,0.0,3,5,0.0,0.0,0.0,0.0,0.0,0.0,0.0,47,13,1,3,29,5,0.0,1.916922612182061,6,0.2,10,0.6931471805599453,0,0.0,0.0,0.0,0.0,0,0.0,0.6931471805599453,0.0,0.0,1,0.0,0.0,0.0,0.0,0.0,0
1981,75774.0,1,0,27,5.831882477283517,3.091042453358316,4.90527477843843,5.556828061699537,2.70805020110221,4.04305126783455,0.6931471805599453,2.0794415416798357,1.791759469228055,8,4,0.0,0.0,0.0,0.0,0.0,0.0,0.0,45,12,1,3,823,21,0.0,3.693630056872534,11,0.047619047619047616,25,0.0,0,0.0,0.0,0.0,0.0,0,0.0,0.6931471805599453,0.0,0.0,1,0.0,0.0,0.0,0.0,0.0,1
1960,39228.0,0,0,1,2.0794415416798357,0.6931471805599453,1.9459101490553132,0.0,1.3862943611198906,1.3862943611198906,0.6931471805599453,0.0,0.0,3,4,0.0,0.0,0.0,0.0,0.0,0.0,0.0,66,13,0,1,20,4,0.0,1.791759469228055,4,0.25,8,0.0,0,0.6931471805599453,0.0,0.0,0.6931471805599453,0,0.0,0.0,0.0,0.0,1,0.0,0.0,0.0,0.0,0.0,1
1974,58494.0,0,1,56,5.700443573390687,2.0794415416798357,4.23410650459726,1.6094379124341003,0.0,2.995732273553991,1.0986122886681098,1.9459101490553132,1.0986122886681098,6,6,0.0,0.0,0.0,0.0,0.0,0.0,0.0,52,13,1,3,396,16,0.0,3.248434627109745,12,0.125,22,0.0,0,0.6931471805599453,0.0,0.0,0.0,1,0.0,0.0,0.0,0.0,0,0.6931471805599453,0.0,0.0,0.0,0.0,1
1981,58684.0,0,0,71,6.173786103901937,3.58351893845611,5.19295685089021,3.367295829986474,2.0794415416798357,4.454347296253507,0.6931471805599453,1.791759469228055,1.3862943611198906,12,2,0.0,0.6931471805599453,0.0,0.0,0.0,0.0,0.0,45,12,0,1,813,21,0.6931471805599453,3.681710964635324,7,0.047619047619047616,23,0.0,1,0.0,0.0,0.0,0.0,0,0.6931471805599453,0.0,0.0,0.0,1,0.0,0.0,0.0,0.0,0.0,1
1967,57136.0,0,0,18,5.5909869805108565,4.948759890378168,6.396929655216146,3.5553480614894135,2.5649493574615367,4.852030263919617,0.6931471805599453,2.0794415416798357,1.791759469228055,7,6,0.0,0.0,0.0,0.0,0.0,0.0,0.6931471805599453,59,13,0,1,1179,20,0.6931471805599453,4.093510881473524,13,0.05,26,0.0,1,0.0,0.0,0.0,0.6931471805599453,0,0.0,0.0,0.0,0.0,0,0.6931471805599453,0.0,0.0,0.6931471805599453,0.0,0
1950,56551.0,1,1,48,4.219507705176107,1.6094379124341003,3.4965075614664802,2.8903717578961645,1.0986122886681098,2.833213344056216,1.3862943611198906,1.0986122886681098,0.6931471805599453,4,4,0.0,0.0,0.0,0.0,0.0,0.0,0.0,76,12,2,3,138,10,0.0,2.6946271807700692,6,0.3,14,0.0,0,0.0,0.6931471805599453,0.0,0.0,0,0.0,0.0,0.6931471805599453,0.0,1,0.0,0.0,0.0,0.0,0.0,1
1982,22448.0,1,0,86,1.3862943611198906,0.6931471805599453,2.1972245773362196,3.1780538303479458,1.0986122886681098,2.9444389791664403,1.3862943611198906,1.0986122886681098,0.6931471805599453,3,3,0.0,0.0,0.0,0.0,0.0,0.0,0.0,44,12,1,3,55,9,0.0,1.9616585060234524,5,0.3333333333333333,12,0.0,1,0.0,0.0,0.0,0.0,1,0.0,0.0,0.0,0.0,1,0.0,0.0,0.0,0.0,0.0,0
1961,82014.0,0,0,48,6.8885724595653635,3.6375861597263857,5.583496308781699,3.58351893845611,5.099866427824199,3.4657359027997265,0.6931471805599453,1.3862943611198906,1.9459101490553132,12,6,0.0,0.0,0.0,0.0,0.0,0.0,0.6931471805599453,65,14,0,1,1511,22,0.6931471805599453,4.243939425513498,9,0.045454545454545456,28,0.0,1,0.0,0.0,0.0,0.0,0,0.6931471805599453,0.0,0.0,0.0,1,0.0,0.0,0.0,0.0,0.0,1
1963,34213.0,1,1,2,3.9318256327243257,1.6094379124341003,3.367295829986474,1.9459101490553132,1.3862943611198906,3.295836866004329,1.3862943611198906,1.3862943611198906,0.6931471805599453,2,9,0.0,0.0,0.0,0.0,0.0,0.0,0.6931471805599453,63,14,2,3,117,9,0.6931471805599453,2.6390573296152584,12,0.3333333333333333,18,0.0,1,0.0,0.0,0.0,0.0,0,0.0,0.0,0.6931471805599453,0.0,0,0.6931471805599453,0.0,0.0,0.0,0.0,1
1977,157146.0,0,0,13,0.6931471805599453,0.0,7.453561871643373,1.0986122886681098,0.6931471805599453,0.6931471805599453,0.0,0.0,3.367295829986474,0,1,0.0,0.0,0.0,0.0,0.0,0.0,0.0,49,13,0,2,1730,28,0.0,4.139727568069918,1,0.0,29,0.0,1,0.0,0.0,0.0,0.0,0,0.0,0.6931471805599453,0.0,0.0,0,0.0,0.0,0.0,0.6931471805599453,0.0,0
1947,25358.0,0,1,57,2.995732273553991,0.0,1.791759469228055,0.0,0.0,2.1972245773362196,1.0986122886681098,0.6931471805599453,0.0,3,6,0.0,0.0,0.0,0.0,0.0,0.0,0.0,79,13,1,2,32,6,0.0,1.8458266904983307,7,0.3333333333333333,12,0.0,0,0.0,0.6931471805599453,0.0,0.0,0,0.0,0.0,0.6931471805599453,0.0,1,0.0,0.0,0.0,0.0,0.0,1
1978,35544.0,1,0,77,3.4339872044851463,1.791759469228055,3.1780538303479458,1.6094379124341003,0.6931471805599453,1.6094379124341003,0.6931471805599453,1.0986122886681098,0.0,3,7,0.0,0.0,0.0,0.0,0.0,0.0,0.0,48,12,1,2,67,6,0.0,2.498699971920336,9,0.16666666666666666,13,0.0,0,0.6931471805599453,0.0,0.0,0.0,0,0.6931471805599453,0.0,0.0,0.0,1,0.0,0.0,0.0,0.0,0.0,1
1954,36634.0,0,1,0,5.365976015021851,2.302585092994046,4.343805421853684,1.6094379124341003,1.3862943611198906,3.4339872044851463,1.3862943611198906,1.791759469228055,1.0986122886681098,5,7,0.0,0.0,0.0,0.0,0.0,0.0,0.0,72,13,1,3,335,15,0.0,3.1498829533812494,12,0.2,22,0.0,0,0.6931471805599453,0.0,0.0,0.0,0,0.0,0.6931471805599453,0.0,0.0,0,0.6931471805599453,0.0,0.0,0.0,0.0,1
1954,62670.0,0,1,57,6.29156913955832,3.4339872044851463,4.532599493153256,4.394449154672439,3.8501476017100584,3.6635616461296463,0.6931471805599453,1.791759469228055,1.3862943611198906,13,3,0.0,0.0,0.0,0.0,0.0,0.0,0.0,72,12,1,3,825,22,0.0,3.6506582412937387,8,0.045454545454545456,25,0.0,0,0.0,0.6931471805599453,0.0,0.0,1,0.0,0.0,0.0,0.0,1,0.0,0.0,0.0,0.0,0.0,1
1972,50334.0,0,1,24,5.652489180268651,2.833213344056216,5.081404364984463,4.442651256490317,2.833213344056216,4.90527477843843,1.9459101490553132,2.0794415416798357,1.6094379124341003,6,6,0.0,0.0,0.0,0.0,0.0,0.0,0.0,54,13,1,3,694,23,0.0,3.439581624670471,13,0.2608695652173913,29,0.0,0,0.0,0.0,0.0,0.0,0,0.0,0.6931471805599453,0.0,0.0,0,0.6931471805599453,0.0,0.0,0.0,0.0,1
1981,72066.0,0,0,55,6.911747300251674,3.5553480614894135,6.285998094508865,4.90527477843843,3.9512437185814275,3.5553480614894135,0.6931471805599453,1.6094379124341003,1.9459101490553132,6,2,0.0,0.0,0.6931471805599453,0.6931471805599453,0.0,0.0,0.6931471805599453,45,12,0,1,1792,17,1.3862943611198906,4.667316141339079,6,0.058823529411764705,19,0.0,1,0.0,0.0,0.0,0.0,0,0.6931471805599453,0.0,0.0,0.0,0,0.0,0.0,0.0,0.0,0.0,1
1958,50729.0,1,1,62,5.480638923341991,2.6390573296152584,4.969813299576001,3.828641396489095,1.6094379124341003,3.970291913552122,2.302585092994046,1.9459101490553132,1.0986122886681098,7,6,0.0,0.0,0.0,0.0,0.0,0.0,0.0,68,13,2,3,496,24,0.0,3.0757749812275277,12,0.375,30,0.0,0,0.0,0.6931471805599453,0.0,0.0,0,0.6931471805599453,0.0,0.0,0.0,1,0.0,0.0,0.0,0.0,0.0,1
1968,34916.0,2,0,89,3.9512437185814275,3.1780538303479458,4.418840607796598,3.5263605246161616,0.0,3.7612001156935624,1.6094379124341003,1.791759469228055,0.6931471805599453,3,9,0.0,0.0,0.0,0.0,0.0,0.0,0.0,58,13,2,4,231,13,0.0,2.932218867831665,14,0.3076923076923077,22,0.0,1,0.0,0.0,0.0,0.0,0,0.0,0.6931471805599453,0.0,0.0,0,0.6931471805599453,0.0,0.0,0.6931471805599453,0.0,0
1976,64892.0,0,1,77,6.269096283706261,3.2188758248682006,5.442417710521793,3.4965075614664802,3.2188758248682006,4.189654742026425,1.0986122886681098,1.9459101490553132,1.6094379124341003,12,4,0.0,0.0,0.0,0.0,0.0,0.0,0.0,50,12,1,2,902,24,0.0,3.6528204042982337,10,0.08333333333333333,28,0.0,1,0.0,0.0,0.0,0.6931471805599453,0,0.0,0.0,0.0,0.0,1,0.0,0.0,0.0,0.0,0.0,1
1966,43602.0,1,1,45,2.995732273553991,1.791759469228055,2.5649493574615367,2.3978952727983707,1.3862943611198906,2.995732273553991,1.3862943611198906,1.3862943611198906,0.6931471805599453,2,6,0.0,0.0,0.0,0.0,0.0,0.0,0.0,60,12,2,3,68,9,0.0,2.1465808445174646,9,0.3333333333333333,15,0.0,1,0.0,0.0,0.0,0.0,0,0.6931471805599453,0.0,0.0,0.0,0,0.6931471805599453,0.0,0.0,0.0,0.0,1
1989,33996.0,0,0,46,3.713572066704308,1.0986122886681098,2.772588722239781,2.1972245773362196,0.0,1.9459101490553132,0.6931471805599453,0.6931471805599453,0.6931471805599453,3,4,0.0,0.0,0.0,0.0,0.0,0.0,0.0,37,13,0,1,71,6,0.0,2.5520459526256287,5,0.16666666666666666,10,0.0,0,0.0,0.6931471805599453,0.0,0.0,0,0.6931471805599453,0.0,0.0,0.0,1,0.0,0.0,0.0,0.0,0.0,1
1985,41473.0,1,0,80,3.091042453358316,2.1972245773362196,3.044522437723423,2.772588722239781,1.3862943611198906,2.302585092994046,0.6931471805599453,1.0986122886681098,0.0,3,7,0.0,0.0,0.0,0.0,0.0,0.0,0.0,41,13,1,2,76,6,0.0,2.614959778036198,9,0.16666666666666666,13,0.0,0,0.0,0.0,0.0,0.0,0,0.6931471805599453,0.0,0.0,0.0,1,0.0,0.0,0.0,0.0,0.0,1
1967,63246.0,0,2,60,6.386879319362645,3.4339872044851463,4.5217885770490405,3.4011973816621555,3.1354942159291497,2.0794415416798357,0.6931471805599453,1.9459101490553132,1.3862943611198906,12,4,0.0,0.0,0.0,0.0,0.0,0.0,0.0,59,13,2,4,772,22,0.0,3.58604100788882,10,0.045454545454545456,26,0.0,0,0.0,0.6931471805599453,0.0,0.0,1,0.0,0.0,0.0,0.0,1,0.0,0.0,0.0,0.0,0.0,1
1959,36732.0,1,1,71,3.091042453358316,1.791759469228055,1.3862943611198906,2.3978952727983707,0.6931471805599453,2.0794415416798357,1.3862943611198906,0.6931471805599453,0.6931471805599453,4,2,0.0,0.0,0.0,0.0,0.0,0.0,0.0,67,13,2,4,47,9,0.0,1.8281271133989299,3,0.3333333333333333,11,0.0,0,0.0,0.6931471805599453,0.0,0.0,1,0.0,0.0,0.0,0.0,1,0.0,0.0,0.0,0.0,0.0,1
1970,69084.0,1,0,43,7.074963197966044,4.68213122712422,5.298317366548036,3.6888794541139363,3.4339872044851463,3.4339872044851463,1.0986122886681098,2.0794415416798357,1.3862943611198906,13,8,0.0,0.0,0.0,0.0,0.0,0.0,0.0,56,13,1,3,1586,25,0.0,4.165734558308774,15,0.08,33,0.0,0,0.0,0.6931471805599453,0.0,0.0,1,0.0,0.0,0.0,0.0,1,0.0,0.0,0.0,0.0,0.0,1
1967,77766.0,0,1,97,6.912742820493176,4.0943445622221,5.583496308781699,4.7535901911063645,4.0943445622221,3.332204510175204,1.0986122886681098,2.4849066497880004,2.3978952727983707,11,6,0.6931471805599453,0.0,0.0,0.0,0.0,0.0,0.6931471805599453,59,13,1,3,1529,34,1.0986122886681098,3.8280018058053153,17,0.058823529411764705,40,0.0,0,0.0,0.6931471805599453,0.0,0.0,1,0.0,0.0,0.0,0.0,0,0.6931471805599453,0.0,0.0,0.0,0.0,1
1985,37929.0,0,0,49,5.313205979041787,1.0986122886681098,3.8501476017100584,1.3862943611198906,1.0986122886681098,2.3978952727983707,1.0986122886681098,1.6094379124341003,1.0986122886681098,5,7,0.0,0.6931471805599453,0.0,0.6931471805599453,0.0,0.0,0.6931471805599453,41,13,0,1,265,13,1.3862943611198906,3.0626717562291,11,0.15384615384615385,20,0.0,0,0.0,0.6931471805599453,0.0,0.0,0,0.6931471805599453,0.0,0.0,0.0,1,0.0,0.0,0.0,0.0,0.0,1
1951,86610.0,0,0,66,6.102558594613569,4.68213122712422,6.645090969505644,3.5263605246161616,5.2832037287379885,3.9889840465642745,0.6931471805599453,1.791759469228055,1.9459101490553132,6,2,0.0,0.0,0.0,0.0,0.0,0.0,0.0,75,13,0,2,1603,18,0.0,4.500426763839512,7,0.05555555555555555,20,0.0,1,0.0,0.0,0.0,0.0,0,0.0,0.6931471805599453,0.0,0.0,0,0.0,0.0,0.0,0.6931471805599453,0.0,0
1986,80141.0,0,0,20,7.077498053569231,4.634728988229636,6.513230110912307,3.970291913552122,3.713572066704308,3.713572066704308,0.6931471805599453,2.0794415416798357,1.6094379124341003,10,6,0.0,0.0,0.6931471805599453,0.0,0.0,0.0,0.6931471805599453,40,13,0,2,2091,22,1.0986122886681098,4.564821564257741,13,0.045454545454545456,28,0.0,0,0.6931471805599453,0.0,0.0,0.0,1,0.0,0.0,0.0,0.0,1,0.0,0.0,0.0,0.0,0.0,1
1955,72635.0,0,0,54,5.968707559985366,3.1354942159291497,5.780743515792329,4.653960350157523,3.58351893845611,4.68213122712422,0.6931471805599453,1.9459101490553132,2.1972245773362196,6,3,0.0,0.0,0.0,0.6931471805599453,0.0,0.0,0.0,71,13,0,2,981,21,0.6931471805599453,3.865230843921387,9,0.047619047619047616,24,0.0,0,0.0,0.0,0.0,0.0,1,0.0,0.0,0.0,0.0,0,0.0,0.0,0.0,0.0,0.0,1
1970,69016.0,0,1,61,6.588926477533519,3.9889840465642745,5.8971538676367405,4.820281565605037,4.68213122712422,5.087596335232384,1.6094379124341003,2.1972245773362196,2.302585092994046,13,5,0.0,0.0,0.0,0.0,0.0,0.0,0.0,56,14,1,3,1533,34,0.0,3.8305577177398593,13,0.11764705882352941,39,0.0,1,0.0,0.0,0.0,0.0,1,0.0,0.0,0.0,0.0,1,0.0,0.0,0.0,0.0,0.0,1
1991,20193.0,0,0,18,2.1972245773362196,2.1972245773362196,3.1354942159291497,3.2188758248682006,2.4849066497880004,2.302585092994046,0.6931471805599453,0.6931471805599453,0.6931471805599453,4,4,0.0,0.0,0.0,0.0,0.0,0.0,0.0,35,14,0,2,82,7,0.0,2.5427262206768266,5,0.14285714285714285,11,0.0,0,0.0,0.0,0.0,0.0,0,0.0,0.6931471805599453,0.0,0.0,1,0.0,0.0,0.0,0.0,0.0,0
1975,27573.0,1,0,45,3.9318256327243257,2.772588722239781,4.709530201312334,3.6888794541139363,2.772588722239781,2.772588722239781,1.6094379124341003,1.791759469228055,0.6931471805599453,4,8,0.0,0.0,0.0,0.0,0.0,0.0,0.0,51,13,1,3,244,14,0.0,2.913902255306359,13,0.2857142857142857,22,0.0,1,0.0,0.0,0.0,0.0,1,0.0,0.0,0.0,0.0,0,0.6931471805599453,0.0,0.0,0.6931471805599453,0.0,0
1979,15862.0,1,0,26,0.6931471805599453,0.6931471805599453,1.6094379124341003,2.4849066497880004,2.302585092994046,2.3978952727983707,0.6931471805599453,0.6931471805599453,0.0,3,8,0.0,0.0,0.0,0.0,0.0,0.0,0.0,47,13,1,2,36,5,0.0,2.1041341542702074,9,0.2,13,0.6931471805599453,0,0.0,0.0,0.0,0.0,0,0.6931471805599453,0.0,0.0,0.0,1,0.0,0.0,0.0,0.0,0.0,0
1976,49544.0,1,0,0,5.733341276897746,0.0,4.30406509320417,0.0,0.0,3.1780538303479458,1.0986122886681098,1.791759469228055,0.6931471805599453,8,7,0.0,0.0,0.0,0.0,0.0,0.0,0.0,50,13,1,3,404,16,0.0,3.2676659890376327,12,0.125,23,0.0,0,0.0,0.6931471805599453,0.0,0.0,1,0.0,0.0,0.0,0.0,1,0.0,0.0,0.0,0.0,0.0,1
1980,33228.0,1,0,28,3.1354942159291497,1.0986122886681098,3.4657359027997265,2.0794415416798357,1.6094379124341003,1.791759469228055,0.6931471805599453,1.0986122886681098,0.0,3,7,0.0,0.0,0.0,0.0,0.0,0.0,0.0,46,12,1,3,71,6,0.0,2.5520459526256287,9,0.16666666666666666,13,0.0,1,0.0,0.0,0.0,0.0,1,0.0,0.0,0.0,0.0,1,0.0,0.0,0.0,0.6931471805599453,0.0,0
1978,70440.0,0,0,49,6.53813982376767,4.770684624465665,6.214608098422191,4.343805421853684,4.634728988229636,4.48863636973214,0.6931471805599453,1.791759469228055,2.3978952727983707,7,3,0.0,0.0,0.0,0.6931471805599453,0.0,0.0,0.0,48,13,0,2,1572,23,0.6931471805599453,4.239134799289795,8,0.043478260869565216,26,0.0,1,0.0,0.0,0.0,0.0,0,0.0,0.6931471805599453,0.0,0.0,0,0.0,0.0,0.0,0.0,0.0,1
1971,38232.0,1,1,84,3.784189633918261,1.791759469228055,3.367295829986474,2.0794415416798357,1.9459101490553132,3.5263605246161616,1.6094379124341003,1.3862943611198906,0.6931471805599453,3,5,0.0,0.0,0.0,0.0,0.0,0.0,0.0,55,12,2,4,122,11,0.0,2.4924538554233835,8,0.36363636363636365,16,0.0,1,0.0,0.0,0.0,0.0,0,0.0,0.6931471805599453,0.0,0.0,0,0.6931471805599453,0.0,0.0,0.0,0.0,1
1955,22554.0,1,1,38,3.332204510175204,0.0,2.3978952727983707,0.0,0.0,1.6094379124341003,1.6094379124341003,1.0986122886681098,0.0,4,5,0.0,0.0,0.0,0.0,0.0,0.0,0.0,71,14,2,4,41,10,0.0,1.62924053973028,7,0.4,15,0.0,0,0.0,0.6931471805599453,0.0,0.0,1,0.0,0.0,0.0,0.0,1,0.0,0.0,0.0,0.0,0.0,1
1983,23536.0,1,0,53,1.9459101490553132,0.0,1.3862943611198906,0.0,0.0,0.6931471805599453,0.6931471805599453,0.0,0.0,3,3,0.0,0.0,0.0,0.0,0.0,0.0,0.0,43,12,1,3,10,4,0.0,1.252762968495368,3,0.25,7,0.0,0,0.0,0.6931471805599453,0.0,0.0,1,0.0,0.0,0.0,0.0,1,0.0,0.0,0.0,0.0,0.0,1
1952,49413.0,0,1,88,5.327876168789581,2.0794415416798357,3.7376696182833684,1.3862943611198906,1.0986122886681098,3.8501476017100584,1.0986122886681098,1.6094379124341003,1.0986122886681098,5,5,0.0,0.0,0.0,0.0,0.0,0.0,0.0,74,13,1,3,304,13,0.0,3.193952416415744,9,0.15384615384615385,18,0.0,1,0.0,0.0,0.0,0.0,1,0.0,0.0,0.0,0.0,1,0.0,0.0,0.0,0.0,0.0,1
1969,42231.0,1,1,99,3.2188758248682006,0.0,2.1972245773362196,0.0,0.6931471805599453,1.6094379124341003,0.6931471805599453,0.6931471805599453,0.0,3,5,0.0,0.0,0.0,0.0,0.0,0.0,0.0,57,12,2,4,37,5,0.0,2.128231705849268,6,0.2,10,0.0,1,0.0,0.0,0.0,0.0,1,0.0,0.0,0.0,0.0,1,0.0,0.0,0.0,0.0,0.0,1
1980,78789.0,0,0,12,6.504288173536645,3.9318256327243257,6.7464121285733745,3.091042453358316,4.430816798843313,4.430816798843313,0.6931471805599453,1.6094379124341003,1.9459101490553132,5,2,0.0,0.0,0.0,0.0,0.0,0.0,0.6931471805599453,46,14,0,1,1754,16,0.6931471805599453,4.706146103328094,6,0.0625,18,0.0,0,0.6931471805599453,0.0,0.0,0.6931471805599453,0,0.0,0.0,0.0,0.0,0,0.0,0.0,0.0,0.6931471805599453,0.0,0
1968,56534.0,0,1,35,6.539585955617669,2.0794415416798357,4.127134385045092,2.3978952727983707,0.0,3.8501476017100584,1.6094379124341003,2.3978952727983707,1.6094379124341003,7,8,0.0,0.6931471805599453,0.0,0.0,0.6931471805599453,0.0,0.6931471805599453,58,13,1,3,815,25,1.3862943611198906,3.5145260669691587,18,0.16,33,0.0,1,0.0,0.0,0.0,0.0,0,0.0,0.6931471805599453,0.0,0.0,0,0.6931471805599453,0.0,0.0,0.0,0.0,1
1971,58350.0,0,1,5,6.202535517187923,3.295836866004329,5.332718793265369,4.762173934797756,4.394449154672439,4.394449154672439,1.6094379124341003,2.1972245773362196,1.3862943611198906,12,6,0.0,0.0,0.0,0.0,0.0,0.0,0.0,55,13,1,2,1001,27,0.0,3.6395335800107813,14,0.14814814814814814,33,0.0,1,0.0,0.0,0.0,0.0,0,0.6931471805599453,0.0,0.0,0.0,1,0.0,0.0,0.0,0.0,0.0,1
1989,81217.0,0,0,77,6.202535517187923,4.2626798770413155,5.783825182329737,4.990432586778736,3.713572066704308,4.442651256490317,0.6931471805599453,1.3862943611198906,2.0794415416798357,11,1,0.0,0.0,0.0,0.0,0.0,0.0,0.0,37,13,0,1,1157,22,0.0,3.981379447179055,4,0.045454545454545456,23,0.0,1,0.0,0.0,0.0,0.0,0,0.6931471805599453,0.0,0.0,0.0,1,0.0,0.0,0.0,0.0,0.0,1
1951,49090.0,0,1,45,6.20455776256869,1.791759469228055,4.418840607796598,2.0794415416798357,0.0,4.61512051684126,1.3862943611198906,2.0794415416798357,1.0986122886681098,9,7,0.0,0.0,0.0,0.0,0.0,0.0,0.0,75,13,1,2,688,21,0.0,3.5193330888087044,14,0.14285714285714285,28,0.0,1,0.0,0.0,0.0,0.0,0,0.6931471805599453,0.0,0.0,0.0,1,0.0,0.0,0.0,0.0,0.0,1
1987,61787.0,0,0,71,6.432940092739179,4.30406509320417,6.028278520230698,4.3694478524670215,3.8918202981106265,4.454347296253507,0.6931471805599453,2.1972245773362196,1.6094379124341003,6,5,0.0,0.0,0.0,0.0,0.0,0.0,0.0,39,13,0,1,1319,19,0.0,4.254492261521733,13,0.05263157894736842,24,0.0,0,0.6931471805599453,0.0,0.0,0.6931471805599453,0,0.0,0.0,0.0,0.0,0,0.6931471805599453,0.0,0.0,0.0,0.0,1
1985,18169.0,1,0,40,2.302585092994046,0.0,1.791759469228055,0.0,0.0,2.0794415416798357,0.6931471805599453,0.6931471805599453,0.0,2,8,0.0,0.0,0.0,0.0,0.0,0.0,0.0,41,13,1,3,21,4,0.0,1.8325814637483102,9,0.25,12,0.0,0,0.0,0.6931471805599453,0.0,0.0,1,0.0,0.0,0.0,0.0,1,0.0,0.0,0.0,0.0,0.0,1
1981,24336.0,1,0,82,0.6931471805599453,1.9459101490553132,1.0986122886681098,2.1972245773362196,1.0986122886681098,2.5649493574615367,0.6931471805599453,0.6931471805599453,0.0,2,7,0.0,0.0,0.0,0.0,0.0,0.0,0.0,45,14,1,2,31,4,0.0,2.169053700369523,8,0.25,11,0.0,0,0.0,0.0,0.0,0.0,0,0.6931471805599453,0.0,0.0,0.0,1,0.0,0.0,0.6931471805599453,0.0,0.0,0
1990,18222.0,0,0,70,2.5649493574615367,1.6094379124341003,2.995732273553991,2.5649493574615367,1.9459101490553132,2.70805020110221,0.6931471805599453,1.0986122886681098,0.0,3,8,0.0,0.0,0.0,0.0,0.0,0.0,0.0,36,14,0,2,67,6,0.0,2.498699971920336,10,0.16666666666666666,14,0.0,1,0.0,0.0,0.0,0.0,1,0.0,0.0,0.0,0.0,1,0.0,0.0,0.0,0.6931471805599453,0.0,0
1952,62335.0,0,1,87,5.497168225293202,4.882801922586371,5.384495062789089,4.454347296253507,1.9459101490553132,3.295836866004329,1.0986122886681098,1.3862943611198906,1.3862943611198906,13,2,0.0,0.0,0.0,0.0,0.0,0.0,0.0,74,13,1,2,708,21,0.0,3.5471512942852352,5,0.09523809523809523,23,0.0,1,0.0,0.0,0.0,0.6931471805599453,0,0.0,0.0,0.0,0.0,1,0.0,0.0,0.0,0.0,0.0,1
1971,42033.0,1,1,95,2.4849066497880004,0.6931471805599453,1.6094379124341003,1.0986122886681098,0.0,2.0794415416798357,0.6931471805599453,0.6931471805599453,0.0,2,7,0.0,0.0,0.0,0.0,0.0,0.0,0.0,55,14,2,4,25,4,0.0,1.9810014688665833,8,0.25,11,0.0,0,0.0,0.0,0.0,0.0,0,0.0,0.6931471805599453,0.0,0.0,1,0.0,0.0,0.0,0.0,0.0,1
1983,86580.0,0,0,72,6.278521424165844,3.091042453358316,4.852030263919617,3.295836866004329,3.044522437723423,3.044522437723423,0.0,1.6094379124341003,1.0986122886681098,5,1,0.0,0.0,0.6931471805599453,0.0,0.0,0.0,0.0,43,13,0,2,746,11,0.6931471805599453,4.231467980639078,5,0.0,12,0.0,0,0.0,0.6931471805599453,0.0,0.0,1,0.0,0.0,0.0,0.0,1,0.0,0.0,0.0,0.0,0.0,1
1957,41437.0,1,1,5,3.4011973816621555,0.0,1.0986122886681098,0.0,0.0,0.6931471805599453,0.6931471805599453,0.6931471805599453,0.0,3,7,0.0,0.0,0.0,0.0,0.0,0.0,0.0,69,14,2,3,32,5,0.0,2.0014800002101243,8,0.2,12,0.0,0,0.0,0.6931471805599453,0.0,0.6931471805599453,0,0.0,0.0,0.0,0.0,1,0.0,0.0,0.0,0.0,0.0,1
1951,73705.0,0,2,86,6.418364935936212,4.5217885770490405,6.255750041753367,5.556828061699537,4.68213122712422,4.68213122712422,1.0986122886681098,2.302585092994046,1.9459101490553132,8,5,0.0,0.0,0.0,0.0,0.0,0.0,0.0,75,12,2,3,1695,25,0.0,4.231203744939298,14,0.08,30,0.0,0,0.6931471805599453,0.0,0.0,0.0,0,0.0,0.0,0.6931471805599453,0.0,0,0.6931471805599453,0.0,0.0,0.0,0.0,1
1976,61064.0,0,1,80,5.961005339623274,4.844187086458591,5.8377304471659395,0.0,3.828641396489095,5.198497031265826,1.791759469228055,2.1972245773362196,1.6094379124341003,11,6,0.0,0.0,0.0,0.0,0.0,0.0,0.0,50,14,1,3,1080,28,0.0,3.678107357132025,14,0.17857142857142858,34,0.0,1,0.0,0.0,0.0,0.0,1,0.0,0.0,0.0,0.0,1,0.0,0.0,0.0,0.0,0.0,1
1955,38452.0,1,1,62,4.04305126783455,0.0,2.70805020110221,0.0,0.0,1.0986122886681098,1.3862943611198906,1.3862943611198906,0.0,3,7,0.0,0.0,0.0,0.0,0.0,0.0,0.0,71,12,2,4,72,9,0.0,2.1972245773362196,10,0.3333333333333333,16,0.0,0,0.6931471805599453,0.0,0.0,0.0,1,0.0,0.0,0.0,0.0,0,0.6931471805599453,0.0,0.0,0.0,0.0,1
1989,18358.0,1,0,49,1.9459101490553132,2.1972245773362196,2.995732273553991,2.833213344056216,1.6094379124341003,1.6094379124341003,1.3862943611198906,1.3862943611198906,0.0,4,7,0.0,0.0,0.0,0.0,0.0,0.0,0.0,37,13,1,2,57,10,0.0,1.9021075263969205,10,0.3,17,0.0,1,0.0,0.0,0.0,0.0,0,0.6931471805599453,0.0,0.0,0.0,1,0.0,0.0,0.0,0.6931471805599453,0.0,0
1973,55012.0,0,1,85,6.368187186350492,0.0,4.189654742026425,0.0,0.0,2.6390573296152584,1.9459101490553132,2.1972245773362196,1.0986122886681098,9,5,0.0,0.0,0.0,0.0,0.0,0.0,0.0,53,12,1,3,660,25,0.0,3.3105430133940246,13,0.24,30,0.0,0,0.0,0.6931471805599453,0.0,0.0,0,0.0,0.6931471805599453,0.0,0.0,1,0.0,0.0,0.0,0.0,0.0,1
1973,9722.0,1,0,7,1.9459101490553132,2.8903717578961645,2.833213344056216,1.9459101490553132,2.833213344056216,3.7612001156935624,1.6094379124341003,1.3862943611198906,0.6931471805599453,3,8,0.0,0.0,0.0,0.0,0.0,0.0,0.6931471805599453,53,14,1,3,103,11,0.6931471805599453,2.338303175596125,11,0.36363636363636365,19,0.6931471805599453,0,0.0,0.0,0.0,0.0,0,0.0,0.6931471805599453,0.0,0.0,0,0.6931471805599453,0.0,0.6931471805599453,0.0,0.0,0
1984,38175.0,1,0,6,4.2626798770413155,1.9459101490553132,4.248495242049359,1.0986122886681098,1.3862943611198906,1.3862943611198906,1.3862943611198906,1.3862943611198906,0.6931471805599453,4,7,0.0,0.0,0.0,0.0,0.0,0.0,0.0,42,13,1,3,153,11,0.0,2.7019711550258276,10,0.2727272727272727,18,0.0,0,0.0,0.6931471805599453,0.0,0.0,1,0.0,0.0,0.0,0.0,1,0.0,0.0,0.0,0.0,0.0,1
1956,58656.0,0,1,25,6.870053411798126,2.5649493574615367,5.272999558563747,2.833213344056216,3.2188758248682006,2.5649493574615367,1.6094379124341003,2.0794415416798357,2.1972245773362196,13,6,0.0,0.0,0.6931471805599453,0.0,0.0,0.0,0.0,70,14,1,3,1220,32,0.6931471805599453,3.666761648860317,13,0.125,38,0.0,0,0.6931471805599453,0.0,0.0,0.0,0,0.0,0.6931471805599453,0.0,0.0,1,0.0,0.0,0.0,0.0,0.0,1
1965,52117.0,0,1,55,4.727387818712341,2.3978952727983707,4.68213122712422,3.4339872044851463,0.0,3.044522437723423,1.0986122886681098,1.791759469228055,1.0986122886681098,4,7,0.0,0.0,0.0,0.0,0.0,0.0,0.0,61,14,1,3,279,13,0.0,3.111804444806745,12,0.15384615384615385,20,0.0,1,0.0,0.0,0.0,0.0,0,0.0,0.6931471805599453,0.0,0.0,0,0.6931471805599453,0.0,0.0,0.0,0.0,1
1978,64813.0,1,0,81,5.683579767338681,0.0,4.8283137373023015,5.19295685089021,4.584967478670572,3.970291913552122,0.6931471805599453,2.0794415416798357,1.0986122886681098,10,5,0.0,0.0,0.0,0.0,0.0,0.0,0.0,48,12,1,3,745,20,0.0,3.644143560272545,12,0.05,25,0.0,1,0.0,0.0,0.0,0.0,1,0.0,0.0,0.0,0.0,1,0.0,0.0,0.0,0.0,0.0,1
1973,54222.0,0,1,98,5.298317366548036,2.5649493574615367,3.4657359027997265,1.3862943611198906,2.5649493574615367,2.0794415416798357,0.6931471805599453,1.3862943611198906,1.3862943611198906,5,3,0.0,0.0,0.0,0.0,0.0,0.0,0.0,53,12,1,3,264,12,0.0,3.1354942159291497,6,0.08333333333333333,15,0.0,0,0.0,0.6931471805599453,0.0,0.0,1,0.0,0.0,0.0,0.0,1,0.0,0.0,0.0,0.0,0.0,1
1986,83512.0,0,0,31,6.966967138613983,4.127134385045092,6.728628613084702,4.394449154672439,3.044522437723423,4.624972813284271,0.6931471805599453,1.6094379124341003,2.0794415416798357,10,1,0.6931471805599453,0.0,0.6931471805599453,0.6931471805599453,0.6931471805599453,0.0,0.6931471805599453,40,12,0,2,2157,22,1.791759469228055,4.595578881586304,5,0.045454545454545456,23,0.0,1,0.0,0.0,0.0,0.0,1,0.0,0.0,0.0,0.0,1,0.0,0.0,0.0,0.0,0.0,1
1959,77520.0,0,1,30,6.846943139585379,3.8066624897703196,5.983936280687191,0.0,4.48863636973214,4.07753744390572,0.6931471805599453,2.1972245773362196,2.0794415416798357,7,4,0.6931471805599453,0.0,0.6931471805599453,0.6931471805599453,0.0,0.0,0.6931471805599453,67,13,1,3,1526,23,1.6094379124341003,4.209870624487719,12,0.043478260869565216,27,0.0,0,0.6931471805599453,0.0,0.0,0.0,1,0.0,0.0,0.0,0.0,0,0.6931471805599453,0.0,0.0,0.0,0.0,1
1978,41154.0,0,1,98,3.8066624897703196,1.0986122886681098,2.4849066497880004,1.0986122886681098,1.3862943611198906,2.0794415416798357,0.6931471805599453,0.6931471805599453,0.0,4,5,0.0,0.0,0.0,0.0,0.0,0.0,0.0,48,13,1,3,69,6,0.0,2.5257286443082556,6,0.16666666666666666,11,0.0,1,0.0,0.0,0.0,0.0,0,0.0,0.6931471805599453,0.0,0.0,1,0.0,0.0,0.0,0.0,0.0,1
1966,80398.0,0,0,92,5.8377304471659395,3.9512437185814275,6.842683282238422,5.337538079701318,3.58351893845611,3.295836866004329,0.6931471805599453,1.791759469228055,2.1972245773362196,12,3,0.0,0.0,0.6931471805599453,0.0,0.0,0.0,0.0,60,14,0,2,1597,26,0.6931471805599453,4.133935029493109,8,0.038461538461538464,29,0.0,1,0.0,0.0,0.0,0.0,1,0.0,0.0,0.0,0.0,1,0.0,0.0,0.0,0.6931471805599453,0.0,0
1992,18746.0,1,0,41,1.0986122886681098,2.3978952727983707,2.4849066497880004,2.5649493574615367,2.302585092994046,3.044522437723423,1.0986122886681098,1.3862943611198906,0.0,3,6,0.0,0.0,0.0,0.0,0.0,0.0,0.0,34,12,1,2,64,8,0.0,2.1972245773362196,9,0.25,14,0.6931471805599453,0,0.0,0.0,0.0,0.0,0,0.6931471805599453,0.0,0.0,0.0,0,0.6931471805599453,0.0,0.6931471805599453,0.0,0.0,0
1984,35196.0,1,0,68,4.330733340286331,2.5649493574615367,4.955827057601261,3.784189633918261,3.6888794541139363,5.236441962829949,1.9459101490553132,1.9459101490553132,0.6931471805599453,5,8,0.0,0.0,0.0,0.0,0.0,0.0,0.0,42,14,1,3,497,18,0.0,3.3537951427675714,14,0.3333333333333333,26,0.0,1,0.0,0.0,0.0,0.0,0,0.0,0.6931471805599453,0.0,0.0,0,0.6931471805599453,0.0,0.6931471805599453,0.0,0.0,0
1956,60230.0,0,1,78,6.255750041753367,3.044522437723423,5.908082938168931,3.6888794541139363,4.406719247264253,3.713572066704308,1.0986122886681098,1.9459101490553132,1.3862943611198906,6,5,0.0,0.0,0.0,0.0,0.0,0.0,0.0,70,13,1,2,1067,17,0.0,4.155199837943376,11,0.11764705882352941,22,0.0,1,0.0,0.0,0.0,0.0,0,0.6931471805599453,0.0,0.0,0.0,0,0.6931471805599453,0.0,0.0,0.0,0.0,1
1977,22108.0,1,1,46,1.791759469228055,1.3862943611198906,2.302585092994046,1.9459101490553132,1.0986122886681098,1.9459101490553132,1.0986122886681098,1.0986122886681098,0.0,3,7,0.0,0.0,0.0,0.0,0.0,0.0,0.0,49,12,2,4,31,7,0.0,1.6916760106710724,9,0.2857142857142857,14,0.0,1,0.0,0.0,0.0,0.0,1,0.0,0.0,0.0,0.0,1,0.0,0.0,0.0,0.6931471805599453,0.0,0
1974,44392.0,1,1,71,4.477336814478207,1.791759469228055,4.276666119016055,2.0794415416798357,2.5649493574615367,3.4011973816621555,1.791759469228055,1.6094379124341003,0.6931471805599453,4,7,0.0,0.0,0.0,0.0,0.0,0.0,0.0,52,13,2,4,211,14,0.0,2.7770430725891613,11,0.35714285714285715,21,0.0,1,0.0,0.0,0.0,0.0,0,0.0,0.6931471805599453,0.0,0.0,0,0.6931471805599453,0.0,0.0,0.0,0.0,1
1976,55424.0,0,1,6,6.137727054086234,4.127134385045092,5.220355825078324,2.3978952727983707,3.9889840465642745,4.68213122712422,1.6094379124341003,2.0794415416798357,1.791759469228055,9,6,0.6931471805599453,0.0,0.0,0.0,0.0,0.0,0.6931471805599453,50,14,1,3,877,25,1.0986122886681098,3.585738695194423,13,0.16,31,0.0,0,0.0,0.6931471805599453,0.0,0.0,1,0.0,0.0,0.0,0.0,1,0.0,0.0,0.0,0.0,0.0,1
1979,17688.0,1,0,82,1.0986122886681098,1.0986122886681098,0.6931471805599453,1.3862943611198906,0.6931471805599453,1.0986122886681098,0.6931471805599453,0.6931471805599453,0.0,2,8,0.0,0.0,0.0,0.0,0.0,0.6931471805599453,0.0,47,13,1,3,11,4,0.0,1.3217558399823195,9,0.25,12,0.0,1,0.0,0.0,0.0,0.0,1,0.0,0.0,0.0,0.0,1,0.0,0.0,0.0,0.0,0.0,0
1983,92491.0,0,0,71,6.887552571664617,3.8066624897703196,6.841615476477592,3.4011973816621555,3.258096538021482,3.1354942159291497,0.6931471805599453,2.0794415416798357,1.791759469228055,12,3,0.0,0.6931471805599453,0.6931471805599453,0.6931471805599453,0.0,0.0,0.6931471805599453,43,13,0,2,2034,25,1.6094379124341003,4.411099882159589,10,0.04,28,0.0,0,0.0,0.6931471805599453,0.0,0.0,1,0.0,0.0,0.0,0.0,1,0.0,0.0,0.0,0.0,0.0,1
1991,90273.0,0,0,32,6.558197802812269,4.867534450455582,6.74993119378857,4.795790545596741,4.31748811353631,4.718498871295094,0.6931471805599453,1.791759469228055,1.9459101490553132,7,2,0.0,0.6931471805599453,0.6931471805599453,0.6931471805599453,0.0,0.0,0.6931471805599453,35,13,0,1,1991,19,1.6094379124341003,4.6614510218866805,7,0.05263157894736842,21,0.0,1,0.0,0.0,0.0,0.0,0,0.6931471805599453,0.0,0.0,0.0,1,0.0,0.0,0.0,0.6931471805599453,0.0,0
1962,82571.0,0,0,28,6.759255270663693,3.4657359027997265,6.326149473155099,4.143134726391533,4.564348191467836,4.382026634673881,0.0,1.9459101490553132,1.791759469228055,13,2,0.0,0.0,0.6931471805599453,0.0,0.0,0.0,0.0,64,12,0,1,1686,24,0.6931471805599453,4.26619481914876,8,0.0,26,0.0,0,0.0,0.6931471805599453,0.0,0.0,0,0.0,0.0,0.6931471805599453,0.0,1,0.0,0.0,0.0,0.0,0.0,1
1982,38513.0,1,0,20,5.153291594497779,1.3862943611198906,4.7535901911063645,2.833213344056216,0.0,2.9444389791664403,1.791759469228055,1.9459101490553132,0.6931471805599453,5,8,0.0,0.0,0.0,0.0,0.0,0.0,0.6931471805599453,44,12,1,2,324,17,0.6931471805599453,2.9986691332273008,14,0.29411764705882354,25,0.0,0,0.0,0.6931471805599453,0.0,0.0,0,0.6931471805599453,0.0,0.0,0.0,0,0.6931471805599453,0.0,0.0,0.0,0.0,1
1979,16653.0,1,0,10,1.791759469228055,2.0794415416798357,3.4657359027997265,2.772588722239781,1.6094379124341003,2.0794415416798357,1.3862943611198906,1.0986122886681098,0.6931471805599453,3,6,0.0,0.0,0.0,0.0,0.0,0.0,0.6931471805599453,47,12,1,2,69,9,0.6931471805599453,2.1594842493533726,8,0.3333333333333333,15,0.0,0,0.6931471805599453,0.0,0.0,0.0,0,0.6931471805599453,0.0,0.0,0.0,1,0.0,0.0,0.0,0.6931471805599453,0.0,0
1955,42586.0,1,1,7,5.272999558563747,1.0986122886681098,4.04305126783455,0.0,0.0,0.0,1.791759469228055,1.6094379124341003,0.6931471805599453,6,8,0.0,0.0,0.0,0.0,0.0,0.0,0.6931471805599453,71,14,2,4,252,16,0.6931471805599453,2.8183982582710754,12,0.3125,24,0.0,1,0.0,0.0,0.0,0.0,0,0.0,0.6931471805599453,0.0,0.0,1,0.0,0.0,0.0,0.0,0.0,1
1965,23529.0,0,1,67,2.302585092994046,2.0794415416798357,2.6390573296152584,1.3862943611198906,1.0986122886681098,3.044522437723423,0.6931471805599453,0.6931471805599453,0.6931471805599453,2,6,0.0,0.0,0.0,0.0,0.0,0.0,0.0,61,13,1,2,54,5,0.0,2.468099531471619,7,0.2,11,0.6931471805599453,0,0.0,0.0,0.0,0.0,0,0.6931471805599453,0.0,0.0,0.0,1,0.0,0.0,0.6931471805599453,0.0,0.0,0
1961,74881.0,1,1,48,6.226536669287466,4.290459441148391,5.602118820879701,3.6109179126442243,3.332204510175204,4.007333185232471,1.6094379124341003,2.302585092994046,1.0986122886681098,12,5,0.0,0.0,0.0,0.0,0.0,0.0,0.0,65,13,2,4,964,27,0.0,3.6028776683256587,14,0.14814814814814814,32,0.0,0,0.6931471805599453,0.0,0.0,0.0,0,0.0,0.6931471805599453,0.0,0.0,1,0.0,0.0,0.0,0.0,0.0,1
1951,71107.0,0,1,61,6.280395838960195,2.3978952727983707,5.384495062789089,5.293304824724492,5.1647859739235145,5.278114659230517,1.0986122886681098,2.0794415416798357,1.9459101490553132,13,4,0.0,0.0,0.0,0.0,0.0,0.0,0.0,75,13,1,3,1327,28,0.0,3.8793522231385973,11,0.07142857142857142,32,0.0,1,0.0,0.0,0.0,0.0,1,0.0,0.0,0.0,0.0,1,0.0,0.0,0.0,0.0,0.0,1
1964,46910.0,1,1,36,3.8918202981106265,0.0,2.70805020110221,0.0,0.0,1.9459101490553132,1.0986122886681098,1.0986122886681098,0.0,3,6,0.0,0.0,0.0,0.0,0.0,0.0,0.0,62,12,2,4,68,7,0.0,2.371577964480997,8,0.2857142857142857,13,0.0,0,0.0,0.6931471805599453,0.0,0.0,0,0.0,0.6931471805599453,0.0,0.0,1,0.0,0.0,0.0,0.0,0.0,1
1959,18690.0,0,0,77,1.9459101490553132,0.6931471805599453,2.0794415416798357,3.1780538303479458,1.6094379124341003,2.995732273553991,0.6931471805599453,0.6931471805599453,0.6931471805599453,2,8,0.0,0.0,0.0,0.0,0.0,0.0,0.0,67,14,0,2,60,5,0.0,2.5649493574615367,9,0.2,13,0.0,1,0.0,0.0,0.0,0.0,1,0.0,0.0,0.0,0.0,1,0.0,0.0,0.0,0.0,0.0,0
1955,37244.0,1,1,90,2.9444389791664403,1.0986122886681098,2.3978952727983707,0.0,0.0,3.258096538021482,0.6931471805599453,0.6931471805599453,0.6931471805599453,2,7,0.6931471805599453,0.0,0.0,0.0,0.0,0.0,0.0,71,13,2,3,55,5,0.6931471805599453,2.4849066497880004,8,0.2,12,0.0,1,0.0,0.0,0.0,0.6931471805599453,0,0.0,0.0,0.0,0.0,1,0.0,0.0,0.6931471805599453,0.0,0.0,0
1966,82427.0,0,0,35,6.180016653652572,4.997212273764115,6.234410725718371,4.653960350157523,4.68213122712422,4.68213122712422,0.6931471805599453,1.3862943611198906,1.791759469228055,12,1,0.0,0.0,0.6931471805599453,0.0,0.0,0.0,0.0,60,12,0,2,1456,21,0.6931471805599453,4.253245844807957,4,0.047619047619047616,22,0.0,1,0.0,0.0,0.0,0.0,0,0.0,0.6931471805599453,0.0,0.0,1,0.0,0.0,0.0,0.6931471805599453,0.0,0
1958,75342.0,0,1,38,5.3230099791384085,4.584967478670572,4.584967478670572,3.091042453358316,4.77912349311153,3.295836866004329,0.6931471805599453,1.791759469228055,1.0986122886681098,10,4,0.0,0.0,0.0,0.0,0.0,0.0,0.0,68,13,1,2,563,18,0.0,3.4743789989557468,9,0.05555555555555555,22,0.0,0,0.0,0.0,0.0,0.0,0,0.6931471805599453,0.0,0.0,0.0,1,0.0,0.0,0.0,0.0,0.0,1
1954,70044.0,0,1,46,6.97914527506881,0.0,5.5254529391317835,5.0369526024136295,2.70805020110221,2.70805020110221,1.6094379124341003,2.0794415416798357,2.3978952727983707,5,5,0.0,0.0,0.0,0.0,0.0,0.0,0.0,72,13,1,2,1504,26,0.0,4.0749264763649995,12,0.15384615384615385,31,0.0,1,0.0,0.0,0.0,0.6931471805599453,0,0.0,0.0,0.0,0.0,0,0.0,0.0,0.0,0.0,0.0,1
1967,79146.0,1,1,33,5.5053315359323625,2.833213344056216,5.4116460518550396,3.091042453358316,3.784189633918261,2.833213344056216,1.0986122886681098,2.1972245773362196,0.6931471805599453,8,6,0.0,0.0,0.0,0.0,0.0,0.0,0.0,59,12,2,3,564,19,0.0,3.423748207184052,14,0.10526315789473684,25,0.0,1,0.0,0.0,0.0,0.0,0,0.6931471805599453,0.0,0.0,0.0,0,0.6931471805599453,0.0,0.0,0.0,0.0,1
1963,77437.0,0,0,70,6.329720905522696,3.091042453358316,6.093569770045136,3.4011973816621555,3.8066624897703196,3.4011973816621555,0.6931471805599453,1.6094379124341003,1.791759469228055,13,1,0.0,0.0,0.6931471805599453,0.0,0.0,0.0,0.0,63,13,0,2,1125,23,0.6931471805599453,3.910282360950362,5,0.043478260869565216,24,0.0,1,0.0,0.0,0.0,0.0,1,0.0,0.0,0.0,0.0,1,0.0,0.0,0.0,0.0,0.0,1
1959,54984.0,0,1,51,5.159055299214529,2.6390573296152584,4.882801922586371,3.4965075614664802,1.3862943611198906,1.9459101490553132,1.6094379124341003,1.9459101490553132,0.6931471805599453,6,7,0.0,0.0,0.0,0.6931471805599453,0.0,0.0,0.0,67,12,1,3,358,17,0.6931471805599453,3.093712681914195,13,0.23529411764705882,24,0.0,1,0.0,0.0,0.0,0.0,1,0.0,0.0,0.0,0.0,0,0.6931471805599453,0.0,0.0,0.0,0.0,1
1971,42403.0,1,0,18,3.1354942159291497,0.6931471805599453,2.4849066497880004,0.0,1.791759469228055,1.3862943611198906,0.6931471805599453,0.6931471805599453,0.0,3,8,0.0,0.0,0.0,0.0,0.0,0.0,0.0,55,13,1,3,42,5,0.0,2.2407096892759584,9,0.2,13,0.0,0,0.0,0.6931471805599453,0.0,0.0,1,0.0,0.0,0.0,0.0,1,0.0,0.0,0.0,0.0,0.0,1
1964,55761.0,0,1,97,4.919980925828125,0.6931471805599453,2.5649493574615367,0.0,1.3862943611198906,3.4965075614664802,1.0986122886681098,1.6094379124341003,0.6931471805599453,3,6,0.0,0.6931471805599453,0.0,0.0,0.0,0.0,0.0,62,12,1,3,184,10,0.6931471805599453,2.9652730660692823,10,0.2,16,0.0,1,0.0,0.0,0.0,0.0,0,0.0,0.6931471805599453,0.0,0.0,0,0.6931471805599453,0.0,0.0,0.0,0.0,1
1983,37292.0,1,0,32,5.62040086571715,0.0,4.465908118654584,2.3978952727983707,3.1780538303479458,4.204692619390966,1.791759469228055,1.9459101490553132,1.3862943611198906,5,8,0.0,0.0,0.0,0.0,0.0,0.0,0.0,43,13,1,3,460,19,0.0,3.2272616182444747,14,0.2631578947368421,27,0.0,1,0.0,0.0,0.0,0.0,0,0.0,0.6931471805599453,0.0,0.0,0,0.6931471805599453,0.0,0.0,0.0,0.0,1
1945,45576.0,0,0,9,4.04305126783455,2.995732273553991,3.4011973816621555,1.0986122886681098,2.70805020110221,3.258096538021482,0.6931471805599453,1.3862943611198906,0.6931471805599453,3,8,0.0,0.0,0.0,0.0,0.0,0.0,0.6931471805599453,81,12,0,1,145,8,0.6931471805599453,2.9509963797125995,11,0.125,16,0.0,0,0.0,0.6931471805599453,0.0,0.0,0,0.6931471805599453,0.0,0.0,0.0,0,0.6931471805599453,0.0,0.0,0.0,0.0,1
1947,70321.0,0,0,6,5.717027701406222,3.1780538303479458,6.62273632394984,4.418840607796598,3.295836866004329,5.2574953720277815,0.6931471805599453,1.9459101490553132,1.791759469228055,13,4,0.0,0.0,0.0,0.0,0.0,0.0,0.6931471805599453,79,13,0,2,1376,25,0.6931471805599453,4.0260657214688065,10,0.04,29,0.0,1,0.0,0.0,0.0,0.0,0,0.0,0.6931471805599453,0.0,0.0,1,0.0,0.0,0.0,0.6931471805599453,0.0,0
1969,58086.0,0,1,80,6.5638555265321274,2.0794415416798357,4.143134726391533,0.0,0.0,2.772588722239781,1.0986122886681098,2.4849066497880004,1.3862943611198906,7,8,0.0,0.0,0.0,0.0,0.0,0.0,0.0,57,13,1,2,792,23,0.0,3.5676938973117127,19,0.08695652173913043,31,0.0,0,0.0,0.6931471805599453,0.0,0.6931471805599453,0,0.0,0.0,0.0,0.0,0,0.6931471805599453,0.0,0.0,0.0,0.0,1
1952,81795.0,0,0,74,5.783825182329737,4.890349128221754,6.542471960506805,3.332204510175204,4.77912349311153,4.48863636973214,0.6931471805599453,1.6094379124341003,2.4849066497880004,7,2,0.0,0.0,0.0,0.0,0.0,0.0,0.0,74,14,0,2,1382,23,0.0,4.112298365838696,6,0.043478260869565216,25,0.0,1,0.0,0.0,0.0,0.0,1,0.0,0.0,0.0,0.0,0,0.0,0.0,0.0,0.6931471805599453,0.0,0
1947,28389.0,0,0,49,0.6931471805599453,1.791759469228055,1.3862943611198906,2.0794415416798357,1.6094379124341003,2.1972245773362196,0.6931471805599453,0.6931471805599453,0.0,2,7,0.0,0.0,0.0,0.0,0.0,0.0,0.0,79,14,0,2,28,4,0.0,2.0794415416798357,8,0.25,11,0.6931471805599453,0,0.0,0.0,0.0,0.0,0,0.0,0.6931471805599453,0.0,0.0,1,0.0,0.0,0.6931471805599453,0.0,0.0,0
1946,66835.0,0,0,21,6.431331081933479,3.295836866004329,5.278114659230517,3.5553480614894135,2.8903717578961645,4.955827057601261,0.6931471805599453,1.9459101490553132,1.6094379124341003,13,2,0.0,0.0,0.0,0.0,0.0,0.0,0.0,80,13,0,2,1033,24,0.0,3.785136155522292,8,0.041666666666666664,26,0.0,0,0.6931471805599453,0.0,0.0,0.0,1,0.0,0.0,0.0,0.0,1,0.0,0.0,0.0,0.0,0.0,1
1969,69901.0,0,1,95,5.746203190540153,3.091042453358316,5.332718793265369,4.634728988229636,4.532599493153256,5.0106352940962555,1.3862943611198906,2.0794415416798357,1.3862943611198906,10,5,0.0,0.0,0.0,0.0,0.0,0.0,0.0,57,13,1,2,882,23,0.0,3.6724407277707765,12,0.13043478260869565,28,0.0,1,0.0,0.0,0.0,0.6931471805599453,0,0.0,0.0,0.0,0.0,1,0.0,0.0,0.0,0.0,0.0,1
1949,80360.0,0,0,56,7.309212365692763,4.465908118654584,6.12029741895095,4.727387818712341,3.784189633918261,3.784189633918261,1.0986122886681098,1.6094379124341003,1.6094379124341003,5,2,0.0,0.6931471805599453,0.6931471805599453,0.6931471805599453,0.0,0.0,0.0,77,13,0,2,2231,15,1.3862943611198906,5.008855934196179,6,0.13333333333333333,17,0.0,0,0.0,0.6931471805599453,0.0,0.0,1,0.0,0.0,0.0,0.0,1,0.0,0.0,0.0,0.0,0.0,1
1961,63342.0,0,1,48,6.823286122355687,3.091042453358316,4.77912349311153,2.6390573296152584,2.3978952727983707,3.091042453358316,1.3862943611198906,2.1972245773362196,1.3862943611198906,5,6,0.0,0.6931471805599453,0.0,0.0,0.0,0.0,0.6931471805599453,65,14,1,3,1101,19,1.0986122886681098,4.0766449851227,14,0.15789473684210525,25,0.0,0,0.0,0.6931471805599453,0.0,0.0,0,0.0,0.6931471805599453,0.0,0.0,0,0.6931471805599453,0.0,0.0,0.0,0.0,1
1974,44989.0,0,1,26,4.59511985013459,0.0,4.672828834461906,3.912023005428146,2.3978952727983707,4.672828834461906,1.791759469228055,1.791759469228055,0.6931471805599453,5,6,0.0,0.0,0.0,0.0,0.0,0.0,0.0,52,14,1,3,369,16,0.0,3.180654612048003,11,0.3125,22,0.0,1,0.0,0.0,0.0,0.0,1,0.0,0.0,0.0,0.0,0,0.6931471805599453,0.0,0.0,0.6931471805599453,0.0,0
1980,31859.0,1,0,3,1.3862943611198906,1.6094379124341003,2.0794415416798357,2.772588722239781,2.1972245773362196,2.4849066497880004,0.6931471805599453,0.6931471805599453,0.0,3,7,0.0,0.0,0.0,0.0,0.0,0.0,0.0,46,12,1,2,48,5,0.0,2.3608540011180215,8,0.2,12,0.0,0,0.0,0.0,0.0,0.0,0,0.6931471805599453,0.0,0.0,0.0,1,0.0,0.0,0.0,0.0,0.0,0
1949,51569.0,0,1,39,5.942799375126701,0.0,3.871201010907891,1.9459101490553132,0.0,3.5553480614894135,1.6094379124341003,2.0794415416798357,0.6931471805599453,7,8,0.0,0.6931471805599453,0.0,0.0,0.0,0.0,0.6931471805599453,77,13,1,2,467,19,1.0986122886681098,3.2417696447340534,15,0.21052631578947367,27,0.0,0,0.0,0.6931471805599453,0.0,0.0,0,0.0,0.0,0.6931471805599453,0.0,0,0.6931471805599453,0.0,0.0,0.0,0.0,1
1971,30372.0,1,1,33,2.772588722239781,0.0,2.5649493574615367,2.0794415416798357,1.3862943611198906,2.0794415416798357,1.3862943611198906,1.0986122886681098,0.0,3,7,0.0,0.0,0.0,0.0,0.0,0.0,0.0,55,14,2,3,44,8,0.0,1.8718021769015913,9,0.375,15,0.0,1,0.0,0.0,0.0,0.0,0,0.0,0.0,0.6931471805599453,0.0,1,0.0,0.0,0.0,0.0,0.0,1
1979,16014.0,1,1,42,1.3862943611198906,2.302585092994046,1.6094379124341003,2.0794415416798357,2.1972245773362196,2.0794415416798357,1.6094379124341003,0.6931471805599453,0.6931471805599453,4,3,0.0,0.0,0.0,0.0,0.0,0.0,0.0,47,13,2,3,38,10,0.0,1.5686159179138452,4,0.4,13,0.6931471805599453,0,0.0,0.0,0.0,0.0,0,0.6931471805599453,0.0,0.0,0.0,1,0.0,0.6931471805599453,0.0,0.0,0.0,0
1968,41120.0,1,1,80,3.2188758248682006,1.0986122886681098,3.1780538303479458,0.0,2.1972245773362196,3.2188758248682006,1.3862943611198906,1.0986122886681098,0.6931471805599453,3,6,0.0,0.0,0.0,0.0,0.0,0.0,0.0,58,13,2,4,81,9,0.0,2.302585092994046,8,0.3333333333333333,15,0.0,1,0.0,0.0,0.0,0.0,1,0.0,0.0,0.0,0.0,1,0.0,0.0,0.0,0.0,0.0,1
1971,39763.0,1,0,9,4.394449154672439,0.6931471805599453,4.110873864173311,1.6094379124341003,1.9459101490553132,2.833213344056216,1.0986122886681098,1.791759469228055,0.6931471805599453,2,9,0.0,0.0,0.0,0.0,0.0,0.0,0.6931471805599453,55,13,1,2,167,10,0.6931471805599453,2.8735646395797834,14,0.2,19,0.0,0,0.6931471805599453,0.0,0.0,0.0,0,0.6931471805599453,0.0,0.0,0.0,0,0.6931471805599453,0.0,0.0,0.0,0.0,1
1955,38725.0,1,1,52,3.4657359027997265,0.0,1.9459101490553132,1.0986122886681098,0.6931471805599453,1.791759469228055,1.0986122886681098,0.6931471805599453,0.0,4,4,0.0,0.0,0.0,0.0,0.0,0.0,0.0,71,12,2,4,45,7,0.0,2.005333569526114,5,0.2857142857142857,11,0.0,0,0.0,0.6931471805599453,0.0,0.0,1,0.0,0.0,0.0,0.0,1,0.0,0.0,0.0,0.0,0.0,1
1972,77981.0,1,0,78,4.9344739331306915,4.795790545596741,5.3230099791384085,2.833213344056216,4.844187086458591,4.110873864173311,1.3862943611198906,2.0794415416798357,1.6094379124341003,7,5,0.0,0.0,0.0,0.0,0.0,0.0,0.0,54,13,1,3,664,21,0.0,3.484896400538802,12,0.14285714285714285,26,0.0,1,0.0,0.0,0.0,0.0,1,0.0,0.0,0.0,0.0,0,0.6931471805599453,0.0,0.0,0.6931471805599453,0.0,0
1964,62905.0,0,1,68,5.117993812416755,4.330733340286331,4.574710978503383,4.787491742782046,4.68213122712422,4.0943445622221,1.3862943611198906,2.0794415416798357,1.0986122886681098,8,4,0.0,0.0,0.0,0.0,0.0,0.0,0.0,62,13,1,3,622,20,0.0,3.4688560301359703,11,0.15,24,0.0,0,0.0,0.0,0.0,0.0,1,0.0,0.0,0.0,0.0,1,0.0,0.0,0.0,0.0,0.0,1
1979,13533.0,1,0,45,2.5649493574615367,1.3862943611198906,2.1972245773362196,2.1972245773362196,0.0,2.8903717578961645,1.0986122886681098,1.0986122886681098,0.0,3,7,0.0,0.0,0.0,0.0,0.0,0.0,0.0,47,13,1,2,48,7,0.0,2.0614230361771577,9,0.2857142857142857,14,0.0,0,0.0,0.0,0.0,0.6931471805599453,0,0.0,0.0,0.0,0.0,1,0.0,0.0,0.6931471805599453,0.0,0.0,0
1975,59481.0,0,1,47,5.187385805840755,1.3862943611198906,4.454347296253507,4.276666119016055,4.204692619390966,4.07753744390572,1.0986122886681098,1.3862943611198906,1.3862943611198906,8,2,0.0,0.0,0.0,0.0,0.0,0.0,0.0,51,13,1,3,461,16,0.0,3.39492776864856,5,0.125,18,0.0,1,0.0,0.0,0.0,0.0,0,0.0,0.6931471805599453,0.0,0.0,1,0.0,0.0,0.0,0.0,0.0,1
1977,72117.0,0,1,34,6.56244409369372,3.044522437723423,5.147494476813453,4.189654742026425,4.110873864173311,3.9318256327243257,0.6931471805599453,2.302585092994046,2.0794415416798357,9,5,0.0,0.0,0.0,0.0,0.0,0.0,0.0,49,13,1,3,1073,26,0.0,3.7440594163821395,14,0.038461538461538464,31,0.0,1,0.0,0.0,0.0,0.0,1,0.0,0.0,0.0,0.0,0,0.6931471805599453,0.0,0.0,0.0,0.0,1
1986,21955.0,1,0,81,1.791759469228055,0.6931471805599453,2.0794415416798357,2.8903717578961645,2.70805020110221,2.4849066497880004,1.0986122886681098,1.0986122886681098,0.6931471805599453,3,6,0.0,0.0,0.0,0.0,0.0,0.0,0.0,40,13,1,3,55,8,0.0,2.063693184711697,8,0.25,14,0.0,0,0.0,0.0,0.0,0.0,1,0.0,0.0,0.0,0.0,1,0.0,0.0,0.0,0.0,0.0,0
1956,67131.0,0,1,72,6.144185634125646,4.276666119016055,5.5254529391317835,4.543294782270004,3.58351893845611,4.143134726391533,1.3862943611198906,2.302585092994046,1.0986122886681098,12,6,0.0,0.0,0.0,0.0,0.0,0.0,0.0,70,13,1,3,976,26,0.0,3.6516567436233283,15,0.11538461538461539,32,0.0,1,0.0,0.0,0.0,0.0,1,0.0,0.0,0.0,0.0,1,0.0,0.0,0.0,0.0,0.0,1
1980,36802.0,1,0,23,2.833213344056216,0.6931471805599453,1.0986122886681098,0.0,0.0,0.6931471805599453,0.6931471805599453,0.6931471805599453,0.0,3,5,0.0,0.0,0.0,0.0,0.0,0.0,0.0,46,12,1,2,20,5,0.0,1.6094379124341003,6,0.2,10,0.0,0,0.0,0.6931471805599453,0.0,0.0,0,0.6931471805599453,0.0,0.0,0.0,1,0.0,0.0,0.0,0.0,0.0,1
1982,71853.0,0,0,29,5.883322388488279,4.6913478822291435,6.025865973825314,4.955827057601261,4.584967478670572,3.4965075614664802,0.6931471805599453,1.0986122886681098,2.1972245773362196,6,1,0.0,0.0,0.0,0.0,0.0,0.0,0.0,44,13,0,2,1149,17,0.0,4.228121022854221,3,0.058823529411764705,18,0.0,1,0.0,0.0,0.0,0.0,0,0.0,0.6931471805599453,0.0,0.0,0,0.0,0.0,0.0,0.6931471805599453,0.0,0
1961,28249.0,0,0,80,0.6931471805599453,2.302585092994046,2.0794415416798357,1.0986122886681098,2.70805020110221,2.3978952727983707,0.6931471805599453,1.0986122886681098,0.0,3,6,0.0,0.0,0.0,0.0,0.0,0.0,0.0,65,12,0,2,43,6,0.0,2.100060828882572,8,0.16666666666666666,12,0.6931471805599453,0,0.0,0.0,0.0,0.0,1,0.0,0.0,0.0,0.0,1,0.0,0.0,0.0,0.0,0.6931471805599453,0
1975,47808.0,0,1,30,4.820281565605037,0.6931471805599453,3.295836866004329,1.0986122886681098,0.0,4.290459441148391,1.0986122886681098,1.3862943611198906,1.0986122886681098,3,7,0.6931471805599453,0.0,0.0,0.0,0.0,0.0,0.0,51,13,1,3,224,10,0.6931471805599453,3.152736022363656,10,0.2,17,0.0,0,0.6931471805599453,0.0,0.0,0.0,1,0.0,0.0,0.0,0.0,0,0.6931471805599453,0.0,0.0,0.0,0.0,1
1974,25509.0,1,0,15,3.713572066704308,1.3862943611198906,3.4339872044851463,2.3978952727983707,2.0794415416798357,2.4849066497880004,1.3862943611198906,1.3862943611198906,0.0,3,9,0.0,0.0,0.0,0.0,0.0,0.0,0.6931471805599453,52,14,1,2,101,9,0.6931471805599453,2.5032557884561966,12,0.3333333333333333,18,0.0,0,0.0,0.6931471805599453,0.0,0.6931471805599453,0,0.0,0.0,0.0,0.0,0,0.6931471805599453,0.0,0.0,0.0,0.0,1
1946,51012.0,0,0,86,4.634728988229636,2.302585092994046,4.1588830833596715,1.0986122886681098,2.302585092994046,3.2188758248682006,0.6931471805599453,1.6094379124341003,0.6931471805599453,4,6,0.0,0.0,0.0,0.0,0.0,0.0,0.0,80,13,0,2,209,10,0.0,3.086486636822455,10,0.1,16,0.0,0,0.0,0.6931471805599453,0.0,0.0,1,0.0,0.0,0.0,0.0,0,0.6931471805599453,0.0,0.0,0.0,0.0,1
1985,70596.0,0,0,68,5.8522024797744745,3.8066624897703196,6.282266746896006,2.8903717578961645,0.0,3.295836866004329,0.6931471805599453,1.3862943611198906,1.791759469228055,12,2,0.0,0.0,0.0,0.0,0.0,0.0,0.0,41,14,0,1,968,21,0.0,3.852171893899289,5,0.047619047619047616,23,0.0,1,0.0,0.0,0.0,0.0,0,0.6931471805599453,0.0,0.0,0.0,1,0.0,0.0,0.0,0.6931471805599453,0.0,0
1952,85431.0,0,0,54,5.932245187448011,3.9889840465642745,6.137727054086234,5.1298987149230735,3.9889840465642745,3.9889840465642745,0.6931471805599453,1.0986122886681098,2.0794415416798357,7,0,0.0,0.0,0.0,0.0,0.0,0.0,0.0,74,13,0,2,1165,17,0.0,4.241749853909828,2,0.058823529411764705,17,0.0,0,0.0,0.6931471805599453,0.0,0.0,0,0.0,0.6931471805599453,0.0,0.0,0,0.0,0.0,0.0,0.6931471805599453,0.0,0
1967,42664.0,0,1,44,3.091042453358316,0.0,1.3862943611198906,0.0,0.0,0.0,0.6931471805599453,0.6931471805599453,0.0,3,6,0.0,0.0,0.0,0.0,0.0,0.0,0.0,59,12,1,3,24,5,0.0,1.7578579175523736,7,0.2,11,0.0,1,0.0,0.0,0.0,0.0,1,0.0,0.0,0.0,0.0,1,0.0,0.0,0.0,0.0,0.0,1
1955,42586.0,1,1,7,5.272999558563747,1.0986122886681098,4.04305126783455,0.0,0.0,0.0,1.791759469228055,1.6094379124341003,0.6931471805599453,6,8,0.0,0.0,0.0,0.0,0.0,0.0,0.6931471805599453,71,14,2,4,252,16,0.6931471805599453,2.8183982582710754,12,0.3125,24,0.0,1,0.0,0.0,0.0,0.0,0,0.0,0.6931471805599453,0.0,0.0,1,0.0,0.0,0.0,0.0,0.0,1
1985,29760.0,1,0,87,4.174387269895637,1.6094379124341003,4.23410650459726,2.0794415416798357,1.791759469228055,2.8903717578961645,1.6094379124341003,1.3862943611198906,0.6931471805599453,4,8,0.0,0.0,0.0,0.0,0.0,0.0,0.0,41,14,1,2,165,12,0.0,2.691243082785829,11,0.3333333333333333,20,0.0,1,0.0,0.0,0.0,0.0,0,0.6931471805599453,0.0,0.0,0.0,1,0.0,0.0,0.0,0.6931471805599453,0.0,0
1977,28973.0,0,0,59,5.332718793265369,0.0,3.8501476017100584,1.3862943611198906,1.0986122886681098,2.5649493574615367,1.0986122886681098,1.791759469228055,0.6931471805599453,5,8,0.0,0.0,0.0,0.0,0.0,0.0,0.0,49,14,0,2,269,13,0.0,3.076957713476577,13,0.15384615384615385,21,0.0,0,0.0,0.6931471805599453,0.0,0.0,1,0.0,0.0,0.0,0.0,0,0.6931471805599453,0.0,0.0,0.0,0.0,1
1973,39435.0,1,0,16,4.276666119016055,0.0,2.9444389791664403,0.0,0.0,2.6390573296152584,0.6931471805599453,1.3862943611198906,0.6931471805599453,2,7,0.0,0.0,0.0,0.0,0.0,0.0,0.0,53,13,1,3,102,7,0.0,2.7454377331738304,10,0.14285714285714285,14,0.0,0,0.0,0.6931471805599453,0.0,0.0,0,0.0,0.6931471805599453,0.0,0.0,0,0.6931471805599453,0.0,0.0,0.0,0.0,1
1984,65370.0,0,0,1,4.276666119016055,3.1354942159291497,4.727387818712341,4.9344739331306915,4.499809670330265,3.4011973816621555,0.6931471805599453,1.0986122886681098,1.3862943611198906,13,1,0.0,0.0,0.0,0.0,0.0,0.0,0.0,42,13,0,2,461,19,0.0,3.2293471247354963,3,0.05263157894736842,20,0.0,0,0.0,0.0,0.0,0.0,1,0.0,0.0,0.0,0.0,1,0.0,0.0,0.0,0.0,0.0,0
1979,20194.0,1,0,64,0.0,1.6094379124341003,2.0794415416798357,2.4849066497880004,2.3978952727983707,2.772588722239781,1.0986122886681098,1.0986122886681098,0.0,3,6,0.0,0.0,0.0,0.0,0.0,0.0,0.0,47,14,1,2,47,7,0.0,2.043073897508961,8,0.2857142857142857,13,0.6931471805599453,0,0.0,0.0,0.0,0.0,0,0.6931471805599453,0.0,0.0,0.0,1,0.0,0.0,0.6931471805599453,0.0,0.0,0
1976,42473.0,1,1,72,4.543294782270004,0.6931471805599453,3.091042453358316,0.0,1.6094379124341003,3.258096538021482,1.3862943611198906,1.0986122886681098,0.6931471805599453,4,5,0.0,0.0,0.0,0.0,0.0,0.0,0.0,50,12,2,3,144,10,0.0,2.7343675094195836,7,0.3,15,0.0,0,0.0,0.6931471805599453,0.0,0.0,0,0.6931471805599453,0.0,0.0,0.0,1,0.0,0.0,0.0,0.0,0.0,1
1968,64590.0,0,0,98,6.825460036255307,4.9344739331306915,5.1298987149230735,3.6109179126442243,3.8501476017100584,3.4339872044851463,0.6931471805599453,2.302585092994046,1.6094379124341003,10,6,0.0,0.0,0.0,0.0,0.0,0.0,0.0,58,14,0,2,1338,24,0.0,4.038655656361512,15,0.041666666666666664,30,0.0,1,0.0,0.0,0.0,0.0,1,0.0,0.0,0.0,0.0,1,0.0,0.0,0.0,0.0,0.0,1
1959,71232.0,0,1,91,6.483107351457199,2.8903717578961645,5.14166355650266,3.5553480614894135,3.295836866004329,2.8903717578961645,1.0986122886681098,2.4849066497880004,1.0986122886681098,10,7,0.0,0.0,0.0,0.0,0.0,0.0,0.0,67,13,1,3,917,25,0.0,3.629129449708162,18,0.08,32,0.0,1,0.0,0.0,0.0,0.0,0,0.0,0.6931471805599453,0.0,0.0,0,0.6931471805599453,0.0,0.0,0.0,0.0,1
1971,34600.0,1,1,8,5.298317366548036,3.5263605246161616,4.110873864173311,2.1972245773362196,1.3862943611198906,2.772588722239781,1.791759469228055,1.791759469228055,1.0986122886681098,5,8,0.0,0.0,0.0,0.0,0.0,0.0,0.6931471805599453,55,13,2,4,318,17,0.6931471805599453,2.9809171877688505,13,0.29411764705882354,25,0.0,1,0.0,0.0,0.0,0.0,0,0.0,0.6931471805599453,0.0,0.0,0,0.6931471805599453,0.0,0.0,0.0,0.0,1
1967,46904.0,1,1,20,5.0369526024136295,1.6094379124341003,4.04305126783455,0.0,2.302585092994046,3.4657359027997265,1.6094379124341003,1.791759469228055,0.6931471805599453,4,8,0.0,0.0,0.0,0.0,0.0,0.0,0.0,59,14,2,3,253,14,0.0,2.948191328784991,13,0.2857142857142857,22,0.0,1,0.0,0.0,0.0,0.0,0,0.6931471805599453,0.0,0.0,0.0,0,0.6931471805599453,0.0,0.0,0.0,0.0,1
1973,49094.0,0,1,6,5.932245187448011,0.0,3.6635616461296463,2.4849066497880004,2.1972245773362196,4.248495242049359,1.791759469228055,1.9459101490553132,1.3862943611198906,6,6,0.0,0.0,0.0,0.0,0.0,0.0,0.0,53,14,1,3,502,20,0.0,3.261935314328648,12,0.25,26,0.0,1,0.0,0.0,0.0,0.0,1,0.0,0.0,0.0,0.0,0,0.6931471805599453,0.0,0.0,0.0,0.0,1
1983,36075.0,1,0,54,3.8501476017100584,0.0,3.4339872044851463,2.5649493574615367,0.6931471805599453,3.4339872044851463,0.6931471805599453,1.0986122886681098,0.0,4,6,0.0,0.0,0.0,0.0,0.0,0.0,0.0,43,13,1,3,119,7,0.0,2.8903717578961645,8,0.14285714285714285,13,0.0,1,0.0,0.0,0.0,0.0,0,0.0,0.6931471805599453,0.0,0.0,1,0.0,0.0,0.0,0.0,0.0,1
1979,60839.0,1,1,72,6.398594934535208,3.091042453358316,4.859812404361672,5.4116460518550396,5.017279836814924,4.859812404361672,2.6390573296152584,1.0986122886681098,1.0986122886681098,12,8,0.0,0.0,0.0,0.0,0.0,0.0,0.0,47,14,2,4,1250,29,0.0,3.786537971592369,10,0.4482758620689655,37,0.0,0,0.0,0.0,0.0,0.0,0,0.0,0.6931471805599453,0.0,0.0,1,0.0,0.0,0.0,0.0,0.0,1
1979,77298.0,0,1,46,6.054439346269371,4.7535901911063645,5.680172609017068,3.1780538303479458,3.58351893845611,4.382026634673881,0.6931471805599453,1.9459101490553132,1.9459101490553132,11,3,0.0,0.0,0.0,0.0,0.0,0.0,0.0,47,13,1,3,969,24,0.0,3.722676833697227,9,0.041666666666666664,27,0.0,1,0.0,0.0,0.0,0.0,0,0.0,0.6931471805599453,0.0,0.0,1,0.0,0.0,0.0,0.0,0.0,1
1950,34026.0,1,1,11,2.9444389791664403,1.9459101490553132,2.772588722239781,2.5649493574615367,2.1972245773362196,2.8903717578961645,1.3862943611198906,1.0986122886681098,0.6931471805599453,3,5,0.0,0.0,0.0,0.0,0.0,0.0,0.0,76,13,2,4,76,9,0.0,2.245426679154097,7,0.3333333333333333,14,0.0,1,0.0,0.0,0.0,0.0,0,0.0,0.6931471805599453,0.0,0.0,1,0.0,0.0,0.0,0.0,0.0,1
1963,48918.0,1,1,21,3.970291913552122,0.0,2.302585092994046,0.0,0.0,0.6931471805599453,1.0986122886681098,0.6931471805599453,0.0,4,4,0.0,0.0,0.0,0.0,0.0,0.0,0.0,63,12,2,3,62,7,0.0,2.2881963555419462,5,0.2857142857142857,11,0.0,0,0.0,0.6931471805599453,0.0,0.0,0,0.6931471805599453,0.0,0.0,0.0,1,0.0,0.0,0.0,0.0,0.0,1
1962,82122.0,0,0,89,6.5998704992128365,3.1354942159291497,5.860786223465865,5.0238805208462765,3.258096538021482,4.61512051684126,0.6931471805599453,1.3862943611198906,2.302585092994046,13,1,0.0,0.0,0.6931471805599453,0.0,0.0,0.0,0.0,64,13,0,2,1382,26,0.6931471805599453,3.991828998696506,4,0.038461538461538464,27,0.0,0,0.0,0.0,0.0,0.0,0,0.0,0.6931471805599453,0.0,0.0,1,0.0,0.0,0.0,0.0,0.0,1
1976,37697.0,1,0,82,3.5553480614894135,1.9459101490553132,3.091042453358316,2.4849066497880004,1.6094379124341003,2.1972245773362196,0.6931471805599453,1.0986122886681098,0.6931471805599453,3,6,0.0,0.0,0.0,0.0,0.0,0.0,0.0,50,12,1,2,84,7,0.0,2.5649493574615367,8,0.14285714285714285,13,0.0,1,0.0,0.0,0.0,0.0,0,0.6931471805599453,0.0,0.0,0.0,1,0.0,0.0,0.0,0.0,0.0,1
1952,34074.0,1,1,69,4.912654885736052,0.6931471805599453,3.7376696182833684,2.3978952727983707,0.6931471805599453,4.219507705176107,1.791759469228055,1.3862943611198906,1.3862943611198906,3,6,0.6931471805599453,0.0,0.0,0.0,0.0,0.0,0.0,74,13,2,4,255,14,0.6931471805599453,2.9556540499865807,9,0.35714285714285715,20,0.0,1,0.0,0.0,0.0,0.0,0,0.0,0.6931471805599453,0.0,0.0,0,0.6931471805599453,0.0,0.0,0.0,0.0,1
1960,28520.0,1,1,55,2.4849066497880004,0.0,2.3978952727983707,0.0,1.0986122886681098,3.044522437723423,0.6931471805599453,0.6931471805599453,0.6931471805599453,2,6,0.0,0.0,0.0,0.0,0.0,0.0,0.0,66,13,2,4,43,5,0.0,2.2617630984737906,7,0.2,11,0.0,0,0.6931471805599453,0.0,0.0,0.0,1,0.0,0.0,0.0,0.0,1,0.0,0.0,0.6931471805599453,0.0,0.0,0
1955,62535.0,0,1,13,5.099866427824199,3.8918202981106265,4.51085950651685,0.0,3.828641396489095,3.970291913552122,0.6931471805599453,1.3862943611198906,1.0986122886681098,8,3,0.0,0.0,0.0,0.0,0.0,0.0,0.0,71,13,1,2,398,14,0.0,3.381966019734268,6,0.07142857142857142,17,0.0,1,0.0,0.0,0.0,0.0,0,0.6931471805599453,0.0,0.0,0.0,1,0.0,0.0,0.0,0.0,0.0,1
1977,36273.0,1,0,80,3.4011973816621555,1.3862943611198906,3.4339872044851463,1.3862943611198906,1.0986122886681098,2.302585092994046,1.0986122886681098,1.3862943611198906,0.0,3,6,0.0,0.0,0.0,0.0,0.0,0.0,0.0,49,12,1,2,76,8,0.0,2.3513752571634776,9,0.25,14,0.0,0,0.6931471805599453,0.0,0.0,0.0,0,0.6931471805599453,0.0,0.0,0.0,0,0.6931471805599453,0.0,0.0,0.6931471805599453,0.0,0
1964,63404.0,0,2,97,6.5998704992128365,3.295836866004329,4.2626798770413155,2.4849066497880004,3.8066624897703196,2.8903717578961645,1.0986122886681098,1.9459101490553132,1.3862943611198906,4,4,0.0,0.0,0.0,0.6931471805599453,0.0,0.0,0.0,62,12,2,4,902,15,0.6931471805599453,4.113057271154255,10,0.13333333333333333,19,0.0,1,0.0,0.0,0.0,0.0,0,0.0,0.6931471805599453,0.0,0.0,0,0.6931471805599453,0.0,0.0,0.0,0.0,1
1981,75774.0,1,0,27,5.831882477283517,3.091042453358316,4.90527477843843,5.556828061699537,2.70805020110221,4.04305126783455,0.6931471805599453,2.0794415416798357,1.791759469228055,8,4,0.0,0.0,0.0,0.0,0.0,0.0,0.0,45,12,1,3,823,21,0.0,3.693630056872534,11,0.047619047619047616,25,0.0,0,0.0,0.0,0.0,0.0,0,0.0,0.6931471805599453,0.0,0.0,1,0.0,0.0,0.0,0.0,0.0,1
1976,78416.0,0,1,99,6.118097198041348,3.6635616461296463,5.634789603169249,5.241747015059643,3.6635616461296463,5.214935757608986,1.0986122886681098,2.0794415416798357,2.0794415416798357,10,3,0.0,0.0,0.0,0.0,0.0,0.0,0.0,50,12,1,3,1179,26,0.0,3.836138307903273,10,0.07692307692307693,29,0.0,1,0.0,0.0,0.0,0.0,0,0.0,0.6931471805599453,0.0,0.0,1,0.0,0.0,0.0,0.0,0.0,1
1974,75702.0,0,1,87,6.97914527506881,0.0,6.4457198193855785,4.983606621708336,3.6375861597263857,3.6375861597263857,0.6931471805599453,2.3978952727983707,1.791759469228055,13,6,0.0,0.0,0.6931471805599453,0.0,0.0,0.0,0.0,52,14,1,3,1921,29,0.6931471805599453,4.208288821571318,16,0.034482758620689655,35,0.0,1,0.0,0.0,0.0,0.0,0,0.0,0.6931471805599453,0.0,0.0,1,0.0,0.0,0.0,0.0,0.0,1
1951,59385.0,1,1,85,4.912654885736052,0.0,2.3978952727983707,0.0,1.6094379124341003,3.6109179126442243,1.0986122886681098,1.3862943611198906,0.6931471805599453,4,5,0.0,0.0,0.0,0.0,0.0,0.0,0.0,75,13,2,4,185,10,0.0,2.970414465569701,8,0.2,15,0.0,0,0.6931471805599453,0.0,0.0,0.0,0,0.0,0.6931471805599453,0.0,0.0,1,0.0,0.0,0.0,0.0,0.0,1
1966,37070.0,1,1,30,5.44673737166631,2.0794415416798357,4.927253685157205,1.6094379124341003,2.772588722239781,3.6888794541139363,2.302585092994046,1.791759469228055,0.6931471805599453,8,7,0.0,0.0,0.0,0.0,0.0,0.0,0.6931471805599453,60,13,2,3,433,23,0.6931471805599453,2.9869985935852363,12,0.391304347826087,30,0.0,1,0.0,0.0,0.0,0.0,0,0.6931471805599453,0.0,0.0,0.0,1,0.0,0.0,0.0,0.0,0.0,1
1951,44689.0,1,1,82,2.9444389791664403,0.0,1.791759469228055,0.0,0.0,2.4849066497880004,1.0986122886681098,0.6931471805599453,0.6931471805599453,2,7,0.6931471805599453,0.0,0.0,0.0,0.0,0.0,0.0,75,12,2,4,34,6,0.6931471805599453,1.8971199848858813,8,0.3333333333333333,13,0.0,1,0.0,0.0,0.0,0.0,1,0.0,0.0,0.0,0.0,1,0.0,0.0,0.0,0.0,0.0,1
1958,53977.0,0,1,21,6.431331081933479,2.833213344056216,5.111987788356544,0.0,3.2188758248682006,4.418840607796598,1.791759469228055,1.791759469228055,1.791759469228055,12,5,0.0,0.0,0.0,0.0,0.0,0.0,0.0,68,13,1,3,907,27,0.0,3.5436395722245138,10,0.18518518518518517,32,0.0,1,0.0,0.0,0.0,0.0,0,0.0,0.6931471805599453,0.0,0.0,1,0.0,0.0,0.0,0.0,0.0,1
1966,7144.0,0,2,92,4.406719247264253,1.6094379124341003,3.5263605246161616,1.791759469228055,1.0986122886681098,5.676753802268282,0.0,3.1780538303479458,0.6931471805599453,1,0,0.0,0.0,0.0,0.0,0.0,0.0,0.0,60,13,2,3,416,25,0.0,2.8701690505786455,23,0.0,25,0.0,0,0.0,0.6931471805599453,0.0,0.0,0,0.6931471805599453,0.0,0.0,0.0,0,0.6931471805599453,0.0,0.6931471805599453,0.0,0.0,0
1964,18701.0,1,1,95,2.5649493574615367,1.6094379124341003,1.0986122886681098,2.3978952727983707,1.9459101490553132,2.3978952727983707,1.6094379124341003,1.0986122886681098,0.0,4,5,0.0,0.0,0.0,0.0,0.0,0.0,0.0,62,13,2,3,44,10,0.0,1.6863989535702288,7,0.4,15,0.0,1,0.0,0.0,0.0,0.0,0,0.6931471805599453,0.0,0.0,0.0,1,0.0,0.0,0.0,0.0,0.0,1
1956,90369.0,0,0,2,5.680172609017068,3.9512437185814275,6.889591308354466,5.41610040220442,3.1780538303479458,2.8903717578961645,0.6931471805599453,1.6094379124341003,1.9459101490553132,6,1,0.0,0.0,0.0,0.0,0.0,0.0,0.6931471805599453,70,12,0,2,1588,17,0.6931471805599453,4.5476656915079,5,0.058823529411764705,18,0.0,1,0.0,0.0,0.0,0.0,1,0.0,0.0,0.0,0.0,0,0.0,0.0,0.0,0.6931471805599453,0.0,0
1974,63159.0,0,0,74,6.873163834212518,3.5553480614894135,6.375024819828097,4.499809670330265,4.465908118654584,3.6375861597263857,0.6931471805599453,1.3862943611198906,1.791759469228055,8,3,0.6931471805599453,0.0,0.0,0.0,0.0,0.0,0.0,52,14,0,1,1797,17,0.6931471805599453,4.670076286618865,6,0.058823529411764705,20,0.0,0,0.0,0.6931471805599453,0.0,0.0,0,0.6931471805599453,0.0,0.0,0.0,1,0.0,0.0,0.0,0.0,0.0,1
1966,37758.0,1,1,49,3.332204510175204,1.0986122886681098,2.3978952727983707,0.0,0.0,0.6931471805599453,1.0986122886681098,0.6931471805599453,0.0,3,8,0.0,0.0,0.0,0.0,0.0,0.0,0.0,60,14,2,4,40,6,0.0,2.03688192726104,9,0.3333333333333333,14,0.0,1,0.0,0.0,0.0,0.0,0,0.0,0.6931471805599453,0.0,0.0,1,0.0,0.0,0.0,0.0,0.0,1
1963,46757.0,0,1,71,6.656726524178391,3.4339872044851463,5.099866427824199,0.0,3.9512437185814275,4.812184355372417,1.9459101490553132,1.6094379124341003,1.6094379124341003,7,9,0.0,0.0,0.0,0.0,0.0,0.0,0.0,63,14,1,2,1143,21,0.0,4.01509519056796,13,0.2857142857142857,30,0.0,0,0.0,0.6931471805599453,0.0,0.0,0,0.6931471805599453,0.0,0.0,0.0,1,0.0,0.0,0.0,0.0,0.0,1
1969,79734.0,0,0,72,6.35088571671474,2.1972245773362196,5.4510384535657,3.1780538303479458,4.143134726391533,2.8903717578961645,0.6931471805599453,1.6094379124341003,1.3862943611198906,6,1,0.0,0.0,0.0,0.6931471805599453,0.0,0.0,0.0,57,12,0,2,914,14,0.6931471805599453,4.193974403170942,5,0.07142857142857142,15,0.0,0,0.6931471805599453,0.0,0.0,0.0,1,0.0,0.0,0.0,0.0,1,0.0,0.0,0.0,0.0,0.0,1
1992,63207.0,0,0,68,6.0844994130751715,5.135798437050262,6.338594078203183,4.5217885770490405,5.135798437050262,4.2626798770413155,0.6931471805599453,1.0986122886681098,1.3862943611198906,6,7,0.0,0.0,0.0,0.6931471805599453,0.0,0.0,0.0,34,13,0,2,1502,12,0.6931471805599453,4.837603784209394,9,0.08333333333333333,19,0.0,1,0.0,0.0,0.0,0.0,0,0.0,0.6931471805599453,0.0,0.0,1,0.0,0.0,0.0,0.6931471805599453,0.0,0
1954,72071.0,0,1,4,6.2766434893416445,4.248495242049359,5.707110264748875,5.017279836814924,4.9344739331306915,5.017279836814924,1.3862943611198906,1.791759469228055,1.6094379124341003,8,2,0.0,0.0,0.0,0.0,0.0,0.0,0.0,72,13,1,2,1338,20,0.0,4.21803603456465,7,0.15,22,0.0,1,0.0,0.0,0.0,0.6931471805599453,0,0.0,0.0,0.0,0.0,1,0.0,0.0,0.0,0.0,0.0,1
1983,21840.0,1,0,80,2.8903717578961645,0.0,2.302585092994046,0.0,0.0,0.6931471805599453,0.6931471805599453,0.6931471805599453,0.0,3,9,0.0,0.0,0.0,0.0,0.0,0.0,0.0,43,13,1,3,27,5,0.0,1.8562979903656263,10,0.2,14,0.0,0,0.0,0.6931471805599453,0.0,0.0,0,0.0,0.6931471805599453,0.0,0.0,1,0.0,0.0,0.0,0.0,0.0,1
1982,58582.0,0,1,15,5.998936561946683,3.58351893845611,4.672828834461906,4.624972813284271,4.356708826689592,3.7612001156935624,1.0986122886681098,2.302585092994046,1.0986122886681098,9,5,0.0,0.6931471805599453,0.0,0.0,0.0,0.0,0.0,44,13,1,3,763,22,0.6931471805599453,3.5746412644240926,14,0.09090909090909091,27,0.0,0,0.0,0.0,0.0,0.0,0,0.0,0.6931471805599453,0.0,0.0,0,0.6931471805599453,0.0,0.0,0.0,0.0,1
1951,72282.0,0,0,70,6.222576268071369,3.332204510175204,6.040254711277414,4.51085950651685,4.941642422609304,5.0369526024136295,0.6931471805599453,1.791759469228055,2.0794415416798357,9,7,0.0,0.0,0.0,0.0,0.0,0.0,0.6931471805599453,75,13,0,1,1331,22,0.6931471805599453,4.119037174812473,12,0.045454545454545456,29,0.0,1,0.0,0.0,0.0,0.0,0,0.6931471805599453,0.0,0.0,0.0,1,0.0,0.0,0.0,0.0,0.0,1
1956,50387.0,0,2,91,5.91350300563827,2.302585092994046,4.477336814478207,2.5649493574615367,2.70805020110221,3.5553480614894135,1.3862943611198906,1.9459101490553132,1.0986122886681098,8,5,0.0,0.0,0.0,0.0,0.0,0.0,0.0,70,13,2,4,525,19,0.0,3.354510267689502,11,0.15789473684210525,24,0.0,1,0.0,0.0,0.0,0.0,1,0.0,0.0,0.0,0.0,1,0.0,0.0,0.0,0.0,0.0,1
1961,32583.0,1,1,10,1.791759469228055,0.0,1.3862943611198906,0.0,0.0,0.6931471805599453,0.6931471805599453,0.6931471805599453,0.0,2,7,0.0,0.0,0.0,0.0,0.0,0.0,0.0,65,12,2,4,9,4,0.0,1.1786549963416462,8,0.25,11,0.0,0,0.0,0.6931471805599453,0.0,0.0,0,0.0,0.6931471805599453,0.0,0.0,1,0.0,0.0,0.0,0.0,0.0,1
1962,62568.0,0,1,99,5.8944028342648505,2.8903717578961645,5.988961416889864,4.394449154672439,3.58351893845611,4.127134385045092,1.3862943611198906,1.791759469228055,1.3862943611198906,5,4,0.0,0.0,0.0,0.6931471805599453,0.0,0.0,0.0,64,12,1,3,953,16,0.6931471805599453,4.103675889650985,9,0.1875,20,0.0,1,0.0,0.0,0.0,0.0,0,0.0,0.6931471805599453,0.0,0.0,0,0.6931471805599453,0.0,0.0,0.6931471805599453,0.0,0
1971,44635.0,1,1,25,4.04305126783455,0.0,2.302585092994046,0.0,0.0,1.3862943611198906,1.0986122886681098,1.0986122886681098,0.0,3,7,0.0,0.0,0.0,0.0,0.0,0.0,0.0,55,13,2,3,68,7,0.0,2.371577964480997,9,0.2857142857142857,14,0.0,0,0.6931471805599453,0.0,0.0,0.6931471805599453,0,0.0,0.0,0.0,0.0,1,0.0,0.0,0.0,0.0,0.0,1
1971,33316.0,1,1,34,4.382026634673881,0.6931471805599453,3.4657359027997265,1.6094379124341003,1.6094379124341003,2.5649493574615367,1.3862943611198906,1.0986122886681098,0.6931471805599453,4,6,0.0,0.0,0.0,0.0,0.0,0.0,0.0,55,13,2,3,131,10,0.0,2.6461747973841225,8,0.3,16,0.0,0,0.6931471805599453,0.0,0.0,0.0,0,0.6931471805599453,0.0,0.0,0.0,1,0.0,0.0,0.0,0.0,0.0,1
1968,63967.0,0,1,57,5.961005339623274,4.442651256490317,4.955827057601261,4.30406509320417,3.58351893845611,5.093750200806762,1.3862943611198906,1.6094379124341003,1.6094379124341003,12,2,0.0,0.0,0.0,0.0,0.0,0.0,0.0,58,13,1,3,882,23,0.0,3.6724407277707765,6,0.13043478260869565,25,0.0,1,0.0,0.0,0.0,0.0,1,0.0,0.0,0.0,0.0,1,0.0,0.0,0.0,0.0,0.0,1
1978,52513.0,0,0,84,5.908082938168931,2.8903717578961645,5.488937726156687,4.653960350157523,5.241747015059643,5.4510384535657,1.0986122886681098,2.302585092994046,1.791759469228055,9,7,0.0,0.0,0.0,0.0,0.0,0.0,0.0,48,14,0,2,1149,25,0.0,3.849296175519841,16,0.08,32,0.0,0,0.0,0.0,0.0,0.0,0,0.0,0.6931471805599453,0.0,0.0,0,0.6931471805599453,0.0,0.0,0.0,0.0,1
1969,25293.0,1,0,51,2.772588722239781,0.0,2.4849066497880004,0.0,1.0986122886681098,2.302585092994046,0.6931471805599453,0.6931471805599453,0.6931471805599453,2,8,0.0,0.0,0.0,0.0,0.0,0.0,0.0,57,13,1,3,37,5,0.0,2.128231705849268,9,0.2,13,0.0,1,0.0,0.0,0.0,0.0,1,0.0,0.0,0.0,0.0,1,0.0,0.0,0.0,0.0,0.0,1
1965,54111.0,0,1,97,5.5909869805108565,1.9459101490553132,4.007333185232471,2.1972245773362196,1.3862943611198906,3.9318256327243257,1.0986122886681098,1.791759469228055,1.0986122886681098,6,5,0.0,0.0,0.0,0.0,0.0,0.0,0.0,61,13,1,2,388,15,0.0,3.290886360844473,10,0.13333333333333333,20,0.0,0,0.0,0.6931471805599453,0.0,0.0,0,0.0,0.0,0.6931471805599453,0.0,1,0.0,0.0,0.0,0.0,0.0,1
1986,78394.0,0,0,13,5.700443573390687,3.332204510175204,6.548219102762372,5.37989735354046,3.2188758248682006,5.117993812416755,0.6931471805599453,1.6094379124341003,1.9459101490553132,5,2,0.0,0.0,0.0,0.0,0.0,0.0,0.6931471805599453,40,13,0,2,1428,16,0.6931471805599453,4.502583597212991,6,0.0625,18,0.0,1,0.0,0.0,0.0,0.0,0,0.0,0.6931471805599453,0.0,0.0,0,0.0,0.0,0.0,0.6931471805599453,0.0,0
1958,80739.0,0,0,92,6.51471269087253,4.532599493153256,6.602587892189336,3.6888794541139363,0.0,4.532599493153256,0.6931471805599453,1.3862943611198906,2.4849066497880004,9,1,0.0,0.0,0.0,0.0,0.0,0.0,0.0,68,13,0,2,1633,24,0.0,4.234710187078617,4,0.041666666666666664,25,0.0,0,0.6931471805599453,0.0,0.0,0.0,1,0.0,0.0,0.0,0.0,0,0.0,0.0,0.0,0.6931471805599453,0.0,0
1975,22669.0,1,0,30,2.833213344056216,2.70805020110221,3.6109179126442243,3.6375861597263857,3.1354942159291497,3.8918202981106265,1.3862943611198906,1.6094379124341003,0.6931471805599453,2,9,0.0,0.0,0.0,0.0,0.0,0.0,0.6931471805599453,51,13,1,3,173,10,0.6931471805599453,2.9069010598473755,13,0.3,19,0.0,0,0.6931471805599453,0.0,0.0,0.0,0,0.0,0.6931471805599453,0.0,0.0,0,0.6931471805599453,0.0,0.6931471805599453,0.0,0.0,0
1987,29236.0,1,0,30,3.6375861597263857,1.6094379124341003,3.2188758248682006,2.833213344056216,2.302585092994046,2.302585092994046,1.0986122886681098,1.6094379124341003,0.0,3,9,0.0,0.0,0.0,0.0,0.0,0.0,0.0,39,13,1,2,99,9,0.0,2.4849066497880004,13,0.2222222222222222,18,0.0,1,0.0,0.0,0.0,0.0,0,0.6931471805599453,0.0,0.0,0.0,0,0.6931471805599453,0.0,0.0,0.0,0.0,1
1959,44911.0,0,1,11,5.075173815233827,0.0,3.1354942159291497,1.0986122886681098,0.6931471805599453,3.4657359027997265,1.3862943611198906,1.6094379124341003,0.6931471805599453,4,7,0.0,0.0,0.0,0.0,0.0,0.0,0.0,67,13,1,3,215,12,0.0,2.9400433676934026,11,0.25,19,0.0,1,0.0,0.0,0.0,0.0,0,0.0,0.6931471805599453,0.0,0.0,0,0.6931471805599453,0.0,0.0,0.0,0.0,1
1962,54693.0,0,1,72,6.532334292222349,2.8903717578961645,4.962844630259907,3.1780538303479458,3.295836866004329,3.58351893845611,2.1972245773362196,1.9459101490553132,1.6094379124341003,13,6,0.0,0.0,0.0,0.0,0.0,0.0,0.0,64,13,1,3,929,31,0.0,3.4329460799767357,12,0.25806451612903225,37,0.0,0,0.0,0.6931471805599453,0.0,0.0,1,0.0,0.0,0.0,0.0,1,0.0,0.0,0.0,0.0,0.0,1
1974,48186.0,1,0,39,4.584967478670572,1.3862943611198906,4.204692619390966,2.5649493574615367,2.0794415416798357,3.5553480614894135,1.3862943611198906,1.6094379124341003,0.6931471805599453,4,7,0.0,0.0,0.0,0.0,0.0,0.0,0.0,52,12,1,3,219,12,0.0,2.9575110607337933,11,0.25,19,0.0,1,0.0,0.0,0.0,0.0,0,0.0,0.6931471805599453,0.0,0.0,0,0.6931471805599453,0.0,0.0,0.0,0.0,1
1977,54809.0,1,1,0,4.1588830833596715,1.9459101490553132,4.060443010546419,2.6390573296152584,2.6390573296152584,3.1354942159291497,1.6094379124341003,1.0986122886681098,0.6931471805599453,5,4,0.0,0.0,0.0,0.0,0.0,0.0,0.6931471805599453,49,13,2,4,174,12,0.6931471805599453,2.740840023925201,6,0.3333333333333333,16,0.0,1,0.0,0.0,0.0,0.0,1,0.0,0.0,0.0,0.0,1,0.0,0.0,0.0,0.0,0.0,1
1978,41580.0,1,1,15,4.04305126783455,1.791759469228055,3.2188758248682006,1.6094379124341003,0.0,1.3862943611198906,1.3862943611198906,1.0986122886681098,0.6931471805599453,3,5,0.0,0.0,0.0,0.0,0.0,0.0,0.0,48,14,2,4,92,9,0.0,2.41789593950504,7,0.3333333333333333,14,0.0,1,0.0,0.0,0.0,0.0,0,0.0,0.6931471805599453,0.0,0.0,1,0.0,0.0,0.0,0.0,0.0,1
1970,80336.0,0,0,12,5.3471075307174685,2.995732273553991,6.124683390894205,5.081404364984463,4.962844630259907,4.204692619390966,0.6931471805599453,1.0986122886681098,2.302585092994046,13,1,0.0,0.0,0.0,0.0,0.0,0.0,0.0,56,13,0,2,1052,25,0.0,3.7630588522881876,3,0.04,26,0.0,0,0.0,0.6931471805599453,0.0,0.0,1,0.0,0.0,0.0,0.0,1,0.0,0.0,0.0,0.6931471805599453,0.0,0
1957,47743.0,0,1,56,5.293304824724492,1.0986122886681098,3.784189633918261,0.0,2.5649493574615367,3.044522437723423,1.3862943611198906,1.6094379124341003,0.6931471805599453,6,6,0.0,0.6931471805599453,0.0,0.0,0.0,0.0,0.0,69,13,1,3,275,14,0.6931471805599453,3.0273693584971735,10,0.21428571428571427,20,0.0,1,0.0,0.0,0.0,0.0,1,0.0,0.0,0.0,0.0,1,0.0,0.0,0.0,0.0,0.0,1
1955,62972.0,0,1,39,5.749392985908253,2.772588722239781,3.871201010907891,3.044522437723423,0.0,5.262690188904886,1.0986122886681098,2.0794415416798357,1.6094379124341003,3,6,0.0,0.0,0.0,0.0,0.0,0.0,0.0,71,14,1,3,587,16,0.0,3.629328474487404,13,0.125,22,0.0,0,0.0,0.0,0.0,0.0,1,0.0,0.0,0.0,0.0,0,0.6931471805599453,0.0,0.0,0.0,0.0,1
1954,57333.0,0,1,55,6.848005274576363,2.70805020110221,5.986452005284438,4.343805421853684,4.07753744390572,5.176149732573829,2.4849066497880004,2.1972245773362196,1.791759469228055,9,6,0.0,0.0,0.0,0.0,0.0,0.0,0.6931471805599453,72,14,1,2,1662,33,0.6931471805599453,3.9389304583480707,14,0.3333333333333333,39,0.0,0,0.0,0.6931471805599453,0.0,0.6931471805599453,0,0.0,0.0,0.0,0.0,1,0.0,0.0,0.0,0.0,0.0,1
1982,32313.0,1,0,60,4.465908118654584,1.6094379124341003,4.04305126783455,1.0986122886681098,1.6094379124341003,2.0794415416798357,1.3862943611198906,1.6094379124341003,0.0,4,9,0.0,0.0,0.0,0.0,0.0,0.0,0.0,44,13,1,3,159,11,0.0,2.7379031642518914,13,0.2727272727272727,20,0.0,0,0.0,0.6931471805599453,0.0,0.0,0,0.0,0.6931471805599453,0.0,0.0,0,0.6931471805599453,0.0,0.0,0.0,0.0,1
1953,84953.0,0,0,73,5.123963979403259,3.8918202981106265,6.401917196727186,4.1588830833596715,4.290459441148391,4.290459441148391,0.6931471805599453,1.3862943611198906,2.3978952727983707,4,2,0.0,0.6931471805599453,0.6931471805599453,0.6931471805599453,0.0,0.0,0.6931471805599453,73,13,0,1,1024,18,1.6094379124341003,4.058525464417148,5,0.05555555555555555,20,0.0,0,0.6931471805599453,0.0,0.0,0.0,0,0.0,0.0,0.6931471805599453,0.0,0,0.0,0.0,0.0,0.6931471805599453,0.0,0
1968,27071.0,1,0,90,2.1972245773362196,1.3862943611198906,2.995732273553991,0.0,1.0986122886681098,1.3862943611198906,1.0986122886681098,1.0986122886681098,0.0,3,6,0.0,0.0,0.0,0.0,0.0,0.0,0.0,58,12,1,2,35,7,0.0,1.791759469228055,8,0.2857142857142857,13,0.0,0,0.6931471805599453,0.0,0.0,0.6931471805599453,0,0.0,0.0,0.0,0.0,1,0.0,0.0,0.0,0.6931471805599453,0.0,0
1957,68148.0,0,0,86,5.966146739123692,4.204692619390966,6.013715156042802,3.6375861597263857,4.060443010546419,4.454347296253507,0.6931471805599453,1.6094379124341003,1.6094379124341003,6,2,0.0,0.0,0.0,0.0,0.0,0.0,0.0,69,13,0,2,1042,15,0.0,4.255139784768027,6,0.06666666666666667,17,0.0,0,0.6931471805599453,0.0,0.0,0.0,0,0.0,0.6931471805599453,0.0,0.0,1,0.0,0.0,0.0,0.6931471805599453,0.0,0
1965,65735.0,1,1,37,5.480638923341991,2.0794415416798357,4.787491742782046,1.6094379124341003,2.772588722239781,2.4849066497880004,1.791759469228055,1.9459101490553132,1.0986122886681098,6,7,0.0,0.0,0.0,0.0,0.0,0.0,0.0,61,13,2,4,395,19,0.0,3.081426994658874,13,0.2631578947368421,26,0.0,0,0.6931471805599453,0.0,0.0,0.0,0,0.0,0.6931471805599453,0.0,0.0,0,0.6931471805599453,0.0,0.0,0.0,0.0,1
1975,86836.0,0,0,7,5.19295685089021,3.091042453358316,5.6131281063880705,0.0,3.091042453358316,4.1588830833596715,0.6931471805599453,1.9459101490553132,2.3978952727983707,6,5,0.6931471805599453,0.0,0.6931471805599453,0.6931471805599453,0.0,0.0,0.6931471805599453,51,14,0,2,557,23,1.6094379124341003,3.2275338876113153,11,0.043478260869565216,28,0.0,0,0.0,0.6931471805599453,0.0,0.0,1,0.0,0.0,0.0,0.0,0,0.0,0.0,0.0,0.6931471805599453,0.0,0
1963,4023.0,1,1,29,1.791759469228055,0.0,0.6931471805599453,0.6931471805599453,0.6931471805599453,0.6931471805599453,2.772588722239781,0.0,0.0,0,19,0.0,0.0,0.0,0.0,0.0,0.0,0.0,63,12,2,4,9,15,0.0,0.4700036292457356,19,1.0,34,0.0,0,0.0,0.6931471805599453,0.0,0.0,1,0.0,0.0,0.0,0.0,0,0.6931471805599453,0.0,0.0,0.0,0.0,1
1990,30093.0,0,0,19,1.0986122886681098,1.9459101490553132,3.367295829986474,2.6390573296152584,1.6094379124341003,2.833213344056216,0.6931471805599453,1.0986122886681098,0.0,3,7,0.0,0.0,0.0,0.0,0.0,0.0,0.0,36,13,0,2,69,6,0.0,2.5257286443082556,9,0.16666666666666666,13,0.0,1,0.0,0.0,0.0,0.0,1,0.0,0.0,0.0,0.0,1,0.0,0.0,0.0,0.6931471805599453,0.0,0
1966,57705.0,0,1,14,5.950642552587727,0.0,3.9889840465642745,1.9459101490553132,1.6094379124341003,3.713572066704308,1.3862943611198906,2.1972245773362196,0.6931471805599453,6,6,0.0,0.0,0.0,0.0,0.0,0.0,0.0,60,12,1,3,486,18,0.0,3.332204510175204,14,0.16666666666666666,24,0.0,0,0.0,0.6931471805599453,0.0,0.0,1,0.0,0.0,0.0,0.0,0,0.6931471805599453,0.0,0.0,0.0,0.0,1
1988,25008.0,1,0,72,1.0986122886681098,2.1972245773362196,2.1972245773362196,1.9459101490553132,0.6931471805599453,2.302585092994046,1.0986122886681098,0.6931471805599453,0.0,3,8,0.0,0.0,0.0,0.0,0.0,0.0,0.0,38,12,1,2,34,6,0.0,1.8971199848858813,9,0.3333333333333333,14,0.0,1,0.0,0.0,0.0,0.0,0,0.6931471805599453,0.0,0.0,0.0,1,0.0,0.0,0.6931471805599453,0.0,0.0,0
1995,83257.0,0,0,56,6.285998094508865,3.332204510175204,6.3818160174060985,3.6635616461296463,4.68213122712422,4.219507705176107,0.6931471805599453,1.791759469228055,2.3978952727983707,12,6,0.6931471805599453,0.0,0.6931471805599453,0.0,0.0,0.6931471805599453,0.6931471805599453,31,14,0,1,1365,28,1.3862943611198906,3.907010463604602,11,0.03571428571428571,34,0.0,0,0.0,0.0,0.0,0.0,0,0.6931471805599453,0.0,0.0,0.0,1,0.0,0.0,0.0,0.6931471805599453,0.0,0
1975,22280.0,1,0,85,1.0986122886681098,0.6931471805599453,1.6094379124341003,1.3862943611198906,0.6931471805599453,1.0986122886681098,0.6931471805599453,0.6931471805599453,0.0,2,8,0.0,0.0,0.0,0.0,0.0,0.0,0.0,51,13,1,3,13,4,0.0,1.4469189829363254,9,0.25,12,0.0,1,0.0,0.0,0.0,0.0,0,0.0,0.6931471805599453,0.0,0.0,1,0.0,0.0,0.0,0.6931471805599453,0.0,0
1978,72159.0,0,0,62,5.777652323222656,3.9889840465642745,6.802394763324311,3.5553480614894135,3.713572066704308,3.9889840465642745,0.6931471805599453,1.6094379124341003,1.9459101490553132,10,2,0.0,0.0,0.0,0.0,0.0,0.0,0.0,48,14,0,2,1401,21,0.0,4.2152971726397634,6,0.047619047619047616,23,0.0,0,0.0,0.6931471805599453,0.0,0.0,1,0.0,0.0,0.0,0.0,1,0.0,0.0,0.0,0.6931471805599453,0.0,0
1961,64260.0,0,0,1,6.29156913955832,5.135798437050262,6.705639094860003,3.044522437723423,0.0,3.4339872044851463,0.6931471805599453,1.6094379124341003,1.791759469228055,4,3,0.0,0.0,0.0,0.0,0.0,0.0,0.6931471805599453,65,13,0,2,1574,14,0.6931471805599453,4.731173312191823,7,0.07142857142857142,17,0.0,1,0.0,0.0,0.0,0.0,0,0.0,0.6931471805599453,0.0,0.0,0,0.0,0.0,0.0,0.6931471805599453,0.0,0
1984,82733.0,0,0,28,6.569481420414296,3.9318256327243257,6.042632833682381,4.189654742026425,3.6635616461296463,3.6635616461296463,0.6931471805599453,2.1972245773362196,1.6094379124341003,7,4,0.0,0.0,0.0,0.0,0.0,0.0,0.6931471805599453,42,13,0,1,1323,20,0.6931471805599453,4.206928922969246,12,0.05,24,0.0,0,0.0,0.6931471805599453,0.0,0.0,0,0.6931471805599453,0.0,0.0,0.0,0,0.6931471805599453,0.0,0.0,0.0,0.0,1
1971,74290.0,0,1,70,7.022868086082641,0.0,4.290459441148391,0.0,2.5649493574615367,2.5649493574615367,1.6094379124341003,2.3978952727983707,2.1972245773362196,10,6,0.0,0.6931471805599453,0.0,0.6931471805599453,0.0,0.0,0.0,55,13,1,2,1217,32,1.0986122886681098,3.664362607325851,16,0.125,38,0.0,0,0.6931471805599453,0.0,0.0,0.6931471805599453,0,0.0,0.0,0.0,0.0,0,0.6931471805599453,0.0,0.0,0.0,0.0,1
1951,58217.0,2,1,84,4.23410650459726,0.6931471805599453,2.6390573296152584,1.3862943611198906,1.791759469228055,2.6390573296152584,0.6931471805599453,1.0986122886681098,0.0,4,6,0.0,0.0,0.0,0.0,0.0,0.0,0.0,75,14,3,4,103,7,0.0,2.7545702167371027,8,0.14285714285714285,13,0.0,0,0.6931471805599453,0.0,0.0,0.0,0,0.6931471805599453,0.0,0.0,0.0,1,0.0,0.0,0.0,0.0,0.0,1
1976,21024.0,0,0,89,3.6109179126442243,1.6094379124341003,2.9444389791664403,1.9459101490553132,1.0986122886681098,2.9444389791664403,0.6931471805599453,1.0986122886681098,0.0,4,7,0.0,0.0,0.0,0.0,0.0,0.0,0.0,50,13,0,2,84,7,0.0,2.5649493574615367,9,0.14285714285714285,14,0.0,0,0.6931471805599453,0.0,0.0,0.0,0,0.0,0.6931471805599453,0.0,0.0,1,0.0,0.0,0.0,0.0,0.0,1
1972,70116.0,0,0,73,6.56244409369372,3.8066624897703196,6.403574197934815,4.564348191467836,4.07753744390572,3.4011973816621555,0.6931471805599453,1.0986122886681098,2.1972245773362196,12,1,0.0,0.0,0.0,0.0,0.0,0.0,0.0,54,13,0,2,1536,23,0.0,4.216305653128627,3,0.043478260869565216,24,0.0,0,0.0,0.6931471805599453,0.0,0.0,1,0.0,0.0,0.0,0.0,1,0.0,0.0,0.0,0.0,0.0,1
1985,54006.0,1,0,42,5.1647859739235145,4.356708826689592,5.318119993844216,1.9459101490553132,3.2188758248682006,4.584967478670572,1.0986122886681098,2.1972245773362196,0.6931471805599453,7,7,0.0,0.0,0.0,0.0,0.0,0.0,0.0,41,14,1,3,581,18,0.0,3.5048898402192847,15,0.1111111111111111,25,0.0,1,0.0,0.0,0.0,0.0,0,0.0,0.6931471805599453,0.0,0.0,0,0.6931471805599453,0.0,0.0,0.6931471805599453,0.0,0
1966,69063.0,0,1,16,6.502790045915623,3.58351893845611,4.8283137373023015,4.248495242049359,2.1972245773362196,3.295836866004329,0.6931471805599453,1.791759469228055,1.3862943611198906,5,3,0.0,0.0,0.0,0.0,0.0,0.0,0.0,60,14,1,3,928,14,0.0,4.208947944961104,8,0.07142857142857142,17,0.0,0,0.0,0.6931471805599453,0.0,0.0,1,0.0,0.0,0.0,0.0,0,0.6931471805599453,0.0,0.0,0.0,0.0,1
1975,11448.0,0,0,16,0.0,0.0,0.0,1.9459101490553132,1.0986122886681098,1.9459101490553132,0.6931471805599453,0.6931471805599453,0.0,2,6,0.0,0.0,0.0,0.0,0.0,0.0,0.0,51,13,0,1,14,4,0.0,1.5040773967762742,7,0.25,10,0.0,0,0.0,0.0,0.0,0.6931471805599453,0,0.0,0.0,0.0,0.0,1,0.0,0.0,0.0,0.0,0.0,0
1979,61825.0,0,1,56,5.093750200806762,3.9318256327243257,4.61512051684126,4.02535169073515,3.4339872044851463,3.332204510175204,0.6931471805599453,1.6094379124341003,1.0986122886681098,8,4,0.0,0.0,0.0,0.0,0.0,0.0,0.0,47,13,1,2,424,15,0.0,3.3764492119729614,8,0.06666666666666667,19,0.0,1,0.0,0.0,0.0,0.0,0,0.6931471805599453,0.0,0.0,0.0,1,0.0,0.0,0.0,0.0,0.0,1
1971,70886.0,1,0,65,6.0112671744041615,4.2626798770413155,5.480638923341991,4.6443908991413725,4.48863636973214,3.9889840465642745,0.6931471805599453,1.791759469228055,1.6094379124341003,4,2,0.0,0.0,0.0,0.0,0.0,0.0,0.0,55,13,1,3,960,14,0.0,4.242353974027276,7,0.07142857142857142,16,0.0,1,0.0,0.0,0.0,0.0,1,0.0,0.0,0.0,0.0,0,0.6931471805599453,0.0,0.0,0.0,0.0,1
1982,69109.0,0,0,10,6.714170529909472,3.258096538021482,6.131226489483141,4.8283137373023015,3.4011973816621555,4.564348191467836,0.6931471805599453,1.9459101490553132,1.9459101490553132,7,4,0.0,0.0,0.6931471805599453,0.0,0.0,0.0,0.6931471805599453,44,14,0,2,1555,20,1.0986122886681098,4.366278277705742,10,0.05,24,0.0,1,0.0,0.0,0.0,0.0,1,0.0,0.0,0.0,0.0,1,0.0,0.0,0.0,0.0,0.0,1
1973,60208.0,1,1,13,6.192362489474872,3.1780538303479458,4.276666119016055,2.772588722239781,0.0,4.0943445622221,2.4849066497880004,2.1972245773362196,1.3862943611198906,7,7,0.0,0.6931471805599453,0.0,0.0,0.0,0.0,0.6931471805599453,53,14,2,3,656,29,1.0986122886681098,3.1621230082757514,15,0.3793103448275862,36,0.0,1,0.0,0.0,0.0,0.0,0,0.0,0.0,0.6931471805599453,0.0,0,0.6931471805599453,0.0,0.0,0.0,0.0,1
1968,32889.0,1,1,78,3.367295829986474,0.0,2.6390573296152584,1.6094379124341003,1.0986122886681098,2.1972245773362196,1.3862943611198906,1.0986122886681098,0.6931471805599453,3,5,0.0,0.0,0.0,0.0,0.0,0.0,0.0,58,13,2,4,55,9,0.0,1.9616585060234524,7,0.3333333333333333,14,0.0,0,0.6931471805599453,0.0,0.0,0.0,0,0.0,0.6931471805599453,0.0,0.0,1,0.0,0.0,0.0,0.0,0.0,1
1984,34738.0,1,0,51,1.3862943611198906,1.0986122886681098,2.3978952727983707,1.3862943611198906,0.0,1.0986122886681098,0.6931471805599453,0.6931471805599453,0.0,3,6,0.0,0.0,0.0,0.0,0.0,0.0,0.0,42,12,1,2,20,5,0.0,1.6094379124341003,7,0.2,11,0.0,1,0.0,0.0,0.0,0.0,0,0.6931471805599453,0.0,0.0,0.0,1,0.0,0.0,0.0,0.6931471805599453,0.0,0
1971,30538.0,1,0,27,5.652489180268651,0.0,3.970291913552122,2.1972245773362196,1.3862943611198906,3.044522437723423,1.6094379124341003,2.302585092994046,0.0,4,10,0.0,0.0,0.0,0.0,0.0,0.0,0.0,55,14,1,3,367,17,0.0,3.1174292085315107,19,0.23529411764705882,27,0.0,0,0.6931471805599453,0.0,0.0,0.0,0,0.0,0.6931471805599453,0.0,0.0,0,0.6931471805599453,0.0,0.0,0.0,0.0,1
1977,82326.0,0,0,30,6.844815479208263,4.962844630259907,6.626717749249025,5.075173815233827,4.406719247264253,5.214935757608986,0.6931471805599453,1.791759469228055,2.3978952727983707,6,2,0.0,0.6931471805599453,0.6931471805599453,0.6931471805599453,0.0,0.0,0.6931471805599453,49,12,0,2,2257,22,1.6094379124341003,4.640449575887368,7,0.045454545454545456,24,0.0,0,0.0,0.0,0.0,0.0,0,0.0,0.6931471805599453,0.0,0.0,0,0.0,0.0,0.0,0.0,0.0,1
1967,26642.0,1,0,71,2.6390573296152584,1.0986122886681098,2.772588722239781,1.0986122886681098,1.0986122886681098,2.1972245773362196,1.0986122886681098,1.0986122886681098,0.0,3,6,0.0,0.0,0.0,0.0,0.0,0.0,0.0,59,12,1,2,42,7,0.0,1.9459101490553132,8,0.2857142857142857,13,0.0,0,0.0,0.6931471805599453,0.0,0.6931471805599453,0,0.0,0.0,0.0,0.0,1,0.0,0.0,0.0,0.6931471805599453,0.0,0
1964,69932.0,0,1,97,6.023447592961033,5.153291594497779,5.0369526024136295,5.017279836814924,4.663439094112067,4.060443010546419,1.0986122886681098,2.0794415416798357,1.9459101490553132,11,4,0.0,0.0,0.0,0.0,0.0,0.0,0.0,62,13,1,2,1049,26,0.0,3.7219794025402813,11,0.07692307692307693,30,0.0,1,0.0,0.0,0.0,0.6931471805599453,0,0.0,0.0,0.0,0.0,1,0.0,0.0,0.0,0.0,0.0,1
1972,44503.0,1,1,83,3.4657359027997265,0.6931471805599453,2.1972245773362196,0.0,0.0,2.1972245773362196,1.0986122886681098,1.0986122886681098,0.0,3,6,0.0,0.0,0.0,0.0,0.0,0.0,0.0,54,12,2,3,48,7,0.0,2.0614230361771577,8,0.2857142857142857,13,0.0,1,0.0,0.0,0.0,0.0,0,0.6931471805599453,0.0,0.0,0.0,1,0.0,0.0,0.0,0.0,0.0,1
1948,60200.0,0,1,3,6.220590170099739,2.995732273553991,4.890349128221754,0.0,1.9459101490553132,3.295836866004329,1.9459101490553132,1.9459101490553132,1.0986122886681098,11,6,0.0,0.0,0.0,0.0,0.0,0.0,0.0,78,13,1,2,685,25,0.0,3.3463891451671604,12,0.24,31,0.0,0,0.0,0.6931471805599453,0.0,0.0,0,0.6931471805599453,0.0,0.0,0.0,1,0.0,0.0,0.0,0.0,0.0,1
1952,49638.0,0,1,71,2.9444389791664403,2.3978952727983707,1.3862943611198906,1.3862943611198906,1.791759469228055,0.0,0.6931471805599453,0.6931471805599453,0.0,3,2,0.0,0.0,0.0,0.0,0.0,0.0,0.0,74,12,1,2,39,5,0.0,2.174751721484161,3,0.2,7,0.0,1,0.0,0.0,0.0,0.6931471805599453,0,0.0,0.0,0.0,0.0,1,0.0,0.0,0.0,0.0,0.0,1
1987,23830.0,0,0,3,0.6931471805599453,2.1972245773362196,1.9459101490553132,1.6094379124341003,2.1972245773362196,2.833213344056216,0.6931471805599453,0.6931471805599453,0.0,3,7,0.0,0.0,0.0,0.0,0.0,0.0,0.0,39,12,0,1,43,5,0.0,2.2617630984737906,8,0.2,12,0.0,0,0.0,0.0,0.0,0.0,0,0.6931471805599453,0.0,0.0,0.0,1,0.0,0.0,0.6931471805599453,0.0,0.0,0
1959,33051.0,0,0,15,4.61512051684126,4.276666119016055,5.497168225293202,4.6913478822291435,4.553876891600541,5.393627546352362,1.3862943611198906,2.302585092994046,0.6931471805599453,8,9,0.0,0.0,0.0,0.0,0.0,0.0,0.6931471805599453,67,14,0,1,835,21,0.6931471805599453,3.707747938418319,18,0.14285714285714285,30,0.0,0,0.6931471805599453,0.0,0.0,0.0,0,0.0,0.0,0.6931471805599453,0.0,0,0.6931471805599453,0.0,0.0,0.6931471805599453,0.0,0
1958,72905.0,0,0,52,6.0112671744041615,4.74493212836325,6.100318952020064,5.204006687076795,5.111987788356544,5.318119993844216,0.6931471805599453,1.3862943611198906,2.0794415416798357,9,1,0.0,0.0,0.0,0.6931471805599453,0.0,0.0,0.0,68,12,0,2,1515,20,0.6931471805599453,4.340553386467307,4,0.05,21,0.0,1,0.0,0.0,0.0,0.0,1,0.0,0.0,0.0,0.0,1,0.0,0.0,0.0,0.6931471805599453,0.0,0
1951,69702.0,0,1,8,6.499787040655854,2.302585092994046,5.484796933490655,3.9318256327243257,2.995732273553991,4.060443010546419,1.0986122886681098,2.0794415416798357,2.0794415416798357,10,4,0.0,0.0,0.0,0.0,0.0,0.0,0.0,75,13,1,3,1039,26,0.0,3.7126335401220434,11,0.07692307692307693,30,0.0,0,0.0,0.6931471805599453,0.0,0.0,0,0.0,0.6931471805599453,0.0,0.0,1,0.0,0.0,0.0,0.0,0.0,1
1975,70300.0,1,0,89,6.952728644624869,4.127134385045092,5.82600010738045,4.110873864173311,3.8501476017100584,3.8501476017100584,1.3862943611198906,1.791759469228055,1.791759469228055,13,8,0.0,0.0,0.0,0.0,0.0,0.0,0.0,51,13,1,2,1596,26,0.0,4.133318696653876,13,0.11538461538461539,34,0.0,1,0.0,0.0,0.0,0.6931471805599453,0,0.0,0.0,0.0,0.0,1,0.0,0.0,0.0,0.0,0.0,1
1984,70643.0,0,0,66,7.105786129481271,4.68213122712422,5.720311776607412,3.1780538303479458,4.969813299576001,3.5263605246161616,0.6931471805599453,1.791759469228055,2.1972245773362196,4,6,0.0,0.0,0.0,0.0,0.0,0.0,0.6931471805599453,42,14,0,2,1828,18,0.6931471805599453,4.630404657166633,11,0.05555555555555555,24,0.0,0,0.0,0.6931471805599453,0.0,0.0,1,0.0,0.0,0.0,0.0,0,0.0,0.0,0.0,0.0,0.0,1
1969,30396.0,1,0,22,2.772588722239781,0.0,1.9459101490553132,0.0,0.6931471805599453,2.5649493574615367,1.0986122886681098,0.6931471805599453,0.6931471805599453,2,7,0.6931471805599453,0.0,0.0,0.0,0.0,0.0,0.6931471805599453,57,12,1,3,34,6,1.0986122886681098,1.8971199848858813,8,0.3333333333333333,13,0.0,0,0.0,0.6931471805599453,0.0,0.0,1,0.0,0.0,0.0,0.0,1,0.0,0.0,0.0,0.0,0.0,1
1968,50616.0,0,1,56,4.859812404361672,0.0,2.833213344056216,0.0,0.6931471805599453,1.6094379124341003,1.0986122886681098,1.6094379124341003,0.0,4,7,0.0,0.0,0.0,0.0,0.0,0.0,0.0,58,12,1,2,149,10,0.0,2.766319109226186,11,0.2,17,0.0,0,0.0,0.6931471805599453,0.0,0.6931471805599453,0,0.0,0.0,0.0,0.0,0,0.6931471805599453,0.0,0.0,0.0,0.0,1
1969,62772.0,0,1,74,6.366470447731438,3.912023005428146,5.062595033026967,3.784189633918261,2.1972245773362196,4.6913478822291435,0.6931471805599453,1.791759469228055,1.9459101490553132,11,2,0.0,0.6931471805599453,0.0,0.0,0.0,0.0,0.0,57,13,1,2,946,23,0.6931471805599453,3.7407703959616163,7,0.043478260869565216,25,0.0,0,0.6931471805599453,0.0,0.0,0.0,0,0.6931471805599453,0.0,0.0,0.0,1,0.0,0.0,0.0,0.0,0.0,1
1985,30298.0,0,0,48,1.9459101490553132,1.3862943611198906,2.5649493574615367,1.9459101490553132,0.6931471805599453,0.0,0.6931471805599453,0.6931471805599453,0.6931471805599453,3,3,0.0,0.0,0.0,0.0,0.0,0.0,0.0,41,12,0,1,28,6,0.0,1.7346010553881064,4,0.16666666666666666,9,0.0,0,0.0,0.6931471805599453,0.0,0.0,0,0.6931471805599453,0.0,0.0,0.0,1,0.0,0.0,0.0,0.6931471805599453,0.0,0
1984,52413.0,1,0,67,5.225746673713202,2.1972245773362196,4.897839799950911,4.04305126783455,4.04305126783455,2.5649493574615367,1.0986122886681098,2.0794415416798357,0.6931471805599453,7,7,0.0,0.0,0.0,0.0,0.0,0.0,0.0,42,14,1,2,450,17,0.0,3.3131159136126813,14,0.11764705882352941,24,0.0,1,0.0,0.0,0.0,0.0,0,0.6931471805599453,0.0,0.0,0.0,0,0.6931471805599453,0.0,0.0,0.0,0.0,1
1957,44155.0,1,1,24,3.1354942159291497,0.6931471805599453,2.302585092994046,0.0,0.0,2.70805020110221,0.6931471805599453,0.6931471805599453,0.6931471805599453,2,4,0.0,0.0,0.0,0.0,0.0,0.0,0.0,69,12,2,4,46,5,0.0,2.322387720290225,5,0.2,9,0.0,0,0.0,0.6931471805599453,0.0,0.0,1,0.0,0.0,0.0,0.0,1,0.0,0.0,0.0,0.0,0.0,1
1971,86979.0,0,0,67,6.371611847231857,4.61512051684126,6.728628613084702,4.189654742026425,4.430816798843313,3.58351893845611,0.6931471805599453,1.791759469228055,1.791759469228055,5,2,0.6931471805599453,0.0,0.0,0.0,0.0,0.0,0.6931471805599453,55,13,0,1,1702,16,1.0986122886681098,4.67632738030442,7,0.0625,18,0.0,0,0.0,0.6931471805599453,0.0,0.6931471805599453,0,0.0,0.0,0.0,0.0,0,0.6931471805599453,0.0,0.0,0.6931471805599453,0.0,0
1975,76532.0,1,1,38,5.87493073085203,3.4339872044851463,5.181783550292085,4.51085950651685,4.9344739331306915,3.4339872044851463,1.6094379124341003,2.302585092994046,1.791759469228055,7,5,0.0,0.0,0.0,0.0,0.0,0.0,0.0,51,13,2,4,820,25,0.0,3.520460802488973,14,0.16,30,0.0,1,0.0,0.0,0.0,0.0,0,0.0,0.6931471805599453,0.0,0.0,0,0.6931471805599453,0.0,0.0,0.0,0.0,1
1982,42081.0,1,0,86,5.170483995038151,2.3978952727983707,4.709530201312334,4.007333185232471,1.9459101490553132,3.332204510175204,1.0986122886681098,1.9459101490553132,1.3862943611198906,4,6,0.6931471805599453,0.0,0.0,0.0,0.0,0.0,0.0,44,13,1,3,382,15,0.6931471805599453,3.2758860795849802,12,0.13333333333333333,21,0.0,1,0.0,0.0,0.0,0.0,1,0.0,0.0,0.0,0.0,0,0.6931471805599453,0.0,0.0,0.0,0.0,1
1988,67546.0,0,0,90,6.762729506931879,4.90527477843843,6.645090969505644,5.017279836814924,3.6635616461296463,5.153291594497779,0.6931471805599453,1.6094379124341003,2.3978952727983707,5,3,0.0,0.0,0.0,0.0,0.0,0.0,0.0,38,14,0,2,2126,20,0.0,4.675628649636653,7,0.05,23,0.0,0,0.0,0.6931471805599453,0.0,0.0,1,0.0,0.0,0.0,0.0,0,0.0,0.0,0.0,0.0,0.0,1
1989,88420.0,0,0,87,6.86484777797086,5.0369526024136295,6.418364935936212,4.605170185988092,4.564348191467836,5.0369526024136295,0.6931471805599453,1.6094379124341003,2.0794415416798357,8,1,0.6931471805599453,0.0,0.6931471805599453,0.6931471805599453,0.0,0.0,0.0,37,12,0,2,2069,20,1.3862943611198906,4.648708488002574,5,0.05,21,0.0,0,0.6931471805599453,0.0,0.0,0.0,0,0.0,0.6931471805599453,0.0,0.0,1,0.0,0.0,0.0,0.0,0.0,1
1985,31158.0,1,0,62,3.258096538021482,1.9459101490553132,2.833213344056216,3.044522437723423,0.0,1.791759469228055,1.0986122886681098,1.0986122886681098,0.0,3,8,0.0,0.0,0.0,0.0,0.0,0.0,0.0,41,13,1,3,72,7,0.0,2.423537703411708,10,0.2857142857142857,15,0.0,1,0.0,0.0,0.0,0.0,1,0.0,0.0,0.0,0.0,1,0.0,0.0,0.0,0.0,0.0,1
1968,61671.0,0,1,23,6.464588303689961,2.0794415416798357,4.04305126783455,0.0,0.0,3.367295829986474,2.1972245773362196,2.3978952727983707,1.6094379124341003,6,8,0.0,0.6931471805599453,0.0,0.6931471805599453,0.0,0.0,0.0,58,12,1,2,732,28,1.0986122886681098,3.3011139231051727,18,0.2857142857142857,36,0.0,1,0.0,0.0,0.0,0.6931471805599453,0,0.0,0.0,0.0,0.0,0,0.6931471805599453,0.0,0.0,0.0,0.0,1
1974,69719.0,0,0,99,5.6131281063880705,4.465908118654584,5.342334251964811,5.181783550292085,2.70805020110221,3.784189633918261,0.6931471805599453,1.0986122886681098,1.3862943611198906,5,1,0.0,0.0,0.0,0.0,0.0,0.0,0.0,52,12,0,1,801,11,0.0,4.301605067363307,3,0.09090909090909091,12,0.0,1,0.0,0.0,0.0,0.0,0,0.6931471805599453,0.0,0.0,0.0,1,0.0,0.0,0.0,0.0,0.0,1
1949,49160.0,0,1,29,4.812184355372417,3.091042453358316,3.784189633918261,3.258096538021482,2.3978952727983707,2.772588722239781,1.0986122886681098,1.3862943611198906,0.6931471805599453,6,6,0.0,0.0,0.0,0.0,0.0,0.0,0.0,77,13,1,2,236,12,0.0,3.028522096376982,9,0.16666666666666666,18,0.0,1,0.0,0.0,0.0,0.6931471805599453,0,0.0,0.0,0.0,0.0,1,0.0,0.0,0.0,0.0,0.0,1
1978,24882.0,1,0,52,0.6931471805599453,1.6094379124341003,2.3978952727983707,3.4011973816621555,0.0,3.6109179126442243,0.6931471805599453,0.6931471805599453,0.6931471805599453,2,6,0.6931471805599453,0.0,0.0,0.0,0.0,0.0,0.0,48,14,1,3,80,5,0.6931471805599453,2.833213344056216,7,0.2,11,0.6931471805599453,0,0.0,0.0,0.0,0.0,0,0.0,0.6931471805599453,0.0,0.0,1,0.0,0.0,0.6931471805599453,0.0,0.0,0
1954,90933.0,0,0,90,6.928537818164665,3.4657359027997265,6.066108090103747,4.143134726391533,4.1588830833596715,4.382026634673881,0.6931471805599453,1.6094379124341003,1.9459101490553132,4,1,0.0,0.0,0.6931471805599453,0.0,0.0,0.0,0.0,72,12,0,1,1685,15,0.6931471805599453,4.7303333289420975,5,0.06666666666666667,16,0.0,0,0.0,0.6931471805599453,0.0,0.0,0,0.6931471805599453,0.0,0.0,0.0,0,0.0,0.0,0.0,0.0,0.0,1
1945,113734.0,0,0,9,1.9459101490553132,1.0986122886681098,1.3862943611198906,0.6931471805599453,5.572154032177765,1.3862943611198906,0.0,3.332204510175204,0.0,0,1,0.0,0.0,0.0,0.0,0.0,0.0,0.0,81,12,0,1,277,27,0.0,2.4211908354018927,28,0.0,28,0.0,0,0.0,0.6931471805599453,0.0,0.0,0,0.6931471805599453,0.0,0.0,0.0,0,0.6931471805599453,0.0,0.0,0.0,0.6931471805599453,0
1950,59292.0,0,1,71,5.937536205082426,2.70805020110221,4.23410650459726,2.995732273553991,2.70805020110221,2.70805020110221,1.0986122886681098,1.3862943611198906,1.791759469228055,8,3,0.0,0.0,0.0,0.0,0.0,0.0,0.0,76,13,1,3,507,18,0.0,3.373026504695459,6,0.1111111111111111,21,0.0,0,0.0,0.6931471805599453,0.0,0.0,0,0.0,0.6931471805599453,0.0,0.0,1,0.0,0.0,0.0,0.0,0.0,1
1964,45759.0,1,1,13,3.7612001156935624,0.6931471805599453,2.9444389791664403,1.3862943611198906,0.0,1.6094379124341003,1.0986122886681098,1.0986122886681098,0.0,3,7,0.0,0.0,0.0,0.0,0.0,0.0,0.0,62,13,2,4,68,7,0.0,2.371577964480997,9,0.2857142857142857,14,0.0,0,0.0,0.6931471805599453,0.0,0.0,1,0.0,0.0,0.0,0.0,1,0.0,0.0,0.0,0.0,0.0,1
1983,22148.0,0,0,16,2.772588722239781,1.791759469228055,2.70805020110221,0.0,1.6094379124341003,2.4849066497880004,0.6931471805599453,0.6931471805599453,0.0,3,7,0.0,0.0,0.0,0.0,0.0,0.0,0.0,43,12,0,1,49,5,0.0,2.379546134130174,8,0.2,12,0.0,1,0.0,0.0,0.0,0.0,0,0.6931471805599453,0.0,0.0,0.0,1,0.0,0.0,0.0,0.0,0.0,1
1987,73395.0,0,0,94,5.60947179518496,2.0794415416798357,4.394449154672439,3.044522437723423,2.0794415416798357,2.4849066497880004,0.6931471805599453,1.6094379124341003,1.6094379124341003,6,2,0.0,0.0,0.0,0.0,0.0,0.0,0.0,39,12,0,2,397,15,0.0,3.312973148247316,6,0.06666666666666667,17,0.0,0,0.6931471805599453,0.0,0.0,0.0,1,0.0,0.0,0.0,0.0,1,0.0,0.0,0.0,0.0,0.0,1
1971,29819.0,1,0,77,2.302585092994046,0.6931471805599453,3.2188758248682006,1.0986122886681098,0.6931471805599453,1.0986122886681098,1.3862943611198906,1.3862943611198906,0.0,3,6,0.0,0.0,0.0,0.0,0.0,0.0,0.0,55,13,1,2,39,9,0.0,1.6739764335716716,9,0.3333333333333333,15,0.0,1,0.0,0.0,0.0,0.6931471805599453,0,0.0,0.0,0.0,0.0,0,0.6931471805599453,0.0,0.0,0.6931471805599453,0.0,0
1968,45688.0,0,1,20,5.634789603169249,0.0,2.9444389791664403,0.0,0.0,2.302585092994046,1.0986122886681098,1.3862943611198906,0.6931471805599453,8,4,0.0,0.6931471805599453,0.0,0.0,0.0,0.0,0.0,58,12,1,3,306,14,0.6931471805599453,3.1292636661785136,7,0.14285714285714285,18,0.0,1,0.0,0.0,0.0,0.0,1,0.0,0.0,0.0,0.0,1,0.0,0.0,0.0,0.0,0.0,1
1954,62820.0,0,0,51,5.988961416889864,4.127134385045092,5.583496308781699,4.9344739331306915,4.127134385045092,3.9889840465642745,0.6931471805599453,1.3862943611198906,1.6094379124341003,6,1,0.0,0.0,0.0,0.0,0.0,0.0,0.0,72,13,0,2,976,14,0.0,4.258647613513377,4,0.07142857142857142,15,0.0,1,0.0,0.0,0.0,0.0,1,0.0,0.0,0.0,0.0,1,0.0,0.0,0.0,0.0,0.0,1
1971,60491.0,0,1,81,6.45833828334479,3.871201010907891,5.472270673671475,2.5649493574615367,2.995732273553991,4.343805421853684,1.6094379124341003,1.9459101490553132,2.4849066497880004,7,5,0.0,0.0,0.0,0.0,0.0,0.0,0.0,55,13,1,3,1028,28,0.0,3.630038954091003,11,0.14285714285714285,33,0.0,0,0.0,0.6931471805599453,0.0,0.0,1,0.0,0.0,0.0,0.0,0,0.0,0.0,0.0,0.0,0.0,1
1986,33235.0,1,0,71,3.828641396489095,0.0,2.833213344056216,1.0986122886681098,0.6931471805599453,1.9459101490553132,0.6931471805599453,1.3862943611198906,0.0,3,7,0.0,0.0,0.0,0.0,0.0,0.0,0.0,40,12,1,3,70,7,0.0,2.3978952727983707,10,0.14285714285714285,14,0.0,1,0.0,0.0,0.0,0.0,0,0.0,0.6931471805599453,0.0,0.0,0,0.6931471805599453,0.0,0.0,0.0,0.0,1
1959,35701.0,0,0,36,3.091042453358316,0.6931471805599453,2.302585092994046,2.0794415416798357,1.3862943611198906,1.791759469228055,0.6931471805599453,0.6931471805599453,0.0,3,6,0.0,0.0,0.0,0.0,0.0,0.0,0.0,67,13,0,2,46,5,0.0,2.322387720290225,7,0.2,11,0.0,1,0.0,0.0,0.0,0.0,1,0.0,0.0,0.0,0.0,1,0.0,0.0,0.0,0.0,0.0,1
1980,31535.0,1,0,95,2.772588722239781,1.6094379124341003,2.6390573296152584,0.0,0.0,2.995732273553991,0.6931471805599453,0.6931471805599453,0.6931471805599453,2,7,0.6931471805599453,0.0,0.0,0.0,0.0,0.0,0.0,46,13,1,3,51,5,0.6931471805599453,2.4159137783010487,8,0.2,12,0.0,0,0.6931471805599453,0.0,0.0,0.0,1,0.0,0.0,0.0,0.0,1,0.0,0.0,0.6931471805599453,0.0,0.0,0
1960,92556.0,0,0,32,6.202535517187923,5.214935757608986,5.8664680569332965,5.220355825078324,3.1780538303479458,3.367295829986474,0.0,1.3862943611198906,1.791759469228055,13,0,0.0,0.0,0.0,0.0,0.0,0.0,0.0,66,12,0,2,1263,21,0.0,4.113213046526483,3,0.0,21,0.0,0,0.0,0.0,0.0,0.0,0,0.0,0.6931471805599453,0.0,0.0,1,0.0,0.0,0.0,0.0,0.0,1
1970,67384.0,0,1,32,6.86484777797086,3.713572066704308,5.170483995038151,5.0689042022202315,3.9889840465642745,4.68213122712422,1.0986122886681098,2.0794415416798357,2.1972245773362196,5,5,0.0,0.6931471805599453,0.0,0.0,0.0,0.0,0.0,56,14,1,2,1490,22,0.6931471805599453,4.230146103381163,12,0.09090909090909091,27,0.0,1,0.0,0.0,0.0,0.0,0,0.6931471805599453,0.0,0.0,0.0,0,0.0,0.0,0.0,0.0,0.0,1
1971,80573.0,0,0,85,6.721425700790643,4.9344739331306915,6.066108090103747,4.110873864173311,4.532599493153256,2.772588722239781,0.6931471805599453,1.6094379124341003,1.9459101490553132,13,2,0.0,0.0,0.0,0.0,0.0,0.0,0.0,55,14,0,2,1564,24,0.0,4.192176811459135,6,0.041666666666666664,26,0.0,0,0.6931471805599453,0.0,0.0,0.0,0,0.0,0.6931471805599453,0.0,0.0,1,0.0,0.0,0.0,0.0,0.0,1
1967,77870.0,0,1,93,6.925595197110468,3.9318256327243257,6.2166061010848646,4.189654742026425,3.9318256327243257,4.897839799950911,1.3862943611198906,1.791759469228055,1.791759469228055,5,8,0.0,0.6931471805599453,0.0,0.6931471805599453,0.0,0.0,0.6931471805599453,59,14,1,3,1815,18,1.3862943611198906,4.62333748994354,13,0.16666666666666666,26,0.0,1,0.0,0.0,0.0,0.0,1,0.0,0.0,0.0,0.0,0,0.6931471805599453,0.0,0.0,0.0,0.0,1
1963,52278.0,0,1,24,6.860663671448287,0.0,4.276666119016055,0.0,0.0,5.1647859739235145,1.9459101490553132,2.3978952727983707,1.791759469228055,10,8,0.0,0.0,0.0,0.0,0.0,0.0,0.0,63,13,1,2,1198,31,0.0,3.6799689050808886,18,0.1935483870967742,39,0.0,0,0.0,0.6931471805599453,0.0,0.0,0,0.0,0.0,0.6931471805599453,0.0,0,0.6931471805599453,0.0,0.0,0.0,0.0,1
1968,57107.0,0,1,44,5.075173815233827,0.0,4.795790545596741,0.0,0.0,4.927253685157205,2.0794415416798357,1.6094379124341003,1.6094379124341003,8,8,0.0,0.6931471805599453,0.0,0.0,0.6931471805599453,0.0,0.6931471805599453,58,14,1,2,416,23,1.3862943611198906,2.9490051971460214,12,0.30434782608695654,31,0.0,1,0.0,0.0,0.0,0.0,0,0.6931471805599453,0.0,0.0,0.0,1,0.0,0.0,0.0,0.0,0.0,1
1990,18929.0,0,0,15,3.4965075614664802,0.0,2.1972245773362196,3.1780538303479458,1.6094379124341003,2.9444389791664403,0.6931471805599453,0.6931471805599453,0.0,4,6,0.0,0.0,0.0,0.0,0.0,0.0,0.0,36,13,0,2,85,6,0.0,2.719100037288795,7,0.16666666666666666,12,0.0,1,0.0,0.0,0.0,0.0,1,0.0,0.0,0.0,0.0,1,0.0,0.0,0.0,0.0,0.0,1
1981,36038.0,1,0,82,3.1780538303479458,0.0,2.772588722239781,0.0,1.0986122886681098,2.0794415416798357,1.0986122886681098,1.3862943611198906,0.0,3,6,0.0,0.0,0.0,0.0,0.0,0.0,0.0,45,13,1,2,47,8,0.0,1.927891643552635,9,0.25,14,0.0,0,0.0,0.6931471805599453,0.0,0.0,0,0.6931471805599453,0.0,0.0,0.0,0,0.6931471805599453,0.0,0.0,0.0,0.0,1
1976,20180.0,0,0,27,2.9444389791664403,3.7612001156935624,3.2188758248682006,2.772588722239781,3.044522437723423,2.9444389791664403,0.6931471805599453,1.0986122886681098,0.6931471805599453,4,7,0.0,0.0,0.0,0.0,0.0,0.0,0.0,50,13,0,1,137,8,0.0,2.8972922007407385,9,0.125,15,0.0,1,0.0,0.0,0.0,0.0,0,0.6931471805599453,0.0,0.0,0.0,1,0.0,0.6931471805599453,0.0,0.0,0.0,0
1965,34230.0,1,1,72,2.772588722239781,0.0,1.6094379124341003,0.0,0.0,1.0986122886681098,0.6931471805599453,0.6931471805599453,0.0,2,7,0.0,0.0,0.0,0.0,0.0,0.0,0.0,61,14,2,4,21,4,0.0,1.8325814637483102,8,0.25,11,0.0,0,0.0,0.6931471805599453,0.0,0.0,0,0.0,0.6931471805599453,0.0,0.0,1,0.0,0.0,0.0,0.0,0.0,1
1977,31878.0,0,1,7,3.1780538303479458,1.6094379124341003,1.791759469228055,2.3978952727983707,1.791759469228055,3.1780538303479458,0.6931471805599453,0.6931471805599453,0.0,4,3,0.0,0.0,0.0,0.0,0.0,0.0,0.0,49,12,1,2,70,6,0.0,2.538973871058276,4,0.16666666666666666,9,0.0,0,0.0,0.0,0.0,0.0,0,0.6931471805599453,0.0,0.0,0.0,1,0.0,0.0,0.0,0.0,0.0,1
1972,70932.0,0,1,57,5.303304908059076,5.267858159063328,4.61512051684126,3.8501476017100584,5.225746673713202,5.225746673713202,1.0986122886681098,1.9459101490553132,1.0986122886681098,12,3,0.0,0.0,0.0,0.0,0.0,0.0,0.0,54,12,1,3,909,22,0.0,3.745216823918751,9,0.09090909090909091,25,0.0,0,0.0,0.0,0.0,0.0,1,0.0,0.0,0.0,0.0,1,0.0,0.0,0.0,0.0,0.0,1
1956,91249.0,0,0,84,7.1891677384203225,3.332204510175204,4.787491742782046,4.276666119016055,4.6913478822291435,3.332204510175204,0.0,2.0794415416798357,2.302585092994046,6,4,0.0,0.6931471805599453,0.6931471805599453,0.6931471805599453,0.6931471805599453,0.0,0.6931471805599453,70,14,0,1,1676,22,1.791759469228055,4.346163913512977,11,0.0,26,0.0,1,0.0,0.0,0.0,0.0,0,0.6931471805599453,0.0,0.0,0.0,0,0.0,0.0,0.0,0.0,0.0,1
1943,77598.0,0,0,53,7.085064293952548,3.5263605246161616,5.641907070938114,4.867534450455582,4.204692619390966,3.5263605246161616,0.6931471805599453,2.0794415416798357,1.791759469228055,13,3,0.0,0.0,0.6931471805599453,0.0,0.0,0.0,0.0,83,13,0,1,1735,26,0.6931471805599453,4.215540570474724,10,0.038461538461538464,29,0.0,0,0.6931471805599453,0.0,0.0,0.0,0,0.6931471805599453,0.0,0.0,0.0,1,0.0,0.0,0.0,0.0,0.0,1
1959,80982.0,1,1,48,6.226536669287466,4.927253685157205,5.996452088619021,4.653960350157523,3.1354942159291497,3.1354942159291497,1.3862943611198906,2.4849066497880004,1.791759469228055,11,5,0.0,0.0,0.0,0.0,0.0,0.6931471805599453,0.0,67,13,2,3,1191,30,0.0,3.7062280924485496,16,0.1,35,0.0,1,0.0,0.0,0.0,0.0,0,0.6931471805599453,0.0,0.0,0.0,0,0.6931471805599453,0.0,0.0,0.0,0.0,1
1977,22701.0,1,0,2,1.0986122886681098,1.6094379124341003,2.302585092994046,0.0,1.6094379124341003,1.791759469228055,0.6931471805599453,0.6931471805599453,0.0,3,5,0.0,0.0,0.0,0.0,0.0,0.0,0.0,49,13,1,3,24,5,0.0,1.7578579175523736,6,0.2,10,0.0,0,0.6931471805599453,0.0,0.0,0.0,1,0.0,0.0,0.0,0.0,1,0.0,0.0,0.0,0.6931471805599453,0.0,0
1969,55212.0,0,1,65,7.00669522683704,0.0,3.828641396489095,0.0,0.0,3.5553480614894135,1.3862943611198906,1.6094379124341003,1.0986122886681098,11,8,0.0,0.6931471805599453,0.0,0.0,0.6931471805599453,0.0,0.0,57,14,1,3,1182,20,1.0986122886681098,4.096009841541162,12,0.15,28,0.0,0,0.0,0.6931471805599453,0.0,0.0,1,0.0,0.0,0.0,0.0,1,0.0,0.0,0.0,0.0,0.0,1
1970,70617.0,0,0,45,5.869296913133774,4.127134385045092,6.625392368007956,3.713572066704308,3.8501476017100584,3.332204510175204,0.6931471805599453,1.3862943611198906,1.3862943611198906,7,2,0.0,0.0,0.0,0.0,0.0,0.0,0.0,56,13,0,2,1280,14,0.0,4.5264361454455875,5,0.07142857142857142,16,0.0,1,0.0,0.0,0.0,0.0,1,0.0,0.0,0.0,0.0,1,0.0,0.0,0.0,0.6931471805599453,0.0,0
1957,64849.0,0,0,42,6.481577129276431,3.8918202981106265,5.860786223465865,4.553876891600541,4.442651256490317,4.6913478822291435,0.6931471805599453,2.302585092994046,1.3862943611198906,6,5,0.0,0.0,0.0,0.0,0.0,0.0,0.6931471805599453,69,14,0,1,1336,19,0.6931471805599453,4.26711775414736,14,0.05263157894736842,24,0.0,1,0.0,0.0,0.0,0.0,0,0.6931471805599453,0.0,0.0,0.0,0,0.6931471805599453,0.0,0.0,0.0,0.0,1
1965,62694.0,1,1,29,5.940171252720432,1.9459101490553132,5.062595033026967,3.258096538021482,4.5217885770490405,4.5217885770490405,1.791759469228055,2.302585092994046,1.3862943611198906,7,7,0.0,0.0,0.0,0.0,0.0,0.0,0.0,61,13,2,4,749,24,0.0,3.472225218239476,16,0.20833333333333334,31,0.0,0,0.6931471805599453,0.0,0.0,0.0,1,0.0,0.0,0.0,0.0,0,0.6931471805599453,0.0,0.0,0.0,0.0,1
1974,61917.0,1,1,83,3.8501476017100584,1.6094379124341003,3.6109179126442243,1.0986122886681098,1.0986122886681098,0.6931471805599453,0.6931471805599453,1.0986122886681098,0.0,4,5,0.0,0.0,0.0,0.0,0.0,0.0,0.0,52,13,2,4,91,7,0.0,2.6390573296152584,7,0.14285714285714285,12,0.0,0,0.0,0.6931471805599453,0.0,0.0,1,0.0,0.0,0.0,0.0,1,0.0,0.0,0.0,0.0,0.0,1
1947,67472.0,0,1,93,5.093750200806762,3.4657359027997265,4.852030263919617,2.1972245773362196,2.8903717578961645,4.248495242049359,1.0986122886681098,1.6094379124341003,1.0986122886681098,7,3,0.0,0.0,0.0,0.0,0.0,0.0,0.0,79,13,1,3,414,15,0.0,3.353406717825807,7,0.13333333333333333,18,0.0,0,0.0,0.6931471805599453,0.0,0.0,1,0.0,0.0,0.0,0.0,1,0.0,0.0,0.0,0.0,0.0,1
1982,21059.0,1,0,40,2.1972245773362196,1.3862943611198906,2.995732273553991,1.3862943611198906,1.3862943611198906,2.1972245773362196,1.3862943611198906,1.3862943611198906,0.0,3,6,0.0,0.0,0.0,0.0,0.0,0.0,0.0,44,12,1,3,44,9,0.0,1.7730673362159026,9,0.3333333333333333,15,0.0,0,0.6931471805599453,0.0,0.0,0.0,1,0.0,0.0,0.0,0.0,0,0.6931471805599453,0.0,0.0,0.6931471805599453,0.0,0
1968,29543.0,2,0,47,2.8903717578961645,1.3862943611198906,2.9444389791664403,1.3862943611198906,1.6094379124341003,2.9444389791664403,1.0986122886681098,1.3862943611198906,0.6931471805599453,2,7,0.0,0.0,0.0,0.0,0.0,0.0,0.0,58,12,2,4,63,8,0.0,2.1832383353614797,10,0.25,15,0.0,0,0.6931471805599453,0.0,0.0,0.0,1,0.0,0.0,0.0,0.0,0,0.6931471805599453,0.0,0.0,0.6931471805599453,0.0,0
1951,75903.0,0,1,50,5.831882477283517,4.6913478822291435,5.225746673713202,4.875197323201151,3.6635616461296463,4.61512051684126,1.0986122886681098,1.9459101490553132,1.9459101490553132,9,3,0.0,0.0,0.0,0.0,0.0,0.0,0.0,75,13,1,3,901,23,0.0,3.6932178557125344,9,0.08695652173913043,26,0.0,1,0.0,0.0,0.0,0.0,1,0.0,0.0,0.0,0.0,1,0.0,0.0,0.0,0.0,0.0,1
1975,34984.0,1,1,40,2.1972245773362196,1.6094379124341003,2.772588722239781,1.3862943611198906,1.791759469228055,1.3862943611198906,1.0986122886681098,0.6931471805599453,0.0,3,7,0.0,0.0,0.0,0.0,0.0,0.0,0.0,51,14,2,4,38,6,0.0,1.992430164690206,8,0.3333333333333333,13,0.0,0,0.0,0.0,0.0,0.0,0,0.0,0.6931471805599453,0.0,0.0,1,0.0,0.0,0.0,0.6931471805599453,0.0,0
1956,54998.0,0,1,3,5.043425116919247,3.1354942159291497,5.313205979041787,3.6888794541139363,3.4339872044851463,2.1972245773362196,1.791759469228055,1.6094379124341003,1.0986122886681098,9,4,0.0,0.0,0.0,0.0,0.0,0.0,0.6931471805599453,70,13,1,2,455,20,0.6931471805599453,3.1675825304806504,8,0.25,24,0.0,0,0.0,0.6931471805599453,0.0,0.0,0,0.6931471805599453,0.0,0.0,0.0,1,0.0,0.0,0.0,0.6931471805599453,0.0,0
1949,54356.0,0,1,62,6.566672429803241,2.772588722239781,3.4339872044851463,3.044522437723423,0.0,0.0,1.3862943611198906,2.4849066497880004,1.0986122886681098,8,8,0.0,0.0,0.0,0.0,0.0,0.0,0.6931471805599453,77,14,1,2,775,24,0.6931471805599453,3.505307115418329,19,0.125,32,0.0,0,0.0,0.6931471805599453,0.0,0.0,0,0.0,0.0,0.6931471805599453,0.0,0,0.6931471805599453,0.0,0.0,0.0,0.0,1
1959,34242.0,0,1,25,2.1972245773362196,1.0986122886681098,1.6094379124341003,0.0,0.0,0.6931471805599453,0.6931471805599453,0.0,0.0,3,5,0.0,0.0,0.0,0.0,0.0,0.0,0.0,67,12,1,3,15,4,0.0,1.55814461804655,5,0.25,9,0.0,0,0.6931471805599453,0.0,0.0,0.0,1,0.0,0.0,0.0,0.0,1,0.0,0.0,0.0,0.0,0.0,1
1973,25410.0,1,0,48,1.0986122886681098,1.0986122886681098,1.6094379124341003,2.6390573296152584,2.6390573296152584,1.6094379124341003,0.6931471805599453,0.6931471805599453,0.0,4,4,0.0,0.0,0.0,0.0,0.0,0.0,0.0,53,13,1,3,38,6,0.0,1.992430164690206,5,0.16666666666666666,10,0.0,1,0.0,0.0,0.0,0.0,1,0.0,0.0,0.0,0.0,1,0.0,0.0,0.0,0.0,0.0,0
1984,73356.0,0,0,56,6.957497370876951,2.70805020110221,5.777652323222656,0.0,2.70805020110221,4.727387818712341,0.6931471805599453,1.791759469228055,2.4849066497880004,5,2,0.6931471805599453,0.0,0.6931471805599453,0.6931471805599453,0.0,0.0,0.6931471805599453,42,12,0,2,1512,22,1.6094379124341003,4.244591528568885,7,0.045454545454545456,24,0.0,0,0.0,0.6931471805599453,0.0,0.0,1,0.0,0.0,0.0,0.0,0,0.0,0.0,0.0,0.0,0.0,1
1950,28320.0,0,1,68,2.995732273553991,0.6931471805599453,2.70805020110221,1.3862943611198906,1.0986122886681098,1.6094379124341003,0.6931471805599453,0.6931471805599453,0.0,3,8,0.0,0.0,0.0,0.0,0.0,0.0,0.0,76,13,1,3,43,5,0.0,2.2617630984737906,9,0.2,13,0.0,1,0.0,0.0,0.0,0.0,0,0.0,0.6931471805599453,0.0,0.0,1,0.0,0.0,0.0,0.0,0.0,1
1977,23763.0,1,0,64,3.1354942159291497,0.0,1.9459101490553132,1.9459101490553132,1.0986122886681098,1.9459101490553132,0.6931471805599453,0.6931471805599453,0.0,3,7,0.0,0.0,0.0,0.0,0.0,0.0,0.0,49,14,1,2,42,5,0.0,2.2407096892759584,8,0.2,12,0.0,1,0.0,0.0,0.0,0.0,0,0.6931471805599453,0.0,0.0,0.0,1,0.0,0.0,0.0,0.0,0.0,1
1984,72570.0,0,0,67,5.616771097666572,4.430816798843313,5.37989735354046,5.0238805208462765,4.955827057601261,5.41610040220442,0.6931471805599453,1.6094379124341003,1.9459101490553132,12,1,0.0,0.0,0.0,0.0,0.0,0.0,0.0,42,12,0,2,1089,23,0.0,3.878421258881378,5,0.043478260869565216,24,0.0,1,0.0,0.0,0.0,0.0,1,0.0,0.0,0.0,0.0,1,0.0,0.0,0.0,0.0,0.0,1
1976,34529.0,1,0,94,4.23410650459726,1.9459101490553132,3.6635616461296463,1.3862943611198906,1.9459101490553132,3.7376696182833684,1.0986122886681098,1.0986122886681098,1.0986122886681098,3,7,0.0,0.0,0.0,0.0,0.0,0.0,0.0,50,14,1,3,162,9,0.0,2.9444389791664403,9,0.2222222222222222,16,0.0,0,0.6931471805599453,0.0,0.0,0.0,1,0.0,0.0,0.0,0.0,1,0.0,0.0,0.0,0.0,0.0,1
1951,70792.0,0,0,82,5.84354441703136,3.828641396489095,6.484635235635252,4.653960350157523,2.4849066497880004,4.74493212836325,1.0986122886681098,1.3862943611198906,1.6094379124341003,10,3,0.0,0.0,0.0,0.0,0.0,0.0,0.0,75,13,0,1,1272,19,0.0,4.218733411680202,6,0.10526315789473684,22,0.0,1,0.0,0.0,0.0,0.0,0,0.0,0.0,0.6931471805599453,0.0,1,0.0,0.0,0.0,0.6931471805599453,0.0,0
1982,63211.0,0,0,3,4.983606621708336,5.267858159063328,6.131226489483141,5.327876168789581,3.295836866004329,4.983606621708336,1.0986122886681098,1.3862943611198906,2.1972245773362196,7,2,0.0,0.0,0.0,0.0,0.0,0.0,0.6931471805599453,44,14,0,2,1173,20,0.6931471805599453,4.0884941485439255,5,0.1,22,0.0,1,0.0,0.0,0.0,0.0,1,0.0,0.0,0.0,0.0,0,0.0,0.0,0.0,0.6931471805599453,0.0,0
1974,83891.0,0,1,24,5.384495062789089,3.6635616461296463,5.860786223465865,4.718498871295094,4.454347296253507,2.772588722239781,0.6931471805599453,1.6094379124341003,2.0794415416798357,10,1,0.0,0.0,0.0,0.0,0.0,0.0,0.0,52,12,1,3,816,22,0.0,3.639975647123767,5,0.045454545454545456,23,0.0,0,0.6931471805599453,0.0,0.0,0.0,1,0.0,0.0,0.0,0.0,1,0.0,0.0,0.0,0.6931471805599453,0.0,0
1968,36065.0,1,1,54,2.9444389791664403,2.0794415416798357,3.5553480614894135,2.3978952727983707,1.0986122886681098,1.3862943611198906,1.3862943611198906,1.3862943611198906,0.0,3,8,0.0,0.0,0.0,0.0,0.0,0.0,0.0,58,13,2,3,74,9,0.0,2.2216160304603783,11,0.3333333333333333,17,0.0,1,0.0,0.0,0.0,0.0,0,0.6931471805599453,0.0,0.0,0.0,0,0.6931471805599453,0.0,0.0,0.6931471805599453,0.0,0
1954,39898.0,0,1,20,4.248495242049359,2.1972245773362196,3.295836866004329,2.5649493574615367,2.0794415416798357,2.5649493574615367,1.0986122886681098,1.3862943611198906,0.0,4,7,0.0,0.0,0.0,0.0,0.0,0.0,0.0,72,13,1,3,134,9,0.0,2.765620052923688,10,0.2222222222222222,16,0.0,1,0.0,0.0,0.0,0.0,0,0.0,0.6931471805599453,0.0,0.0,1,0.0,0.0,0.0,0.0,0.0,1
1940,51141.0,0,0,96,4.976733742420574,0.0,2.0794415416798357,0.0,0.0,1.9459101490553132,0.6931471805599453,1.3862943611198906,0.6931471805599453,4,5,0.0,0.0,0.0,0.0,0.0,0.0,0.0,86,13,0,1,157,9,0.0,2.9147632110203237,8,0.1111111111111111,14,0.0,0,0.0,0.6931471805599453,0.0,0.0,0,0.6931471805599453,0.0,0.0,0.0,1,0.0,0.0,0.0,0.0,0.0,1
1976,56939.0,0,1,19,5.54907608489522,3.5553480614894135,4.6443908991413725,4.51085950651685,3.4011973816621555,3.912023005428146,1.0986122886681098,1.3862943611198906,1.3862943611198906,10,3,0.0,0.0,0.0,0.0,0.0,0.0,0.0,50,13,1,3,561,18,0.0,3.4709307196768306,6,0.1111111111111111,21,0.0,1,0.0,0.0,0.0,0.0,1,0.0,0.0,0.0,0.0,1,0.0,0.0,0.0,0.0,0.0,1
1951,80872.0,0,0,60,6.182084906716632,4.290459441148391,6.342121418721152,4.553876891600541,2.5649493574615367,4.6913478822291435,0.6931471805599453,1.6094379124341003,1.6094379124341003,10,1,0.0,0.0,0.0,0.0,0.0,0.0,0.0,75,12,0,1,1336,19,0.0,4.26711775414736,5,0.05263157894736842,20,0.0,1,0.0,0.0,0.0,0.0,0,0.6931471805599453,0.0,0.0,0.0,1,0.0,0.0,0.0,0.6931471805599453,0.0,0
1976,72335.0,0,0,2,7.1592919047975645,4.663439094112067,6.483107351457199,3.367295829986474,3.091042453358316,0.0,0.6931471805599453,2.3978952727983707,1.6094379124341003,8,8,0.0,0.0,0.0,0.0,0.0,0.0,0.6931471805599453,50,14,0,2,2092,23,0.6931471805599453,4.521315875551228,18,0.043478260869565216,31,0.0,0,0.0,0.6931471805599453,0.0,0.0,0,0.0,0.6931471805599453,0.0,0.0,0,0.6931471805599453,0.0,0.0,0.0,0.0,1
1964,61798.0,0,0,13,5.82600010738045,1.6094379124341003,4.499809670330265,2.4849066497880004,2.1972245773362196,2.6390573296152584,0.6931471805599453,1.6094379124341003,1.0986122886681098,9,4,0.0,0.0,0.0,0.0,0.0,0.0,0.0,62,13,0,1,463,16,0.0,3.399111875171134,8,0.0625,20,0.0,0,0.0,0.6931471805599453,0.0,0.0,0,0.6931471805599453,0.0,0.0,0.0,1,0.0,0.0,0.0,0.0,0.0,1
1950,76842.0,0,0,37,6.406879986069314,2.3978952727983707,5.846438775057725,4.442651256490317,4.007333185232471,3.4965075614664802,0.6931471805599453,0.6931471805599453,2.1972245773362196,7,0,0.0,0.0,0.0,0.0,0.0,0.0,0.0,76,12,0,1,1130,17,0.0,4.211691773073155,1,0.058823529411764705,17,0.0,0,0.0,0.6931471805599453,0.0,0.0,0,0.0,0.0,0.6931471805599453,0.0,0,0.0,0.0,0.0,0.0,0.0,1
1976,29478.0,1,0,59,2.1972245773362196,0.0,2.0794415416798357,1.3862943611198906,0.6931471805599453,0.6931471805599453,0.6931471805599453,0.6931471805599453,0.0,3,6,0.0,0.0,0.0,0.0,0.0,0.0,0.0,50,12,1,3,20,5,0.0,1.6094379124341003,7,0.2,11,0.0,1,0.0,0.0,0.0,0.0,0,0.0,0.6931471805599453,0.0,0.0,1,0.0,0.0,0.0,0.0,0.0,1
1956,46998.0,0,1,55,5.153291594497779,3.7376696182833684,4.465908118654584,3.828641396489095,1.9459101490553132,3.332204510175204,1.791759469228055,1.791759469228055,1.3862943611198906,5,7,0.6931471805599453,0.0,0.0,0.0,0.0,0.0,0.0,70,14,1,2,377,18,0.6931471805599453,3.088514007004957,12,0.2777777777777778,25,0.0,1,0.0,0.0,0.0,0.0,0,0.6931471805599453,0.0,0.0,0.0,0,0.6931471805599453,0.0,0.0,0.0,0.0,1
1990,96843.0,0,0,60,6.1070228877422545,4.276666119016055,6.858565034791365,3.713572066704308,2.8903717578961645,2.8903717578961645,0.6931471805599453,1.9459101490553132,2.4849066497880004,10,2,0.0,0.0,0.6931471805599453,0.0,0.0,0.0,0.6931471805599453,36,13,0,1,1544,28,1.0986122886681098,4.027899462813948,8,0.03571428571428571,30,0.0,1,0.0,0.0,0.0,0.0,0,0.6931471805599453,0.0,0.0,0.0,0,0.0,0.0,0.0,0.6931471805599453,0.0,0
1950,56551.0,1,1,48,4.219507705176107,1.6094379124341003,3.4965075614664802,2.8903717578961645,1.0986122886681098,2.833213344056216,1.3862943611198906,1.0986122886681098,0.6931471805599453,4,4,0.0,0.0,0.0,0.0,0.0,0.0,0.0,76,12,2,3,138,10,0.0,2.6946271807700692,6,0.3,14,0.0,0,0.0,0.6931471805599453,0.0,0.0,0,0.0,0.0,0.6931471805599453,0.0,1,0.0,0.0,0.0,0.0,0.0,1
1965,70053.0,0,1,38,6.240275845170769,3.9889840465642745,4.59511985013459,4.406719247264253,5.19295685089021,4.499809670330265,1.3862943611198906,2.1972245773362196,1.791759469228055,10,5,0.0,0.0,0.0,0.0,0.0,0.0,0.0,61,13,1,3,1012,26,0.0,3.6869545257043517,13,0.11538461538461539,31,0.0,0,0.6931471805599453,0.0,0.0,0.0,1,0.0,0.0,0.0,0.0,1,0.0,0.0,0.0,0.0,0.0,1
1962,71670.0,0,0,8,7.288244401020124,2.833213344056216,4.859812404361672,0.0,0.0,5.081404364984463,0.6931471805599453,1.791759469228055,1.3862943611198906,6,6,0.0,0.6931471805599453,0.6931471805599453,0.0,0.6931471805599453,0.0,0.6931471805599453,64,13,0,1,1766,15,1.6094379124341003,4.776880082187452,11,0.06666666666666667,21,0.0,0,0.0,0.6931471805599453,0.0,0.0,0,0.0,0.0,0.6931471805599453,0.0,1,0.0,0.0,0.0,0.0,0.0,1
1978,44359.0,1,1,19,3.044522437723423,0.0,2.70805020110221,2.0794415416798357,1.3862943611198906,0.6931471805599453,1.3862943611198906,1.0986122886681098,0.0,4,3,0.0,0.0,0.0,0.0,0.0,0.0,0.0,48,12,2,4,45,9,0.0,1.791759469228055,5,0.3333333333333333,12,0.0,1,0.0,0.0,0.0,0.0,1,0.0,0.0,0.0,0.0,1,0.0,0.0,0.0,0.0,0.0,1
1952,40887.0,1,1,32,3.9318256327243257,1.6094379124341003,3.8066624897703196,2.3978952727983707,2.3978952727983707,3.784189633918261,1.3862943611198906,1.3862943611198906,0.6931471805599453,3,9,0.0,0.0,0.0,0.0,0.0,0.0,0.6931471805599453,74,13,2,3,161,10,0.6931471805599453,2.8390784635086144,12,0.3,19,0.0,1,0.0,0.0,0.0,0.0,0,0.6931471805599453,0.0,0.0,0.0,0,0.6931471805599453,0.0,0.0,0.0,0.0,1
1966,48877.0,0,1,27,4.634728988229636,0.6931471805599453,2.772588722239781,1.0986122886681098,0.0,3.2188758248682006,0.6931471805599453,1.3862943611198906,0.0,4,7,0.0,0.0,0.0,0.0,0.0,0.0,0.0,60,12,1,2,144,8,0.0,2.9444389791664403,10,0.125,15,0.0,1,0.0,0.0,0.0,0.6931471805599453,0,0.0,0.0,0.0,0.0,1,0.0,0.0,0.0,0.0,0.0,1
1947,74485.0,0,0,58,6.214608098422191,5.0106352940962555,6.704414354964107,5.159055299214529,3.912023005428146,3.912023005428146,0.6931471805599453,1.9459101490553132,2.0794415416798357,12,3,0.0,0.0,0.0,0.0,0.0,0.0,0.0,79,13,0,2,1734,26,0.0,4.214972550010716,9,0.038461538461538464,29,0.0,1,0.0,0.0,0.0,0.0,0,0.0,0.6931471805599453,0.0,0.0,1,0.0,0.0,0.0,0.6931471805599453,0.0,0
1972,64474.0,0,1,59,5.945420608606575,3.58351893845611,5.153291594497779,4.04305126783455,4.465908118654584,4.543294782270004,1.0986122886681098,2.1972245773362196,1.0986122886681098,10,5,0.0,0.0,0.0,0.0,0.0,0.0,0.0,54,13,1,3,823,22,0.0,3.648294173998858,13,0.09090909090909091,27,0.0,1,0.0,0.0,0.0,0.0,0,0.0,0.6931471805599453,0.0,0.0,1,0.0,0.0,0.0,0.0,0.0,1
1963,77226.0,0,1,29,6.448889394146858,3.784189633918261,5.480638923341991,4.859812404361672,4.343805421853684,3.091042453358316,1.0986122886681098,1.9459101490553132,2.1972245773362196,12,3,0.0,0.0,0.0,0.0,0.0,0.0,0.0,63,12,1,3,1138,28,0.0,3.729129856735234,9,0.07142857142857142,31,0.0,1,0.0,0.0,0.0,0.0,0,0.0,0.6931471805599453,0.0,0.0,1,0.0,0.0,0.0,0.0,0.0,1
1949,72643.0,0,0,60,6.267200548541362,4.394449154672439,6.317164686747284,4.820281565605037,4.553876891600541,3.9889840465642745,0.6931471805599453,1.3862943611198906,2.3978952727983707,7,2,0.0,0.0,0.0,0.6931471805599453,0.0,0.0,0.6931471805599453,77,13,0,1,1429,21,1.0986122886681098,4.2347963976911975,5,0.047619047619047616,23,0.0,1,0.0,0.0,0.0,0.0,0,0.0,0.0,0.6931471805599453,0.0,0,0.0,0.0,0.0,0.6931471805599453,0.0,0
1978,85738.0,0,0,41,6.81783057145415,3.295836866004329,5.932245187448011,2.8903717578961645,3.295836866004329,2.6390573296152584,0.6931471805599453,1.3862943611198906,1.9459101490553132,11,1,0.0,0.6931471805599453,0.6931471805599453,0.0,0.0,0.0,0.0,48,12,0,2,1371,21,1.0986122886681098,4.193974403170942,4,0.047619047619047616,22,0.0,0,0.6931471805599453,0.0,0.0,0.0,0,0.0,0.6931471805599453,0.0,0.0,1,0.0,0.0,0.0,0.0,0.0,1
1966,55686.0,0,1,27,6.513230110912307,0.0,5.298317366548036,3.6375861597263857,3.871201010907891,3.295836866004329,1.0986122886681098,1.9459101490553132,1.3862943611198906,5,4,0.6931471805599453,0.0,0.0,0.0,0.0,0.0,0.0,60,13,1,2,982,16,0.6931471805599453,4.133164554071683,10,0.125,20,0.0,1,0.0,0.0,0.0,0.6931471805599453,0,0.0,0.0,0.0,0.0,0,0.6931471805599453,0.0,0.0,0.0,0.0,1
1983,39062.0,1,0,28,3.1780538303479458,0.0,2.302585092994046,0.0,0.0,2.5649493574615367,0.6931471805599453,0.6931471805599453,0.0,3,4,0.6931471805599453,0.0,0.0,0.0,0.0,0.0,0.0,43,12,1,2,44,5,0.6931471805599453,2.2823823856765264,5,0.2,9,0.0,1,0.0,0.0,0.0,0.0,0,0.6931471805599453,0.0,0.0,0.0,1,0.0,0.0,0.0,0.0,0.0,1
1971,34600.0,1,1,8,5.298317366548036,3.5263605246161616,4.110873864173311,2.1972245773362196,1.3862943611198906,2.772588722239781,1.791759469228055,1.791759469228055,1.0986122886681098,5,8,0.0,0.0,0.0,0.0,0.0,0.0,0.6931471805599453,55,13,2,4,318,17,0.6931471805599453,2.9809171877688505,13,0.29411764705882354,25,0.0,1,0.0,0.0,0.0,0.0,0,0.0,0.6931471805599453,0.0,0.0,0,0.6931471805599453,0.0,0.0,0.0,0.0,1
1975,40794.0,0,1,18,5.568344503761097,3.1780538303479458,4.30406509320417,1.6094379124341003,3.1780538303479458,3.9318256327243257,1.0986122886681098,1.9459101490553132,1.3862943611198906,5,7,0.0,0.0,0.0,0.0,0.0,0.0,0.0,51,13,1,3,434,16,0.0,3.3366588605245844,13,0.125,23,0.0,1,0.0,0.0,0.0,0.0,1,0.0,0.0,0.0,0.0,0,0.6931471805599453,0.0,0.0,0.0,0.0,1
1971,54690.0,1,1,76,4.718498871295094,2.833213344056216,3.6375861597263857,2.0794415416798357,2.302585092994046,2.9444389791664403,1.3862943611198906,1.3862943611198906,0.6931471805599453,5,3,0.0,0.0,0.0,0.0,0.0,0.0,0.0,55,13,2,4,198,12,0.0,2.8622008809294686,6,0.25,15,0.0,0,0.0,0.0,0.0,0.0,1,0.0,0.0,0.0,0.0,1,0.0,0.0,0.0,0.0,0.0,1
1969,4428.0,0,1,0,2.833213344056216,1.6094379124341003,2.5649493574615367,1.0986122886681098,1.6094379124341003,5.7745515455444085,0.0,3.258096538021482,0.0,0,1,0.0,0.0,0.0,0.0,0.0,0.0,0.0,57,13,1,3,359,25,0.0,2.731766727719526,26,0.0,26,0.0,1,0.0,0.0,0.0,0.0,1,0.0,0.0,0.0,0.0,0,0.6931471805599453,0.0,0.6931471805599453,0.0,0.0,0
1963,32632.0,0,0,32,4.1588830833596715,5.0238805208462765,4.927253685157205,5.0369526024136295,2.995732273553991,3.9889840465642745,1.0986122886681098,1.6094379124341003,1.6094379124341003,8,5,0.0,0.0,0.0,0.0,0.0,0.0,0.0,63,14,0,2,576,18,0.0,3.4965075614664802,9,0.1111111111111111,23,0.0,0,0.0,0.0,0.0,0.0,1,0.0,0.0,0.0,0.0,1,0.0,0.0,0.0,0.0,0.0,0
1968,38236.0,1,1,2,4.07753744390572,0.0,2.9444389791664403,1.0986122886681098,0.0,2.3978952727983707,1.6094379124341003,1.3862943611198906,0.0,4,7,0.0,0.0,0.0,0.0,0.0,0.0,0.0,58,13,2,3,88,11,0.0,2.1972245773362196,10,0.36363636363636365,18,0.0,0,0.0,0.6931471805599453,0.0,0.0,0,0.6931471805599453,0.0,0.0,0.0,1,0.0,0.0,0.0,0.0,0.0,1
1979,36781.0,1,0,16,3.4011973816621555,0.6931471805599453,2.8903717578961645,0.0,1.3862943611198906,2.6390573296152584,0.6931471805599453,1.0986122886681098,0.6931471805599453,2,8,0.0,0.0,0.0,0.0,0.0,0.0,0.6931471805599453,47,12,1,3,63,6,0.6931471805599453,2.4423470353692043,10,0.16666666666666666,14,0.0,1,0.0,0.0,0.0,0.0,1,0.0,0.0,0.0,0.0,0,0.6931471805599453,0.0,0.0,0.0,0.0,1
1984,31385.0,1,0,56,1.3862943611198906,1.0986122886681098,2.5649493574615367,0.0,0.6931471805599453,2.302585092994046,0.6931471805599453,0.6931471805599453,0.0,2,8,0.6931471805599453,0.0,0.0,0.0,0.0,0.0,0.6931471805599453,42,14,1,2,27,4,1.0986122886681098,2.0476928433652555,9,0.25,12,0.0,0,0.6931471805599453,0.0,0.0,0.0,0,0.6931471805599453,0.0,0.0,0.0,1,0.0,0.0,0.0,0.6931471805599453,0.0,0
1984,24570.0,1,0,97,3.367295829986474,3.5553480614894135,4.143134726391533,2.4849066497880004,2.70805020110221,3.8066624897703196,1.3862943611198906,1.6094379124341003,0.0,4,9,0.0,0.0,0.0,0.0,0.0,0.0,0.0,42,13,1,3,193,11,0.0,2.920224721045846,13,0.2727272727272727,20,0.0,1,0.0,0.0,0.0,0.0,1,0.0,0.0,0.0,0.0,0,0.6931471805599453,0.0,0.0,0.6931471805599453,0.0,0
1974,25509.0,1,0,15,3.713572066704308,1.3862943611198906,3.4339872044851463,2.3978952727983707,2.0794415416798357,2.4849066497880004,1.3862943611198906,1.3862943611198906,0.0,3,9,0.0,0.0,0.0,0.0,0.0,0.0,0.6931471805599453,52,14,1,2,101,9,0.6931471805599453,2.5032557884561966,12,0.3333333333333333,18,0.0,0,0.0,0.6931471805599453,0.0,0.6931471805599453,0,0.0,0.0,0.0,0.0,0,0.6931471805599453,0.0,0.0,0.0,0.0,1
1951,94642.0,0,0,35,6.779921907472252,4.969813299576001,6.682108597449809,4.672828834461906,4.969813299576001,4.969813299576001,0.0,1.791759469228055,2.0794415416798357,9,1,0.0,0.0,0.6931471805599453,0.6931471805599453,0.0,0.0,0.0,75,12,0,2,2211,21,1.0986122886681098,4.666130885777779,6,0.0,22,0.0,1,0.0,0.0,0.0,0.0,1,0.0,0.0,0.0,0.0,1,0.0,0.0,0.0,0.0,0.0,1
1962,58646.0,0,1,3,4.143134726391533,0.6931471805599453,3.8066624897703196,1.9459101490553132,1.791759469228055,3.1354942159291497,0.6931471805599453,1.0986122886681098,0.6931471805599453,4,4,0.0,0.0,0.0,0.0,0.0,0.0,0.0,64,13,1,3,140,8,0.0,2.917770732084279,6,0.125,12,0.0,0,0.6931471805599453,0.0,0.0,0.0,1,0.0,0.0,0.0,0.0,1,0.0,0.0,0.0,0.0,0.0,1
1975,53201.0,1,1,49,5.638354669333745,2.0794415416798357,4.406719247264253,3.044522437723423,0.0,3.332204510175204,2.1972245773362196,1.9459101490553132,1.3862943611198906,5,7,0.0,0.0,0.0,0.0,0.0,0.0,0.0,51,13,2,3,415,22,0.0,2.9888907417372743,13,0.36363636363636365,29,0.0,1,0.0,0.0,0.0,0.0,0,0.6931471805599453,0.0,0.0,0.0,0,0.6931471805599453,0.0,0.0,0.0,0.0,1
1957,21994.0,0,1,4,2.302585092994046,0.0,1.9459101490553132,1.3862943611198906,0.6931471805599453,1.3862943611198906,0.6931471805599453,0.0,0.0,3,5,0.0,0.0,0.0,0.0,0.0,0.0,0.0,69,14,1,3,22,4,0.0,1.8718021769015913,5,0.25,9,0.0,1,0.0,0.0,0.0,0.0,0,0.0,0.6931471805599453,0.0,0.0,1,0.0,0.0,0.0,0.0,0.0,1
1978,57113.0,1,1,45,5.209486152841421,1.6094379124341003,3.5263605246161616,0.0,1.0986122886681098,3.7612001156935624,1.9459101490553132,1.6094379124341003,0.6931471805599453,5,7,0.0,0.0,0.0,0.0,0.0,0.0,0.0,48,13,2,4,263,16,0.0,2.8586230595815842,11,0.375,23,0.0,1,0.0,0.0,0.0,0.0,1,0.0,0.0,0.0,0.0,1,0.0,0.0,0.0,0.0,0.0,1
1991,51373.0,0,0,37,4.430816798843313,1.0986122886681098,4.624972813284271,4.174387269895637,3.295836866004329,4.770684624465665,0.6931471805599453,1.3862943611198906,1.791759469228055,3,4,0.0,0.0,0.0,0.0,0.0,0.0,0.0,35,13,0,2,393,12,0.0,3.518980417318539,7,0.08333333333333333,16,0.0,1,0.0,0.0,0.0,0.0,1,0.0,0.0,0.0,0.0,0,0.0,0.0,0.6931471805599453,0.0,0.0,0
1986,23477.0,1,0,39,3.6635616461296463,2.772588722239781,4.007333185232471,1.3862943611198906,2.1972245773362196,3.4011973816621555,1.3862943611198906,1.3862943611198906,0.0,4,8,0.0,0.0,0.0,0.0,0.0,0.0,0.0,40,13,1,3,147,10,0.0,2.7536607123542622,11,0.3,18,0.0,1,0.0,0.0,0.0,0.0,1,0.0,0.0,0.0,0.0,1,0.0,0.0,0.0,0.6931471805599453,0.0,0
1956,58116.0,0,1,38,5.43372200355424,2.995732273553991,4.875197323201151,1.6094379124341003,2.4849066497880004,3.9512437185814275,1.0986122886681098,1.3862943611198906,1.3862943611198906,8,2,0.0,0.0,0.0,0.0,0.0,0.0,0.0,70,12,1,3,443,16,0.0,3.3564614878207637,5,0.125,18,0.0,1,0.0,0.0,0.0,0.0,1,0.0,0.0,0.0,0.0,1,0.0,0.0,0.0,0.0,0.0,1
1963,72968.0,0,0,8,6.996681488176539,3.6375861597263857,6.385194398997726,4.983606621708336,3.6375861597263857,4.02535169073515,0.6931471805599453,1.791759469228055,1.791759469228055,8,3,0.0,0.0,0.0,0.6931471805599453,0.0,0.0,0.6931471805599453,63,13,0,1,1958,19,1.0986122886681098,4.644896844004177,8,0.05263157894736842,22,0.0,0,0.0,0.6931471805599453,0.0,0.6931471805599453,0,0.0,0.0,0.0,0.0,1,0.0,0.0,0.0,0.0,0.0,1
1971,39791.0,0,1,89,4.454347296253507,2.772588722239781,3.332204510175204,2.6390573296152584,2.6390573296152584,3.091042453358316,1.0986122886681098,1.3862943611198906,0.6931471805599453,4,7,0.0,0.0,0.0,0.0,0.0,0.0,0.0,55,13,1,3,174,10,0.0,2.91235066461494,10,0.2,17,0.0,0,0.6931471805599453,0.0,0.0,0.0,1,0.0,0.0,0.0,0.0,1,0.0,0.0,0.0,0.0,0.0,1
1947,91712.0,0,0,47,7.152268856032539,3.2188758248682006,6.616065185132817,4.553876891600541,3.4011973816621555,3.8918202981106265,0.0,2.302585092994046,2.0794415416798357,11,3,0.0,0.0,0.6931471805599453,0.0,0.0,0.0,0.6931471805599453,79,13,0,1,2217,27,1.0986122886681098,4.420178400638258,12,0.0,30,0.0,0,0.6931471805599453,0.0,0.0,0.0,0,0.6931471805599453,0.0,0.0,0.0,1,0.0,0.0,0.0,0.0,0.0,1
1958,94472.0,0,1,75,6.925595197110468,3.5263605246161616,6.035481432524756,4.6913478822291435,4.61512051684126,2.833213344056216,0.6931471805599453,1.791759469228055,1.791759469228055,5,5,0.0,0.6931471805599453,0.6931471805599453,0.0,0.0,0.0,0.0,68,12,1,2,1691,16,1.0986122886681098,4.669904000554659,10,0.0625,21,0.0,1,0.0,0.0,0.0,0.0,0,0.6931471805599453,0.0,0.0,0.0,0,0.6931471805599453,0.0,0.0,0.0,0.0,1
1960,13672.0,1,1,86,1.9459101490553132,1.0986122886681098,2.302585092994046,1.0986122886681098,0.6931471805599453,1.791759469228055,1.0986122886681098,0.6931471805599453,0.0,3,8,0.0,0.0,0.0,0.0,0.0,0.0,0.0,66,13,2,4,25,6,0.0,1.6422277352570913,9,0.3333333333333333,14,0.0,1,0.0,0.0,0.0,0.0,0,0.0,0.6931471805599453,0.0,0.0,1,0.0,0.0,0.0,0.6931471805599453,0.0,0
1980,96547.0,0,0,4,6.1070228877422545,3.091042453358316,4.836281906951478,3.970291913552122,4.624972813284271,4.143134726391533,0.0,2.0794415416798357,1.9459101490553132,8,2,0.6931471805599453,0.0,0.6931471805599453,0.6931471805599453,0.0,0.0,0.6931471805599453,46,12,0,2,809,21,1.6094379124341003,3.6769032630672207,9,0.0,23,0.0,0,0.0,0.0,0.0,0.0,1,0.0,0.0,0.0,0.0,1,0.0,0.0,0.0,0.0,0.0,1
1975,79205.0,0,0,73,6.22455842927536,3.1780538303479458,4.770684624465665,5.19295685089021,3.367295829986474,3.8066624897703196,0.6931471805599453,1.9459101490553132,1.791759469228055,4,4,0.0,0.0,0.0,0.6931471805599453,0.0,0.0,0.6931471805599453,51,14,0,2,895,16,1.0986122886681098,4.0419541750201775,10,0.0625,20,0.0,1,0.0,0.0,0.0,0.0,1,0.0,0.0,0.0,0.0,0,0.6931471805599453,0.0,0.0,0.0,0.0,1
1975,56559.0,0,1,46,5.424950017481403,3.1354942159291497,4.897839799950911,3.7376696182833684,3.4657359027997265,3.4657359027997265,1.3862943611198906,1.6094379124341003,1.3862943611198906,8,4,0.0,0.0,0.0,0.0,0.0,0.0,0.0,51,14,1,3,484,18,0.0,3.3282283617955644,8,0.16666666666666666,22,0.0,0,0.0,0.6931471805599453,0.0,0.0,0,0.0,0.6931471805599453,0.0,0.0,1,0.0,0.0,0.0,0.0,0.0,1
1973,32644.0,1,0,38,5.480638923341991,1.3862943611198906,4.955827057601261,0.0,2.0794415416798357,3.1780538303479458,1.6094379124341003,2.0794415416798357,0.6931471805599453,6,8,0.6931471805599453,0.0,0.0,0.0,0.0,0.0,0.0,53,13,1,3,413,18,0.6931471805599453,3.175736332207583,15,0.2222222222222222,26,0.0,0,0.0,0.6931471805599453,0.0,0.0,1,0.0,0.0,0.0,0.0,0,0.6931471805599453,0.0,0.0,0.0,0.0,1
1980,67506.0,0,1,73,4.51085950651685,3.6635616461296463,4.219507705176107,3.5263605246161616,3.6109179126442243,4.219507705176107,0.6931471805599453,1.6094379124341003,0.6931471805599453,6,3,0.0,0.0,0.0,0.0,0.0,0.0,0.0,46,12,1,2,331,12,0.0,3.3528237973779396,7,0.08333333333333333,15,0.0,0,0.0,0.0,0.0,0.0,0,0.6931471805599453,0.0,0.0,0.0,1,0.0,0.0,0.0,0.0,0.0,1
1970,24206.0,1,0,66,2.0794415416798357,1.0986122886681098,2.1972245773362196,1.3862943611198906,1.0986122886681098,1.3862943611198906,0.6931471805599453,0.6931471805599453,0.0,3,6,0.0,0.0,0.0,0.0,0.0,0.0,0.0,56,13,1,2,25,5,0.0,1.791759469228055,7,0.2,11,0.0,1,0.0,0.0,0.0,0.0,0,0.6931471805599453,0.0,0.0,0.0,1,0.0,0.0,0.0,0.6931471805599453,0.0,0
1967,28420.0,1,0,36,1.6094379124341003,1.0986122886681098,1.791759469228055,1.0986122886681098,0.0,0.0,0.6931471805599453,0.6931471805599453,0.0,2,6,0.0,0.0,0.0,0.0,0.0,0.0,0.0,59,13,1,2,13,4,0.0,1.4469189829363254,7,0.25,10,0.0,0,0.0,0.6931471805599453,0.0,0.6931471805599453,0,0.0,0.0,0.0,0.0,1,0.0,0.0,0.0,0.6931471805599453,0.0,0
1970,22979.0,1,0,29,2.833213344056216,2.8903717578961645,2.995732273553991,3.044522437723423,3.091042453358316,3.1354942159291497,1.3862943611198906,1.3862943611198906,1.0986122886681098,2,8,0.0,0.0,0.0,0.0,0.0,0.0,0.6931471805599453,56,14,1,3,115,10,0.6931471805599453,2.5257286443082556,11,0.3,18,0.0,1,0.0,0.0,0.0,0.0,1,0.0,0.0,0.0,0.0,0,0.6931471805599453,0.0,0.6931471805599453,0.0,0.0,0
1966,33279.0,0,0,29,2.3978952727983707,1.3862943611198906,1.3862943611198906,0.0,0.0,0.0,0.6931471805599453,0.0,0.0,3,3,0.0,0.0,0.0,0.0,0.0,0.0,0.0,60,12,0,1,16,4,0.0,1.6094379124341003,3,0.25,7,0.0,1,0.0,0.0,0.0,0.0,0,0.6931471805599453,0.0,0.0,0.0,1,0.0,0.0,0.0,0.0,0.0,1
1972,46423.0,1,1,6,4.23410650459726,0.0,2.833213344056216,0.0,0.0,2.1972245773362196,1.3862943611198906,1.0986122886681098,0.0,4,7,0.0,0.0,0.0,0.0,0.0,0.0,0.0,54,13,2,3,92,9,0.0,2.41789593950504,9,0.3333333333333333,16,0.0,0,0.6931471805599453,0.0,0.0,0.0,0,0.6931471805599453,0.0,0.0,0.0,1,0.0,0.0,0.0,0.0,0.0,1
1977,30368.0,0,1,97,3.58351893845611,0.0,2.6390573296152584,1.0986122886681098,0.0,1.0986122886681098,1.0986122886681098,1.0986122886681098,0.0,3,8,0.0,0.0,0.0,0.0,0.0,0.0,0.0,49,13,1,3,52,7,0.0,2.1316272948504063,10,0.2857142857142857,15,0.0,1,0.0,0.0,0.0,0.0,1,0.0,0.0,0.0,0.0,1,0.0,0.0,0.0,0.0,0.0,1
1970,63684.0,0,1,61,6.3561076606958915,4.394449154672439,6.061456918928017,5.342334251964811,4.543294782270004,4.394449154672439,1.3862943611198906,2.1972245773362196,1.6094379124341003,8,5,0.0,0.0,0.0,0.0,0.0,0.0,0.0,56,14,1,3,1464,23,0.0,4.169021730531005,13,0.13043478260869565,28,0.0,1,0.0,0.0,0.0,0.0,1,0.0,0.0,0.0,0.0,0,0.6931471805599453,0.0,0.0,0.0,0.0,1
1964,41638.0,0,1,68,5.755742213586912,0.0,3.4657359027997265,1.6094379124341003,0.0,4.5217885770490405,1.6094379124341003,1.791759469228055,1.791759469228055,3,8,0.6931471805599453,0.0,0.0,0.0,0.0,0.0,0.0,62,13,1,2,441,17,0.6931471805599453,3.2936558400579687,13,0.23529411764705882,25,0.0,1,0.0,0.0,0.0,0.6931471805599453,0,0.0,0.0,0.0,0.0,0,0.6931471805599453,0.0,0.0,0.0,0.0,1
1959,68805.0,0,1,73,5.209486152841421,1.0986122886681098,3.912023005428146,2.8903717578961645,2.6390573296152584,3.044522437723423,0.6931471805599453,1.3862943611198906,0.6931471805599453,7,2,0.0,0.0,0.0,0.0,0.0,0.0,0.0,67,13,1,2,283,12,0.0,3.2020687065518194,5,0.08333333333333333,14,0.0,0,0.0,0.6931471805599453,0.0,0.6931471805599453,0,0.0,0.0,0.0,0.0,1,0.0,0.0,0.0,0.0,0.0,1
1966,65814.0,0,1,90,6.331501849893691,2.70805020110221,4.736198448394496,2.3978952727983707,2.70805020110221,3.58351893845611,1.3862943611198906,2.1972245773362196,1.0986122886681098,10,5,0.0,0.0,0.0,0.0,0.0,0.0,0.0,60,12,1,3,747,23,0.0,3.51089629891858,13,0.13043478260869565,28,0.0,0,0.0,0.6931471805599453,0.0,0.0,0,0.0,0.6931471805599453,0.0,0.0,1,0.0,0.0,0.0,0.0,0.0,1
1958,71964.0,0,0,81,6.376726947898627,3.9512437185814275,6.838405200847344,5.198497031265826,3.5553480614894135,4.465908118654584,0.6931471805599453,1.791759469228055,1.9459101490553132,5,3,0.0,0.0,0.0,0.0,0.0,0.0,0.0,68,13,0,1,1870,17,0.0,4.709530201312334,8,0.058823529411764705,20,0.0,1,0.0,0.0,0.0,0.6931471805599453,0,0.0,0.0,0.0,0.0,0,0.0,0.0,0.0,0.6931471805599453,0.0,0
1986,39146.0,1,0,1,4.553876891600541,0.6931471805599453,3.5263605246161616,2.6390573296152584,2.5649493574615367,2.5649493574615367,1.3862943611198906,1.6094379124341003,0.0,4,8,0.0,0.0,0.0,0.0,0.0,0.0,0.0,40,13,1,2,165,11,0.0,2.772588722239781,12,0.2727272727272727,19,0.0,1,0.0,0.0,0.0,0.0,0,0.6931471805599453,0.0,0.0,0.0,0,0.6931471805599453,0.0,0.0,0.0,0.0,1
1977,96876.0,0,0,79,6.812345094177479,3.784189633918261,6.601230118728877,3.713572066704308,5.272999558563747,3.091042453358316,0.6931471805599453,2.0794415416798357,2.0794415416798357,9,2,0.0,0.6931471805599453,0.6931471805599453,0.6931471805599453,0.0,0.0,0.6931471805599453,49,13,0,2,1941,24,1.6094379124341003,4.405193693955416,9,0.041666666666666664,26,0.0,1,0.0,0.0,0.0,0.0,0,0.0,0.6931471805599453,0.0,0.0,1,0.0,0.0,0.0,0.0,0.0,1
1981,34445.0,0,0,92,5.43372200355424,4.812184355372417,4.812184355372417,5.342334251964811,4.867534450455582,3.4339872044851463,1.9459101490553132,2.4849066497880004,1.0986122886681098,8,9,0.0,0.0,0.0,0.0,0.0,0.0,0.0,45,13,0,2,839,27,0.0,3.468048042558106,20,0.2222222222222222,36,0.6931471805599453,0,0.0,0.0,0.0,0.0,1,0.0,0.0,0.0,0.0,0,0.6931471805599453,0.0,0.0,0.0,0.0,1
1958,68281.0,0,0,31,6.903747257584598,4.727387818712341,6.035481432524756,3.7612001156935624,3.8918202981106265,3.7376696182833684,0.6931471805599453,1.0986122886681098,2.302585092994046,13,5,0.0,0.0,0.0,0.0,0.0,0.0,0.6931471805599453,68,14,0,1,1655,25,0.6931471805599453,4.207673247529104,7,0.04,30,0.0,1,0.0,0.0,0.0,0.0,0,0.6931471805599453,0.0,0.0,0.0,1,0.0,0.0,0.0,0.0,0.0,1
1975,37284.0,1,1,46,2.4849066497880004,0.6931471805599453,1.0986122886681098,1.0986122886681098,0.6931471805599453,1.9459101490553132,0.6931471805599453,0.0,0.0,3,6,0.0,0.0,0.0,0.0,0.0,0.0,0.0,51,13,2,4,23,4,0.0,1.9095425048844386,6,0.25,10,0.0,0,0.0,0.0,0.0,0.0,1,0.0,0.0,0.0,0.0,1,0.0,0.0,0.0,0.0,0.0,1
1983,36790.0,0,0,14,1.3862943611198906,1.3862943611198906,2.70805020110221,2.772588722239781,3.091042453358316,2.3978952727983707,0.6931471805599453,1.0986122886681098,0.6931471805599453,2,9,0.0,0.0,0.0,0.0,0.0,0.0,0.6931471805599453,43,13,0,2,66,6,0.6931471805599453,2.4849066497880004,11,0.16666666666666666,15,0.0,1,0.0,0.0,0.0,0.0,1,0.0,0.0,0.0,0.0,0,0.6931471805599453,0.0,0.0,0.0,0.6931471805599453,0
1967,27943.0,1,1,89,2.5649493574615367,0.6931471805599453,2.833213344056216,1.6094379124341003,0.6931471805599453,1.3862943611198906,1.3862943611198906,1.0986122886681098,0.0,3,8,0.0,0.0,0.0,0.0,0.0,0.0,0.0,59,13,2,4,37,8,0.0,1.7272209480904839,10,0.375,16,0.0,1,0.0,0.0,0.0,0.0,0,0.0,0.6931471805599453,0.0,0.0,1,0.0,0.0,0.0,0.6931471805599453,0.0,0
1951,22263.0,1,1,31,2.8903717578961645,0.0,1.0986122886681098,0.0,0.0,1.0986122886681098,1.0986122886681098,0.6931471805599453,0.0,3,6,0.0,0.0,0.0,0.0,0.0,0.6931471805599453,0.0,75,12,2,3,21,6,0.0,1.5040773967762742,7,0.3333333333333333,12,0.0,1,0.0,0.0,0.0,0.6931471805599453,0,0.0,0.0,0.0,0.0,1,0.0,0.0,0.0,0.0,0.0,1
1972,30261.0,1,2,75,2.1972245773362196,0.0,1.791759469228055,0.0,1.3862943611198906,1.9459101490553132,0.6931471805599453,0.0,0.0,3,8,0.0,0.0,0.0,0.0,0.0,0.0,0.0,54,14,3,5,22,4,0.0,1.8718021769015913,8,0.25,12,0.0,1,0.0,0.0,0.0,0.0,0,0.0,0.6931471805599453,0.0,0.0,1,0.0,0.0,0.0,0.0,0.0,1
1978,28587.0,1,0,42,3.1354942159291497,1.6094379124341003,2.8903717578961645,2.5649493574615367,2.3978952727983707,2.6390573296152584,1.3862943611198906,1.0986122886681098,0.0,4,6,0.0,0.0,0.0,0.0,0.0,0.0,0.0,48,12,1,3,78,9,0.0,2.268683541318364,8,0.3333333333333333,15,0.0,1,0.0,0.0,0.0,0.0,0,0.0,0.6931471805599453,0.0,0.0,1,0.0,0.0,0.0,0.0,0.0,1
1982,43815.0,1,0,53,2.70805020110221,2.3978952727983707,3.4011973816621555,1.6094379124341003,2.0794415416798357,2.772588722239781,0.6931471805599453,1.0986122886681098,0.0,3,6,0.0,0.0,0.0,0.0,0.0,0.0,0.0,44,13,1,3,79,6,0.0,2.6508917872622613,8,0.16666666666666666,12,0.0,0,0.6931471805599453,0.0,0.0,0.0,1,0.0,0.0,0.0,0.0,1,0.0,0.0,0.0,0.6931471805599453,0.0,0
1956,48195.0,1,1,53,4.672828834461906,3.332204510175204,4.23410650459726,3.970291913552122,2.0794415416798357,1.791759469228055,1.9459101490553132,1.6094379124341003,1.0986122886681098,5,6,0.0,0.0,0.0,0.0,0.0,0.0,0.0,70,12,2,4,265,17,0.0,2.8086937268818972,10,0.35294117647058826,23,0.0,1,0.0,0.0,0.0,0.0,1,0.0,0.0,0.0,0.0,1,0.0,0.0,0.0,0.0,0.0,1
1952,77027.0,0,1,23,6.710523109452428,4.060443010546419,5.493061443340548,3.828641396489095,0.0,2.4849066497880004,1.0986122886681098,2.1972245773362196,1.3862943611198906,6,4,0.0,0.0,0.0,0.0,0.0,0.0,0.0,74,12,1,3,1175,19,0.0,4.140625314786107,12,0.10526315789473684,23,0.0,0,0.6931471805599453,0.0,0.0,0.0,1,0.0,0.0,0.0,0.0,0,0.6931471805599453,0.0,0.0,0.0,0.0,1
1965,71322.0,0,1,57,6.625392368007956,3.784189633918261,5.424950017481403,4.248495242049359,2.3978952727983707,5.3230099791384085,1.0986122886681098,2.1972245773362196,1.791759469228055,13,4,0.0,0.0,0.0,0.0,0.0,0.0,0.0,61,13,1,3,1305,28,0.0,3.862982810003505,12,0.07142857142857142,32,0.0,0,0.0,0.6931471805599453,0.0,0.0,1,0.0,0.0,0.0,0.0,1,0.0,0.0,0.0,0.0,0.0,1
1979,32765.0,1,0,49,2.6390573296152584,1.3862943611198906,2.8903717578961645,2.0794415416798357,1.3862943611198906,1.3862943611198906,1.0986122886681098,1.0986122886681098,0.0,4,5,0.0,0.0,0.0,0.0,0.0,0.0,0.0,47,12,1,3,46,8,0.0,1.9095425048844386,7,0.25,13,0.0,0,0.6931471805599453,0.0,0.0,0.0,1,0.0,0.0,0.0,0.0,1,0.0,0.0,0.0,0.6931471805599453,0.0,0
1965,29672.0,1,1,6,2.302585092994046,0.6931471805599453,1.3862943611198906,0.0,1.6094379124341003,2.1972245773362196,0.6931471805599453,0.0,0.0,3,6,0.0,0.0,0.0,0.0,0.0,0.0,0.0,61,13,2,4,25,4,0.0,1.9810014688665833,6,0.25,10,0.0,1,0.0,0.0,0.0,0.0,0,0.0,0.6931471805599453,0.0,0.0,1,0.0,0.0,0.0,0.0,0.0,1
1953,23272.0,0,0,29,2.995732273553991,1.3862943611198906,1.9459101490553132,1.6094379124341003,1.0986122886681098,2.5649493574615367,0.6931471805599453,0.6931471805599453,0.0,3,4,0.0,0.0,0.0,0.0,0.0,0.0,0.0,73,13,0,1,46,5,0.0,2.322387720290225,5,0.2,9,0.0,1,0.0,0.0,0.0,0.6931471805599453,0,0.0,0.0,0.0,0.0,1,0.0,0.0,0.0,0.0,0.0,1
1949,49912.0,0,1,5,6.255750041753367,2.1972245773362196,5.4116460518550396,3.4965075614664802,3.912023005428146,3.7612001156935624,1.6094379124341003,2.3978952727983707,1.791759469228055,7,8,0.6931471805599453,0.0,0.0,0.0,0.0,0.0,0.6931471805599453,77,14,1,3,874,26,1.0986122886681098,3.544298225302829,18,0.15384615384615385,34,0.0,0,0.6931471805599453,0.0,0.0,0.0,0,0.0,0.6931471805599453,0.0,0.0,0,0.6931471805599453,0.0,0.0,0.0,0.0,1
1985,7500.0,1,0,98,1.791759469228055,2.8903717578961645,2.8903717578961645,2.6390573296152584,2.70805020110221,3.5553480614894135,1.6094379124341003,1.0986122886681098,0.6931471805599453,3,9,0.0,0.0,0.0,0.0,0.0,0.0,0.0,41,14,1,3,100,10,0.0,2.3978952727983707,11,0.4,19,0.0,0,0.0,0.0,0.0,0.0,0,0.0,0.6931471805599453,0.0,0.0,1,0.0,0.0,0.6931471805599453,0.0,0.0,0
1947,68117.0,0,1,80,6.428105272684596,3.8066624897703196,5.375278407684165,0.0,2.8903717578961645,3.6109179126442243,1.0986122886681098,2.4849066497880004,2.1972245773362196,4,6,0.6931471805599453,0.0,0.0,0.0,0.0,0.0,0.6931471805599453,79,13,1,2,930,25,1.0986122886681098,3.6428355156125294,17,0.08,31,0.0,0,0.0,0.6931471805599453,0.0,0.0,0,0.0,0.0,0.6931471805599453,0.0,0,0.6931471805599453,0.0,0.0,0.0,0.0,1
1955,67225.0,0,1,4,5.755742213586912,3.58351893845611,5.777652323222656,3.8501476017100584,2.0794415416798357,4.969813299576001,1.3862943611198906,2.0794415416798357,1.0986122886681098,11,5,0.0,0.0,0.0,0.0,0.0,0.0,0.0,71,13,1,3,868,23,0.0,3.6568502115416597,12,0.13043478260869565,28,0.0,1,0.0,0.0,0.0,0.0,1,0.0,0.0,0.0,0.0,1,0.0,0.0,0.0,0.6931471805599453,0.0,0
1976,17649.0,1,0,70,2.772588722239781,0.6931471805599453,3.1780538303479458,0.0,1.791759469228055,0.6931471805599453,1.3862943611198906,1.3862943611198906,0.0,3,8,0.0,0.0,0.0,0.0,0.0,0.0,0.0,50,13,1,3,45,9,0.0,1.791759469228055,11,0.3333333333333333,17,0.0,1,0.0,0.0,0.0,0.0,1,0.0,0.0,0.0,0.0,0,0.6931471805599453,0.0,0.0,0.6931471805599453,0.0,0
1975,55914.0,0,1,32,5.953243334287785,4.110873864173311,5.8998973535824915,4.787491742782046,4.624972813284271,5.4510384535657,1.6094379124341003,2.4849066497880004,1.9459101490553132,8,7,0.0,0.0,0.0,0.0,0.0,0.0,0.0,51,13,1,3,1260,29,0.0,3.7943261729527133,18,0.13793103448275862,36,0.0,1,0.0,0.0,0.0,0.0,0,0.0,0.6931471805599453,0.0,0.0,0,0.6931471805599453,0.0,0.0,0.0,0.0,1
1984,40059.0,1,0,82,4.709530201312334,3.4011973816621555,4.532599493153256,3.367295829986474,2.3978952727983707,4.983606621708336,0.6931471805599453,1.9459101490553132,1.0986122886681098,3,8,0.6931471805599453,0.0,0.0,0.0,0.0,0.0,0.0,42,13,1,3,414,12,0.6931471805599453,3.56953269648137,14,0.08333333333333333,20,0.0,1,0.0,0.0,0.0,0.0,1,0.0,0.0,0.0,0.0,0,0.6931471805599453,0.0,0.6931471805599453,0.0,0.0,0
1950,60905.0,0,1,27,5.342334251964811,2.8903717578961645,4.343805421853684,3.6109179126442243,2.8903717578961645,3.6635616461296463,1.0986122886681098,1.3862943611198906,1.3862943611198906,7,2,0.0,0.0,0.0,0.0,0.0,0.0,0.0,76,13,1,3,392,15,0.0,3.300762984340385,5,0.13333333333333333,17,0.0,1,0.0,0.0,0.0,0.0,0,0.0,0.6931471805599453,0.0,0.0,1,0.0,0.0,0.0,0.0,0.0,1
1977,75330.0,1,1,94,6.320768294250582,4.418840607796598,5.552959584921617,4.543294782270004,4.127134385045092,4.127134385045092,1.6094379124341003,2.3978952727983707,1.3862943611198906,12,6,0.0,0.0,0.0,0.0,0.0,0.0,0.0,49,14,2,4,1109,29,0.0,3.669731784699802,16,0.13793103448275862,35,0.0,1,0.0,0.0,0.0,0.0,1,0.0,0.0,0.0,0.0,1,0.0,0.0,0.0,0.0,0.0,1
1951,60689.0,0,1,23,5.484796933490655,4.51085950651685,5.37989735354046,4.1588830833596715,1.9459101490553132,3.2188758248682006,1.6094379124341003,1.6094379124341003,1.6094379124341003,10,3,0.0,0.0,0.0,0.0,0.0,0.0,0.0,75,13,1,2,639,22,0.0,3.4027113864933707,7,0.18181818181818182,25,0.0,1,0.0,0.0,0.0,0.0,0,0.6931471805599453,0.0,0.0,0.0,1,0.0,0.0,0.0,0.0,0.0,1
1984,38680.0,1,0,97,2.4849066497880004,0.0,3.6109179126442243,2.772588722239781,1.791759469228055,2.5649493574615367,0.6931471805599453,1.0986122886681098,0.0,3,7,0.0,0.0,0.0,0.0,0.0,0.0,0.0,42,13,1,3,79,6,0.0,2.6508917872622613,9,0.16666666666666666,13,0.0,1,0.0,0.0,0.0,0.0,1,0.0,0.0,0.0,0.0,1,0.0,0.0,0.0,0.6931471805599453,0.0,0
1982,61416.0,0,0,25,6.744059186311348,5.043425116919247,5.780743515792329,5.308267697401205,4.127134385045092,4.3694478524670215,0.6931471805599453,2.3978952727983707,1.3862943611198906,10,6,0.6931471805599453,0.0,0.0,0.0,0.0,0.0,0.0,44,13,0,2,1665,24,0.6931471805599453,4.253838086459854,16,0.041666666666666664,30,0.0,1,0.0,0.0,0.0,0.0,0,0.0,0.6931471805599453,0.0,0.0,0,0.6931471805599453,0.0,0.0,0.0,0.0,1
1991,49767.0,0,0,92,5.313205979041787,3.871201010907891,5.288267030694535,4.02535169073515,3.7612001156935624,5.0106352940962555,0.6931471805599453,1.791759469228055,1.6094379124341003,8,4,0.0,0.0,0.0,0.0,0.0,0.0,0.0,35,13,0,1,692,18,0.0,3.6748932121391964,9,0.05555555555555555,22,0.0,1,0.0,0.0,0.0,0.0,0,0.6931471805599453,0.0,0.0,0.0,1,0.0,0.0,0.0,0.0,0.0,1
1970,83273.0,1,2,98,6.073044534100405,4.499809670330265,6.478509642208569,2.833213344056216,4.634728988229636,4.634728988229636,2.3978952727983707,1.6094379124341003,1.9459101490553132,9,7,0.0,0.0,0.0,0.0,0.0,0.0,0.0,56,14,3,4,1392,29,0.0,3.8918202981106265,11,0.3448275862068966,36,0.0,1,0.0,0.0,0.0,0.0,0,0.6931471805599453,0.0,0.0,0.0,1,0.0,0.0,0.0,0.6931471805599453,0.0,0
1981,29009.0,1,0,19,1.9459101490553132,1.9459101490553132,2.772588722239781,2.3978952727983707,1.791759469228055,1.0986122886681098,1.0986122886681098,1.0986122886681098,0.0,3,6,0.0,0.0,0.0,0.0,0.0,0.0,0.0,45,13,1,3,44,7,0.0,1.9859154836690125,8,0.2857142857142857,13,0.0,1,0.0,0.0,0.0,0.0,1,0.0,0.0,0.0,0.0,1,0.0,0.0,0.0,0.6931471805599453,0.0,0
1979,45057.0,1,0,80,3.6375861597263857,0.0,2.0794415416798357,1.3862943611198906,0.0,1.3862943611198906,0.6931471805599453,1.0986122886681098,0.0,3,5,0.0,0.0,0.0,0.0,0.0,0.0,0.0,47,13,1,3,50,6,0.0,2.2335922215070942,7,0.16666666666666666,11,0.0,0,0.6931471805599453,0.0,0.0,0.0,1,0.0,0.0,0.0,0.0,1,0.0,0.0,0.0,0.0,0.0,1
1971,37150.0,1,0,80,5.123963979403259,3.6375861597263857,4.174387269895637,3.912023005428146,3.5553480614894135,4.762173934797756,2.1972245773362196,1.6094379124341003,1.3862943611198906,6,7,0.0,0.0,0.0,0.0,0.0,0.0,0.0,55,14,1,3,467,21,0.0,3.145792968129724,11,0.38095238095238093,28,0.0,1,0.0,0.0,0.0,0.0,1,0.0,0.0,0.0,0.0,1,0.0,0.0,0.0,0.0,0.0,1
1970,43020.0,1,0,79,3.828641396489095,2.0794415416798357,4.605170185988092,1.6094379124341003,3.258096538021482,3.784189633918261,1.3862943611198906,1.6094379124341003,0.6931471805599453,4,6,0.0,0.0,0.0,0.0,0.0,0.0,0.0,56,13,1,2,223,12,0.0,2.9746788643561586,10,0.25,18,0.0,1,0.0,0.0,0.0,0.0,0,0.6931471805599453,0.0,0.0,0.0,0,0.6931471805599453,0.0,0.0,0.6931471805599453,0.0,0
1959,53154.0,0,1,50,4.867534450455582,0.0,3.091042453358316,0.0,0.6931471805599453,2.0794415416798357,0.6931471805599453,1.3862943611198906,0.6931471805599453,4,4,0.0,0.0,0.0,0.0,0.0,0.0,0.0,67,12,1,3,158,9,0.0,2.920769235080536,7,0.1111111111111111,13,0.0,1,0.0,0.0,0.0,0.0,1,0.0,0.0,0.0,0.0,1,0.0,0.0,0.0,0.0,0.0,1
1973,65308.0,0,0,60,6.570882962339584,0.0,5.579729825986222,4.795790545596741,4.394449154672439,3.5553480614894135,0.6931471805599453,2.0794415416798357,2.1972245773362196,12,4,0.0,0.0,0.6931471805599453,0.6931471805599453,0.0,0.0,0.0,53,13,0,2,1211,28,1.0986122886681098,3.7898553714539385,11,0.03571428571428571,32,0.0,1,0.0,0.0,0.0,0.0,1,0.0,0.0,0.0,0.0,1,0.0,0.0,0.0,0.0,0.0,1
1970,76467.0,1,0,44,6.517671272912275,5.087596335232384,6.056784013228625,5.351858133476067,3.8066624897703196,4.07753744390572,1.0986122886681098,1.0986122886681098,1.791759469228055,5,6,0.0,0.0,0.0,0.0,0.0,0.0,0.6931471805599453,56,14,1,2,1575,14,0.6931471805599453,4.7318028369214575,8,0.14285714285714285,20,0.0,1,0.0,0.0,0.0,0.0,0,0.6931471805599453,0.0,0.0,0.0,0,0.0,0.0,0.0,0.0,0.0,1
1947,81044.0,0,0,0,6.111467339502679,3.295836866004329,6.284134161070802,4.30406509320417,4.59511985013459,3.295836866004329,0.6931471805599453,1.791759469228055,1.9459101490553132,10,1,0.0,0.0,0.0,0.0,0.0,0.0,0.0,79,13,0,2,1208,22,0.0,4.023726995008147,6,0.045454545454545456,23,0.0,0,0.0,0.0,0.0,0.0,1,0.0,0.0,0.0,0.0,1,0.0,0.0,0.0,0.6931471805599453,0.0,0
1951,32871.0,1,1,28,3.1354942159291497,1.0986122886681098,2.5649493574615367,0.0,1.0986122886681098,1.791759469228055,0.6931471805599453,0.6931471805599453,0.0,3,4,0.0,0.0,0.0,0.0,0.0,0.0,0.0,75,13,2,4,43,5,0.0,2.2617630984737906,5,0.2,9,0.0,1,0.0,0.0,0.0,0.0,1,0.0,0.0,0.0,0.0,1,0.0,0.0,0.0,0.0,0.0,1
1975,55801.0,1,1,35,5.908082938168931,1.6094379124341003,3.9512437185814275,1.9459101490553132,1.6094379124341003,4.564348191467836,1.9459101490553132,2.0794415416798357,1.0986122886681098,6,7,0.0,0.0,0.0,0.6931471805599453,0.0,0.0,0.0,51,13,2,3,527,21,0.6931471805599453,3.2617528492245924,14,0.2857142857142857,28,0.0,1,0.0,0.0,0.0,0.0,0,0.6931471805599453,0.0,0.0,0.0,0,0.6931471805599453,0.0,0.0,0.0,0.0,1
1959,76320.0,0,1,49,6.267200548541362,3.58351893845611,5.3706380281276624,4.248495242049359,3.9889840465642745,3.58351893845611,1.0986122886681098,1.9459101490553132,1.3862943611198906,4,2,0.0,0.0,0.0,0.0,0.0,0.0,0.0,67,12,1,2,932,15,0.0,4.145248892083869,8,0.13333333333333333,17,0.0,1,0.0,0.0,0.0,0.0,0,0.0,0.0,0.6931471805599453,0.0,0,0.6931471805599453,0.0,0.0,0.0,0.0,1
1955,36927.0,1,1,46,3.9512437185814275,0.0,2.833213344056216,0.0,0.0,1.6094379124341003,1.0986122886681098,1.3862943611198906,0.0,3,8,0.0,0.0,0.0,0.0,0.0,0.0,0.0,71,12,2,3,71,8,0.0,2.2900063107871858,11,0.25,16,0.0,0,0.6931471805599453,0.0,0.0,0.0,0,0.6931471805599453,0.0,0.0,0.0,0,0.6931471805599453,0.0,0.0,0.0,0.0,1
1953,48794.0,1,1,97,3.258096538021482,0.0,2.4849066497880004,1.3862943611198906,0.0,2.772588722239781,0.6931471805599453,0.6931471805599453,0.0,3,4,0.0,0.0,0.0,0.0,0.0,0.0,0.0,73,12,2,4,54,5,0.0,2.468099531471619,5,0.2,9,0.0,1,0.0,0.0,0.0,0.0,0,0.0,0.6931471805599453,0.0,0.0,1,0.0,0.0,0.0,0.0,0.0,1
1965,23478.0,0,0,51,3.367295829986474,1.9459101490553132,3.332204510175204,2.5649493574615367,2.8903717578961645,3.6888794541139363,0.6931471805599453,1.3862943611198906,0.0,3,8,0.0,0.0,0.0,0.0,0.0,0.0,0.0,61,13,0,1,129,7,0.0,2.9667447366807385,11,0.14285714285714285,15,0.0,1,0.0,0.0,0.0,0.0,0,0.6931471805599453,0.0,0.0,0.0,0,0.6931471805599453,0.0,0.6931471805599453,0.0,0.0,0
1973,71128.0,1,0,80,6.8658910748834385,5.075173815233827,6.104793232414985,3.044522437723423,0.0,3.4657359027997265,1.3862943611198906,1.0986122886681098,2.3978952727983707,12,7,0.0,0.0,0.0,0.0,0.0,0.0,0.0,53,14,1,2,1615,27,0.0,4.107833424008044,9,0.1111111111111111,34,0.0,1,0.0,0.0,0.0,0.6931471805599453,0,0.0,0.0,0.0,0.0,1,0.0,0.0,0.0,0.0,0.0,1
1976,70179.0,0,1,10,6.278521424165844,4.48863636973214,5.1298987149230735,4.248495242049359,3.8066624897703196,4.897839799950911,1.3862943611198906,2.0794415416798357,1.3862943611198906,13,5,0.0,0.0,0.0,0.0,0.0,0.0,0.0,50,13,1,2,1034,26,0.0,3.7079276490846307,12,0.11538461538461539,31,0.0,0,0.0,0.6931471805599453,0.0,0.6931471805599453,0,0.0,0.0,0.0,0.0,1,0.0,0.0,0.0,0.0,0.0,1
1950,59462.0,0,1,29,6.586171654854675,2.8903717578961645,4.969813299576001,0.0,2.1972245773362196,5.2832037287379885,1.0986122886681098,2.302585092994046,1.0986122886681098,12,7,0.0,0.0,0.0,0.0,0.0,0.0,0.0,76,13,1,3,1088,25,0.0,3.795938526407344,16,0.08,32,0.0,1,0.0,0.0,0.0,0.0,1,0.0,0.0,0.0,0.0,1,0.0,0.0,0.0,0.0,0.0,1
1969,,1,1,52,5.929589143389895,3.7612001156935624,3.8918202981106265,4.553876891600541,4.204692619390966,4.574710978503383,2.0794415416798357,1.6094379124341003,2.3978952727983707,4,3,0.0,0.0,0.0,0.0,0.0,0.0,0.0,57,13,2,4,721,25,0.0,3.3958497753355603,7,0.28,28,0.0,0,0.6931471805599453,0.0,0.0,0.0,0,0.0,0.6931471805599453,0.0,0.0,0,0.0,0.0,0.0,0.0,0.0,1
1969,38361.0,1,0,74,3.6888794541139363,0.0,4.04305126783455,3.044522437723423,2.1972245773362196,2.70805020110221,1.3862943611198906,1.3862943611198906,0.6931471805599453,3,7,0.0,0.0,0.0,0.0,0.0,0.0,0.0,57,13,1,3,137,10,0.0,2.6878474937846906,10,0.3,17,0.0,1,0.0,0.0,0.0,0.0,0,0.0,0.6931471805599453,0.0,0.0,0,0.6931471805599453,0.0,0.0,0.6931471805599453,0.0,0
1981,,1,0,82,3.1780538303479458,0.0,2.772588722239781,0.0,1.0986122886681098,2.0794415416798357,1.0986122886681098,1.3862943611198906,0.0,3,6,0.0,0.0,0.0,0.0,0.0,0.0,0.0,45,13,1,2,47,8,0.0,1.927891643552635,9,0.25,14,0.0,0,0.0,0.6931471805599453,0.0,0.0,0,0.6931471805599453,0.0,0.0,0.0,0,0.6931471805599453,0.0,0.0,0.0,0.0,1
1982,70038.0,0,0,54,6.376726947898627,4.007333185232471,5.855071922202427,4.276666119016055,4.007333185232471,4.875197323201151,0.6931471805599453,1.6094379124341003,1.6094379124341003,8,2,0.0,0.0,0.0,0.0,0.0,0.0,0.0,44,13,0,2,1244,17,0.0,4.306446991908704,6,0.058823529411764705,19,0.0,0,0.0,0.6931471805599453,0.0,0.0,0,0.0,0.6931471805599453,0.0,0.0,1,0.0,0.0,0.0,0.0,0.0,1
1978,42554.0,1,1,93,3.4011973816621555,0.6931471805599453,2.4849066497880004,0.0,0.0,0.0,1.0986122886681098,1.0986122886681098,0.0,3,4,0.0,0.0,0.0,0.0,0.0,0.0,0.0,48,13,2,4,41,7,0.0,1.9252908618525775,6,0.2857142857142857,11,0.0,1,0.0,0.0,0.0,0.0,0,0.0,0.6931471805599453,0.0,0.0,1,0.0,0.0,0.0,0.0,0.0,1
1974,67445.0,0,1,63,6.630683385642372,4.394449154672439,5.384495062789089,3.4011973816621555,4.394449154672439,2.4849066497880004,1.791759469228055,2.302585092994046,1.9459101490553132,12,6,0.0,0.0,0.0,0.0,0.0,0.0,0.0,52,14,1,3,1174,32,0.0,3.629328474487404,15,0.15625,38,0.0,1,0.0,0.0,0.0,0.0,1,0.0,0.0,0.0,0.0,1,0.0,0.0,0.0,0.0,0.0,1
1951,67046.0,0,1,92,6.300785794663244,3.58351893845611,4.897839799950911,3.1780538303479458,5.0238805208462765,4.68213122712422,1.0986122886681098,1.6094379124341003,1.791759469228055,4,2,0.0,0.0,0.0,0.0,0.0,0.0,0.0,75,13,1,2,993,15,0.0,4.207673247529104,6,0.13333333333333333,17,0.0,1,0.0,0.0,0.0,0.0,0,0.0,0.0,0.6931471805599453,0.0,0,0.0,0.0,0.0,0.0,0.0,1
1948,42192.0,0,0,40,3.713572066704308,2.772588722239781,2.772588722239781,2.8903717578961645,1.9459101490553132,2.0794415416798357,0.6931471805599453,1.0986122886681098,0.6931471805599453,3,4,0.0,0.0,0.0,0.0,0.0,0.0,0.0,78,13,0,2,100,7,0.0,2.7269186854065928,6,0.14285714285714285,11,0.0,1,0.0,0.0,0.0,0.0,1,0.0,0.0,0.0,0.0,1,0.0,0.0,0.0,0.0,0.0,1
1952,77610.0,0,1,70,7.1276936993473985,3.5263605246161616,5.808142489980444,3.091042453358316,3.5263605246161616,2.833213344056216,1.0986122886681098,1.6094379124341003,2.0794415416798357,4,7,0.0,0.0,0.0,0.0,0.0,0.0,0.0,74,14,1,3,1680,17,0.0,4.6034039211780104,11,0.11764705882352941,24,0.0,0,0.0,0.6931471805599453,0.0,0.0,1,0.0,0.0,0.0,0.0,0,0.0,0.0,0.0,0.0,0.0,1
1984,31761.0,1,0,96,2.995732273553991,0.6931471805599453,3.044522437723423,2.833213344056216,2.70805020110221,3.367295829986474,1.0986122886681098,1.3862943611198906,0.0,4,5,0.0,0.0,0.0,0.0,0.0,0.0,0.0,42,12,1,3,98,9,0.0,2.4756042571256867,8,0.2222222222222222,14,0.0,1,0.0,0.0,0.0,0.0,1,0.0,0.0,0.0,0.0,1,0.0,0.0,0.6931471805599453,0.0,0.0,0
1979,34350.0,1,0,81,2.833213344056216,1.3862943611198906,2.772588722239781,1.0986122886681098,0.6931471805599453,2.4849066497880004,0.6931471805599453,0.6931471805599453,0.0,3,7,0.0,0.0,0.0,0.0,0.0,0.0,0.0,47,13,1,3,48,5,0.0,2.3608540011180215,8,0.2,12,0.0,1,0.0,0.0,0.0,0.0,0,0.0,0.6931471805599453,0.0,0.0,1,0.0,0.0,0.0,0.0,0.0,1
1949,54591.0,0,1,63,5.932245187448011,1.6094379124341003,4.553876891600541,2.5649493574615367,2.302585092994046,3.2188758248682006,1.3862943611198906,1.9459101490553132,1.0986122886681098,8,5,0.0,0.0,0.0,0.0,0.0,0.0,0.0,77,13,1,3,519,19,0.0,3.3434195809953438,11,0.15789473684210525,24,0.0,1,0.0,0.0,0.0,0.0,0,0.0,0.6931471805599453,0.0,0.0,1,0.0,0.0,0.0,0.0,0.0,1
1956,71866.0,0,1,85,5.220355825078324,5.187385805840755,5.187385805840755,4.6443908991413725,3.6888794541139363,3.5263605246161616,0.6931471805599453,1.9459101490553132,1.3862943611198906,10,3,0.0,0.0,0.0,0.0,0.0,0.0,0.0,70,13,1,3,715,20,0.0,3.6041382256588457,9,0.05,23,0.0,1,0.0,0.0,0.0,0.0,1,0.0,0.0,0.0,0.0,1,0.0,0.0,0.0,0.0,0.0,1
1969,25293.0,1,0,51,2.772588722239781,0.0,2.4849066497880004,0.0,1.0986122886681098,2.302585092994046,0.6931471805599453,0.6931471805599453,0.6931471805599453,2,8,0.0,0.0,0.0,0.0,0.0,0.0,0.0,57,13,1,3,37,5,0.0,2.128231705849268,9,0.2,13,0.0,1,0.0,0.0,0.0,0.0,1,0.0,0.0,0.0,0.0,1,0.0,0.0,0.0,0.0,0.0,1
1987,42000.0,0,0,23,4.8283137373023015,4.430816798843313,5.5909869805108565,4.454347296253507,4.0943445622221,3.58351893845611,1.0986122886681098,1.791759469228055,1.0986122886681098,11,5,0.0,0.0,0.0,0.0,0.0,0.0,0.6931471805599453,39,13,0,1,653,20,0.6931471805599453,3.5160130560907366,10,0.1,25,0.0,0,0.0,0.6931471805599453,0.0,0.0,0,0.6931471805599453,0.0,0.0,0.0,1,0.0,0.0,0.0,0.6931471805599453,0.0,0
1983,69520.0,0,0,95,6.4425401664681985,4.795790545596741,6.028278520230698,4.804021044733257,4.394449154672439,4.543294782270004,0.6931471805599453,2.302585092994046,1.9459101490553132,5,5,0.0,0.0,0.0,0.0,0.0,0.0,0.0,43,13,0,2,1455,21,0.0,4.252568567436995,14,0.047619047619047616,26,0.0,1,0.0,0.0,0.0,0.0,1,0.0,0.0,0.0,0.0,0,0.6931471805599453,0.0,0.0,0.0,0.0,1
1970,64713.0,1,0,11,5.198497031265826,4.110873864173311,5.488937726156687,2.6390573296152584,4.007333185232471,4.007333185232471,1.0986122886681098,1.791759469228055,1.791759469228055,7,4,0.0,0.0,0.0,0.0,0.0,0.0,0.6931471805599453,56,12,1,2,602,19,0.6931471805599453,3.4868921027670385,9,0.10526315789473684,23,0.0,1,0.0,0.0,0.0,0.6931471805599453,0,0.0,0.0,0.0,0.0,1,0.0,0.0,0.0,0.6931471805599453,0.0,0
1977,27889.0,1,0,42,2.70805020110221,0.0,1.6094379124341003,0.0,0.0,2.1972245773362196,0.6931471805599453,0.6931471805599453,0.6931471805599453,2,6,0.0,0.0,0.0,0.0,0.0,0.0,0.0,49,13,1,3,26,5,0.0,1.824549292051046,7,0.2,11,0.0,0,0.6931471805599453,0.0,0.0,0.0,1,0.0,0.0,0.0,0.0,1,0.0,0.0,0.0,0.0,0.0,1
1960,22123.0,0,0,77,1.3862943611198906,1.3862943611198906,3.2188758248682006,3.5553480614894135,2.0794415416798357,3.4657359027997265,0.6931471805599453,1.0986122886681098,0.6931471805599453,3,5,0.0,0.0,0.0,0.0,0.0,0.0,0.0,66,12,0,1,102,7,0.0,2.7454377331738304,7,0.14285714285714285,12,0.6931471805599453,0,0.0,0.0,0.0,0.0,0,0.0,0.0,0.6931471805599453,0.0,1,0.0,0.0,0.0,0.0,0.0,0
1971,,1,1,82,4.276666119016055,0.6931471805599453,2.833213344056216,0.0,0.0,2.302585092994046,1.6094379124341003,1.0986122886681098,0.6931471805599453,3,8,0.0,0.0,0.0,0.0,0.0,0.0,0.0,55,13,2,4,97,10,0.0,2.3702437414678603,10,0.4,18,0.0,1,0.0,0.0,0.0,0.0,1,0.0,0.0,0.0,0.0,1,0.0,0.0,0.0,0.0,0.0,1
1954,,0,1,83,5.087596335232384,0.0,3.1354942159291497,0.0,0.0,3.2188758248682006,1.0986122886681098,1.6094379124341003,0.6931471805599453,4,6,0.0,0.0,0.0,0.0,0.0,0.0,0.0,72,13,1,3,207,11,0.0,2.986599789990718,10,0.18181818181818182,17,0.0,0,0.6931471805599453,0.0,0.0,0.0,0,0.0,0.6931471805599453,0.0,0.0,0,0.6931471805599453,0.0,0.0,0.0,0.0,1
1973,27803.0,1,0,40,2.1972245773362196,3.295836866004329,3.8501476017100584,3.6635616461296463,2.302585092994046,3.912023005428146,1.0986122886681098,1.3862943611198906,0.0,4,8,0.0,0.0,0.0,0.0,0.0,0.0,0.0,53,14,1,3,176,9,0.0,3.0231312477421057,11,0.2222222222222222,17,0.0,1,0.0,0.0,0.0,0.0,1,0.0,0.0,0.0,0.0,1,0.0,0.0,0.6931471805599453,0.0,0.0,0
1955,,0,1,95,5.579729825986222,0.0,3.091042453358316,2.5649493574615367,1.9459101490553132,4.997212273764115,1.3862943611198906,1.9459101490553132,0.6931471805599453,5,7,0.0,0.0,0.0,0.0,0.0,0.0,0.0,71,13,1,2,450,15,0.0,3.4339872044851463,13,0.2,22,0.0,1,0.0,0.0,0.0,0.0,0,0.6931471805599453,0.0,0.0,0.0,0,0.6931471805599453,0.0,0.0,0.0,0.0,1
1960,51651.0,0,1,32,5.683579767338681,1.9459101490553132,3.1780538303479458,2.6390573296152584,1.9459101490553132,4.532599493153256,1.6094379124341003,1.9459101490553132,1.0986122886681098,5,8,0.0,0.0,0.0,0.0,0.0,0.0,0.0,66,14,1,3,433,17,0.0,3.2760342387081494,14,0.23529411764705882,25,0.0,1,0.0,0.0,0.0,0.0,1,0.0,0.0,0.0,0.0,0,0.6931471805599453,0.0,0.0,0.0,0.0,1
1988,68487.0,0,0,48,6.63200177739563,2.5649493574615367,5.955837369464831,3.5263605246161616,4.499809670330265,4.499809670330265,0.6931471805599453,2.302585092994046,2.0794415416798357,13,4,0.0,0.0,0.0,0.0,0.0,0.0,0.0,38,13,0,2,1366,30,0.0,3.8401689016601623,13,0.03333333333333333,34,0.0,1,0.0,0.0,0.0,0.0,1,0.0,0.0,0.0,0.0,1,0.0,0.0,0.0,0.0,0.0,1
1943,,0,0,75,6.278521424165844,4.844187086458591,6.19644412779452,5.10594547390058,4.844187086458591,4.844187086458591,0.6931471805599453,1.791759469228055,1.791759469228055,11,1,0.0,0.0,0.6931471805599453,0.0,0.0,0.0,0.6931471805599453,83,13,0,1,1564,22,1.0986122886681098,4.277927948836478,6,0.045454545454545456,23,0.0,0,0.6931471805599453,0.0,0.0,0.0,0,0.0,0.0,0.6931471805599453,0.0,1,0.0,0.0,0.0,0.0,0.0,1
1969,56796.0,0,1,24,6.48768401848461,3.6635616461296463,5.087596335232384,4.143134726391533,3.871201010907891,3.6375861597263857,1.3862943611198906,2.1972245773362196,2.302585092994046,7,7,0.0,0.0,0.0,0.0,0.0,0.0,0.0,57,13,1,3,1001,27,0.0,3.6395335800107813,15,0.1111111111111111,34,0.0,1,0.0,0.0,0.0,0.0,1,0.0,0.0,0.0,0.0,0,0.0,0.0,0.0,0.0,0.0,1
1992,87000.0,0,0,61,5.2832037287379885,3.258096538021482,6.410174881966167,4.219507705176107,2.8903717578961645,3.912023005428146,0.6931471805599453,1.6094379124341003,1.9459101490553132,7,2,0.0,0.0,0.0,0.0,0.0,0.0,0.0,34,14,0,2,961,18,0.0,3.996159884634346,6,0.05555555555555555,20,0.0,0,0.0,0.0,0.0,0.0,1,0.0,0.0,0.0,0.0,1,0.0,0.0,0.0,0.6931471805599453,0.0,0
1959,79823.0,0,1,6,6.728628613084702,4.30406509320417,5.942799375126701,4.74493212836325,4.30406509320417,3.784189633918261,0.6931471805599453,1.9459101490553132,2.302585092994046,7,2,0.0,0.6931471805599453,0.0,0.0,0.0,0.0,0.0,67,12,1,3,1518,23,0.6931471805599453,4.204692619390966,8,0.043478260869565216,25,0.0,1,0.0,0.0,0.0,0.0,1,0.0,0.0,0.0,0.0,0,0.0,0.0,0.0,0.0,0.0,1
1980,30828.0,1,0,16,2.833213344056216,2.4849066497880004,2.772588722239781,1.0986122886681098,0.0,2.5649493574615367,1.0986122886681098,0.6931471805599453,0.6931471805599453,4,3,0.0,0.0,0.0,0.0,0.0,0.0,0.0,46,13,1,2,56,8,0.0,2.0794415416798357,4,0.25,11,0.0,1,0.0,0.0,0.0,0.0,0,0.6931471805599453,0.0,0.0,0.0,1,0.0,0.0,0.0,0.0,0.0,1
1971,34109.0,0,1,39,2.302585092994046,0.6931471805599453,1.791759469228055,1.0986122886681098,0.6931471805599453,1.6094379124341003,0.6931471805599453,0.0,0.0,3,4,0.0,0.0,0.0,0.0,0.0,0.0,0.0,55,13,1,3,22,4,0.0,1.8718021769015913,4,0.25,8,0.0,0,0.6931471805599453,0.0,0.0,0.0,1,0.0,0.0,0.0,0.0,1,0.0,0.0,0.0,0.0,0.0,1
1974,53367.0,1,1,2,5.438079308923196,2.0794415416798357,4.948759890378168,2.3978952727983707,1.3862943611198906,2.4849066497880004,2.0794415416798357,1.791759469228055,0.6931471805599453,8,7,0.0,0.0,0.0,0.0,0.0,0.0,0.6931471805599453,52,13,2,3,400,21,0.6931471805599453,2.9981103959589586,12,0.3333333333333333,28,0.0,0,0.6931471805599453,0.0,0.0,0.6931471805599453,0,0.0,0.0,0.0,0.0,1,0.0,0.0,0.0,0.0,0.0,1
1969,22390.0,0,0,49,0.0,0.6931471805599453,1.6094379124341003,2.772588722239781,0.6931471805599453,1.791759469228055,0.6931471805599453,0.6931471805599453,0.0,2,7,0.0,0.0,0.0,0.0,0.0,0.0,0.0,57,13,0,2,26,4,0.0,2.0149030205422647,8,0.25,11,0.6931471805599453,0,0.0,0.0,0.0,0.0,0,0.0,0.6931471805599453,0.0,0.0,1,0.0,0.0,0.0,0.0,0.0,0
1976,71322.0,0,1,31,4.804021044733257,3.2188758248682006,4.8283137373023015,3.2188758248682006,2.772588722239781,3.7612001156935624,0.6931471805599453,1.6094379124341003,0.6931471805599453,7,2,0.0,0.0,0.0,0.0,0.0,0.0,0.0,50,12,1,3,350,13,0.0,3.329453476803314,6,0.07692307692307693,15,0.0,1,0.0,0.0,0.0,0.0,0,0.0,0.6931471805599453,0.0,0.0,1,0.0,0.0,0.0,0.6931471805599453,0.0,0
1993,79244.0,0,0,58,6.156978985585555,4.634728988229636,4.836281906951478,5.3612921657094255,4.127134385045092,5.5053315359323625,0.6931471805599453,1.6094379124341003,2.3978952727983707,7,1,0.0,0.0,0.6931471805599453,0.6931471805599453,0.0,0.0,0.6931471805599453,33,14,0,1,1216,22,1.3862943611198906,4.0302099998862255,5,0.045454545454545456,23,0.0,1,0.0,0.0,0.0,0.0,0,0.0,0.0,0.0,0.0,0,0.0,0.0,0.0,0.0,0.0,1
1949,49912.0,0,1,5,6.255750041753367,2.1972245773362196,5.4116460518550396,3.4965075614664802,3.912023005428146,3.7612001156935624,1.6094379124341003,2.3978952727983707,1.791759469228055,7,8,0.6931471805599453,0.0,0.0,0.0,0.0,0.0,0.6931471805599453,77,14,1,3,874,26,1.0986122886681098,3.544298225302829,18,0.15384615384615385,34,0.0,0,0.6931471805599453,0.0,0.0,0.0,0,0.0,0.6931471805599453,0.0,0.0,0,0.6931471805599453,0.0,0.0,0.0,0.0,1
1950,48699.0,1,1,90,3.295836866004329,0.6931471805599453,2.3978952727983707,1.0986122886681098,0.0,0.6931471805599453,0.6931471805599453,0.6931471805599453,0.0,3,5,0.0,0.0,0.0,0.0,0.0,0.0,0.0,76,13,2,4,40,5,0.0,2.1972245773362196,6,0.2,10,0.0,0,0.0,0.6931471805599453,0.0,0.0,1,0.0,0.0,0.0,0.0,1,0.0,0.0,0.0,0.0,0.0,1
1975,80144.0,0,0,47,5.484796933490655,4.890349128221754,6.100318952020064,5.5254529391317835,5.262690188904886,4.6913478822291435,0.6931471805599453,1.3862943611198906,2.0794415416798357,8,1,0.0,0.0,0.0,0.0,0.0,0.0,0.0,51,13,0,2,1367,19,0.0,4.289738200583408,4,0.05263157894736842,20,0.0,1,0.0,0.0,0.0,0.0,0,0.0,0.6931471805599453,0.0,0.0,1,0.0,0.0,0.0,0.6931471805599453,0.0,0
1956,54252.0,1,1,25,5.187385805840755,1.6094379124341003,3.295836866004329,2.1972245773362196,1.6094379124341003,3.8066624897703196,1.791759469228055,1.6094379124341003,0.6931471805599453,5,6,0.0,0.0,0.0,0.0,0.0,0.0,0.0,70,13,2,3,264,15,0.0,2.9231615807191558,10,0.3333333333333333,21,0.0,1,0.0,0.0,0.0,0.0,0,0.6931471805599453,0.0,0.0,0.0,1,0.0,0.0,0.0,0.0,0.0,1
1976,81929.0,1,0,60,7.304515946460155,4.02535169073515,5.631211781821365,3.912023005428146,0.0,5.225746673713202,1.0986122886681098,1.6094379124341003,1.6094379124341003,10,6,0.6931471805599453,0.0,0.6931471805599453,0.0,0.0,0.0,0.6931471805599453,50,14,1,3,2053,20,1.3862943611198906,4.641019838881789,10,0.1,26,0.0,0,0.6931471805599453,0.0,0.0,0.0,1,0.0,0.0,0.0,0.0,1,0.0,0.0,0.0,0.0,0.0,1
1975,76068.0,0,1,67,7.017506142941256,2.5649493574615367,4.859812404361672,3.5263605246161616,2.5649493574615367,4.343805421853684,0.6931471805599453,1.0986122886681098,1.3862943611198906,4,6,0.0,0.6931471805599453,0.0,0.0,0.6931471805599453,0.0,0.0,51,14,1,3,1376,10,1.0986122886681098,4.931592086755803,8,0.1,16,0.0,1,0.0,0.0,0.0,0.0,1,0.0,0.0,0.0,0.0,1,0.0,0.0,0.0,0.0,0.0,1
1976,53204.0,1,1,40,3.4011973816621555,0.0,2.1972245773362196,1.0986122886681098,0.0,1.9459101490553132,0.6931471805599453,0.6931471805599453,0.0,3,4,0.0,0.0,0.0,0.0,0.0,0.0,0.0,50,12,2,4,45,5,0.0,2.302585092994046,5,0.2,9,0.0,0,0.6931471805599453,0.0,0.0,0.0,1,0.0,0.0,0.0,0.0,1,0.0,0.0,0.0,0.0,0.0,1
1949,67911.0,0,1,63,6.272877006546167,0.0,5.877735781779639,4.1588830833596715,3.367295829986474,0.0,1.3862943611198906,1.9459101490553132,2.0794415416798357,11,3,0.0,0.0,0.0,0.0,0.0,0.0,0.0,77,12,1,3,976,27,0.0,3.6149139219576063,9,0.1111111111111111,30,0.0,0,0.0,0.6931471805599453,0.0,0.0,0,0.0,0.6931471805599453,0.0,0.0,1,0.0,0.0,0.0,0.0,0.0,1
1984,14796.0,1,0,1,2.6390573296152584,1.3862943611198906,2.1972245773362196,2.0794415416798357,1.6094379124341003,2.833213344056216,1.0986122886681098,0.6931471805599453,0.0,3,9,0.0,0.0,0.0,0.0,0.0,0.0,0.6931471805599453,42,14,1,3,51,6,0.6931471805599453,2.2512917986064953,10,0.3333333333333333,15,0.0,0,0.0,0.0,0.0,0.0,1,0.0,0.0,0.0,0.0,1,0.0,0.0,0.6931471805599453,0.0,0.0,0
1974,78128.0,0,1,89,6.840546529288687,3.2188758248682006,5.442417710521793,2.833213344056216,3.2188758248682006,3.6109179126442243,1.0986122886681098,2.1972245773362196,1.6094379124341003,6,3,0.0,0.6931471805599453,0.6931471805599453,0.0,0.0,0.0,0.0,52,12,1,3,1264,20,1.0986122886681098,4.162003210695915,11,0.1,23,0.0,0,0.0,0.6931471805599453,0.0,0.0,1,0.0,0.0,0.0,0.0,0,0.6931471805599453,0.0,0.0,0.0,0.0,1
1972,14188.0,0,0,40,1.0986122886681098,2.0794415416798357,2.4849066497880004,2.833213344056216,2.5649493574615367,3.332204510175204,0.6931471805599453,1.0986122886681098,0.0,4,6,0.0,0.0,0.0,0.0,0.0,0.0,0.0,54,13,0,2,75,7,0.0,2.46080909820894,8,0.14285714285714285,13,0.6931471805599453,0,0.0,0.0,0.0,0.0,1,0.0,0.0,0.0,0.0,1,0.0,0.0,0.6931471805599453,0.0,0.0,0
1986,20425.0,1,0,5,1.6094379124341003,2.5649493574615367,1.791759469228055,1.3862943611198906,2.833213344056216,2.8903717578961645,1.0986122886681098,1.0986122886681098,0.0,3,7,0.0,0.0,0.0,0.0,0.0,0.0,0.0,40,14,1,3,57,7,0.0,2.2129729343043585,9,0.2857142857142857,14,0.6931471805599453,0,0.0,0.0,0.0,0.0,1,0.0,0.0,0.0,0.0,1,0.0,0.0,0.6931471805599453,0.0,0.0,0
1962,58646.0,0,1,3,4.143134726391533,0.6931471805599453,3.8066624897703196,1.9459101490553132,1.791759469228055,3.1354942159291497,0.6931471805599453,1.0986122886681098,0.6931471805599453,4,4,0.0,0.0,0.0,0.0,0.0,0.0,0.0,64,13,1,3,140,8,0.0,2.917770732084279,6,0.125,12,0.0,0,0.6931471805599453,0.0,0.0,0.0,1,0.0,0.0,0.0,0.0,1,0.0,0.0,0.0,0.0,0.0,1
1970,72967.0,0,1,1,5.0689042022202315,3.58351893845611,5.19295685089021,0.0,0.0,4.836281906951478,1.0986122886681098,2.0794415416798357,1.0986122886681098,8,5,0.6931471805599453,0.0,0.0,0.0,0.0,0.0,0.6931471805599453,56,14,1,2,497,19,1.0986122886681098,3.3016677863151225,12,0.10526315789473684,24,0.0,1,0.0,0.0,0.0,0.6931471805599453,0,0.0,0.0,0.0,0.0,1,0.0,0.0,0.0,0.6931471805599453,0.0,0
1949,48150.0,0,1,24,5.159055299214529,1.0986122886681098,3.6888794541139363,1.3862943611198906,1.0986122886681098,3.871201010907891,1.3862943611198906,1.791759469228055,0.6931471805599453,4,7,0.0,0.0,0.0,0.0,0.0,0.0,0.0,77,13,1,3,266,13,0.0,3.0662624243598287,12,0.23076923076923078,20,0.0,0,0.6931471805599453,0.0,0.0,0.0,1,0.0,0.0,0.0,0.0,0,0.6931471805599453,0.0,0.0,0.0,0.0,1
1961,82332.0,0,0,89,6.7226297948554485,4.0943445622221,6.876264611890766,3.9512437185814275,4.382026634673881,2.995732273553991,0.6931471805599453,1.791759469228055,1.3862943611198906,12,2,0.0,0.0,0.6931471805599453,0.0,0.0,0.0,0.6931471805599453,65,14,0,1,2006,21,1.0986122886681098,4.569789708728577,7,0.047619047619047616,23,0.0,1,0.0,0.0,0.0,0.0,0,0.6931471805599453,0.0,0.0,0.0,1,0.0,0.0,0.0,0.6931471805599453,0.0,0
1955,58275.0,1,1,48,5.247024072160486,2.3978952727983707,5.537334267018537,4.04305126783455,3.784189633918261,4.174387269895637,1.9459101490553132,2.1972245773362196,1.0986122886681098,7,7,0.0,0.0,0.0,0.0,0.0,0.0,0.0,71,13,2,3,615,23,0.0,3.32284406741564,15,0.2608695652173913,30,0.0,1,0.0,0.0,0.0,0.0,0,0.0,0.0,0.6931471805599453,0.0,0,0.6931471805599453,0.0,0.0,0.6931471805599453,0.0,0
1981,44953.0,0,0,31,6.591673732008658,2.8903717578961645,4.897839799950911,2.4849066497880004,2.1972245773362196,4.8283137373023015,0.6931471805599453,2.0794415416798357,1.3862943611198906,13,6,0.6931471805599453,0.0,0.0,0.0,0.0,0.0,0.0,45,14,0,2,1021,24,0.6931471805599453,3.7737183340509657,13,0.041666666666666664,30,0.0,0,0.0,0.6931471805599453,0.0,0.0,0,0.0,0.6931471805599453,0.0,0.0,1,0.0,0.0,0.0,0.0,0.0,1
1953,34587.0,1,1,68,2.0794415416798357,1.0986122886681098,2.302585092994046,1.0986122886681098,0.0,1.0986122886681098,1.0986122886681098,0.6931471805599453,0.0,3,4,0.0,0.0,0.0,0.0,0.0,0.0,0.0,73,12,2,4,22,6,0.0,1.5404450409471488,5,0.3333333333333333,10,0.0,1,0.0,0.0,0.0,0.0,0,0.0,0.6931471805599453,0.0,0.0,1,0.0,0.0,0.0,0.6931471805599453,0.0,0
1974,43018.0,0,1,46,3.58351893845611,1.6094379124341003,2.8903717578961645,2.0794415416798357,1.9459101490553132,4.174387269895637,0.6931471805599453,1.0986122886681098,1.0986122886681098,2,5,0.0,0.0,0.0,0.0,0.0,0.0,0.0,52,13,1,3,133,7,0.0,2.995732273553991,7,0.14285714285714285,12,0.0,0,0.6931471805599453,0.0,0.0,0.0,0,0.0,0.6931471805599453,0.0,0.0,0,0.6931471805599453,0.0,0.6931471805599453,0.0,0.0,0
1954,45736.0,0,1,92,5.241747015059643,1.3862943611198906,5.198497031265826,3.044522437723423,1.3862943611198906,3.784189633918261,1.791759469228055,2.0794415416798357,0.6931471805599453,6,7,0.0,0.0,0.0,0.0,0.0,0.0,0.0,72,13,1,3,437,19,0.0,3.1780538303479458,14,0.2631578947368421,26,0.0,0,0.6931471805599453,0.0,0.0,0.0,1,0.0,0.0,0.0,0.0,0,0.6931471805599453,0.0,0.0,0.0,0.0,1
1969,66476.0,0,1,80,6.610696044717759,3.367295829986474,5.030437921392435,3.258096538021482,2.302585092994046,4.060443010546419,1.0986122886681098,1.9459101490553132,2.1972245773362196,10,4,0.0,0.0,0.0,0.0,0.0,0.0,0.0,57,13,1,3,1013,26,0.0,3.687917453077745,10,0.07692307692307693,30,0.0,0,0.6931471805599453,0.0,0.0,0.0,0,0.0,0.6931471805599453,0.0,0.0,1,0.0,0.0,0.0,0.0,0.0,1
1981,27733.0,1,0,16,0.0,2.0794415416798357,1.791759469228055,3.295836866004329,1.0986122886681098,2.8903717578961645,1.0986122886681098,1.0986122886681098,0.0,3,7,0.0,0.0,0.0,0.0,0.0,0.0,0.0,45,13,1,3,57,7,0.0,2.2129729343043585,9,0.2857142857142857,14,0.0,0,0.0,0.0,0.0,0.0,1,0.0,0.0,0.0,0.0,1,0.0,0.0,0.0,0.0,0.0,0
1952,69805.0,0,1,50,6.621405651764134,4.276666119016055,5.1647859739235145,2.6390573296152584,2.3978952727983707,3.044522437723423,1.0986122886681098,1.9459101490553132,2.1972245773362196,11,2,0.0,0.0,0.0,0.0,0.0,0.0,0.0,74,12,1,3,1038,27,0.0,3.6748932121391964,8,0.07407407407407407,29,0.0,0,0.0,0.6931471805599453,0.0,0.0,0,0.0,0.6931471805599453,0.0,0.0,1,0.0,0.0,0.0,0.0,0.0,1
1962,72217.0,0,0,93,6.705639094860003,3.7612001156935624,6.111467339502679,4.02535169073515,4.04305126783455,5.043425116919247,0.6931471805599453,1.3862943611198906,2.3978952727983707,8,2,0.0,0.0,0.0,0.0,0.0,0.0,0.0,64,13,0,1,1573,22,0.0,4.283586561860629,5,0.045454545454545456,24,0.0,0,0.6931471805599453,0.0,0.0,0.0,0,0.6931471805599453,0.0,0.0,0.0,0,0.0,0.0,0.0,0.0,0.0,1
1971,25818.0,1,0,51,1.791759469228055,1.0986122886681098,2.1972245773362196,1.0986122886681098,1.0986122886681098,2.302585092994046,0.6931471805599453,0.0,0.6931471805599453,2,7,0.0,0.0,0.0,0.0,0.0,0.0,0.0,55,14,1,2,28,4,0.0,2.0794415416798357,7,0.25,11,0.0,1,0.0,0.0,0.0,0.6931471805599453,0,0.0,0.0,0.0,0.0,1,0.0,0.0,0.6931471805599453,0.0,0.0,0
1976,37509.0,1,0,24,3.6375861597263857,1.791759469228055,4.04305126783455,2.5649493574615367,2.1972245773362196,1.791759469228055,1.0986122886681098,1.3862943611198906,0.0,4,7,0.0,0.0,0.0,0.0,0.0,0.0,0.0,50,14,1,3,123,9,0.0,2.6855773452501515,10,0.2222222222222222,16,0.0,0,0.6931471805599453,0.0,0.0,0.0,0,0.0,0.6931471805599453,0.0,0.0,1,0.0,0.0,0.0,0.6931471805599453,0.0,0
1976,25176.0,1,1,79,1.6094379124341003,0.0,1.6094379124341003,0.0,0.0,1.791759469228055,0.6931471805599453,0.6931471805599453,0.0,2,7,0.0,0.0,0.0,0.0,0.0,0.0,0.0,50,13,2,4,13,4,0.0,1.4469189829363254,8,0.25,11,0.0,0,0.0,0.0,0.0,0.0,0,0.0,0.6931471805599453,0.0,0.0,1,0.0,0.0,0.6931471805599453,0.0,0.0,0
1980,43586.0,0,1,26,4.605170185988092,1.0986122886681098,2.4849066497880004,1.6094379124341003,0.0,2.833213344056216,1.3862943611198906,1.3862943611198906,0.0,4,8,0.0,0.0,0.0,0.0,0.0,0.0,0.0,46,14,1,3,132,10,0.0,2.653241964607215,11,0.3,18,0.0,1,0.0,0.0,0.0,0.0,1,0.0,0.0,0.0,0.0,1,0.0,0.0,0.0,0.0,0.0,1
1956,53230.0,0,1,86,5.176149732573829,4.290459441148391,4.59511985013459,4.919980925828125,3.091042453358316,5.438079308923196,1.6094379124341003,1.791759469228055,1.0986122886681098,12,5,0.0,0.0,0.0,0.0,0.0,0.0,0.0,70,14,1,3,732,23,0.0,3.4912235333198747,10,0.17391304347826086,28,0.0,0,0.0,0.0,0.0,0.0,1,0.0,0.0,0.0,0.0,1,0.0,0.0,0.6931471805599453,0.0,0.0,0
1957,50116.0,1,1,68,4.007333185232471,0.0,2.3978952727983707,0.0,0.0,1.0986122886681098,1.0986122886681098,0.6931471805599453,0.0,4,5,0.0,0.6931471805599453,0.0,0.0,0.0,0.0,0.0,69,12,2,4,66,7,0.6931471805599453,2.344549292093078,6,0.2857142857142857,12,0.0,1,0.0,0.0,0.0,0.0,0,0.0,0.6931471805599453,0.0,0.0,1,0.0,0.0,0.0,0.0,0.0,1
1972,84906.0,0,0,98,6.905753276311464,2.772588722239781,6.028278520230698,4.605170185988092,3.4339872044851463,4.343805421853684,0.6931471805599453,1.791759469228055,1.9459101490553132,12,2,0.0,0.6931471805599453,0.6931471805599453,0.0,0.6931471805599453,0.0,0.0,54,13,0,2,1631,24,1.3862943611198906,4.233502457463217,7,0.041666666666666664,26,0.0,1,0.0,0.0,0.0,0.0,0,0.0,0.6931471805599453,0.0,0.0,1,0.0,0.0,0.0,0.0,0.0,1
1966,61286.0,0,1,34,5.877735781779639,0.0,4.68213122712422,2.995732273553991,2.302585092994046,4.770684624465665,1.0986122886681098,2.0794415416798357,0.6931471805599453,8,5,0.0,0.0,0.0,0.0,0.0,0.0,0.0,60,13,1,3,608,18,0.0,3.548978613203934,12,0.1111111111111111,23,0.0,1,0.0,0.0,0.0,0.0,1,0.0,0.0,0.0,0.0,1,0.0,0.0,0.0,0.0,0.0,1
1986,82333.0,0,0,60,7.179307969504034,0.0,5.886104031450156,3.8501476017100584,4.499809670330265,2.8903717578961645,0.6931471805599453,1.6094379124341003,1.3862943611198906,10,2,0.0,0.0,0.6931471805599453,0.0,0.0,0.0,0.6931471805599453,40,13,0,2,1822,18,1.0986122886681098,4.627149092706866,6,0.05555555555555555,20,0.0,0,0.0,0.6931471805599453,0.0,0.0,1,0.0,0.0,0.0,0.0,1,0.0,0.0,0.0,0.0,0.0,1
1965,65220.0,0,0,3,6.792344427470809,4.1588830833596715,5.680172609017068,0.0,3.258096538021482,2.5649493574615367,1.6094379124341003,2.1972245773362196,1.6094379124341003,7,6,0.0,0.0,0.0,0.0,0.0,0.0,0.6931471805599453,61,14,0,2,1282,23,0.6931471805599453,4.0384641038276445,14,0.17391304347826086,29,0.0,0,0.0,0.6931471805599453,0.0,0.0,0,0.0,0.6931471805599453,0.0,0.0,0,0.6931471805599453,0.0,0.0,0.0,0.0,1
1974,33590.0,2,1,65,1.6094379124341003,0.0,1.0986122886681098,0.0,0.0,1.0986122886681098,0.6931471805599453,0.6931471805599453,0.0,2,7,0.0,0.0,0.0,0.0,0.0,0.0,0.0,52,13,3,5,8,4,0.0,1.0986122886681098,8,0.25,11,0.0,1,0.0,0.0,0.0,0.0,0,0.0,0.6931471805599453,0.0,0.0,1,0.0,0.0,0.0,0.0,0.0,1
1976,30992.0,1,0,83,2.8903717578961645,0.0,2.70805020110221,2.0794415416798357,1.3862943611198906,1.0986122886681098,0.6931471805599453,0.6931471805599453,0.0,3,7,0.0,0.0,0.0,0.0,0.0,0.0,0.0,50,13,1,2,43,5,0.0,2.2617630984737906,8,0.2,12,0.0,1,0.0,0.0,0.0,0.6931471805599453,0,0.0,0.0,0.0,0.0,1,0.0,0.0,0.0,0.0,0.0,1
1976,72309.0,0,0,64,6.8679744089702925,0.0,6.784457062637643,3.9318256327243257,3.6635616461296463,0.0,0.6931471805599453,1.791759469228055,1.9459101490553132,8,3,0.0,0.0,0.0,0.6931471805599453,0.0,0.0,0.6931471805599453,50,13,0,1,1931,20,1.0986122886681098,4.5803650670691205,8,0.05,23,0.0,0,0.6931471805599453,0.0,0.0,0.0,0,0.6931471805599453,0.0,0.0,0.0,1,0.0,0.0,0.0,0.0,0.0,1
1949,156924.0,0,0,85,1.0986122886681098,0.6931471805599453,1.0986122886681098,0.6931471805599453,0.6931471805599453,0.6931471805599453,0.0,0.0,0.0,0,0,0.0,0.0,0.0,0.0,0.0,0.0,0.0,77,13,0,2,8,0,0.0,0.0,0,0.0,0,0.0,0,0.0,0.6931471805599453,0.0,0.0,1,0.0,0.0,0.0,0.0,0,0.6931471805599453,0.0,0.0,0.0,0.0,1
1980,16005.0,1,0,69,0.6931471805599453,1.3862943611198906,1.0986122886681098,3.044522437723423,3.4339872044851463,3.871201010907891,1.3862943611198906,1.0986122886681098,0.6931471805599453,2,8,0.0,0.0,0.0,0.0,0.0,0.0,0.0,46,14,1,3,103,8,0.0,2.630088659632498,10,0.375,16,0.6931471805599453,0,0.0,0.0,0.0,0.0,1,0.0,0.0,0.0,0.0,0,0.6931471805599453,0.0,0.6931471805599453,0.0,0.0,0
1957,65487.0,0,0,48,5.484796933490655,4.219507705176107,6.2166061010848646,5.298317366548036,0.0,5.099866427824199,1.3862943611198906,1.3862943611198906,1.791759469228055,6,2,0.0,0.0,0.0,0.0,0.0,0.0,0.0,69,12,0,1,1169,17,0.0,4.245128235501455,5,0.17647058823529413,19,0.0,0,0.6931471805599453,0.0,0.0,0.0,0,0.0,0.0,0.0,0.0,1,0.0,0.0,0.0,0.6931471805599453,0.0,0
1965,58692.0,0,1,21,5.71042701737487,2.4849066497880004,4.127134385045092,1.6094379124341003,2.0794415416798357,2.4849066497880004,0.6931471805599453,2.1972245773362196,1.0986122886681098,4,7,0.0,0.0,0.0,0.0,0.0,0.0,0.0,61,12,1,3,395,15,0.0,3.3081069585961433,15,0.06666666666666667,22,0.0,1,0.0,0.0,0.0,0.0,1,0.0,0.0,0.0,0.0,0,0.6931471805599453,0.0,0.0,0.0,0.0,1
1969,40590.0,1,1,30,5.043425116919247,0.0,3.9318256327243257,1.9459101490553132,2.4849066497880004,3.6375861597263857,1.791759469228055,1.3862943611198906,1.6094379124341003,3,6,0.6931471805599453,0.0,0.0,0.0,0.0,0.0,0.0,57,13,2,3,258,15,0.6931471805599453,2.9014215940827497,9,0.3333333333333333,21,0.0,1,0.0,0.0,0.0,0.0,0,0.0,0.0,0.6931471805599453,0.0,0,0.0,0.0,0.0,0.0,0.0,1
1970,20587.0,1,0,39,1.0986122886681098,1.3862943611198906,1.9459101490553132,1.6094379124341003,0.6931471805599453,2.302585092994046,0.6931471805599453,0.6931471805599453,0.6931471805599453,2,7,0.0,0.0,0.0,0.0,0.0,0.0,0.0,56,12,1,2,25,5,0.0,1.791759469228055,8,0.2,12,0.0,1,0.0,0.0,0.0,0.0,0,0.6931471805599453,0.0,0.0,0.0,1,0.0,0.0,0.6931471805599453,0.0,0.0,0
1954,62637.0,0,1,76,4.653960350157523,2.5649493574615367,3.8918202981106265,1.6094379124341003,2.5649493574615367,1.791759469228055,0.6931471805599453,1.0986122886681098,1.0986122886681098,5,2,0.0,0.0,0.0,0.0,0.0,0.0,0.0,72,12,1,2,185,10,0.0,2.970414465569701,4,0.1,12,0.0,0,0.6931471805599453,0.0,0.0,0.6931471805599453,0,0.0,0.0,0.0,0.0,1,0.0,0.0,0.0,0.0,0.0,1
1966,29435.0,1,1,11,4.2626798770413155,1.3862943611198906,3.6375861597263857,1.6094379124341003,1.0986122886681098,4.174387269895637,1.6094379124341003,1.3862943611198906,1.0986122886681098,2,9,0.0,0.0,0.0,0.0,0.0,0.0,0.6931471805599453,60,14,2,3,180,11,0.6931471805599453,2.854378155248259,12,0.36363636363636365,20,0.0,0,0.6931471805599453,0.0,0.0,0.6931471805599453,0,0.0,0.0,0.0,0.0,0,0.6931471805599453,0.0,0.0,0.0,0.0,1
1974,19346.0,1,0,26,1.0986122886681098,0.0,2.302585092994046,1.3862943611198906,1.9459101490553132,1.0986122886681098,0.6931471805599453,0.6931471805599453,0.0,3,8,0.0,0.0,0.0,0.0,0.0,0.0,0.0,52,12,1,2,22,5,0.0,1.6863989535702288,9,0.2,13,0.0,1,0.0,0.0,0.0,0.6931471805599453,0,0.0,0.0,0.0,0.0,1,0.0,0.0,0.0,0.6931471805599453,0.0,0
1971,35788.0,1,1,34,3.1780538303479458,1.0986122886681098,2.4849066497880004,1.3862943611198906,0.6931471805599453,1.6094379124341003,1.0986122886681098,1.0986122886681098,0.0,3,6,0.0,0.0,0.0,0.0,0.0,0.0,0.0,55,12,2,4,44,7,0.0,1.9859154836690125,8,0.2857142857142857,13,0.0,1,0.0,0.0,0.0,0.0,1,0.0,0.0,0.0,0.0,1,0.0,0.0,0.0,0.0,0.0,1
1968,36997.0,1,1,72,3.784189633918261,1.6094379124341003,2.5649493574615367,2.1972245773362196,0.0,3.332204510175204,1.791759469228055,1.0986122886681098,0.6931471805599453,4,5,0.0,0.0,0.0,0.0,0.0,0.0,0.0,58,13,2,3,94,12,0.0,2.1785324443240666,7,0.4166666666666667,17,0.0,1,0.0,0.0,0.0,0.6931471805599453,0,0.0,0.0,0.0,0.0,1,0.0,0.0,0.0,0.0,0.0,1
1957,23539.0,0,0,13,1.6094379124341003,3.2188758248682006,2.4849066497880004,2.833213344056216,0.6931471805599453,3.258096538021482,0.6931471805599453,1.0986122886681098,0.0,4,6,0.0,0.0,0.0,0.0,0.0,0.0,0.0,69,12,0,2,81,7,0.0,2.531426665422893,8,0.14285714285714285,13,0.0,1,0.0,0.0,0.0,0.0,1,0.0,0.0,0.0,0.0,1,0.0,0.0,0.6931471805599453,0.0,0.0,0
1973,65333.0,0,1,58,6.484635235635252,2.0794415416798357,4.532599493153256,0.0,2.772588722239781,3.4339872044851463,2.0794415416798357,2.302585092994046,1.6094379124341003,8,6,0.0,0.6931471805599453,0.6931471805599453,0.0,0.0,0.0,0.0,53,12,1,2,798,28,1.0986122886681098,3.3843902633457743,15,0.25,34,0.0,1,0.0,0.0,0.0,0.0,0,0.6931471805599453,0.0,0.0,0.0,0,0.6931471805599453,0.0,0.0,0.0,0.0,1
1957,78499.0,0,0,12,6.816735880594968,4.290459441148391,5.14166355650266,3.871201010907891,3.6109179126442243,4.584967478670572,0.6931471805599453,2.4849066497880004,1.3862943611198906,4,4,0.0,0.0,0.6931471805599453,0.0,0.0,0.0,0.6931471805599453,69,13,0,1,1334,19,1.0986122886681098,4.2656406490043475,15,0.05263157894736842,23,0.0,1,0.0,0.0,0.0,0.0,0,0.6931471805599453,0.0,0.0,0.0,0,0.6931471805599453,0.0,0.0,0.0,0.0,1
1971,29732.0,1,0,23,3.258096538021482,0.0,2.1972245773362196,0.0,0.6931471805599453,1.6094379124341003,0.6931471805599453,1.0986122886681098,0.0,2,9,0.0,0.0,0.0,0.0,0.0,0.0,0.0,55,12,1,3,38,5,0.0,2.151762203259462,11,0.2,14,0.0,0,0.0,0.6931471805599453,0.0,0.0,0,0.0,0.6931471805599453,0.0,0.0,0,0.6931471805599453,0.0,0.0,0.0,0.0,1
1960,41275.0,1,2,33,3.2188758248682006,1.6094379124341003,3.1354942159291497,0.0,1.0986122886681098,2.302585092994046,1.6094379124341003,1.3862943611198906,0.6931471805599453,3,5,0.0,0.0,0.0,0.0,0.0,0.0,0.0,66,12,3,5,61,11,0.0,1.8787708462176849,8,0.36363636363636365,16,0.0,0,0.6931471805599453,0.0,0.0,0.0,0,0.0,0.6931471805599453,0.0,0.0,0,0.6931471805599453,0.0,0.0,0.0,0.0,1
1973,63516.0,1,1,30,4.955827057601261,2.4849066497880004,4.74493212836325,2.772588722239781,2.70805020110221,1.791759469228055,1.6094379124341003,1.6094379124341003,0.6931471805599453,7,5,0.0,0.0,0.0,0.0,0.0,0.0,0.0,53,13,2,4,300,16,0.0,2.9831534913471307,9,0.25,21,0.0,0,0.0,0.6931471805599453,0.0,0.0,0,0.0,0.6931471805599453,0.0,0.0,1,0.0,0.0,0.0,0.0,0.0,1
1962,42769.0,0,1,15,4.276666119016055,0.0,2.6390573296152584,1.3862943611198906,0.6931471805599453,0.0,1.0986122886681098,0.6931471805599453,0.6931471805599453,4,4,0.0,0.0,0.0,0.0,0.0,0.0,0.0,64,13,1,3,88,8,0.0,2.4849066497880004,5,0.25,12,0.0,0,0.0,0.6931471805599453,0.0,0.0,1,0.0,0.0,0.0,0.0,1,0.0,0.0,0.0,0.0,0.0,1
1958,49572.0,1,1,25,3.58351893845611,0.6931471805599453,2.833213344056216,0.0,0.6931471805599453,0.6931471805599453,1.0986122886681098,1.0986122886681098,0.0,3,7,0.0,0.0,0.0,0.0,0.0,0.0,0.0,68,13,2,4,54,7,0.0,2.164963715117998,9,0.2857142857142857,14,0.0,0,0.6931471805599453,0.0,0.0,0.0,1,0.0,0.0,0.0,0.0,1,0.0,0.0,0.0,0.0,0.0,1
1972,69209.0,0,0,4,6.208590026096629,3.4965075614664802,6.745236349484363,5.438079308923196,3.8918202981106265,4.859812404361672,1.0986122886681098,1.791759469228055,1.3862943611198906,6,4,0.0,0.0,0.0,0.6931471805599453,0.0,0.0,0.0,54,14,0,2,1782,16,0.6931471805599453,4.721841492791785,9,0.125,20,0.0,1,0.0,0.0,0.0,0.0,1,0.0,0.0,0.0,0.0,1,0.0,0.0,0.0,0.6931471805599453,0.0,0
1976,17148.0,1,0,80,2.302585092994046,2.302585092994046,2.4849066497880004,2.6390573296152584,2.3978952727983707,2.833213344056216,1.6094379124341003,1.3862943611198906,0.6931471805599453,3,8,0.0,0.0,0.0,0.0,0.0,0.0,0.0,50,12,1,3,68,11,0.0,1.9715525796686508,11,0.36363636363636365,19,0.0,1,0.0,0.0,0.0,0.0,1,0.0,0.0,0.0,0.0,0,0.6931471805599453,0.0,0.6931471805599453,0.0,0.0,0
1969,40590.0,1,1,30,5.043425116919247,0.0,3.9318256327243257,1.9459101490553132,2.4849066497880004,3.6375861597263857,1.791759469228055,1.3862943611198906,1.6094379124341003,3,6,0.6931471805599453,0.0,0.0,0.0,0.0,0.0,0.0,57,13,2,3,258,15,0.6931471805599453,2.9014215940827497,9,0.3333333333333333,21,0.0,1,0.0,0.0,0.0,0.0,0,0.0,0.0,0.6931471805599453,0.0,0,0.0,0.0,0.0,0.0,0.0,1
1976,30560.0,1,0,6,2.302585092994046,0.6931471805599453,1.791759469228055,1.6094379124341003,1.791759469228055,2.0794415416798357,0.6931471805599453,0.6931471805599453,0.0,3,7,0.0,0.0,0.0,0.0,0.0,0.0,0.0,50,13,1,3,31,5,0.0,1.9740810260220096,8,0.2,12,0.0,0,0.6931471805599453,0.0,0.0,0.0,0,0.0,0.6931471805599453,0.0,0.0,1,0.0,0.0,0.0,0.0,0.0,1
1983,32146.0,1,0,16,3.295836866004329,1.3862943611198906,3.1780538303479458,1.6094379124341003,2.0794415416798357,1.3862943611198906,1.0986122886681098,1.0986122886681098,0.0,4,6,0.0,0.0,0.0,0.0,0.0,0.0,0.0,43,12,1,3,66,8,0.0,2.224623551524334,8,0.25,14,0.0,0,0.0,0.0,0.0,0.0,1,0.0,0.0,0.0,0.0,1,0.0,0.0,0.0,0.0,0.0,1
1964,41713.0,1,1,57,4.356708826689592,2.1972245773362196,3.8066624897703196,2.3978952727983707,2.3978952727983707,3.258096538021482,1.791759469228055,1.3862943611198906,0.6931471805599453,4,6,0.0,0.0,0.0,0.0,0.0,0.0,0.0,62,12,2,3,174,13,0.0,2.66615925939305,9,0.38461538461538464,19,0.0,0,0.0,0.0,0.0,0.6931471805599453,0,0.0,0.0,0.0,0.0,1,0.0,0.0,0.0,0.0,0.0,1
1975,34176.0,0,1,9,2.4849066497880004,1.0986122886681098,2.0794415416798357,1.6094379124341003,1.0986122886681098,1.0986122886681098,0.6931471805599453,0.6931471805599453,0.0,3,3,0.0,0.0,0.0,0.0,0.0,0.0,0.0,51,12,1,3,28,5,0.0,1.8870696490323797,4,0.2,8,0.0,0,0.6931471805599453,0.0,0.0,0.0,0,0.0,0.6931471805599453,0.0,0.0,1,0.0,0.0,0.0,0.0,0.0,1
1955,58482.0,0,1,59,6.3578422665081,2.0794415416798357,4.7535901911063645,2.995732273553991,2.0794415416798357,2.0794415416798357,1.0986122886681098,2.0794415416798357,1.6094379124341003,9,6,0.0,0.6931471805599453,0.0,0.0,0.0,0.0,0.0,71,12,1,3,731,22,0.6931471805599453,3.533022774441578,13,0.09090909090909091,28,0.0,0,0.0,0.6931471805599453,0.0,0.0,1,0.0,0.0,0.0,0.0,1,0.0,0.0,0.0,0.0,0.0,1
1965,59686.0,0,1,78,4.499809670330265,2.772588722239781,4.499809670330265,3.5553480614894135,3.7612001156935624,1.791759469228055,0.6931471805599453,1.6094379124341003,0.6931471805599453,6,4,0.0,0.0,0.0,0.0,0.0,0.0,0.0,61,12,1,2,274,12,0.0,3.1710851610318525,8,0.08333333333333333,16,0.0,1,0.0,0.0,0.0,0.0,0,0.6931471805599453,0.0,0.0,0.0,1,0.0,0.0,0.0,0.0,0.0,1
1964,60896.0,0,1,90,6.921658184151129,3.4339872044851463,5.991464547107982,4.110873864173311,3.8501476017100584,5.0369526024136295,1.3862943611198906,2.302585092994046,2.3978952727983707,4,6,0.0,0.0,0.0,0.0,0.0,0.0,0.6931471805599453,62,14,1,3,1701,26,0.6931471805599453,4.196044540125197,15,0.11538461538461539,32,0.0,0,0.0,0.6931471805599453,0.0,0.0,1,0.0,0.0,0.0,0.0,0,0.0,0.0,0.0,0.0,0.0,1
1980,62994.0,1,0,74,5.41610040220442,2.5649493574615367,3.8918202981106265,1.6094379124341003,2.5649493574615367,2.5649493574615367,0.6931471805599453,1.9459101490553132,1.0986122886681098,4,6,0.0,0.0,0.0,0.0,0.0,0.0,0.0,46,12,1,3,312,13,0.0,3.2188758248682006,12,0.07692307692307693,19,0.0,1,0.0,0.0,0.0,0.0,0,0.0,0.6931471805599453,0.0,0.0,0,0.6931471805599453,0.0,0.0,0.0,0.0,1
1957,47320.0,0,1,10,5.303304908059076,2.995732273553991,4.718498871295094,3.9318256327243257,2.772588722239781,2.995732273553991,1.9459101490553132,1.791759469228055,0.6931471805599453,8,6,0.0,0.0,0.0,0.0,0.0,0.0,0.0,69,13,1,3,414,20,0.0,3.077312260546414,11,0.3,26,0.0,1,0.0,0.0,0.0,0.0,0,0.0,0.6931471805599453,0.0,0.0,1,0.0,0.0,0.0,0.0,0.0,1
1949,74859.0,0,0,63,6.3473892096560105,4.30406509320417,6.421622267806518,4.897839799950911,4.634728988229636,4.30406509320417,0.6931471805599453,1.9459101490553132,1.791759469228055,11,3,0.0,0.0,0.0,0.6931471805599453,0.0,0.0,0.0,77,13,0,1,1565,23,0.6931471805599453,4.234736425877931,9,0.043478260869565216,26,0.0,0,0.0,0.0,0.0,0.0,0,0.0,0.0,0.6931471805599453,0.0,1,0.0,0.0,0.0,0.6931471805599453,0.0,0
1992,15253.0,1,0,13,0.6931471805599453,1.3862943611198906,1.3862943611198906,2.1972245773362196,0.6931471805599453,2.6390573296152584,1.0986122886681098,0.6931471805599453,0.0,3,7,0.0,0.0,0.0,0.0,0.0,0.0,0.0,34,13,1,2,29,6,0.0,1.7635885922613586,8,0.3333333333333333,13,0.6931471805599453,0,0.0,0.0,0.0,0.0,0,0.6931471805599453,0.0,0.0,0.0,1,0.0,0.0,0.6931471805599453,0.0,0.0,0
1974,31560.0,1,0,98,4.143134726391533,0.6931471805599453,3.044522437723423,1.6094379124341003,0.0,2.0794415416798357,1.0986122886681098,1.0986122886681098,0.6931471805599453,3,8,0.0,0.0,0.0,0.0,0.0,0.0,0.0,52,13,1,2,94,8,0.0,2.545531271604435,10,0.25,16,0.0,0,0.0,0.6931471805599453,0.0,0.0,0,0.6931471805599453,0.0,0.0,0.0,1,0.0,0.0,0.0,0.0,0.0,1
1954,72071.0,0,1,4,6.2766434893416445,4.248495242049359,5.707110264748875,5.017279836814924,4.9344739331306915,5.017279836814924,1.3862943611198906,1.791759469228055,1.6094379124341003,8,2,0.0,0.0,0.0,0.0,0.0,0.0,0.0,72,13,1,2,1338,20,0.0,4.21803603456465,7,0.15,22,0.0,1,0.0,0.0,0.0,0.6931471805599453,0,0.0,0.0,0.0,0.0,1,0.0,0.0,0.0,0.0,0.0,1
1990,91172.0,0,0,94,5.093750200806762,3.367295829986474,6.70808408385307,0.0,3.367295829986474,4.04305126783455,0.0,1.6094379124341003,1.3862943611198906,7,3,0.6931471805599453,0.0,0.6931471805599453,0.6931471805599453,0.6931471805599453,0.0,0.6931471805599453,36,13,0,1,1092,14,1.791759469228055,4.3694478524670215,7,0.0,17,0.0,0,0.6931471805599453,0.0,0.0,0.0,0,0.6931471805599453,0.0,0.0,0.0,1,0.0,0.0,0.0,0.6931471805599453,0.0,0
1984,90000.0,0,0,91,6.516193076042964,4.976733742420574,4.897839799950911,4.553876891600541,5.262690188904886,5.488937726156687,0.6931471805599453,1.6094379124341003,2.1972245773362196,5,1,0.6931471805599453,0.0,0.6931471805599453,0.6931471805599453,0.0,0.0,0.0,42,13,0,2,1479,18,1.3862943611198906,4.420846626523463,5,0.05555555555555555,19,0.0,1,0.0,0.0,0.0,0.0,1,0.0,0.0,0.0,0.0,0,0.0,0.0,0.0,0.0,0.0,1
1981,41967.0,1,1,66,3.1780538303479458,1.6094379124341003,2.3978952727983707,0.0,1.0986122886681098,2.772588722239781,0.6931471805599453,0.6931471805599453,0.0,3,4,0.0,0.0,0.0,0.0,0.0,0.0,0.0,45,13,2,3,54,5,0.0,2.468099531471619,5,0.2,9,0.0,1,0.0,0.0,0.0,0.0,0,0.6931471805599453,0.0,0.0,0.0,1,0.0,0.0,0.0,0.0,0.0,1
1965,69263.0,0,1,14,6.20050917404269,1.791759469228055,3.4965075614664802,2.6390573296152584,1.791759469228055,3.091042453358316,0.6931471805599453,2.302585092994046,0.6931471805599453,7,6,0.0,0.6931471805599453,0.0,0.0,0.0,0.0,0.0,61,12,1,2,568,18,0.6931471805599453,3.482948031680848,15,0.05555555555555555,24,0.0,1,0.0,0.0,0.0,0.0,0,0.6931471805599453,0.0,0.0,0.0,0,0.6931471805599453,0.0,0.0,0.0,0.0,1
1970,65706.0,0,0,77,6.823286122355687,2.3978952727983707,4.867534450455582,2.6390573296152584,0.0,4.867534450455582,0.6931471805599453,2.4849066497880004,1.3862943611198906,12,7,0.0,0.6931471805599453,0.6931471805599453,0.0,0.6931471805599453,0.0,0.6931471805599453,56,13,0,1,1199,27,1.6094379124341003,3.8156752504918274,18,0.037037037037037035,34,0.0,0,0.0,0.0,0.0,0.6931471805599453,0,0.0,0.0,0.0,0.0,1,0.0,0.0,0.0,0.0,0.0,1
1975,60934.0,0,1,41,5.41610040220442,5.049856007249537,5.049856007249537,5.262690188904886,4.543294782270004,4.007333185232471,1.0986122886681098,1.9459101490553132,1.6094379124341003,11,4,0.0,0.0,0.0,0.0,0.0,0.0,0.0,51,12,1,3,873,23,0.0,3.6624461970457807,10,0.08695652173913043,27,0.0,1,0.0,0.0,0.0,0.0,0,0.0,0.6931471805599453,0.0,0.0,1,0.0,0.0,0.0,0.0,0.0,1
1951,71965.0,0,1,21,6.35088571671474,2.995732273553991,5.659482215759621,3.9318256327243257,3.6635616461296463,5.517452896464707,1.3862943611198906,1.9459101490553132,1.3862943611198906,5,3,0.0,0.0,0.0,0.0,0.0,0.0,0.0,75,13,1,3,1213,17,0.0,4.281556104310247,9,0.17647058823529413,20,0.0,1,0.0,0.0,0.0,0.0,1,0.0,0.0,0.0,0.0,0,0.6931471805599453,0.0,0.0,0.0,0.0,1
1955,65210.0,0,1,25,6.440946540632921,0.0,4.2626798770413155,0.0,2.0794415416798357,3.367295829986474,1.0986122886681098,2.302585092994046,1.3862943611198906,8,6,0.0,0.6931471805599453,0.0,0.6931471805599453,0.0,0.0,0.0,71,12,1,3,731,22,1.0986122886681098,3.533022774441578,15,0.09090909090909091,28,0.0,1,0.0,0.0,0.0,0.0,1,0.0,0.0,0.0,0.0,0,0.6931471805599453,0.0,0.0,0.0,0.0,1
1975,79174.0,0,0,2,6.980075940561763,3.6375861597263857,6.251903883165888,5.267858159063328,4.532599493153256,4.867534450455582,0.6931471805599453,1.791759469228055,1.9459101490553132,7,2,0.0,0.0,0.6931471805599453,0.6931471805599453,0.0,0.0,0.6931471805599453,51,13,0,2,2043,19,1.3862943611198906,4.686992685410464,7,0.05263157894736842,21,0.0,0,0.0,0.6931471805599453,0.0,0.0,1,0.0,0.0,0.0,0.0,1,0.0,0.0,0.0,0.0,0.0,1
1967,81380.0,0,0,51,6.60934924316738,4.23410650459726,6.536691597591305,5.41610040220442,4.23410650459726,4.6443908991413725,0.6931471805599453,1.6094379124341003,1.0986122886681098,10,2,0.0,0.0,0.0,0.0,0.0,0.0,0.0,59,14,0,1,1893,17,0.0,4.72164517698446,6,0.058823529411764705,19,0.0,0,0.6931471805599453,0.0,0.0,0.6931471805599453,0,0.0,0.0,0.0,0.0,1,0.0,0.0,0.0,0.0,0.0,1
1973,48432.0,0,1,3,5.777652323222656,1.3862943611198906,3.9318256327243257,1.6094379124341003,1.3862943611198906,3.7612001156935624,1.791759469228055,2.0794415416798357,0.6931471805599453,6,8,0.0,0.0,0.0,0.0,0.0,0.0,0.0,53,14,1,2,424,19,0.0,3.149130790878695,15,0.2631578947368421,27,0.0,0,0.0,0.6931471805599453,0.0,0.0,0,0.0,0.0,0.0,0.6931471805599453,0,0.6931471805599453,0.0,0.0,0.0,0.0,1
1971,52914.0,0,1,32,5.541263545158426,2.3978952727983707,3.8066624897703196,3.4339872044851463,2.3978952727983707,5.429345628954441,1.0986122886681098,2.0794415416798357,1.3862943611198906,3,7,0.6931471805599453,0.0,0.0,0.0,0.0,0.0,0.0,55,13,1,3,575,15,0.6931471805599453,3.672072335797555,14,0.13333333333333333,22,0.0,1,0.0,0.0,0.0,0.0,1,0.0,0.0,0.0,0.0,0,0.6931471805599453,0.0,0.0,0.0,0.0,1
1955,38946.0,0,1,84,4.762173934797756,1.9459101490553132,4.418840607796598,1.9459101490553132,1.9459101490553132,3.7376696182833684,1.0986122886681098,1.3862943611198906,0.6931471805599453,6,5,0.0,0.0,0.0,0.0,0.0,0.0,0.0,71,13,1,3,257,12,0.0,3.1098047298138387,8,0.16666666666666666,17,0.0,1,0.0,0.0,0.0,0.0,0,0.0,0.6931471805599453,0.0,0.0,1,0.0,0.0,0.0,0.0,0.0,1
1974,26067.0,1,0,49,3.1354942159291497,1.0986122886681098,2.9444389791664403,0.0,1.0986122886681098,2.5649493574615367,1.3862943611198906,1.3862943611198906,0.0,3,8,0.0,0.0,0.0,0.0,0.0,0.0,0.0,52,13,1,3,56,9,0.0,1.9771626925594177,11,0.3333333333333333,17,0.0,1,0.0,0.0,0.0,0.0,1,0.0,0.0,0.0,0.0,0,0.6931471805599453,0.0,0.0,0.0,0.0,1
1972,44325.0,0,1,69,6.248042874508429,0.0,3.091042453358316,0.0,0.0,1.791759469228055,1.6094379124341003,2.1972245773362196,1.0986122886681098,7,8,0.0,0.6931471805599453,0.0,0.0,0.0,0.0,0.0,54,13,1,3,542,21,0.6931471805599453,3.2887571904162676,16,0.19047619047619047,29,0.0,0,0.0,0.6931471805599453,0.0,0.0,1,0.0,0.0,0.0,0.0,0,0.6931471805599453,0.0,0.0,0.0,0.0,1
1964,42523.0,0,0,96,2.70805020110221,3.6109179126442243,2.4849066497880004,1.3862943611198906,3.295836866004329,3.58351893845611,0.6931471805599453,0.6931471805599453,0.6931471805599453,4,2,0.0,0.0,0.0,0.0,0.0,0.0,0.0,62,12,0,2,125,7,0.0,2.9368917735310576,3,0.14285714285714285,9,0.0,1,0.0,0.0,0.0,0.0,1,0.0,0.0,0.0,0.0,1,0.0,0.6931471805599453,0.0,0.0,0.0,0
1978,26487.0,1,0,23,1.0986122886681098,2.1972245773362196,2.3978952727983707,2.5649493574615367,2.70805020110221,3.1780538303479458,1.3862943611198906,1.0986122886681098,0.6931471805599453,3,5,0.0,0.0,0.0,0.0,0.0,0.0,0.0,48,13,1,2,69,9,0.0,2.1594842493533726,7,0.3333333333333333,14,0.6931471805599453,0,0.0,0.0,0.0,0.0,0,0.6931471805599453,0.0,0.0,0.0,1,0.0,0.0,0.6931471805599453,0.0,0.0,0
1957,53233.0,0,1,18,3.367295829986474,0.0,2.302585092994046,1.3862943611198906,0.0,0.0,0.6931471805599453,0.6931471805599453,0.0,3,4,0.0,0.0,0.0,0.0,0.0,0.0,0.0,69,12,1,3,40,5,0.0,2.1972245773362196,5,0.2,9,0.0,0,0.0,0.0,0.0,0.0,1,0.0,0.0,0.0,0.0,1,0.0,0.0,0.0,0.0,0.0,1
1960,67716.0,0,1,8,6.274762021241939,4.962844630259907,5.384495062789089,4.143134726391533,2.302585092994046,4.04305126783455,1.6094379124341003,2.0794415416798357,1.6094379124341003,13,5,0.0,0.6931471805599453,0.0,0.0,0.0,0.0,0.0,66,13,1,3,1016,28,0.6931471805599453,3.6186102582673803,12,0.14285714285714285,33,0.0,1,0.0,0.0,0.0,0.0,1,0.0,0.0,0.0,0.0,1,0.0,0.0,0.0,0.0,0.0,1
1972,76234.0,0,1,21,6.253828811575473,3.9318256327243257,5.123963979403259,4.875197323201151,0.0,3.7376696182833684,0.6931471805599453,2.1972245773362196,1.3862943611198906,11,3,0.0,0.6931471805599453,0.0,0.0,0.0,0.0,0.0,54,12,1,3,907,23,0.6931471805599453,3.699690370218152,11,0.043478260869565216,26,0.0,0,0.6931471805599453,0.0,0.0,0.0,1,0.0,0.0,0.0,0.0,1,0.0,0.0,0.0,0.0,0.0,1
1956,84117.0,0,0,60,6.416732282512326,4.343805421853684,6.620073206530356,4.0943445622221,3.828641396489095,3.295836866004329,0.6931471805599453,2.0794415416798357,2.3978952727983707,6,2,0.0,0.0,0.6931471805599453,0.0,0.0,0.0,0.0,70,12,0,2,1566,24,0.6931471805599453,4.193435464866331,9,0.041666666666666664,26,0.0,0,0.0,0.6931471805599453,0.0,0.0,1,0.0,0.0,0.0,0.0,0,0.0,0.0,0.0,0.6931471805599453,0.0,0
1957,65487.0,0,0,48,5.484796933490655,4.219507705176107,6.2166061010848646,5.298317366548036,0.0,5.099866427824199,1.3862943611198906,1.3862943611198906,1.791759469228055,6,2,0.0,0.0,0.0,0.0,0.0,0.0,0.0,69,12,0,2,1169,17,0.0,4.245128235501455,5,0.17647058823529413,19,0.0,0,0.6931471805599453,0.0,0.0,0.0,0,0.0,0.6931471805599453,0.0,0.0,1,0.0,0.0,0.0,0.6931471805599453,0.0,0
1972,25224.0,1,0,36,1.6094379124341003,2.302585092994046,2.5649493574615367,2.4849066497880004,1.0986122886681098,2.1972245773362196,1.0986122886681098,0.6931471805599453,0.6931471805599453,3,3,0.0,0.0,0.0,0.0,0.0,0.0,0.0,54,12,1,3,46,7,0.0,2.0243817644968085,4,0.2857142857142857,10,0.6931471805599453,0,0.0,0.0,0.0,0.0,1,0.0,0.0,0.0,0.0,1,0.0,0.0,0.0,0.6931471805599453,0.0,0
1983,89616.0,0,0,36,6.51025834052315,3.871201010907891,6.486160788944089,4.983606621708336,4.718498871295094,2.772588722239781,0.6931471805599453,2.0794415416798357,1.791759469228055,12,2,0.0,0.0,0.0,0.0,0.0,0.0,0.6931471805599453,43,13,0,1,1644,25,0.6931471805599453,4.2011040987936346,9,0.04,27,0.0,0,0.6931471805599453,0.0,0.0,0.0,0,0.6931471805599453,0.0,0.0,0.0,1,0.0,0.0,0.0,0.0,0.0,1
1971,40851.0,1,1,63,3.1780538303479458,0.6931471805599453,2.0794415416798357,0.0,1.6094379124341003,3.2188758248682006,0.6931471805599453,0.6931471805599453,0.6931471805599453,2,7,0.0,0.0,0.0,0.0,0.0,0.0,0.0,55,13,2,3,59,5,0.0,2.5494451709255714,8,0.2,12,0.0,1,0.0,0.0,0.0,0.6931471805599453,0,0.0,0.0,0.0,0.0,1,0.0,0.0,0.6931471805599453,0.0,0.0,0
1947,27469.0,0,0,2,2.302585092994046,0.6931471805599453,1.0986122886681098,1.3862943611198906,1.0986122886681098,0.0,0.6931471805599453,0.0,0.0,3,6,0.0,0.0,0.0,0.0,0.0,0.0,0.0,79,14,0,2,17,4,0.0,1.6582280766035324,6,0.25,10,0.0,1,0.0,0.0,0.0,0.0,1,0.0,0.0,0.0,0.0,1,0.0,0.0,0.0,0.0,0.0,1
1957,82347.0,0,0,38,6.322565239927284,4.007333185232471,6.740519359606223,5.313205979041787,4.897839799950911,4.1588830833596715,0.6931471805599453,2.0794415416798357,2.0794415416798357,10,3,0.6931471805599453,0.0,0.0,0.6931471805599453,0.0,0.0,0.6931471805599453,69,14,0,2,1853,25,1.3862943611198906,4.319086834900007,10,0.04,28,0.0,0,0.0,0.0,0.0,0.0,1,0.0,0.0,0.0,0.0,1,0.0,0.0,0.0,0.6931471805599453,0.0,0
1957,73803.0,0,1,61,6.726233402358747,4.394449154672439,5.8971538676367405,3.970291913552122,3.295836866004329,5.1647859739235145,1.0986122886681098,2.302585092994046,1.791759469228055,6,6,0.6931471805599453,0.0,0.0,0.0,0.0,0.0,0.6931471805599453,69,14,1,3,1528,22,1.0986122886681098,4.254967756554977,15,0.09090909090909091,28,0.0,1,0.0,0.0,0.0,0.0,1,0.0,0.0,0.0,0.0,0,0.6931471805599453,0.0,0.0,0.0,0.0,1
1952,8820.0,1,1,52,2.5649493574615367,0.0,2.6390573296152584,1.6094379124341003,1.0986122886681098,1.6094379124341003,1.6094379124341003,1.3862943611198906,0.0,3,8,0.0,0.0,0.0,0.0,0.0,0.0,0.0,74,13,2,3,35,10,0.0,1.5040773967762742,11,0.4,18,0.0,0,0.6931471805599453,0.0,0.0,0.0,0,0.6931471805599453,0.0,0.0,0.0,0,0.6931471805599453,0.0,0.0,0.6931471805599453,0.0,0
1974,43322.0,0,0,25,4.04305126783455,2.0794415416798357,3.8918202981106265,2.3978952727983707,1.0986122886681098,2.9444389791664403,0.6931471805599453,1.3862943611198906,0.0,4,7,0.0,0.0,0.0,0.0,0.0,0.0,0.0,52,12,0,1,141,8,0.0,2.924504764265623,10,0.125,15,0.0,1,0.0,0.0,0.0,0.0,0,0.6931471805599453,0.0,0.0,0.0,1,0.0,0.0,0.0,0.0,0.0,1
1973,55593.0,0,1,63,5.683579767338681,2.1972245773362196,4.8283137373023015,2.4849066497880004,1.6094379124341003,4.672828834461906,1.0986122886681098,1.9459101490553132,1.9459101490553132,3,6,0.6931471805599453,0.0,0.0,0.0,0.0,0.0,0.0,53,13,1,3,546,17,0.6931471805599453,3.5000662840834744,12,0.11764705882352941,23,0.0,1,0.0,0.0,0.0,0.0,0,0.0,0.6931471805599453,0.0,0.0,0,0.6931471805599453,0.0,0.0,0.0,0.0,1
1954,50501.0,1,1,10,5.697093486505405,0.0,3.6635616461296463,2.6390573296152584,0.0,5.030437921392435,2.0794415416798357,1.791759469228055,1.6094379124341003,4,6,0.6931471805599453,0.0,0.0,0.0,0.0,0.0,0.6931471805599453,72,13,2,4,500,20,1.0986122886681098,3.258096538021482,11,0.35,26,0.0,1,0.0,0.0,0.0,0.0,1,0.0,0.0,0.0,0.0,0,0.6931471805599453,0.0,0.0,0.0,0.0,1
1975,37085.0,1,1,65,3.6888794541139363,0.6931471805599453,2.833213344056216,1.0986122886681098,0.0,1.3862943611198906,1.6094379124341003,1.3862943611198906,0.0,3,8,0.0,0.0,0.0,0.0,0.0,0.0,0.0,51,12,2,4,61,10,0.0,1.9600947840472698,11,0.4,18,0.0,1,0.0,0.0,0.0,0.0,1,0.0,0.0,0.0,0.0,0,0.6931471805599453,0.0,0.0,0.0,0.0,1
1990,16185.0,1,0,71,1.791759469228055,2.4849066497880004,2.833213344056216,3.091042453358316,2.1972245773362196,3.828641396489095,1.0986122886681098,1.0986122886681098,1.0986122886681098,2,8,0.0,0.0,0.0,0.0,0.0,0.0,0.0,36,13,1,2,106,8,0.0,2.6567569067146595,10,0.25,16,0.6931471805599453,0,0.0,0.0,0.0,0.0,0,0.6931471805599453,0.0,0.0,0.0,0,0.6931471805599453,0.0,0.6931471805599453,0.0,0.0,0
1969,57731.0,0,1,0,5.58724865840025,3.091042453358316,5.707110264748875,4.189654742026425,2.1972245773362196,3.8066624897703196,1.6094379124341003,2.1972245773362196,2.1972245773362196,6,6,0.0,0.0,0.0,0.0,0.0,0.0,0.0,57,14,1,2,704,26,0.0,3.3349479961209547,14,0.15384615384615385,32,0.0,1,0.0,0.0,0.0,0.0,0,0.6931471805599453,0.0,0.0,0.0,0,0.6931471805599453,0.0,0.0,0.6931471805599453,0.0,0
1973,48432.0,0,1,3,5.777652323222656,1.3862943611198906,3.9318256327243257,1.6094379124341003,1.3862943611198906,3.7612001156935624,1.791759469228055,2.0794415416798357,0.6931471805599453,6,8,0.0,0.0,0.0,0.0,0.0,0.0,0.6931471805599453,53,14,1,2,424,19,0.6931471805599453,3.149130790878695,15,0.2631578947368421,27,0.0,0,0.0,0.6931471805599453,0.0,0.0,0,0.0,0.0,0.0,0.6931471805599453,0,0.6931471805599453,0.0,0.0,0.0,0.0,1
1978,73807.0,0,1,88,5.905361848054571,4.8283137373023015,5.056245805348308,4.276666119016055,4.3694478524670215,4.007333185232471,1.0986122886681098,1.791759469228055,1.791759469228055,11,2,0.0,0.0,0.0,0.0,0.0,0.0,0.0,48,13,1,3,849,23,0.0,3.63529520797983,7,0.08695652173913043,25,0.0,1,0.0,0.0,0.0,0.0,1,0.0,0.0,0.0,0.0,1,0.0,0.0,0.0,0.0,0.0,1
1990,18929.0,0,0,15,3.4965075614664802,0.0,2.1972245773362196,3.1780538303479458,1.6094379124341003,2.9444389791664403,0.6931471805599453,0.6931471805599453,0.0,4,6,0.0,0.0,0.0,0.0,0.0,0.0,0.0,36,13,0,2,85,6,0.0,2.719100037288795,7,0.16666666666666666,12,0.0,1,0.0,0.0,0.0,0.0,1,0.0,0.0,0.0,0.0,1,0.0,0.0,0.0,0.0,0.0,1
1968,35893.0,1,1,80,5.0689042022202315,0.0,3.1780538303479458,0.0,0.0,2.9444389791664403,1.9459101490553132,1.3862943611198906,0.6931471805599453,5,8,0.0,0.0,0.0,0.0,0.0,0.0,0.0,58,14,2,3,199,15,0.0,2.6579258139196416,11,0.4,23,0.0,1,0.0,0.0,0.0,0.0,0,0.6931471805599453,0.0,0.0,0.0,1,0.0,0.0,0.0,0.0,0.0,1
1980,61014.0,0,1,17,5.598421958998375,4.867534450455582,6.206575926724928,5.209486152841421,3.784189633918261,3.4011973816621555,1.6094379124341003,2.302585092994046,1.3862943611198906,4,7,0.0,0.0,0.0,0.0,0.0,0.0,0.0,46,14,1,3,1147,20,0.0,4.066459358732565,16,0.2,27,0.0,1,0.0,0.0,0.0,0.0,1,0.0,0.0,0.0,0.0,0,0.6931471805599453,0.0,0.0,0.6931471805599453,0.0,0
1954,32144.0,1,1,76,3.7376696182833684,0.0,2.3978952727983707,0.0,0.0,1.3862943611198906,1.6094379124341003,1.0986122886681098,0.6931471805599453,3,7,0.0,0.6931471805599453,0.0,0.0,0.0,0.0,0.0,72,12,2,4,54,10,0.6931471805599453,1.8562979903656263,9,0.4,17,0.0,1,0.0,0.0,0.0,0.0,0,0.0,0.6931471805599453,0.0,0.0,1,0.0,0.0,0.0,0.0,0.0,1
1963,14918.0,0,1,52,1.3862943611198906,1.3862943611198906,1.3862943611198906,2.772588722239781,1.6094379124341003,2.772588722239781,0.6931471805599453,0.6931471805599453,0.0,3,6,0.0,0.0,0.0,0.0,0.0,0.0,0.0,63,14,1,3,43,5,0.0,2.2617630984737906,7,0.2,11,0.6931471805599453,0,0.0,0.0,0.0,0.0,0,0.0,0.6931471805599453,0.0,0.0,1,0.0,0.0,0.0,0.0,0.0,0
1963,45146.0,1,1,28,3.5263605246161616,0.0,1.791759469228055,0.0,0.0,2.772588722239781,1.0986122886681098,0.6931471805599453,0.6931471805599453,2,4,0.0,0.0,0.0,0.0,0.0,0.0,0.0,63,13,2,3,53,6,0.0,2.2857779746776643,5,0.3333333333333333,10,0.0,1,0.0,0.0,0.0,0.6931471805599453,0,0.0,0.0,0.0,0.0,1,0.0,0.0,0.0,0.0,0.0,1
1955,41769.0,0,1,31,5.713732805509369,3.4011973816621555,4.882801922586371,3.4965075614664802,0.0,3.332204510175204,1.9459101490553132,2.1972245773362196,0.6931471805599453,7,8,0.0,0.0,0.0,0.0,0.0,0.0,0.0,71,13,1,2,521,22,0.0,3.2060668665756196,16,0.2727272727272727,30,0.0,0,0.0,0.0,0.0,0.6931471805599453,0,0.0,0.0,0.0,0.0,0,0.6931471805599453,0.0,0.0,0.0,0.0,1
1981,88325.0,0,0,42,6.253828811575473,4.276666119016055,6.7580945044277305,4.543294782270004,3.332204510175204,3.9889840465642745,0.6931471805599453,1.9459101490553132,1.0986122886681098,9,2,0.0,0.0,0.0,0.0,0.0,0.0,0.0,45,12,0,2,1623,18,0.0,4.512689333193927,8,0.05555555555555555,20,0.0,1,0.0,0.0,0.0,0.0,0,0.0,0.6931471805599453,0.0,0.0,1,0.0,0.0,0.0,0.6931471805599453,0.0,0
1950,38054.0,1,1,24,3.1780538303479458,1.0986122886681098,2.8903717578961645,1.0986122886681098,0.6931471805599453,0.0,1.0986122886681098,1.0986122886681098,0.0,3,7,0.0,0.0,0.0,0.0,0.0,0.0,0.0,76,12,2,3,45,7,0.0,2.005333569526114,9,0.2857142857142857,14,0.0,0,0.6931471805599453,0.0,0.0,0.6931471805599453,0,0.0,0.0,0.0,0.0,1,0.0,0.0,0.0,0.0,0.0,1
1995,80617.0,0,0,42,6.38856140554563,3.9512437185814275,6.448889394146858,4.290459441148391,4.02535169073515,3.4965075614664802,0.6931471805599453,1.6094379124341003,1.9459101490553132,8,2,0.0,0.0,0.0,0.0,0.0,0.0,0.0,31,14,0,1,1435,19,0.0,4.337634678927024,6,0.05263157894736842,21,0.0,0,0.0,0.0,0.0,0.0,0,0.6931471805599453,0.0,0.0,0.0,1,0.0,0.0,0.0,0.6931471805599453,0.0,0
1976,5305.0,0,1,12,2.5649493574615367,1.6094379124341003,2.0794415416798357,0.6931471805599453,1.3862943611198906,1.791759469228055,0.0,0.6931471805599453,0.0,0,13,0.0,0.0,0.0,0.0,0.0,0.0,0.0,50,13,1,3,32,1,0.0,3.4965075614664802,14,0.0,14,0.0,1,0.0,0.0,0.0,0.0,1,0.0,0.0,0.0,0.0,0,0.6931471805599453,0.0,0.0,0.0,0.0,1
1954,36807.0,1,1,88,1.6094379124341003,1.0986122886681098,1.791759469228055,0.0,0.0,1.791759469228055,0.6931471805599453,0.6931471805599453,0.0,2,6,0.0,0.0,0.0,0.0,0.0,0.0,0.0,72,14,2,4,16,4,0.0,1.6094379124341003,7,0.25,10,0.0,1,0.0,0.0,0.0,0.0,0,0.0,0.6931471805599453,0.0,0.0,1,0.0,0.0,0.0,0.6931471805599453,0.0,0
1983,28427.0,1,0,67,2.9444389791664403,1.3862943611198906,2.995732273553991,1.3862943611198906,1.3862943611198906,1.9459101490553132,1.0986122886681098,1.0986122886681098,0.0,3,8,0.0,0.0,0.0,0.0,0.0,0.0,0.0,43,13,1,3,52,7,0.0,2.1316272948504063,10,0.2857142857142857,15,0.0,1,0.0,0.0,0.0,0.0,0,0.0,0.6931471805599453,0.0,0.0,1,0.0,0.0,0.0,0.6931471805599453,0.0,0
1948,82032.0,0,0,54,5.808142489980444,5.272999558563747,5.934894195619588,5.0106352940962555,4.836281906951478,4.060443010546419,0.0,1.6094379124341003,1.9459101490553132,7,1,0.0,0.0,0.0,0.0,0.0,0.0,0.0,78,12,0,1,1234,17,0.0,4.298485166410695,5,0.0,18,0.0,0,0.0,0.6931471805599453,0.0,0.0,0,0.0,0.0,0.6931471805599453,0.0,1,0.0,0.0,0.0,0.6931471805599453,0.0,0
1978,22775.0,1,0,40,1.791759469228055,0.6931471805599453,2.1972245773362196,0.0,0.0,0.6931471805599453,0.6931471805599453,0.6931471805599453,0.0,2,8,0.0,0.0,0.0,0.0,0.0,0.0,0.0,48,13,1,3,15,4,0.0,1.55814461804655,9,0.25,12,0.0,1,0.0,0.0,0.0,0.0,0,0.0,0.6931471805599453,0.0,0.0,1,0.0,0.0,0.0,0.6931471805599453,0.0,0
1985,40101.0,1,0,73,5.147494476813453,1.3862943611198906,4.867534450455582,3.295836866004329,3.2188758248682006,4.143134726391533,1.6094379124341003,1.9459101490553132,0.6931471805599453,6,7,0.0,0.0,0.0,0.0,0.0,0.0,0.0,41,14,1,3,415,17,0.0,3.235212244187894,13,0.23529411764705882,24,0.0,0,0.6931471805599453,0.0,0.0,0.0,0,0.0,0.6931471805599453,0.0,0.0,0,0.6931471805599453,0.0,0.0,0.0,0.0,1
1979,58025.0,0,1,81,5.602118820879701,3.4657359027997265,4.48863636973214,2.4849066497880004,3.8918202981106265,3.1354942159291497,1.3862943611198906,1.3862943611198906,1.0986122886681098,10,4,0.0,0.0,0.0,0.0,0.0,0.0,0.0,47,13,1,3,470,18,0.0,3.2999436479569826,7,0.16666666666666666,22,0.0,1,0.0,0.0,0.0,0.0,1,0.0,0.0,0.0,0.0,1,0.0,0.0,0.0,0.0,0.0,1
1982,75777.0,0,0,12,6.569481420414296,3.295836866004329,6.289715570908998,4.248495242049359,2.6390573296152584,4.394449154672439,0.6931471805599453,1.3862943611198906,1.9459101490553132,11,1,0.0,0.6931471805599453,0.6931471805599453,0.0,0.0,0.0,0.6931471805599453,44,13,0,1,1438,21,1.3862943611198906,4.240984110799363,4,0.047619047619047616,22,0.0,0,0.6931471805599453,0.0,0.0,0.0,0,0.6931471805599453,0.0,0.0,0.0,1,0.0,0.0,0.0,0.0,0.0,1
1979,7500.0,1,0,7,1.0986122886681098,2.1972245773362196,2.4849066497880004,1.3862943611198906,2.1972245773362196,3.091042453358316,1.6094379124341003,1.3862943611198906,1.0986122886681098,2,7,0.0,0.0,0.0,0.0,0.0,0.0,0.0,47,13,1,3,53,11,0.0,1.7609878105613013,10,0.36363636363636365,18,0.0,0,0.0,0.0,0.0,0.0,0,0.0,0.6931471805599453,0.0,0.0,0,0.6931471805599453,0.0,0.6931471805599453,0.0,0.0,0
1963,33562.0,1,2,33,3.091042453358316,2.5649493574615367,2.5649493574615367,0.0,1.3862943611198906,1.3862943611198906,1.3862943611198906,1.0986122886681098,0.0,4,4,0.0,0.0,0.0,0.0,0.0,0.0,0.0,63,12,3,5,51,9,0.0,1.8971199848858813,6,0.3333333333333333,13,0.0,0,0.6931471805599453,0.0,0.0,0.0,1,0.0,0.0,0.0,0.0,1,0.0,0.0,0.0,0.0,0.0,1
1970,57642.0,0,1,24,6.364750756851911,1.9459101490553132,4.07753744390572,2.1972245773362196,0.0,3.332204510175204,1.3862943611198906,2.0794415416798357,1.9459101490553132,6,4,0.6931471805599453,0.0,0.0,0.0,0.0,0.0,0.0,56,12,1,2,679,22,0.6931471805599453,3.461465433676274,11,0.13636363636363635,26,0.0,0,0.0,0.6931471805599453,0.0,0.0,0,0.6931471805599453,0.0,0.0,0.0,0,0.6931471805599453,0.0,0.0,0.0,0.0,1
1968,58554.0,1,1,55,5.910796644040527,3.2188758248682006,4.23410650459726,3.6635616461296463,0.0,4.48863636973214,1.9459101490553132,2.1972245773362196,1.0986122886681098,6,7,0.0,0.0,0.0,0.0,0.0,0.0,0.0,58,14,2,4,586,22,0.0,3.319132428607851,15,0.2727272727272727,29,0.0,1,0.0,0.0,0.0,0.0,0,0.0,0.6931471805599453,0.0,0.0,0,0.6931471805599453,0.0,0.0,0.0,0.0,1
1979,63777.0,1,1,87,6.126869184114185,1.791759469228055,4.672828834461906,2.772588722239781,2.8903717578961645,3.9889840465642745,2.1972245773362196,2.4849066497880004,0.6931471805599453,6,8,0.0,0.0,0.0,0.0,0.0,0.0,0.0,47,13,2,4,653,26,0.0,3.262524589537214,19,0.3076923076923077,34,0.0,1,0.0,0.0,0.0,0.0,1,0.0,0.0,0.0,0.0,0,0.6931471805599453,0.0,0.0,0.0,0.0,1
1962,57967.0,0,1,39,5.438079308923196,2.0794415416798357,4.927253685157205,1.6094379124341003,0.0,4.5217885770490405,1.791759469228055,1.6094379124341003,1.0986122886681098,8,5,0.0,0.0,0.0,0.0,0.0,0.0,0.0,64,13,1,2,468,19,0.0,3.2438251439161494,9,0.2631578947368421,24,0.0,1,0.0,0.0,0.0,0.0,0,0.6931471805599453,0.0,0.0,0.0,1,0.0,0.0,0.0,0.0,0.0,1
1978,,0,0,53,3.4965075614664802,1.0986122886681098,7.382746449738912,2.5649493574615367,1.6094379124341003,3.1354942159291497,0.0,0.0,0.0,1,0,0.0,0.6931471805599453,0.0,0.0,0.0,0.0,0.0,48,14,0,2,1679,1,0.6931471805599453,7.426549072397305,0,0.0,1,0.0,0,0.0,0.0,0.0,0.0,0,0.0,0.6931471805599453,0.0,0.0,1,0.0,0.0,0.0,0.6931471805599453,0.0,0
1972,24434.0,2,0,9,1.3862943611198906,1.0986122886681098,2.1972245773362196,3.044522437723423,0.0,2.8903717578961645,1.0986122886681098,1.0986122886681098,0.6931471805599453,2,7,0.0,0.0,0.0,0.0,0.0,0.0,0.0,54,12,2,4,50,7,0.0,2.097141118779237,9,0.2857142857142857,14,0.0,1,0.0,0.0,0.0,0.0,1,0.0,0.0,0.0,0.0,0,0.6931471805599453,0.0,0.0,0.0,0.0,0
1984,11012.0,1,0,82,3.2188758248682006,1.3862943611198906,3.295836866004329,2.0794415416798357,0.6931471805599453,3.1780538303479458,1.3862943611198906,1.3862943611198906,0.6931471805599453,2,9,0.6931471805599453,0.0,0.0,0.0,0.0,0.0,0.0,42,13,1,2,84,9,0.6931471805599453,2.3353749158170367,12,0.3333333333333333,18,0.0,1,0.0,0.0,0.0,0.0,0,0.6931471805599453,0.0,0.0,0.0,0,0.6931471805599453,0.0,0.0,0.6931471805599453,0.0,0
1970,44802.0,0,0,71,6.74993119378857,2.3978952727983707,4.969813299576001,2.6390573296152584,2.3978952727983707,3.044522437723423,1.0986122886681098,2.302585092994046,1.6094379124341003,12,8,0.0,0.0,0.0,0.0,0.0,0.0,0.0,56,14,0,1,1049,27,0.0,3.6851688747174007,17,0.07407407407407407,35,0.0,0,0.6931471805599453,0.0,0.0,0.0,0,0.6931471805599453,0.0,0.0,0.0,1,0.0,0.0,0.0,0.0,0.0,1
1986,26816.0,0,0,50,1.791759469228055,0.6931471805599453,1.9459101490553132,1.3862943611198906,1.6094379124341003,1.3862943611198906,0.6931471805599453,0.0,0.0,3,4,0.0,0.0,0.0,0.0,0.0,0.0,0.0,40,14,0,1,22,4,0.0,1.8718021769015913,4,0.25,8,0.0,1,0.0,0.0,0.0,0.0,0,0.6931471805599453,0.0,0.0,0.0,1,0.0,0.0,0.0,0.6931471805599453,0.0,0
1977,666666.0,1,0,23,2.302585092994046,2.70805020110221,2.9444389791664403,2.1972245773362196,0.6931471805599453,2.5649493574615367,1.6094379124341003,1.3862943611198906,0.6931471805599453,3,6,0.0,0.0,0.0,0.0,0.0,0.0,0.0,49,13,1,3,62,11,0.0,1.8925641683500207,9,0.36363636363636365,17,0.0,1,0.0,0.0,0.0,0.0,0,0.0,0.6931471805599453,0.0,0.0,0,0.6931471805599453,0.0,0.0,0.6931471805599453,0.0,0
1974,34421.0,1,0,81,1.3862943611198906,1.3862943611198906,2.0794415416798357,1.9459101490553132,1.0986122886681098,2.302585092994046,0.6931471805599453,0.6931471805599453,0.0,2,7,0.0,0.0,0.0,0.0,0.0,0.0,0.0,52,13,1,3,30,4,0.0,2.1400661634962708,8,0.25,11,0.0,1,0.0,0.0,0.0,0.0,1,0.0,0.0,0.0,0.0,1,0.0,0.0,0.6931471805599453,0.0,0.0,0
1967,61223.0,0,1,46,6.565264970035361,3.784189633918261,5.209486152841421,3.7612001156935624,4.77912349311153,5.5134287461649825,1.0986122886681098,2.302585092994046,1.3862943611198906,4,5,0.0,0.0,0.0,0.0,0.0,0.0,0.0,59,13,1,3,1341,18,0.0,4.324132656254979,14,0.1111111111111111,23,0.0,1,0.0,0.0,0.0,0.0,1,0.0,0.0,0.0,0.0,0,0.6931471805599453,0.0,0.0,0.0,0.0,1
1946,64014.0,2,1,56,6.008813185442595,0.0,3.4339872044851463,0.0,0.0,2.1972245773362196,2.0794415416798357,2.1972245773362196,1.0986122886681098,5,7,0.0,0.0,0.0,0.6931471805599453,0.0,0.0,0.0,80,12,3,5,444,22,0.6931471805599453,3.05314318076733,15,0.3181818181818182,29,0.0,0,0.0,0.6931471805599453,0.0,0.0,0,0.0,0.6931471805599453,0.0,0.0,0,0.6931471805599453,0.0,0.0,0.0,0.0,1
1981,56981.0,0,0,91,6.812345094177479,3.8918202981106265,5.384495062789089,3.4965075614664802,2.5649493574615367,3.2188758248682006,0.6931471805599453,1.0986122886681098,1.3862943611198906,13,6,0.0,0.6931471805599453,0.0,0.0,0.0,0.0,0.0,45,12,0,1,1241,19,0.6931471805599453,4.194428020779083,8,0.05263157894736842,25,0.0,1,0.0,0.0,0.0,0.6931471805599453,0,0.0,0.0,0.0,0.0,1,0.0,0.0,0.0,0.0,0.0,1
1956,69245.0,0,1,8,6.061456918928017,3.4339872044851463,5.3706380281276624,4.394449154672439,3.4339872044851463,4.127134385045092,1.0986122886681098,1.9459101490553132,1.791759469228055,10,3,0.0,0.0,0.0,0.0,0.0,0.0,0.0,70,12,1,3,843,23,0.0,3.6283906926332854,9,0.08695652173913043,26,0.0,0,0.6931471805599453,0.0,0.0,0.0,0,0.0,0.6931471805599453,0.0,0.0,1,0.0,0.0,0.0,0.0,0.0,1
1954,52869.0,1,1,40,4.442651256490317,1.3862943611198906,4.127134385045092,1.0986122886681098,0.6931471805599453,3.091042453358316,1.3862943611198906,1.3862943611198906,0.6931471805599453,4,7,0.0,0.0,0.0,0.0,0.0,0.0,0.6931471805599453,72,14,2,4,172,11,0.6931471805599453,2.8115908800430502,10,0.2727272727272727,18,0.0,0,0.0,0.6931471805599453,0.0,0.0,1,0.0,0.0,0.0,0.0,1,0.0,0.0,0.0,0.0,0.0,1
