Customer_Age,Income,Total_Spending,Recency,Customer_Tenure,Family_Size,Total_Children,Purchase_Frequency,Accepted_Campaigns,NumWebPurchases,NumStorePurchases,NumCatalogPurchases
0.37864077669902907,0.08483222445468436,0.6396825396825397,0.5858585858585859,0.948497854077254,0.0,0.0,0.6875,0.2,0.2962962962962963,0.3076923076923077,0.3571428571428571
0.40776699029126207,0.06709517908490441,0.00873015873015873,0.38383838383838387,0.16165951359084474,0.6666666666666666,0.6666666666666666,0.125,0.0,0.037037037037037035,0.15384615384615385,0.03571428571428571
0.30097087378640774,0.10509733267562592,0.305952380952381,0.26262626262626265,0.44635193133047224,0.0,0.0,0.625,0.0,0.2962962962962963,0.7692307692307693,0.07142857142857142
0.11650485436893204,0.03747127543101893,0.01904761904761905,0.26262626262626265,0.1988555078683838,0.33333333333333337,0.3333333333333333,0.1875,0.0,0.07407407407407407,0.3076923076923077,0.0
0.14563106796116504,0.08506532959563025,0.16547619047619047,0.9494949494949496,0.23032904148784006,0.33333333333333337,0.3333333333333333,0.4375,0.0,0.18518518518518517,0.46153846153846156,0.10714285714285714
0.2815533980582524,0.09141180504589916,0.28214285714285714,0.16161616161616163,0.4191702432045785,0.33333333333333337,0.3333333333333333,0.625,0.0,0.2222222222222222,0.7692307692307693,0.14285714285714285
0.24271844660194175,0.08106795240444194,0.23214285714285715,0.3434343434343435,0.8483547925608015,0.33333333333333337,0.3333333333333333,0.53125,0.0,0.25925925925925924,0.5384615384615385,0.10714285714285714
0.10679611650485438,0.04770985478301671,0.06507936507936507,0.32323232323232326,0.5965665236051505,0.33333333333333337,0.3333333333333333,0.25,0.0,0.14814814814814814,0.3076923076923077,0.0
0.21359223300970875,0.0430432402516934,0.01626984126984127,0.19191919191919193,0.5550786838340489,0.33333333333333337,0.3333333333333333,0.15625,0.2,0.1111111111111111,0.15384615384615385,0.0
0.44660194174757273,0.005892296401458184,0.01746031746031746,0.686868686868687,0.1545064377682408,0.6666666666666666,0.6666666666666666,0.03125,0.2,0.037037037037037035,0.0,0.0
0.1262135922330097,0.07467109616564602,0.005555555555555556,0.11111111111111112,0.3233190271816886,0.33333333333333337,0.3333333333333333,0.09375,0.0,0.037037037037037035,0.15384615384615385,0.0
0.19417475728155337,0.008677526859727853,0.022222222222222223,0.595959595959596,0.8483547925608015,0.0,0.0,0.15625,0.0,0.07407407407407407,0.23076923076923078,0.0
0.35922330097087374,0.09219383519616925,0.4353174603174603,0.8282828282828284,0.3233190271816886,0.0,0.0,0.46875,0.0,0.1111111111111111,0.6153846153846154,0.14285714285714285
0.4271844660194174,0.0866609718830083,0.12103174603174602,0.5353535353535354,0.3233190271816886,0.6666666666666666,0.6666666666666666,0.375,0.0,0.2222222222222222,0.38461538461538464,0.03571428571428571
0.08737864077669899,0.023450377179157093,0.01626984126984127,0.38383838383838387,0.896995708154507,0.0,0.0,0.125,0.0,0.037037037037037035,0.23076923076923078,0.0
0.4854368932038834,0.12192150823537905,0.5198412698412699,0.23232323232323235,0.8326180257510734,0.0,0.0,0.78125,0.6000000000000001,0.25925925925925924,0.9230769230769231,0.21428571428571427
0.1553398058252427,0.06033663390160858,0.036111111111111115,0.5151515151515152,0.7896995708154515,0.6666666666666666,0.6666666666666666,0.1875,0.0,0.1111111111111111,0.23076923076923078,0.0
0.4854368932038834,0.0541856659889072,0.12380952380952381,0.20202020202020204,0.9542203147353367,0.0,0.0,0.34375,0.0,0.14814814814814814,0.46153846153846156,0.03571428571428571
0.4563106796116504,0.11319134473092148,0.7051587301587302,0.9191919191919192,0.6552217453505014,0.33333333333333337,0.3333333333333333,0.75,0.2,0.4074074074074074,0.6923076923076923,0.14285714285714285
0.10679611650485438,0.048248252463394974,0.050793650793650794,0.8686868686868687,0.8626609442060094,0.33333333333333337,0.3333333333333333,0.1875,0.0,0.07407407407407407,0.23076923076923078,0.03571428571428571
0.13592233009708737,0.05310285501161014,0.12341269841269842,0.4141414141414142,0.9871244635193142,0.0,0.0,0.34375,0.0,0.14814814814814814,0.38461538461538464,0.07142857142857142
0.16504854368932037,0.0010782992648916585,0.6845238095238095,0.42424242424242425,0.7711015736766811,0.33333333333333337,0.3333333333333333,0.875,0.0,0.0,0.0,1.0
0.4563106796116504,0.08553755549406258,0.38373015873015875,0.6363636363636365,0.7911301859799718,0.33333333333333337,0.3333333333333333,0.4375,0.2,0.07407407407407407,0.6923076923076923,0.10714285714285714
0.40776699029126207,0.0956392795697631,0.2138888888888889,0.0,0.24177396280400654,0.33333333333333337,0.3333333333333333,0.53125,0.0,0.2222222222222222,0.6923076923076923,0.07142857142857142
0.43689320388349506,0.05859060120071706,0.17420634920634923,0.696969696969697,0.6695278969957084,0.33333333333333337,0.3333333333333333,0.40625,0.0,0.25925925925925924,0.38461538461538464,0.03571428571428571
0.2621359223300971,0.02535431981423776,0.027777777777777776,0.8989898989898991,0.7768240343347648,0.0,0.0,0.1875,0.0,0.07407407407407407,0.23076923076923078,0.03571428571428571
0.19417475728155337,0.07764506659287511,0.1,0.04040404040404041,0.5693848354792568,0.6666666666666666,0.6666666666666666,0.3125,0.0,0.18518518518518517,0.3076923076923077,0.03571428571428571
0.09708737864077666,0.07467109616564602,0.2507936507936508,0.19191919191919193,0.7067238912732483,0.33333333333333337,0.3333333333333333,0.84375,0.0,1.0,0.0,0.0
0.06796116504854366,0.05508800846998809,0.05,0.26262626262626265,0.5636623748211731,0.33333333333333337,0.3333333333333333,0.21875,0.0,0.07407407407407407,0.3076923076923077,0.03571428571428571
0.30097087378640774,0.12465560595305414,0.6615079365079365,0.9696969696969697,0.31330472103004325,0.0,0.0,0.78125,0.2,0.2222222222222222,0.7692307692307693,0.3214285714285714
0.06796116504854366,0.013909609345861858,0.00992063492063492,0.3434343434343435,0.05436337625178833,0.0,0.0,0.1875,0.0,0.1111111111111111,0.23076923076923078,0.0
0.3203883495145631,0.055479023545123136,0.12420634920634921,0.5656565656565657,0.5922746781115888,0.0,0.0,0.3125,0.0,0.07407407407407407,0.23076923076923078,0.17857142857142855
0.2524271844660194,0.058378550717663055,0.04563492063492063,0.31313131313131315,0.896995708154507,0.33333333333333337,0.3333333333333333,0.21875,0.2,0.07407407407407407,0.3076923076923077,0.03571428571428571
0.4271844660194174,0.06749521758485028,0.11785714285714285,0.08080808080808081,0.8698140200286124,0.6666666666666666,0.6666666666666666,0.34375,0.2,0.14814814814814814,0.46153846153846156,0.03571428571428571
0.4854368932038834,0.10065179205216743,0.4726190476190476,0.04040404040404041,0.7067238912732483,0.0,0.0,0.53125,0.0,0.1111111111111111,0.6923076923076923,0.17857142857142855
0.43689320388349506,0.07167456717638991,0.023809523809523808,0.5555555555555556,0.43490701001430665,0.6666666666666666,0.6666666666666666,0.15625,0.0,0.07407407407407407,0.23076923076923078,0.0
0.2524271844660194,0.09869070105995163,0.3603174603174603,0.37373737373737376,0.25751072961373467,0.33333333333333337,0.3333333333333333,0.71875,0.0,0.18518518518518517,0.9230769230769231,0.21428571428571427
0.19417475728155337,0.0330678441233442,0.030158730158730156,0.7676767676767677,0.42918454935622385,0.33333333333333337,0.3333333333333333,0.1875,0.0,0.1111111111111111,0.15384615384615385,0.03571428571428571
0.22330097087378642,0.06120739439585163,0.024603174603174603,1.0,0.19742489270386265,0.33333333333333337,0.3333333333333333,0.15625,0.0,0.037037037037037035,0.23076923076923078,0.03571428571428571
0.5145631067961165,0.07101134545279546,0.35595238095238096,0.5353535353535354,0.733905579399142,0.0,0.0,0.6875,0.4,0.25925925925925924,0.38461538461538464,0.3571428571428571
0.1553398058252427,0.11772711960248805,0.5515873015873016,0.030303030303030304,0.6094420600858372,0.33333333333333337,0.3333333333333333,0.59375,0.0,0.2962962962962963,0.38461538461538464,0.21428571428571427
0.10679611650485438,0.02831701096045334,0.01904761904761905,0.888888888888889,0.6781115879828334,0.33333333333333337,0.3333333333333333,0.15625,0.0,0.07407407407407407,0.23076923076923078,0.0
0.37864077669902907,0.03047511339437179,0.006746031746031746,0.04040404040404041,0.7896995708154515,0.33333333333333337,0.3333333333333333,0.09375,0.0,0.0,0.23076923076923078,0.0
0.35922330097087374,0.07467109616564602,0.07182539682539682,0.8080808080808082,0.3376251788268956,0.0,0.0,0.25,0.0,0.037037037037037035,0.3076923076923077,0.10714285714285714
0.20388349514563103,0.008677526859727853,0.010317460317460317,0.19191919191919193,0.3862660944206011,0.33333333333333337,0.3333333333333333,0.15625,0.0,0.07407407407407407,0.23076923076923078,0.0
0.19417475728155337,0.11762184631302862,0.3884920634920635,0.7272727272727273,0.001430615164521143,0.0,0.0,0.46875,0.0,0.07407407407407407,0.6923076923076923,0.14285714285714285
0.0,0.008677526859727853,0.04642857142857143,0.24242424242424243,0.8540772532188843,0.0,0.0,0.21875,0.2,0.1111111111111111,0.23076923076923078,0.03571428571428571
0.27184466019417475,0.06015315759712213,0.01984126984126984,0.9292929292929294,0.5736766809728184,0.33333333333333337,0.3333333333333333,0.125,0.0,0.07407407407407407,0.15384615384615385,0.0
0.43689320388349506,0.07467109616564602,0.04722222222222222,0.9696969696969697,0.2560801144492135,0.9999999999999999,1.0,0.21875,0.0,0.07407407407407407,0.3076923076923077,0.03571428571428571
0.40776699029126207,0.10650649085024724,0.5214285714285715,0.393939393939394,0.8555078683834054,0.6666666666666666,0.6666666666666666,0.59375,0.0,0.18518518518518517,0.9230769230769231,0.07142857142857142
0.37864077669902907,0.09588291203965495,0.19920634920634922,0.29292929292929293,0.06866952789699621,0.33333333333333337,0.3333333333333333,0.5,0.0,0.14814814814814814,0.7692307692307693,0.07142857142857142
0.3106796116504854,0.11642173081319104,0.6698412698412698,0.020202020202020204,0.9828326180257516,0.0,0.0,0.875,0.0,0.2222222222222222,1.0,0.3214285714285714
0.1844660194174757,0.05122297484269163,0.026587301587301587,0.5454545454545455,0.7768240343347648,0.33333333333333337,0.3333333333333333,0.15625,0.0,0.07407407407407407,0.23076923076923078,0.0
0.1844660194174757,0.12159365713391965,0.6396825396825397,0.5454545454545455,0.03147353361945715,0.0,0.0,0.625,0.6000000000000001,0.14814814814814814,0.5384615384615385,0.3214285714285714
0.17475728155339804,0.09721687500751952,0.2384920634920635,0.5757575757575758,0.5464949928469247,0.6666666666666666,0.6666666666666666,0.5,0.0,0.14814814814814814,0.7692307692307693,0.07142857142857142
0.3980582524271844,0.12129588411516296,0.7746031746031746,0.5555555555555556,0.8397711015736773,0.0,0.0,0.8125,0.4,0.1111111111111111,1.0,0.3571428571428571
0.2912621359223301,0.10310315579243716,0.43174603174603177,0.30303030303030304,0.6480686695278974,0.0,0.0,0.625,0.2,0.18518518518518517,0.7692307692307693,0.17857142857142855
0.07766990291262132,0.0394143195736131,0.009523809523809525,0.31313131313131315,0.08869814020028688,0.33333333333333337,0.3333333333333333,0.15625,0.0,0.037037037037037035,0.3076923076923077,0.0
0.13592233009708737,0.07467109616564602,0.01626984126984127,0.5757575757575758,0.5393419170243208,0.33333333333333337,0.3333333333333333,0.15625,0.0,0.07407407407407407,0.23076923076923078,0.0
0.27184466019417475,0.08154769782354994,0.20357142857142857,0.6363636363636365,0.1688125894134478,0.33333333333333337,0.3333333333333333,0.5,0.0,0.2962962962962963,0.46153846153846156,0.07142857142857142
0.13592233009708737,0.11135958949432727,0.5686507936507936,0.12121212121212122,0.5150214592274684,0.0,0.0,0.625,0.6000000000000001,0.1111111111111111,0.8461538461538463,0.21428571428571427
0.20388349514563103,0.09763796816535726,0.24087301587301588,0.18181818181818182,0.9442060085836914,0.6666666666666666,0.6666666666666666,0.5625,0.0,0.14814814814814814,0.9230769230769231,0.07142857142857142
0.4271844660194174,0.09037411119265613,0.3488095238095238,0.26262626262626265,0.7095851216022897,0.33333333333333337,0.3333333333333333,0.625,0.0,0.2962962962962963,0.7692307692307693,0.07142857142857142
0.43689320388349506,0.09918247771214071,0.2384920634920635,0.08080808080808081,0.547925608011445,0.33333333333333337,0.3333333333333333,0.5625,0.0,0.25925925925925924,0.6153846153846154,0.10714285714285714
0.46601941747572806,0.10367313545965326,0.425,0.29292929292929293,0.2932761087267526,0.0,0.0,0.46875,0.0,0.25925925925925924,0.3076923076923077,0.14285714285714285
0.24271844660194175,0.036080164106019226,0.011507936507936509,0.7575757575757577,0.577968526466381,0.33333333333333337,0.3333333333333333,0.125,0.2,0.037037037037037035,0.15384615384615385,0.03571428571428571
0.2815533980582524,0.0462360287305846,0.002380952380952381,0.0,0.07010014306151646,0.6666666666666666,0.6666666666666666,0.09375,0.0,0.037037037037037035,0.15384615384615385,0.0
0.16504854368932037,0.1300335671402962,0.5035714285714286,0.19191919191919193,0.1459227467811166,0.33333333333333337,0.3333333333333333,0.96875,0.6000000000000001,0.4074074074074074,0.7692307692307693,0.3571428571428571
0.3689320388349514,0.10131200596749161,0.2571428571428572,0.04040404040404041,0.39341917024320505,0.33333333333333337,0.3333333333333333,0.53125,0.0,0.18518518518518517,0.7692307692307693,0.07142857142857142
0.2524271844660194,0.10997148597759784,0.6178571428571429,0.9090909090909092,0.6394849785407732,0.9999999999999999,1.0,0.375,0.0,0.07407407407407407,0.38461538461538464,0.17857142857142855
0.40776699029126207,0.09814628776303283,0.49523809523809526,0.010101010101010102,0.9384835479256086,0.0,0.0,0.5625,0.0,0.14814814814814814,0.46153846153846156,0.2857142857142857
0.22330097087378642,0.07467109616564602,0.04126984126984127,0.25252525252525254,0.9341917024320461,0.33333333333333337,0.3333333333333333,0.1875,0.0,0.1111111111111111,0.23076923076923078,0.0
0.35922330097087374,0.0951986356581686,0.3404761904761905,0.29292929292929293,0.6709585121602295,0.33333333333333337,0.3333333333333333,0.8125,0.0,0.37037037037037035,1.0,0.10714285714285714
0.20388349514563103,0.08858145746357544,0.26031746031746034,0.888888888888889,0.6437768240343349,0.6666666666666666,0.6666666666666666,0.59375,0.2,0.3333333333333333,0.6153846153846154,0.07142857142857142
0.4271844660194174,0.04000685780285621,0.023809523809523808,0.5858585858585859,0.08583690987124548,0.0,0.0,0.21875,0.0,0.07407407407407407,0.3076923076923077,0.03571428571428571
0.1844660194174757,0.057924371668852344,0.0031746031746031746,0.686868686868687,0.7968526466380546,0.33333333333333337,0.3333333333333333,0.09375,0.0,0.037037037037037035,0.15384615384615385,0.0
0.23300970873786409,0.11056853591924636,0.748015873015873,0.3434343434343435,0.9599427753934195,0.0,0.0,0.5625,0.2,0.25925925925925924,0.38461538461538464,0.21428571428571427
0.19417475728155337,0.11143177689281375,0.8746031746031746,0.4040404040404041,0.8941344778254656,0.0,0.0,0.6875,0.4,0.18518518518518517,0.6923076923076923,0.2857142857142857
0.19417475728155337,0.036990026107775784,0.005158730158730159,0.12121212121212122,0.42632331902718246,0.0,0.0,0.09375,0.0,0.0,0.23076923076923078,0.0
0.30097087378640774,0.08168605700398233,0.27261904761904765,0.09090909090909091,0.7768240343347648,0.0,0.0,0.59375,0.4,0.37037037037037035,0.6153846153846154,0.03571428571428571
0.10679611650485438,0.04215443290782872,0.06349206349206349,0.8787878787878789,0.9570815450643781,0.33333333333333337,0.3333333333333333,0.25,0.0,0.1111111111111111,0.3076923076923077,0.03571428571428571
0.2621359223300971,0.03695694021680282,0.004365079365079365,0.05050505050505051,0.5307582260371966,0.33333333333333337,0.3333333333333333,0.09375,0.0,0.037037037037037035,0.15384615384615385,0.0
0.22330097087378642,0.032828723365857765,0.029365079365079365,0.8787878787878789,0.5164520743919887,0.33333333333333337,0.3333333333333333,0.1875,0.0,0.1111111111111111,0.23076923076923078,0.0
0.3203883495145631,0.055479023545123136,0.12420634920634921,0.5656565656565657,0.5922746781115888,0.0,0.0,0.3125,0.0,0.07407407407407407,0.23076923076923078,0.17857142857142855
0.08737864077669899,0.11975739018492006,0.30674603174603177,0.18181818181818182,0.17739628040057287,0.0,0.0,0.8125,0.0,0.1111111111111111,1.0,0.3571428571428571
0.3495145631067961,0.041673183584585584,0.02023809523809524,0.9595959595959597,0.4606580829756801,0.6666666666666666,0.6666666666666666,0.15625,0.0,0.037037037037037035,0.3076923076923077,0.0
0.2524271844660194,0.05174633348171854,0.05793650793650794,0.48484848484848486,0.4978540772532192,0.6666666666666666,0.6666666666666666,0.25,0.2,0.1111111111111111,0.3076923076923077,0.03571428571428571
0.37864077669902907,0.07317696740738958,0.14563492063492064,0.030303030303030304,0.04577968526466414,0.33333333333333337,0.3333333333333333,0.40625,0.6000000000000001,0.2222222222222222,0.46153846153846156,0.03571428571428571
0.22330097087378642,0.1170984876740017,0.540079365079365,0.7070707070707072,0.06866952789699621,0.0,0.0,0.5625,0.2,0.18518518518518517,0.5384615384615385,0.21428571428571427
0.2815533980582524,0.07887676407955051,0.07500000000000001,0.797979797979798,0.22746781115879866,0.33333333333333337,0.3333333333333333,0.28125,0.0,0.07407407407407407,0.38461538461538464,0.07142857142857142
0.37864077669902907,0.07467109616564602,0.23730158730158732,0.04040404040404041,0.8397711015736773,0.9999999999999999,1.0,0.53125,0.0,0.25925925925925924,0.6153846153846154,0.07142857142857142
0.37864077669902907,0.07467109616564602,0.005158730158730159,0.4545454545454546,0.04721030042918528,0.6666666666666666,0.6666666666666666,0.09375,0.0,0.037037037037037035,0.15384615384615385,0.0
0.22330097087378642,0.07467109616564602,0.3888888888888889,0.8787878787878789,0.311874105865523,0.0,0.0,0.4375,0.0,0.07407407407407407,0.6153846153846154,0.14285714285714285
0.23300970873786409,0.06115475775112192,0.010714285714285714,0.696969696969697,0.14020028612303292,0.33333333333333337,0.3333333333333333,0.125,0.0,0.037037037037037035,0.23076923076923078,0.0
0.2524271844660194,0.0329294849429118,0.015079365079365078,0.8484848484848485,0.051502145922746934,0.33333333333333337,0.3333333333333333,0.21875,0.0,0.1111111111111111,0.23076923076923078,0.03571428571428571
0.1262135922330097,0.04265974469723402,0.015873015873015872,0.30303030303030304,0.05436337625178833,0.33333333333333337,0.3333333333333333,0.15625,0.0,0.07407407407407407,0.23076923076923078,0.0
0.3495145631067961,0.06945931638533634,0.2384920634920635,0.7272727272727273,0.8354792560801148,0.33333333333333337,0.3333333333333333,0.53125,0.2,0.25925925925925924,0.46153846153846156,0.14285714285714285
0.23300970873786409,0.07532003079995668,0.023015873015873017,0.37373737373737376,0.6351931330472107,0.6666666666666666,0.6666666666666666,0.15625,0.0,0.07407407407407407,0.23076923076923078,0.0
0.43689320388349506,0.11545020874189396,0.3861111111111111,0.4444444444444445,0.3004291845493565,0.0,0.0,0.75,0.2,0.18518518518518517,0.9230769230769231,0.25
0.1262135922330097,0.0728190382232275,0.16071428571428573,0.32323232323232326,0.5350500715307582,0.0,0.0,0.4375,0.0,0.18518518518518517,0.5384615384615385,0.07142857142857142
0.3495145631067961,0.0693194533007688,0.026587301587301587,0.0,0.48783977110157384,0.33333333333333337,0.3333333333333333,0.15625,0.0,0.07407407407407407,0.23076923076923078,0.0
0.35922330097087374,0.049364149331665004,0.01984126984126984,0.43434343434343436,0.13018597997138848,0.33333333333333337,0.3333333333333333,0.15625,0.0,0.07407407407407407,0.23076923076923078,0.0
0.16504854368932037,0.12627230289832406,0.46190476190476193,0.595959595959596,0.622317596566524,0.33333333333333337,0.3333333333333333,0.78125,0.0,0.3333333333333333,0.8461538461538463,0.17857142857142855
0.49514563106796117,0.09642431752830348,0.44246031746031744,0.686868686868687,0.5836909871244638,0.0,0.0,0.46875,0.0,0.2222222222222222,0.46153846153846156,0.10714285714285714
0.35922330097087374,0.12853116690929653,0.43333333333333335,0.3535353535353536,0.074391988555079,0.0,0.0,0.59375,0.2,0.1111111111111111,0.38461538461538464,0.39285714285714285
0.16504854368932037,0.034385264145722294,0.009523809523809525,0.9494949494949496,0.2875536480686698,0.33333333333333337,0.3333333333333333,0.125,0.0,0.037037037037037035,0.23076923076923078,0.0
0.3106796116504854,0.07123392326479541,0.07222222222222222,0.15151515151515152,0.3977110157367676,0.6666666666666666,0.6666666666666666,0.28125,0.0,0.14814814814814814,0.3076923076923077,0.03571428571428571
0.2621359223300971,0.07622237328103758,0.35912698412698413,0.5656565656565657,0.7324749642346209,0.6666666666666666,0.6666666666666666,0.6875,0.0,0.2222222222222222,0.9230769230769231,0.14285714285714285
0.17475728155339804,0.05538427758460965,0.05555555555555555,0.17171717171717174,0.7968526466380546,0.33333333333333337,0.3333333333333333,0.21875,0.0,0.1111111111111111,0.23076923076923078,0.03571428571428571
0.3495145631067961,0.13133294031305268,0.33531746031746035,0.18181818181818182,0.8140200286123038,0.0,0.0,0.40625,0.0,0.18518518518518517,0.3076923076923077,0.14285714285714285
0.16504854368932037,0.11364702768386732,0.38253968253968257,0.4646464646464647,0.3419170243204581,0.33333333333333337,0.3333333333333333,0.71875,0.0,0.2222222222222222,0.8461538461538463,0.21428571428571427
0.04854368932038833,0.09985321895641085,0.7202380952380952,0.4040404040404041,0.852646638054364,0.0,0.0,0.5,0.4,0.25925925925925924,0.38461538461538464,0.14285714285714285
0.3203883495145631,0.08355390593981978,0.2392857142857143,0.27272727272727276,0.005722460658083683,0.33333333333333337,0.3333333333333333,0.53125,0.2,0.2962962962962963,0.6153846153846154,0.03571428571428571
0.04854368932038833,0.12678964592081043,0.28769841269841273,0.9595959595959597,0.7768240343347648,0.0,0.0,0.75,0.6000000000000001,0.2222222222222222,0.8461538461538463,0.25
0.1553398058252427,0.06353092628463491,0.21666666666666667,0.19191919191919193,0.8068669527896999,0.33333333333333337,0.3333333333333333,0.5,0.0,0.2222222222222222,0.46153846153846156,0.14285714285714285
0.33009708737864074,0.0737740173490381,0.04325396825396825,0.27272727272727276,0.4177396280400574,0.6666666666666666,0.6666666666666666,0.1875,0.0,0.07407407407407407,0.23076923076923078,0.03571428571428571
0.2524271844660194,0.1339001046717278,0.6821428571428572,0.25252525252525254,0.22317596566523612,0.0,0.0,0.46875,0.4,0.14814814814814814,0.38461538461538464,0.21428571428571427
0.17475728155339804,0.052365941985394085,0.22698412698412698,0.7474747474747475,0.7081545064377686,0.33333333333333337,0.3333333333333333,0.46875,0.0,0.3333333333333333,0.38461538461538464,0.03571428571428571
0.2815533980582524,0.04364780971401759,0.030158730158730156,0.8585858585858587,0.5050071530758231,0.6666666666666666,0.6666666666666666,0.15625,0.0,0.037037037037037035,0.23076923076923078,0.03571428571428571
0.2621359223300971,0.030360816680101543,0.011111111111111112,0.37373737373737376,0.32474964234620973,0.33333333333333337,0.3333333333333333,0.15625,0.0,0.07407407407407407,0.23076923076923078,0.0
0.41747572815533973,0.08181088104719852,0.25992063492063494,0.6565656565656566,0.5350500715307582,0.33333333333333337,0.3333333333333333,0.5625,0.0,0.2222222222222222,0.7692307692307693,0.07142857142857142
0.2815533980582524,0.04636085277380079,0.02976190476190476,0.13131313131313133,0.17882689556509312,0.33333333333333337,0.3333333333333333,0.1875,0.2,0.07407407407407407,0.23076923076923078,0.03571428571428571
0.10679611650485438,0.026739415522696923,0.00992063492063492,0.6363636363636365,0.42632331902718246,0.6666666666666666,0.6666666666666666,0.125,0.0,0.037037037037037035,0.23076923076923078,0.0
0.19417475728155337,0.04400724280231481,0.015079365079365078,0.8383838383838385,0.6194563662374826,0.33333333333333337,0.3333333333333333,0.125,0.0,0.037037037037037035,0.23076923076923078,0.0
0.1262135922330097,0.15075135050591335,0.44841269841269843,0.696969696969697,0.6781115879828334,0.0,0.0,0.84375,0.8,0.2222222222222222,1.0,0.2857142857142857
0.30097087378640774,0.10490934465873407,0.21984126984126984,0.8787878787878789,0.7095851216022897,0.0,0.0,0.4375,0.0,0.1111111111111111,0.5384615384615385,0.14285714285714285
0.11650485436893204,0.11711954233189359,0.7611111111111111,0.37373737373737376,0.6208869814020037,0.0,0.0,0.46875,0.2,0.1111111111111111,0.46153846153846156,0.21428571428571427
0.41747572815533973,0.07913242778252343,0.03373015873015873,0.5151515151515152,0.030042918454936007,0.6666666666666666,0.6666666666666666,0.1875,0.0,0.07407407407407407,0.3076923076923077,0.0
0.3398058252427184,0.07467109616564602,0.15833333333333335,0.23232323232323235,0.5050071530758231,0.33333333333333337,0.3333333333333333,0.4375,0.0,0.2222222222222222,0.5384615384615385,0.03571428571428571
0.38834951456310673,0.11376433220640783,0.26031746031746034,0.7272727272727273,0.0715307582260376,0.6666666666666666,0.6666666666666666,0.59375,0.0,0.2222222222222222,0.7692307692307693,0.10714285714285714
0.4271844660194174,0.09214119855143954,0.18174603174603177,0.10101010101010102,0.3891273247496425,0.33333333333333337,0.3333333333333333,0.4375,0.0,0.18518518518518517,0.38461538461538464,0.14285714285714285
0.3689320388349514,0.0896341903581698,0.2488095238095238,0.42424242424242425,0.6809728183118748,0.6666666666666666,0.6666666666666666,0.5625,0.0,0.4074074074074074,0.46153846153846156,0.03571428571428571
0.2621359223300971,0.1078569967635983,0.2857142857142857,0.10101010101010102,0.1988555078683838,0.0,0.0,0.5625,0.0,0.25925925925925924,0.6923076923076923,0.07142857142857142
0.3203883495145631,0.07467109616564602,0.2857142857142857,0.9696969696969697,0.4606580829756801,0.33333333333333337,0.3333333333333333,0.5625,0.0,0.2222222222222222,0.5384615384615385,0.17857142857142855
0.3106796116504854,0.059886966565203266,0.10873015873015873,0.5151515151515152,0.4563662374821176,0.6666666666666666,0.6666666666666666,0.34375,0.0,0.18518518518518517,0.38461538461538464,0.03571428571428571
0.2815533980582524,0.09211563218114224,0.5861111111111111,0.21212121212121213,0.6709585121602295,0.0,0.0,0.6875,0.2,0.14814814814814814,1.0,0.17857142857142855
0.19417475728155337,0.011757522528483944,0.009523809523809525,0.31313131313131315,0.9871244635193142,0.33333333333333337,0.3333333333333333,0.125,0.0,0.037037037037037035,0.23076923076923078,0.0
0.35922330097087374,0.04817305725663823,0.04007936507936508,0.6161616161616162,0.5107296137339059,0.9999999999999999,1.0,0.1875,0.0,0.07407407407407407,0.15384615384615385,0.07142857142857142
0.22330097087378642,0.05132824813215106,0.01746031746031746,0.37373737373737376,0.05865522174535087,0.6666666666666666,0.6666666666666666,0.125,0.4,0.037037037037037035,0.15384615384615385,0.03571428571428571
0.30097087378640774,0.0529238904195291,0.013095238095238096,0.7474747474747475,0.4806866952789708,0.6666666666666666,0.6666666666666666,0.15625,0.0,0.07407407407407407,0.23076923076923078,0.0
0.03883495145631066,0.1370492799307001,0.8222222222222222,0.4646464646464647,0.8841201716738203,0.0,0.0,0.65625,0.0,0.18518518518518517,0.9230769230769231,0.14285714285714285
0.19417475728155337,0.09530842066003345,0.4158730158730159,0.04040404040404041,0.32474964234620973,0.33333333333333337,0.3333333333333333,0.46875,0.2,0.1111111111111111,0.5384615384615385,0.17857142857142855
0.33009708737864074,0.1269009348268104,0.5476190476190477,0.7373737373737375,0.6237482117310451,0.0,0.0,0.6875,0.0,0.18518518518518517,0.7692307692307693,0.25
0.21359223300970875,0.10019310129095131,0.34365079365079365,0.4747474747474748,0.4363376251788269,0.33333333333333337,0.3333333333333333,0.6875,0.0,0.2962962962962963,0.6923076923076923,0.17857142857142855
0.07766990291262132,0.06038626273806802,0.12182539682539684,0.13131313131313133,0.6680972818311881,0.33333333333333337,0.3333333333333333,0.28125,0.0,0.14814814814814814,0.23076923076923078,0.07142857142857142
0.19417475728155337,0.08734524826449462,0.346031746031746,0.36363636363636365,0.8855507868383405,0.6666666666666666,0.6666666666666666,0.375,0.0,0.1111111111111111,0.46153846153846156,0.10714285714285714
0.20388349514563103,0.033427277211641425,0.025,0.4747474747474748,0.8712446351931336,0.33333333333333337,0.3333333333333333,0.15625,0.2,0.07407407407407407,0.23076923076923078,0.0
0.14563106796116504,0.0553692385432583,0.006746031746031746,0.494949494949495,0.4363376251788269,0.33333333333333337,0.3333333333333333,0.09375,0.0,0.037037037037037035,0.15384615384615385,0.0
0.22330097087378642,0.05106957662090788,0.08174603174603173,0.9494949494949496,0.9670958512160235,0.9999999999999999,1.0,0.28125,0.0,0.14814814814814814,0.3076923076923077,0.03571428571428571
0.2912621359223301,0.07199941046957903,0.048412698412698414,0.6565656565656566,0.011444921316166479,0.0,0.0,0.21875,0.0,0.07407407407407407,0.3076923076923077,0.03571428571428571
0.41747572815533973,0.0866609718830083,0.18015873015873016,0.595959595959596,0.09442060085836967,0.6666666666666666,0.6666666666666666,0.46875,0.0,0.14814814814814814,0.5384615384615385,0.14285714285714285
0.2621359223300971,0.09627543101892513,0.18055555555555555,0.9696969696969697,0.163090128755365,0.33333333333333337,0.3333333333333333,0.46875,0.2,0.2962962962962963,0.46153846153846156,0.03571428571428571
0.23300970873786409,0.06709517908490441,0.16825396825396827,0.2828282828282829,0.8040057224606585,0.33333333333333337,0.3333333333333333,0.40625,0.0,0.25925925925925924,0.38461538461538464,0.03571428571428571
0.07766990291262132,0.048795673568584046,0.03333333333333333,0.12121212121212122,0.06866952789699621,0.33333333333333337,0.3333333333333333,0.21875,0.0,0.1111111111111111,0.3076923076923077,0.0
0.4271844660194174,0.08915143713079153,0.4031746031746032,0.5757575757575758,0.8984263233190273,0.33333333333333337,0.3333333333333333,0.75,0.0,0.2962962962962963,0.8461538461538463,0.17857142857142855
0.4563106796116504,0.10172708350878881,0.5460317460317461,0.10101010101010102,0.7081545064377686,0.0,0.0,0.625,0.6000000000000001,0.37037037037037035,0.46153846153846156,0.14285714285714285
0.3689320388349514,0.07254382376649783,0.11944444444444444,0.04040404040404041,0.5092989985693857,0.33333333333333337,0.3333333333333333,0.375,0.0,0.2222222222222222,0.38461538461538464,0.03571428571428571
0.17475728155339804,0.0879317708771972,0.005158730158730159,0.494949494949495,0.414878397711016,0.9999999999999999,1.0,0.09375,0.0,0.0,0.23076923076923078,0.0
0.1844660194174757,0.08067693732930688,0.062301587301587295,0.030303030303030304,0.3648068669527902,0.33333333333333337,0.3333333333333333,0.25,0.0,0.037037037037037035,0.46153846153846156,0.03571428571428571
0.3980582524271844,0.11818731426783931,0.4865079365079365,0.6464646464646465,0.4477825464949934,0.0,0.0,0.53125,0.0,0.1111111111111111,0.7692307692307693,0.14285714285714285
0.3689320388349514,0.04330191176293658,0.0031746031746031746,0.0,0.5193133047210301,0.9999999999999999,1.0,0.09375,0.0,0.037037037037037035,0.15384615384615385,0.0
0.49514563106796117,0.10320692517776146,0.675,0.20202020202020204,0.859799713876968,0.0,0.0,0.78125,0.0,0.37037037037037035,0.6923076923076923,0.21428571428571427
0.11650485436893204,0.032330931097128146,0.046031746031746035,0.9191919191919192,0.25035765379113073,0.33333333333333337,0.3333333333333333,0.21875,0.0,0.1111111111111111,0.3076923076923077,0.0
0.20388349514563103,0.10893529602848996,0.5111111111111111,0.09090909090909091,0.6065808297567958,0.0,0.0,0.59375,0.0,0.18518518518518517,0.7692307692307693,0.14285714285714285
0.22330097087378642,0.2338766437672197,0.6361111111111111,0.98989898989899,0.17167381974249007,0.33333333333333337,0.3333333333333333,0.6875,0.0,0.0,0.0,0.7857142857142857
0.2912621359223301,0.06279100545014858,0.03293650793650794,0.8383838383838385,0.32618025751073,0.9999999999999999,1.0,0.1875,0.0,0.07407407407407407,0.3076923076923077,0.0
0.41747572815533973,0.09146895340303428,0.16507936507936508,0.27272727272727276,0.31902718168812605,0.0,0.0,0.53125,0.2,0.2222222222222222,0.3076923076923077,0.25
0.35922330097087374,0.07610055704609166,0.1007936507936508,0.6363636363636365,0.4363376251788269,0.0,0.0,0.34375,0.2,0.1111111111111111,0.46153846153846156,0.07142857142857142
0.07766990291262132,0.09808613159762744,0.44126984126984126,0.4646464646464647,0.3419170243204581,0.0,0.0,0.4375,0.0,0.1111111111111111,0.5384615384615385,0.14285714285714285
0.37864077669902907,0.036636608636019106,0.03333333333333333,0.8484848484848485,0.17739628040057287,0.6666666666666666,0.6666666666666666,0.1875,0.0,0.07407407407407407,0.23076923076923078,0.03571428571428571
0.30097087378640774,0.04771286259128698,0.012301587301587301,0.5858585858585859,0.09871244635193133,0.6666666666666666,0.6666666666666666,0.125,0.0,0.037037037037037035,0.23076923076923078,0.0
0.13592233009708737,0.04058736479901825,0.020634920634920634,0.787878787878788,0.5021459227467817,0.33333333333333337,0.3333333333333333,0.15625,0.0,0.07407407407407407,0.23076923076923078,0.0
0.2524271844660194,0.07326569775136253,0.056746031746031746,0.04040404040404041,0.09871244635193133,0.6666666666666666,0.6666666666666666,0.21875,0.0,0.1111111111111111,0.23076923076923078,0.03571428571428571
0.35922330097087374,0.0779127615289291,0.03492063492063492,0.17171717171717174,0.21459227467811193,0.6666666666666666,0.6666666666666666,0.1875,0.0,0.07407407407407407,0.23076923076923078,0.03571428571428571
0.2815533980582524,0.07571254977922687,0.04523809523809524,0.7777777777777778,0.12303290414878454,0.33333333333333337,0.3333333333333333,0.1875,0.2,0.07407407407407407,0.15384615384615385,0.07142857142857142
0.20388349514563103,0.11835274372270414,0.7261904761904762,0.5656565656565657,0.9370529327610875,0.33333333333333337,0.3333333333333333,0.84375,0.0,0.4074074074074074,0.6153846153846154,0.2857142857142857
0.46601941747572806,0.12348105682351385,0.5210317460317461,0.797979797979798,0.8011444921316171,0.0,0.0,0.75,0.6000000000000001,0.3333333333333333,0.38461538461538464,0.3571428571428571
0.2524271844660194,0.05582943320860955,0.015873015873015872,0.9090909090909092,0.052932761087268076,0.6666666666666666,0.6666666666666666,0.15625,0.0,0.07407407407407407,0.23076923076923078,0.0
0.35922330097087374,0.05497521565985298,0.001984126984126984,0.9696969696969697,0.007153075822603938,0.9999999999999999,1.0,0.09375,0.0,0.0,0.23076923076923078,0.0
0.43689320388349506,0.11545020874189396,0.3861111111111111,0.4444444444444445,0.3004291845493565,0.0,0.0,0.75,0.2,0.18518518518518517,0.9230769230769231,0.25
0.19417475728155337,0.07507489442592971,0.0738095238095238,0.8181818181818182,0.07010014306151646,0.33333333333333337,0.3333333333333333,0.28125,0.0,0.14814814814814814,0.3076923076923077,0.03571428571428571
0.07766990291262132,0.02183368023388717,0.020634920634920634,0.7777777777777778,0.0715307582260376,0.33333333333333337,0.3333333333333333,0.1875,0.0,0.07407407407407407,0.23076923076923078,0.03571428571428571
0.4854368932038834,0.0979116787179518,0.40793650793650793,0.21212121212121213,0.3919885550786839,0.0,0.0,0.71875,0.0,0.2222222222222222,1.0,0.14285714285714285
0.11650485436893204,0.04323273217272038,0.024206349206349207,0.16161616161616163,0.2260371959942784,0.33333333333333337,0.3333333333333333,0.15625,0.0,0.037037037037037035,0.23076923076923078,0.03571428571428571
0.3398058252427184,0.03988203375964003,0.015079365079365078,0.8080808080808082,0.02002861230329067,0.0,0.0,0.15625,0.0,0.07407407407407407,0.23076923076923078,0.0
0.1262135922330097,0.03540340724520856,0.017857142857142856,0.4545454545454546,0.8168812589413452,0.33333333333333337,0.3333333333333333,0.125,0.0,0.037037037037037035,0.15384615384615385,0.03571428571428571
0.2524271844660194,0.045978861123476544,0.013492063492063493,0.6363636363636365,0.16165951359084474,0.33333333333333337,0.3333333333333333,0.15625,0.0,0.037037037037037035,0.3076923076923077,0.0
0.2912621359223301,0.08956651467208875,0.2392857142857143,0.3434343434343435,0.47353361945636685,0.33333333333333337,0.3333333333333333,0.5,0.0,0.25925925925925924,0.6153846153846154,0.03571428571428571
0.19417475728155337,0.10878941732738188,0.6253968253968254,0.14141414141414144,0.6680972818311881,0.0,0.0,0.71875,0.0,0.14814814814814814,0.6923076923076923,0.3571428571428571
0.3106796116504854,0.06621539516585055,0.025,0.13131313131313133,0.7024320457796858,0.6666666666666666,0.6666666666666666,0.15625,0.0,0.07407407407407407,0.23076923076923078,0.0
0.17475728155339804,0.03481838853664112,0.02976190476190476,0.5252525252525253,0.94134477825465,0.33333333333333337,0.3333333333333333,0.125,0.2,0.037037037037037035,0.15384615384615385,0.03571428571428571
0.06796116504854366,0.0981192174886004,0.5067460317460317,0.98989898989899,0.5836909871244638,0.0,0.0,0.84375,0.0,0.2962962962962963,0.9230769230769231,0.25
0.9320388349514562,0.05250129335755622,0.023809523809523808,1.0,0.3948497854077262,0.33333333333333337,0.3333333333333333,0.15625,0.0,0.07407407407407407,0.15384615384615385,0.03571428571428571
0.07766990291262132,0.05585800738717711,0.034126984126984124,0.9393939393939394,0.5650929899856942,0.33333333333333337,0.3333333333333333,0.1875,0.0,0.1111111111111111,0.23076923076923078,0.0
0.22330097087378642,0.07431993455009203,0.12301587301587302,0.38383838383838387,0.7095851216022897,0.6666666666666666,0.6666666666666666,0.375,0.0,0.18518518518518517,0.46153846153846156,0.03571428571428571
0.1844660194174757,0.044550152195098475,0.010317460317460317,0.24242424242424243,0.26037195994277607,0.6666666666666666,0.6666666666666666,0.125,0.0,0.037037037037037035,0.15384615384615385,0.03571428571428571
0.1553398058252427,0.10216171180384277,0.32896825396825397,0.8080808080808082,0.06723891273247506,0.0,0.0,0.6875,0.0,0.25925925925925924,0.9230769230769231,0.10714285714285714
0.40776699029126207,0.11781133823405561,0.6329365079365079,0.8282828282828284,0.40486409155937064,0.0,0.0,0.5,0.2,0.14814814814814814,0.46153846153846156,0.21428571428571427
0.40776699029126207,0.12781380463683722,0.501984126984127,0.20202020202020204,0.755364806866953,0.0,0.0,0.5,0.0,0.18518518518518517,0.38461538461538464,0.21428571428571427
0.22330097087378642,0.06786217019382317,0.10238095238095238,0.8181818181818182,0.12875536480686733,0.6666666666666666,0.6666666666666666,0.28125,0.4,0.18518518518518517,0.23076923076923078,0.03571428571428571
0.4271844660194174,0.10138118555770781,0.21031746031746032,0.5050505050505051,0.0,0.33333333333333337,0.3333333333333333,0.5,0.2,0.2962962962962963,0.5384615384615385,0.03571428571428571
0.27184466019417475,0.11157765559392183,0.5119047619047619,0.6060606060606061,0.28898426323319093,0.0,0.0,0.53125,0.0,0.14814814814814814,0.6923076923076923,0.14285714285714285
0.17475728155339804,0.09318641192535823,0.45436507936507936,0.6363636363636365,0.36909871244635273,0.33333333333333337,0.3333333333333333,0.8125,0.0,0.4074074074074074,0.6923076923076923,0.21428571428571427
0.1844660194174757,0.15103709229158896,0.49007936507936506,0.5454545454545455,0.8640915593705296,0.0,0.0,0.8125,0.8,0.25925925925925924,0.7692307692307693,0.3214285714285714
0.30097087378640774,0.058512398185690054,0.013095238095238096,0.7272727272727273,0.4964234620886989,0.6666666666666666,0.6666666666666666,0.125,0.0,0.037037037037037035,0.23076923076923078,0.0
0.11650485436893204,0.02580699495891334,0.011904761904761904,0.05050505050505051,0.852646638054364,0.0,0.0,0.09375,0.4,0.0,0.15384615384615385,0.03571428571428571
0.07766990291262132,0.041919823862747695,0.01904761904761905,0.888888888888889,0.2904148783977112,0.33333333333333337,0.3333333333333333,0.125,0.2,0.037037037037037035,0.23076923076923078,0.0
0.3203883495145631,0.07066995921411985,0.1142857142857143,0.5050505050505051,0.5894134477825466,0.6666666666666666,0.6666666666666666,0.34375,0.0,0.14814814814814814,0.38461538461538464,0.07142857142857142
0.2912621359223301,0.06476412767544545,0.023809523809523808,1.0,0.030042918454936007,0.33333333333333337,0.3333333333333333,0.15625,0.0,0.07407407407407407,0.23076923076923078,0.0
0.40776699029126207,0.09439555085000662,0.7138888888888889,0.17171717171717174,0.9399141630901289,0.33333333333333337,0.3333333333333333,0.75,0.4,0.4074074074074074,0.6923076923076923,0.14285714285714285
0.38834951456310673,0.0667237147635261,0.09365079365079365,0.11111111111111112,0.6509298998569388,0.33333333333333337,0.3333333333333333,0.3125,0.0,0.1111111111111111,0.46153846153846156,0.03571428571428571
0.40776699029126207,0.11466065907094818,0.43492063492063493,0.18181818181818182,0.14735336194563686,0.0,0.0,0.59375,0.0,0.14814814814814814,0.6923076923076923,0.21428571428571427
0.27184466019417475,0.06413699965109423,0.10277777777777777,0.7070707070707072,0.904148783977111,0.6666666666666666,0.6666666666666666,0.34375,0.0,0.18518518518518517,0.38461538461538464,0.03571428571428571
0.21359223300970875,0.06659889072030993,0.2126984126984127,0.21212121212121213,0.7496423462088702,0.6666666666666666,0.6666666666666666,0.5,0.0,0.25925925925925924,0.6153846153846154,0.03571428571428571
0.10679611650485438,0.10410174813816668,0.4734126984126984,0.6666666666666667,0.6022889842632333,0.0,0.0,0.5,0.0,0.1111111111111111,0.6923076923076923,0.14285714285714285
0.1844660194174757,0.05972454491860871,0.18928571428571428,0.797979797979798,0.12732474964234708,0.33333333333333337,0.3333333333333333,0.4375,0.0,0.2962962962962963,0.38461538461538464,0.03571428571428571
0.17475728155339804,0.07589452217957818,0.004761904761904762,0.020202020202020204,0.06866952789699621,0.9999999999999999,1.0,0.09375,0.0,0.037037037037037035,0.15384615384615385,0.0
0.46601941747572806,0.12341037332916249,0.638888888888889,0.8181818181818182,0.3233190271816886,0.0,0.0,0.75,0.4,0.2962962962962963,0.46153846153846156,0.3571428571428571
0.40776699029126207,0.06439867897060769,0.1111111111111111,0.24242424242424243,0.43204577968526525,0.33333333333333337,0.3333333333333333,0.3125,0.0,0.14814814814814814,0.38461538461538464,0.03571428571428571
0.1553398058252427,0.10193161447116715,0.44841269841269843,0.48484848484848486,0.8469241773962812,0.33333333333333337,0.3333333333333333,0.8125,0.0,0.4074074074074074,0.8461538461538463,0.14285714285714285
0.07766990291262132,0.06538072837085072,0.04325396825396825,0.9393939393939394,0.1130185979971392,0.33333333333333337,0.3333333333333333,0.1875,0.0,0.037037037037037035,0.3076923076923077,0.03571428571428571
0.2621359223300971,0.1063711394780851,0.4134920634920635,0.5656565656565657,0.32474964234620973,0.0,0.0,0.46875,0.0,0.1111111111111111,0.5384615384615385,0.17857142857142855
0.2524271844660194,0.11413429262365099,0.28134920634920635,0.030303030303030304,0.10872675250357666,0.6666666666666666,0.6666666666666666,0.625,0.0,0.2222222222222222,0.8461538461538463,0.10714285714285714
0.1553398058252427,0.04361622772717976,0.07142857142857142,0.4444444444444445,0.7725321888412022,0.33333333333333337,0.3333333333333333,0.28125,0.0,0.14814814814814814,0.3076923076923077,0.03571428571428571
0.33009708737864074,0.09347816932757438,0.4920634920634921,0.38383838383838387,0.9427753934191703,0.33333333333333337,0.3333333333333333,0.84375,0.0,0.3333333333333333,0.9230769230769231,0.21428571428571427
0.17475728155339804,0.06057876246736528,0.073015873015873,0.4646464646464647,0.6580829756795428,0.33333333333333337,0.3333333333333333,0.25,0.0,0.1111111111111111,0.3076923076923077,0.03571428571428571
0.19417475728155337,0.07465229736395683,0.2265873015873016,0.8484848484848485,0.8755364806866961,0.33333333333333337,0.3333333333333333,0.4375,0.0,0.2962962962962963,0.3076923076923077,0.07142857142857142
0.4271844660194174,0.07490495325865948,0.4357142857142857,0.27272727272727276,0.8111587982832624,0.33333333333333337,0.3333333333333333,0.46875,0.0,0.07407407407407407,0.8461538461538463,0.07142857142857142
0.23300970873786409,0.11760530336754214,0.6936507936507936,0.7272727272727273,0.9871244635193142,0.0,0.0,0.5,0.0,0.1111111111111111,0.6153846153846154,0.17857142857142855
0.09708737864077666,0.049012235764043455,0.004761904761904762,0.6666666666666667,0.1902718168812596,0.33333333333333337,0.3333333333333333,0.09375,0.0,0.037037037037037035,0.15384615384615385,0.0
0.2912621359223301,0.05314797213566418,0.16984126984126985,0.30303030303030304,0.666666666666667,0.6666666666666666,0.6666666666666666,0.4375,0.2,0.18518518518518517,0.6153846153846154,0.03571428571428571
0.33009708737864074,0.12068078732389283,0.6281746031746032,0.020202020202020204,0.7725321888412022,0.33333333333333337,0.3333333333333333,0.40625,0.2,0.2222222222222222,0.3076923076923077,0.10714285714285714
0.24271844660194175,0.055433906421069094,0.006746031746031746,0.6565656565656566,0.5865522174535052,0.33333333333333337,0.3333333333333333,0.09375,0.0,0.037037037037037035,0.15384615384615385,0.0
0.43689320388349506,0.02000643670969838,0.005555555555555556,0.37373737373737376,0.10586552217453526,0.0,0.0,0.125,0.0,0.037037037037037035,0.23076923076923078,0.0
0.30097087378640774,0.09176071080525043,0.44126984126984126,0.8989898989898991,0.6623748211731044,0.33333333333333337,0.3333333333333333,0.8125,0.0,0.25925925925925924,0.8461538461538463,0.2857142857142857
0.20388349514563103,0.030802964495831177,0.025396825396825397,0.494949494949495,0.28898426323319093,0.33333333333333337,0.3333333333333333,0.1875,0.0,0.07407407407407407,0.3076923076923077,0.0
0.13592233009708737,0.032982121587641515,0.0071428571428571435,0.4646464646464647,0.296137339055794,0.33333333333333337,0.3333333333333333,0.125,0.0,0.037037037037037035,0.23076923076923078,0.0
0.3689320388349514,0.11735114356870435,0.2380952380952381,0.32323232323232326,0.3834048640915597,0.33333333333333337,0.3333333333333333,0.5625,0.0,0.18518518518518517,0.8461538461538463,0.07142857142857142
0.22330097087378642,0.008677526859727853,0.020634920634920634,0.5454545454545455,0.2646638054363377,0.33333333333333337,0.3333333333333333,0.21875,0.0,0.1111111111111111,0.23076923076923078,0.03571428571428571
0.9999999999999999,0.08790620450689991,0.006746031746031746,0.23232323232323235,0.06151645207439227,0.33333333333333337,0.3333333333333333,0.09375,0.0,0.037037037037037035,0.15384615384615385,0.0
0.27184466019417475,0.10786752409254424,0.8265873015873016,0.98989898989899,0.34907010014306206,0.0,0.0,0.65625,0.2,0.2222222222222222,0.7692307692307693,0.17857142857142855
0.3689320388349514,0.09509336236870916,0.39841269841269844,0.9797979797979799,0.7911301859799718,0.33333333333333337,0.3333333333333333,0.4375,0.0,0.2222222222222222,0.3076923076923077,0.14285714285714285
0.24271844660194175,0.03169327574383098,0.008333333333333333,0.7575757575757577,0.47639484978540825,0.33333333333333337,0.3333333333333333,0.125,0.0,0.07407407407407407,0.15384615384615385,0.0
0.058252427184465994,0.10821642985189552,0.6436507936507937,0.08080808080808081,0.30472103004291906,0.0,0.0,0.65625,0.4,0.1111111111111111,0.6923076923076923,0.3214285714285714
0.3689320388349514,0.08924768699544017,0.4353174603174603,0.37373737373737376,0.9742489270386274,0.33333333333333337,0.3333333333333333,0.75,0.0,0.4074074074074074,0.6153846153846154,0.17857142857142855
0.3106796116504854,0.04505095227209837,0.004761904761904762,0.31313131313131315,0.03433476394849855,0.6666666666666666,0.6666666666666666,0.125,0.0,0.037037037037037035,0.23076923076923078,0.0
0.23300970873786409,0.11791209981110964,0.6686507936507936,0.4040404040404041,0.5793991416309021,0.33333333333333337,0.3333333333333333,0.4375,0.8,0.18518518518518517,0.46153846153846156,0.10714285714285714
0.41747572815533973,0.11023166139297616,0.5496031746031746,0.7474747474747475,0.7668097281831194,0.33333333333333337,0.3333333333333333,0.59375,0.0,0.3333333333333333,0.46153846153846156,0.14285714285714285
0.07766990291262132,0.09898095455803266,0.8416666666666667,0.9090909090909092,0.9542203147353367,0.0,0.0,0.59375,0.0,0.14814814814814814,0.38461538461538464,0.3571428571428571
0.2621359223300971,0.09541670175776315,0.6055555555555555,0.5757575757575758,0.8698140200286124,0.33333333333333337,0.3333333333333333,0.65625,0.0,0.3333333333333333,0.46153846153846156,0.21428571428571427
0.20388349514563103,0.04425989869701746,0.023412698412698413,0.595959595959596,0.4091559370529332,0.33333333333333337,0.3333333333333333,0.15625,0.0,0.07407407407407407,0.23076923076923078,0.0
0.10679611650485438,0.04242212784388272,0.008333333333333333,0.5252525252525253,0.3505007153075823,0.33333333333333337,0.3333333333333333,0.125,0.0,0.037037037037037035,0.23076923076923078,0.0
0.21359223300970875,0.1518371692914807,0.4392857142857143,0.05050505050505051,0.6437768240343349,0.0,0.0,0.875,1.0,0.2222222222222222,1.0,0.3214285714285714
0.3689320388349514,0.037236666385937894,0.08134920634920634,0.9292929292929294,0.9227467811158805,0.0,0.0,0.28125,0.0,0.1111111111111111,0.38461538461538464,0.03571428571428571
0.2815533980582524,0.11124679668419216,0.45357142857142857,0.7777777777777778,0.9570815450643781,0.6666666666666666,0.6666666666666666,0.65625,0.0,0.14814814814814814,0.8461538461538463,0.21428571428571427
0.21359223300970875,0.04386737971774727,0.011111111111111112,0.3535353535353536,0.8927038626609445,0.33333333333333337,0.3333333333333333,0.125,0.0,0.037037037037037035,0.23076923076923078,0.0
0.3398058252427184,0.0926585415739259,0.43492063492063493,0.48484848484848486,0.8884120171673828,0.33333333333333337,0.3333333333333333,0.5,0.2,0.2962962962962963,0.38461538461538464,0.10714285714285714
0.3106796116504854,0.06656129311693156,0.1257936507936508,0.9797979797979799,0.8798283261802577,0.33333333333333337,0.3333333333333333,0.375,0.0,0.1111111111111111,0.5384615384615385,0.07142857142857142
0.3106796116504854,0.02552275707737286,0.015476190476190477,0.9595959595959597,0.5579399141630903,0.6666666666666666,0.6666666666666666,0.1875,0.0,0.07407407407407407,0.3076923076923077,0.0
0.37864077669902907,0.058662788599203534,0.004761904761904762,0.24242424242424243,0.2904148783977112,0.9999999999999999,1.0,0.09375,0.0,0.037037037037037035,0.15384615384615385,0.0
0.16504854368932037,0.02038842836002262,0.010317460317460317,0.6060606060606061,0.896995708154507,0.33333333333333337,0.3333333333333333,0.125,0.4,0.037037037037037035,0.15384615384615385,0.03571428571428571
0.27184466019417475,0.10218126255759953,0.3333333333333333,0.4646464646464647,0.5765379113018598,0.6666666666666666,0.6666666666666666,0.6875,0.0,0.37037037037037035,0.7692307692307693,0.07142857142857142
0.2524271844660194,0.06380914854963485,0.10714285714285715,0.8585858585858587,0.017167381974249274,0.33333333333333337,0.3333333333333333,0.34375,0.0,0.14814814814814814,0.46153846153846156,0.03571428571428571
0.17475728155339804,0.054120998111096406,0.007936507936507936,0.31313131313131315,0.8340486409155945,0.33333333333333337,0.3333333333333333,0.09375,0.0,0.037037037037037035,0.15384615384615385,0.0
0.4271844660194174,0.06323315326587822,0.10714285714285715,0.09090909090909091,0.7310443490701006,0.6666666666666666,0.6666666666666666,0.34375,0.2,0.18518518518518517,0.3076923076923077,0.07142857142857142
0.2912621359223301,0.05481580182152869,0.03373015873015873,0.30303030303030304,0.6752503576537912,0.6666666666666666,0.6666666666666666,0.21875,0.0,0.1111111111111111,0.23076923076923078,0.03571428571428571
0.3203883495145631,0.1178970607697583,0.5912698412698413,0.4747474747474748,0.0042918454935625405,0.0,0.0,0.5625,0.2,0.1111111111111111,0.6153846153846154,0.25
0.2524271844660194,0.054692481682447634,0.07103174603174603,0.7070707070707072,0.8898426323319031,0.6666666666666666,0.6666666666666666,0.21875,0.4,0.1111111111111111,0.15384615384615385,0.07142857142857142
0.2524271844660194,0.10709301346294982,0.3873015873015873,0.13131313131313133,0.5364806866952794,0.0,0.0,0.375,0.0,0.1111111111111111,0.46153846153846156,0.10714285714285714
0.2524271844660194,0.030589410108642037,0.024603174603174603,0.11111111111111112,0.3834048640915597,0.33333333333333337,0.3333333333333333,0.1875,0.0,0.07407407407407407,0.15384615384615385,0.07142857142857142
0.41747572815533973,0.10156917357459966,0.6468253968253969,0.31313131313131315,0.9227467811158805,0.0,0.0,0.375,0.2,0.1111111111111111,0.38461538461538464,0.14285714285714285
0.1262135922330097,0.04520435049388212,0.021825396825396824,0.15151515151515152,0.14449213161659547,0.33333333333333337,0.3333333333333333,0.21875,0.0,0.1111111111111111,0.3076923076923077,0.0
0.20388349514563103,0.09049743133173718,0.08968253968253967,0.020202020202020204,0.207439198855508,0.33333333333333337,0.3333333333333333,0.3125,0.0,0.14814814814814814,0.3076923076923077,0.07142857142857142
0.3495145631067961,0.041485195567693735,0.017063492063492065,0.5555555555555556,0.12017167381974314,0.6666666666666666,0.6666666666666666,0.1875,0.0,0.07407407407407407,0.3076923076923077,0.0
0.3203883495145631,0.04759555806874646,0.0373015873015873,0.38383838383838387,0.7267525035765381,0.6666666666666666,0.6666666666666666,0.1875,0.0,0.07407407407407407,0.3076923076923077,0.0
0.3203883495145631,0.09712664075941144,0.3035714285714286,0.8686868686868687,0.4091559370529332,0.33333333333333337,0.3333333333333333,0.65625,0.0,0.2222222222222222,0.9230769230769231,0.10714285714285714
0.38834951456310673,0.08870628150679163,0.37777777777777777,0.5656565656565657,0.755364806866953,0.0,0.0,0.65625,0.2,0.25925925925925924,0.7692307692307693,0.14285714285714285
0.14563106796116504,0.11452530769878605,0.32261904761904764,0.29292929292929293,0.08583690987124548,0.0,0.0,0.34375,0.0,0.1111111111111111,0.38461538461538464,0.10714285714285714
0.09708737864077666,0.10247151605568054,0.36507936507936506,0.30303030303030304,0.6480686695278974,0.0,0.0,0.5,0.4,0.1111111111111111,0.6153846153846154,0.17857142857142855
0.27184466019417475,0.09340898973735819,0.35833333333333334,0.6464646464646465,0.6208869814020037,0.33333333333333337,0.3333333333333333,0.65625,0.0,0.3333333333333333,0.6923076923076923,0.10714285714285714
0.14563106796116504,0.03421381907431693,0.038492063492063494,0.4646464646464647,0.719599427753935,0.33333333333333337,0.3333333333333333,0.21875,0.0,0.1111111111111111,0.3076923076923077,0.0
0.19417475728155337,0.07465229736395683,0.2265873015873016,0.8484848484848485,0.8755364806866961,0.33333333333333337,0.3333333333333333,0.4375,0.0,0.2962962962962963,0.3076923076923077,0.07142857142857142
0.4854368932038834,0.0541856659889072,0.12380952380952381,0.20202020202020204,0.9542203147353367,0.0,0.0,0.34375,0.0,0.14814814814814814,0.46153846153846156,0.03571428571428571
0.21359223300970875,0.09611451327646571,0.18095238095238095,0.7474747474747475,0.17167381974249007,0.33333333333333337,0.3333333333333333,0.4375,0.0,0.18518518518518517,0.6153846153846154,0.03571428571428571
0.20388349514563103,0.06404977321125642,0.012698412698412698,0.18181818181818182,0.10443490701001501,0.6666666666666666,0.6666666666666666,0.15625,0.0,0.07407407407407407,0.23076923076923078,0.0
0.21359223300970875,0.043464333409531146,0.025793650793650792,0.7575757575757577,0.503576537911302,0.33333333333333337,0.3333333333333333,0.1875,0.0,0.1111111111111111,0.15384615384615385,0.03571428571428571
0.4271844660194174,0.110609141330895,0.3670634920634921,0.17171717171717174,0.7381974248927046,0.0,0.0,0.6875,0.0,0.2222222222222222,1.0,0.10714285714285714
0.38834951456310673,0.07394395851630833,0.3388888888888889,0.888888888888889,0.7682403433476397,0.6666666666666666,0.6666666666666666,0.625,0.0,0.2222222222222222,0.9230769230769231,0.07142857142857142
0.2912621359223301,0.1176293658337043,0.5845238095238096,0.19191919191919193,0.06866952789699621,0.0,0.0,0.65625,0.0,0.18518518518518517,0.38461538461538464,0.39285714285714285
0.4563106796116504,0.05066051469615121,0.1527777777777778,0.6262626262626263,0.5450643776824036,0.0,0.0,0.40625,0.0,0.25925925925925924,0.38461538461538464,0.03571428571428571
0.11650485436893204,0.04614579448247651,0.01865079365079365,0.11111111111111112,0.5150214592274684,0.0,0.0,0.125,0.2,0.037037037037037035,0.23076923076923078,0.0
0.2621359223300971,0.055089512374123226,0.05238095238095238,0.7474747474747475,0.26323319027181746,0.33333333333333337,0.3333333333333333,0.21875,0.0,0.1111111111111111,0.23076923076923078,0.03571428571428571
0.1553398058252427,0.1214658252824332,0.7595238095238095,0.32323232323232326,0.866952789699571,0.0,0.0,0.5625,0.2,0.07407407407407407,0.6923076923076923,0.25
0.24271844660194175,0.02240215599696813,0.025,0.7676767676767677,0.23605150214592285,0.6666666666666666,0.6666666666666666,0.1875,0.0,0.1111111111111111,0.23076923076923078,0.0
0.30097087378640774,0.04202208934393686,0.007936507936507936,0.06060606060606061,0.6781115879828334,0.6666666666666666,0.6666666666666666,0.09375,0.0,0.0,0.23076923076923078,0.0
0.4271844660194174,0.08154318611114453,0.5432539682539682,0.6262626262626263,0.9656652360515023,0.33333333333333337,0.3333333333333333,0.625,0.4,0.1111111111111111,0.8461538461538463,0.21428571428571427
0.07766990291262132,0.05061840538036744,0.010714285714285714,0.20202020202020204,0.6852646638054365,0.33333333333333337,0.3333333333333333,0.125,0.0,0.037037037037037035,0.23076923076923078,0.0
0.09708737864077666,0.06114272651804083,0.037698412698412696,0.43434343434343436,0.7610872675250357,0.33333333333333337,0.3333333333333333,0.1875,0.0,0.1111111111111111,0.23076923076923078,0.0
0.13592233009708737,0.10060667492811338,0.3253968253968254,0.4545454545454546,0.7625178826895569,0.0,0.0,0.34375,0.0,0.07407407407407407,0.46153846153846156,0.10714285714285714
0.30097087378640774,0.08449234212014389,0.3615079365079365,0.3434343434343435,0.148783977110158,0.33333333333333337,0.3333333333333333,0.71875,0.2,0.2962962962962963,0.9230769230769231,0.10714285714285714
0.3689320388349514,0.05040485099317829,0.02261904761904762,0.5353535353535354,0.10586552217453526,0.6666666666666666,0.6666666666666666,0.21875,0.0,0.1111111111111111,0.23076923076923078,0.03571428571428571
0.38834951456310673,0.08585939097898143,0.2869047619047619,0.4444444444444445,0.3719599427753941,0.33333333333333337,0.3333333333333333,0.625,0.0,0.3333333333333333,0.6923076923076923,0.07142857142857142
0.17475728155339804,0.06714480792136386,0.03373015873015873,0.8989898989898991,0.17167381974249007,0.33333333333333337,0.3333333333333333,0.1875,0.0,0.07407407407407407,0.23076923076923078,0.03571428571428571
0.07766990291262132,0.05717392350542007,0.10634920634920636,0.43434343434343436,0.1101573676680978,0.33333333333333337,0.3333333333333333,0.3125,0.0,0.18518518518518517,0.3076923076923077,0.03571428571428571
0.11650485436893204,0.033455851390208985,0.024206349206349207,0.686868686868687,0.26323319027181746,0.33333333333333337,0.3333333333333333,0.21875,0.0,0.1111111111111111,0.23076923076923078,0.03571428571428571
0.3398058252427184,0.11913928558537965,0.4793650793650794,0.4444444444444445,0.6552217453505014,0.0,0.0,0.6875,0.2,0.2222222222222222,0.6923076923076923,0.25
0.2912621359223301,0.03806080585199177,0.04047619047619048,0.6464646464646465,0.9284692417739633,0.0,0.0,0.1875,0.2,0.1111111111111111,0.23076923076923078,0.0
0.4757281553398057,0.11388614844135375,0.45714285714285713,0.8585858585858587,0.1659513590844064,0.0,0.0,0.53125,0.2,0.07407407407407407,0.7692307692307693,0.17857142857142855
0.3106796116504854,0.09379850090835809,0.2146825396825397,0.9393939393939394,0.4177396280400574,0.33333333333333337,0.3333333333333333,0.53125,0.2,0.2962962962962963,0.46153846153846156,0.10714285714285714
0.03883495145631066,0.06156983529241912,0.09365079365079365,0.12121212121212122,0.6123032904148786,0.0,0.0,0.3125,0.0,0.14814814814814814,0.3076923076923077,0.07142857142857142
0.19417475728155337,0.016303824728996476,0.01904761904761905,0.8686868686868687,0.2317596566523612,0.33333333333333337,0.3333333333333333,0.21875,0.0,0.1111111111111111,0.23076923076923078,0.03571428571428571
0.2815533980582524,0.03134737779274998,0.012698412698412698,0.2828282828282829,0.34907010014306206,0.9999999999999999,1.0,0.15625,0.0,0.07407407407407407,0.23076923076923078,0.0
0.06796116504854366,0.07467109616564602,0.6373015873015873,0.696969696969697,0.5593705293276114,0.0,0.0,0.71875,0.4,0.2222222222222222,0.9230769230769231,0.17857142857142855
0.19417475728155337,0.10401452169832887,0.5964285714285714,0.42424242424242425,0.7267525035765381,0.0,0.0,0.6875,0.0,0.2222222222222222,0.7692307692307693,0.21428571428571427
0.2912621359223301,0.0789068421622532,0.09126984126984128,0.13131313131313133,0.27753934191702445,0.6666666666666666,0.6666666666666666,0.3125,0.0,0.1111111111111111,0.46153846153846156,0.03571428571428571
0.38834951456310673,0.040769337199369565,0.010714285714285714,0.8686868686868687,0.1573676680972822,0.6666666666666666,0.6666666666666666,0.15625,0.0,0.07407407407407407,0.23076923076923078,0.0
0.23300970873786409,0.05803716447898745,0.038492063492063494,0.595959595959596,0.47925608011444965,0.6666666666666666,0.6666666666666666,0.1875,0.0,0.1111111111111111,0.23076923076923078,0.0
0.10679611650485438,0.09741238254508705,0.15714285714285714,0.30303030303030304,0.9785407725321891,0.33333333333333337,0.3333333333333333,0.40625,0.0,0.14814814814814814,0.46153846153846156,0.10714285714285714
0.43689320388349506,0.04376812204482838,0.009126984126984128,0.33333333333333337,0.4978540772532192,0.6666666666666666,0.6666666666666666,0.125,0.0,0.037037037037037035,0.23076923076923078,0.0
0.2524271844660194,0.07467109616564602,0.4154761904761905,0.6767676767676768,0.44349070100143084,0.9999999999999999,1.0,0.46875,0.4,0.07407407407407407,0.7692307692307693,0.10714285714285714
0.24271844660194175,0.0948437142822768,0.26785714285714285,0.23232323232323235,0.755364806866953,0.33333333333333337,0.3333333333333333,0.5625,0.0,0.1111111111111111,0.9230769230769231,0.10714285714285714
0.21359223300970875,0.04916413008169207,0.00992063492063492,0.8181818181818182,0.5193133047210301,0.33333333333333337,0.3333333333333333,0.09375,0.0,0.037037037037037035,0.15384615384615385,0.0
0.30097087378640774,0.06811933780093121,0.005952380952380952,0.06060606060606061,0.20028612303290494,0.6666666666666666,0.6666666666666666,0.09375,0.0,0.037037037037037035,0.15384615384615385,0.0
0.3398058252427184,0.09413687933876343,0.5166666666666667,0.4141414141414142,0.7253218884120178,0.33333333333333337,0.3333333333333333,0.5625,0.0,0.37037037037037035,0.38461538461538464,0.10714285714285714
0.41747572815533973,0.05825222277031173,0.24801587301587302,0.787878787878788,0.763948497854078,0.33333333333333337,0.3333333333333333,0.5625,0.0,0.2962962962962963,0.6153846153846154,0.07142857142857142
0.37864077669902907,0.0909215322978452,0.5071428571428571,0.494949494949495,0.5135908440629473,0.0,0.0,0.53125,0.0,0.14814814814814814,0.38461538461538464,0.2857142857142857
0.19417475728155337,0.019729718348833573,0.023809523809523808,0.393939393939394,0.5178826895565098,0.33333333333333337,0.3333333333333333,0.1875,0.0,0.07407407407407407,0.3076923076923077,0.0
0.11650485436893204,0.038387153049316024,0.012698412698412698,0.030303030303030304,0.3347639484978542,0.33333333333333337,0.3333333333333333,0.125,0.0,0.037037037037037035,0.23076923076923078,0.0
0.44660194174757273,0.07925875572987476,0.013095238095238096,0.37373737373737376,0.5951359084406302,0.9999999999999999,1.0,0.125,0.0,0.037037037037037035,0.23076923076923078,0.0
0.09708737864077666,0.042513865996125944,0.061507936507936505,0.22222222222222224,0.7167381974248928,0.33333333333333337,0.3333333333333333,0.25,0.0,0.1111111111111111,0.3076923076923077,0.03571428571428571
0.1262135922330097,0.03360022618718193,0.0071428571428571435,0.797979797979798,0.6280400572246068,0.33333333333333337,0.3333333333333333,0.09375,0.0,0.037037037037037035,0.15384615384615385,0.0
0.06796116504854366,0.04852497082425978,0.02619047619047619,0.4646464646464647,0.4163090128755371,0.0,0.0,0.15625,0.0,0.037037037037037035,0.23076923076923078,0.03571428571428571
0.38834951456310673,0.09715822274624926,0.4587301587301587,0.8282828282828284,0.6466380543633763,0.33333333333333337,0.3333333333333333,0.53125,0.2,0.3333333333333333,0.38461538461538464,0.10714285714285714
0.24271844660194175,0.05030258551198912,0.02142857142857143,0.10101010101010102,0.7653791130185983,0.33333333333333337,0.3333333333333333,0.125,0.4,0.037037037037037035,0.15384615384615385,0.03571428571428571
0.1262135922330097,0.030499175860533946,0.011111111111111112,0.5151515151515152,0.5207439198855512,0.33333333333333337,0.3333333333333333,0.15625,0.0,0.07407407407407407,0.23076923076923078,0.0
0.3495145631067961,0.0909470986681425,0.3734126984126984,0.38383838383838387,0.9370529327610875,0.6666666666666666,0.6666666666666666,0.65625,0.0,0.14814814814814814,0.9230769230769231,0.17857142857142855
0.27184466019417475,0.11123326154697595,0.5702380952380952,0.10101010101010102,0.8154506437768241,0.0,0.0,0.65625,0.8,0.4074074074074074,0.46153846153846156,0.14285714285714285
0.23300970873786409,0.043530505191477074,0.02261904761904762,0.14141414141414144,0.8497854077253226,0.33333333333333337,0.3333333333333333,0.125,0.0,0.037037037037037035,0.23076923076923078,0.0
0.30097087378640774,0.1222268007748114,0.6623015873015873,0.18181818181818182,0.6909871244635202,0.0,0.0,0.65625,0.4,0.25925925925925924,0.6153846153846154,0.21428571428571427
0.9417475728155339,0.12302236606229772,0.7333333333333334,0.36363636363636365,0.3948497854077262,0.0,0.0,0.4375,0.2,0.14814814814814814,0.3076923076923077,0.21428571428571427
0.07766990291262132,0.10064878424389716,0.6083333333333334,0.9595959595959597,0.9842632331902719,0.0,0.0,0.625,0.0,0.14814814814814814,0.8461538461538463,0.17857142857142855
0.09708737864077666,0.059676419986284396,0.05317460317460317,0.11111111111111112,0.2918454935622323,0.0,0.0,0.21875,0.0,0.07407407407407407,0.3076923076923077,0.03571428571428571
0.2621359223300971,0.08043180095527991,0.46706349206349207,0.6565656565656566,0.8340486409155945,0.33333333333333337,0.3333333333333333,0.53125,0.4,0.14814814814814814,0.8461538461538463,0.07142857142857142
0.44660194174757273,0.08656772982662993,0.19920634920634922,0.7171717171717172,0.5450643776824036,0.33333333333333337,0.3333333333333333,0.5,0.0,0.1111111111111111,0.6153846153846154,0.17857142857142855
0.22330097087378642,0.03828939928053226,0.005158730158730159,0.13131313131313133,0.4549356223175973,0.33333333333333337,0.3333333333333333,0.09375,0.4,0.037037037037037035,0.15384615384615385,0.0
0.4271844660194174,0.12165531720346018,0.37103174603174605,0.5858585858585859,0.33047210300429253,0.0,0.0,0.46875,0.0,0.07407407407407407,0.3076923076923077,0.3214285714285714
0.30097087378640774,0.06402119903268887,0.014682539682539682,0.6565656565656566,0.5307582260371966,0.6666666666666666,0.6666666666666666,0.125,0.0,0.037037037037037035,0.23076923076923078,0.0
0.2524271844660194,0.12498195315037838,0.47023809523809523,0.0,0.018597997138770417,0.0,0.0,0.4375,0.2,0.14814814814814814,0.46153846153846156,0.14285714285714285
0.24271844660194175,0.04307482223853123,0.015476190476190477,0.33333333333333337,0.7882689556509304,0.6666666666666666,0.6666666666666666,0.15625,0.0,0.07407407407407407,0.23076923076923078,0.0
0.19417475728155337,0.047299288954124906,0.004365079365079365,0.9090909090909092,0.2532188841201721,0.33333333333333337,0.3333333333333333,0.09375,0.2,0.037037037037037035,0.15384615384615385,0.0
0.37864077669902907,0.10434538060805852,0.32936507936507936,0.9595959595959597,0.27753934191702445,0.33333333333333337,0.3333333333333333,0.6875,0.0,0.2222222222222222,0.6923076923076923,0.25
0.09708737864077666,0.10560715617743663,0.5706349206349206,0.9393939393939394,0.7653791130185983,0.33333333333333337,0.3333333333333333,0.625,0.4,0.2962962962962963,0.6153846153846154,0.14285714285714285
0.2912621359223301,0.10230909440908599,0.40634920634920635,0.38383838383838387,0.34907010014306206,0.0,0.0,0.46875,0.2,0.14814814814814814,0.38461538461538464,0.21428571428571427
0.21359223300970875,0.10582823008530144,0.46944444444444444,0.18181818181818182,0.8726752503576538,0.0,0.0,0.53125,0.0,0.1111111111111111,0.7692307692307693,0.14285714285714285
0.19417475728155337,0.08763249395430538,0.5047619047619047,0.5757575757575758,0.7925608011444929,0.33333333333333337,0.3333333333333333,0.59375,0.0,0.4074074074074074,0.38461538461538464,0.10714285714285714
0.17475728155339804,0.05551361334023124,0.01746031746031746,0.4545454545454546,0.3032904148783979,0.6666666666666666,0.6666666666666666,0.15625,0.0,0.07407407407407407,0.23076923076923078,0.0
0.3980582524271844,0.07370182995055163,0.0373015873015873,0.6161616161616162,0.5922746781115888,0.33333333333333337,0.3333333333333333,0.1875,0.2,0.07407407407407407,0.3076923076923077,0.0
0.2621359223300971,0.10035853074581613,0.6607142857142857,0.06060606060606061,0.8068669527896999,0.0,0.0,0.4375,0.0,0.1111111111111111,0.6153846153846154,0.10714285714285714
0.5145631067961165,0.09526179963184427,0.3551587301587302,0.6565656565656566,0.4477825464949934,0.0,0.0,0.40625,0.0,0.18518518518518517,0.38461538461538464,0.10714285714285714
0.46601941747572806,0.06760199477844485,0.16666666666666669,0.5252525252525253,0.3776824034334769,0.6666666666666666,0.6666666666666666,0.4375,0.0,0.14814814814814814,0.3076923076923077,0.21428571428571427
0.37864077669902907,0.11563218114224527,0.8523809523809524,0.8787878787878789,0.9141630901287554,0.0,0.0,0.65625,0.2,0.14814814814814814,0.7692307692307693,0.25
0.2621359223300971,0.0909215322978452,0.2503968253968254,0.38383838383838387,0.14163090128755407,0.33333333333333337,0.3333333333333333,0.5625,0.0,0.2222222222222222,0.7692307692307693,0.07142857142857142
0.17475728155339804,0.04017228725772105,0.020634920634920634,0.5353535353535354,0.17882689556509312,0.6666666666666666,0.6666666666666666,0.21875,0.0,0.07407407407407407,0.3076923076923077,0.03571428571428571
0.17475728155339804,0.054120998111096406,0.007936507936507936,0.31313131313131315,0.8340486409155945,0.33333333333333337,0.3333333333333333,0.09375,0.0,0.037037037037037035,0.15384615384615385,0.0
0.2815533980582524,0.07481772681882166,0.19404761904761905,0.6767676767676768,0.7839771101573678,0.6666666666666666,0.6666666666666666,0.46875,0.0,0.2222222222222222,0.46153846153846156,0.10714285714285714
0.2621359223300971,0.07981670416400977,0.27301587301587305,0.6565656565656566,0.9685264663805437,0.33333333333333337,0.3333333333333333,0.53125,0.0,0.2222222222222222,0.6923076923076923,0.07142857142857142
0.3495145631067961,0.11700374171348821,0.5329365079365079,0.6464646464646465,0.5836909871244638,0.0,0.0,0.78125,0.0,0.14814814814814814,0.8461538461538463,0.3571428571428571
0.19417475728155337,0.0449441750785038,0.018253968253968255,0.8282828282828284,0.6723891273247498,0.33333333333333337,0.3333333333333333,0.15625,0.0,0.07407407407407407,0.23076923076923078,0.0
0.33009708737864074,0.10571694117930147,0.7646825396825397,0.27272727272727276,0.8426323319027187,0.0,0.0,0.46875,0.0,0.14814814814814814,0.6153846153846154,0.10714285714285714
0.20388349514563103,0.07652465801219967,0.39087301587301587,0.6363636363636365,0.822603719599428,0.33333333333333337,0.3333333333333333,0.4375,0.0,0.07407407407407407,0.6153846153846154,0.14285714285714285
0.11650485436893204,0.05106356100436734,0.00992063492063492,0.6666666666666667,0.09728183118741107,0.33333333333333337,0.3333333333333333,0.125,0.0,0.037037037037037035,0.23076923076923078,0.0
0.20388349514563103,0.06985333926874165,0.09880952380952382,0.696969696969697,0.8712446351931336,0.6666666666666666,0.6666666666666666,0.3125,0.0,0.18518518518518517,0.3076923076923077,0.03571428571428571
0.2524271844660194,0.04183560523118014,0.009523809523809525,0.5252525252525253,0.43490701001430665,0.33333333333333337,0.3333333333333333,0.125,0.2,0.037037037037037035,0.15384615384615385,0.03571428571428571
0.2912621359223301,0.093362368709169,0.542063492063492,0.4545454545454546,0.8512160228898429,0.33333333333333337,0.3333333333333333,0.59375,0.2,0.14814814814814814,0.9230769230769231,0.10714285714285714
0.23300970873786409,0.05541585957144748,0.026984126984126985,0.020202020202020204,0.5321888412017168,0.6666666666666666,0.6666666666666666,0.1875,0.2,0.1111111111111111,0.23076923076923078,0.0
0.20388349514563103,0.06672521866766125,0.04563492063492063,0.8686868686868687,0.9728183118741063,0.6666666666666666,0.6666666666666666,0.21875,0.0,0.1111111111111111,0.15384615384615385,0.07142857142857142
0.2524271844660194,0.03136392073823646,0.030158730158730156,0.23232323232323235,0.6695278969957084,0.0,0.0,0.125,0.4,0.037037037037037035,0.15384615384615385,0.03571428571428571
0.06796116504854366,0.04293495915396369,0.012698412698412698,0.13131313131313133,0.7811158798283264,0.33333333333333337,0.3333333333333333,0.125,0.0,0.037037037037037035,0.23076923076923078,0.0
0.3398058252427184,0.09729658192668167,0.5444444444444444,0.14141414141414144,0.3862660944206011,0.33333333333333337,0.3333333333333333,0.5625,0.0,0.1111111111111111,0.7692307692307693,0.17857142857142855
0.2621359223300971,0.043751579099341895,0.018253968253968255,0.9292929292929294,0.5436337625178833,0.33333333333333337,0.3333333333333333,0.125,0.0,0.037037037037037035,0.23076923076923078,0.0
0.2621359223300971,0.047900850608178835,0.004761904761904762,0.38383838383838387,0.7682403433476397,0.6666666666666666,0.6666666666666666,0.09375,0.0,0.037037037037037035,0.15384615384615385,0.0
0.10679611650485438,0.027455273891021093,0.006746031746031746,0.7474747474747475,0.32474964234620973,0.33333333333333337,0.3333333333333333,0.09375,0.0,0.0,0.23076923076923078,0.0
0.40776699029126207,0.038636801135748404,0.12658730158730158,0.14141414141414144,0.8068669527896999,0.0,0.0,0.34375,0.0,0.14814814814814814,0.46153846153846156,0.03571428571428571
0.22330097087378642,0.05106957662090788,0.08174603174603173,0.9494949494949496,0.9670958512160235,0.9999999999999999,1.0,0.28125,0.0,0.14814814814814814,0.3076923076923077,0.03571428571428571
0.14563106796116504,0.05175385300239421,0.005555555555555556,0.33333333333333337,0.13018597997138848,0.33333333333333337,0.3333333333333333,0.09375,0.0,0.0,0.15384615384615385,0.03571428571428571
0.24271844660194175,0.012805743710672906,0.014285714285714287,0.32323232323232326,0.5865522174535052,0.33333333333333337,0.3333333333333333,0.15625,0.0,0.037037037037037035,0.15384615384615385,0.07142857142857142
0.27184466019417475,0.06326172744444578,0.19325396825396826,0.11111111111111112,0.36623748211731044,0.33333333333333337,0.3333333333333333,0.4375,0.4,0.25925925925925924,0.3076923076923077,0.10714285714285714
0.3495145631067961,0.09271719383519617,0.39682539682539686,0.787878787878788,0.904148783977111,0.33333333333333337,0.3333333333333333,0.6875,0.0,0.14814814814814814,1.0,0.17857142857142855
0.4563106796116504,0.05578431608455551,0.04325396825396825,0.5656565656565657,0.955650929899857,0.33333333333333337,0.3333333333333333,0.1875,0.0,0.07407407407407407,0.23076923076923078,0.03571428571428571
0.27184466019417475,0.12322088140813553,0.4634920634920635,0.5757575757575758,0.5965665236051505,0.6666666666666666,0.6666666666666666,0.5,0.0,0.07407407407407407,0.9230769230769231,0.07142857142857142
0.16504854368932037,0.13320078924889012,0.6876984126984127,0.07070707070707072,0.2532188841201721,0.0,0.0,0.59375,0.2,0.18518518518518517,0.6153846153846154,0.21428571428571427
0.16504854368932037,0.09139075038800727,0.08611111111111111,0.0,0.28898426323319093,0.33333333333333337,0.3333333333333333,0.3125,0.0,0.1111111111111111,0.46153846153846156,0.03571428571428571
0.029126213592232997,0.10912779575778721,0.44523809523809527,0.6666666666666667,0.0801144492131618,0.0,0.0,0.46875,0.0,0.18518518518518517,0.46153846153846156,0.14285714285714285
0.4854368932038834,0.07411540358771371,0.08095238095238094,0.8686868686868687,0.6251788268955654,0.0,0.0,0.28125,0.0,0.14814814814814814,0.3076923076923077,0.03571428571428571
0.27184466019417475,0.10384006881865322,0.3103174603174603,0.8080808080808082,0.17739628040057287,0.33333333333333337,0.3333333333333333,0.625,0.0,0.18518518518518517,0.9230769230769231,0.10714285714285714
0.04854368932038833,0.1006893896555458,0.6321428571428571,0.5656565656565657,0.3805436337625183,0.0,0.0,0.71875,0.0,0.14814814814814814,0.7692307692307693,0.3214285714285714
0.24271844660194175,0.06330534066436469,0.07182539682539682,0.18181818181818182,0.9327610872675258,0.6666666666666666,0.6666666666666666,0.25,0.0,0.1111111111111111,0.3076923076923077,0.03571428571428571
0.11650485436893204,0.020475654799860438,0.016666666666666666,0.5151515151515152,0.9542203147353367,0.33333333333333337,0.3333333333333333,0.125,0.2,0.037037037037037035,0.15384615384615385,0.03571428571428571
0.08737864077669899,0.032652766582046994,0.00873015873015873,0.7171717171717172,0.7896995708154515,0.33333333333333337,0.3333333333333333,0.125,0.0,0.037037037037037035,0.23076923076923078,0.0
0.1553398058252427,0.019227414367698547,0.036111111111111115,0.7171717171717172,0.8540772532188843,0.33333333333333337,0.3333333333333333,0.21875,0.2,0.07407407407407407,0.23076923076923078,0.07142857142857142
0.38834951456310673,0.04461331616877414,0.023412698412698413,0.8080808080808082,0.6623748211731044,0.6666666666666666,0.6666666666666666,0.1875,0.0,0.07407407407407407,0.23076923076923078,0.03571428571428571
0.30097087378640774,0.11060613352262473,0.4107142857142857,0.020202020202020204,0.9155937052932765,0.0,0.0,0.6875,0.0,0.3333333333333333,0.6923076923076923,0.14285714285714285
0.21359223300970875,0.06112317576428408,0.0626984126984127,0.8383838383838385,0.4549356223175973,0.6666666666666666,0.6666666666666666,0.25,0.0,0.07407407407407407,0.38461538461538464,0.03571428571428571
0.3495145631067961,0.043277849296774425,0.13412698412698412,0.29292929292929293,0.6795422031473537,0.0,0.0,0.3125,0.0,0.18518518518518517,0.3076923076923077,0.03571428571428571
0.3980582524271844,0.08089650733303656,0.17500000000000002,0.11111111111111112,0.35765379113018625,0.9999999999999999,1.0,0.46875,0.4,0.2222222222222222,0.46153846153846156,0.10714285714285714
0.30097087378640774,0.06959466775749847,0.014285714285714287,0.5555555555555556,0.028612303290414864,0.6666666666666666,0.6666666666666666,0.125,0.0,0.037037037037037035,0.23076923076923078,0.0
0.23300970873786409,0.038323989075640365,0.025793650793650792,0.19191919191919193,0.955650929899857,0.33333333333333337,0.3333333333333333,0.1875,0.2,0.07407407407407407,0.3076923076923077,0.0
0.24271844660194175,0.09636716917116835,0.10595238095238096,0.010101010101010102,0.04291845493562274,0.6666666666666666,0.6666666666666666,0.34375,0.0,0.18518518518518517,0.38461538461538464,0.03571428571428571
0.21359223300970875,0.0430432402516934,0.01626984126984127,0.19191919191919193,0.5550786838340489,0.33333333333333337,0.3333333333333333,0.15625,0.0,0.1111111111111111,0.15384615384615385,0.0
0.3203883495145631,0.07325065871001119,0.19246031746031747,0.2828282828282829,0.8869814020028617,0.6666666666666666,0.6666666666666666,0.5,0.0,0.25925925925925924,0.6153846153846154,0.03571428571428571
0.13592233009708737,0.03291444590156045,0.029365079365079365,0.7676767676767677,0.8426323319027187,0.33333333333333337,0.3333333333333333,0.1875,0.2,0.1111111111111111,0.23076923076923078,0.0
0.19417475728155337,0.07839551475630738,0.3611111111111111,0.5050505050505051,0.8540772532188843,0.33333333333333337,0.3333333333333333,0.40625,0.0,0.14814814814814814,0.46153846153846156,0.10714285714285714
0.3980582524271844,0.09735523418795192,0.5873015873015873,0.010101010101010102,0.65236051502146,0.33333333333333337,0.3333333333333333,1.0,0.2,0.4074074074074074,0.9230769230769231,0.3214285714285714
0.08737864077669899,0.06796593957914747,0.14444444444444446,0.9090909090909092,0.9670958512160235,0.33333333333333337,0.3333333333333333,0.40625,0.0,0.18518518518518517,0.5384615384615385,0.03571428571428571
0.33009708737864074,0.11029933707905723,0.4238095238095238,0.8383838383838385,0.7467811158798288,0.33333333333333337,0.3333333333333333,0.53125,0.0,0.18518518518518517,0.6153846153846154,0.14285714285714285
0.5145631067961165,0.11149193305821914,0.4908730158730159,0.7373737373737375,0.12875536480686733,0.0,0.0,0.5625,0.0,0.1111111111111111,0.7692307692307693,0.17857142857142855
0.20388349514563103,0.027159004776399532,0.02896825396825397,0.24242424242424243,0.31616595135908465,0.33333333333333337,0.3333333333333333,0.1875,0.2,0.07407407407407407,0.23076923076923078,0.03571428571428571
0.01941747572815533,0.11791209981110964,0.5448412698412698,0.11111111111111112,0.193133047210301,0.0,0.0,0.625,0.8,0.07407407407407407,0.8461538461538463,0.25
0.14563106796116504,0.13435127591226825,0.582936507936508,0.33333333333333337,0.703862660944206,0.0,0.0,0.78125,0.6000000000000001,0.25925925925925924,0.6923076923076923,0.3214285714285714
0.24271844660194175,0.07184902005606554,0.29603174603174603,0.04040404040404041,0.6881258941344779,0.6666666666666666,0.6666666666666666,0.625,0.0,0.37037037037037035,0.6153846153846154,0.07142857142857142
0.22330097087378642,0.05364576440439381,0.017063492063492065,0.14141414141414144,0.0772532188841204,0.33333333333333337,0.3333333333333333,0.15625,0.0,0.07407407407407407,0.23076923076923078,0.0
0.1262135922330097,0.04265974469723402,0.015873015873015872,0.30303030303030304,0.05436337625178833,0.33333333333333337,0.3333333333333333,0.15625,0.0,0.07407407407407407,0.23076923076923078,0.0
0.13592233009708737,0.025208441113129684,0.001984126984126984,0.7575757575757577,0.03433476394849855,0.33333333333333337,0.3333333333333333,0.09375,0.0,0.037037037037037035,0.15384615384615385,0.0
0.21359223300970875,0.12159666494218992,0.5674603174603174,0.26262626262626265,0.5579399141630903,0.0,0.0,0.46875,0.6000000000000001,0.1111111111111111,0.6153846153846154,0.14285714285714285
0.5339805825242718,0.13730193582540273,0.8388888888888889,0.7777777777777778,0.6323319027181693,0.0,0.0,0.6875,0.2,0.25925925925925924,0.38461538461538464,0.3571428571428571
0.41747572815533973,0.07061732256939014,0.005952380952380952,0.08080808080808081,0.296137339055794,0.9999999999999999,1.0,0.09375,0.0,0.037037037037037035,0.15384615384615385,0.0
0.09708737864077666,0.13712597904159196,0.7103174603174603,0.42424242424242425,0.09442060085836967,0.0,0.0,0.8125,0.6000000000000001,0.2222222222222222,1.0,0.25
0.06796116504854366,0.11084224647184089,0.46944444444444444,0.2828282828282829,0.1216022889842634,0.33333333333333337,0.3333333333333333,0.53125,0.4,0.07407407407407407,0.7692307692307693,0.17857142857142855
0.06796116504854366,0.01304486446815934,0.015079365079365078,0.5252525252525253,0.0801144492131618,0.33333333333333337,0.3333333333333333,0.15625,0.0,0.037037037037037035,0.3076923076923077,0.0
0.27184466019417475,0.08960862398787252,0.39801587301587305,0.010101010101010102,0.61516452074392,0.33333333333333337,0.3333333333333333,0.6875,0.0,0.18518518518518517,0.9230769230769231,0.17857142857142855
0.3398058252427184,0.1250270702744324,0.6678571428571428,0.010101010101010102,0.5951359084406302,0.0,0.0,0.46875,1.0,0.07407407407407407,0.6923076923076923,0.14285714285714285
0.06796116504854366,0.06114423042217597,0.26944444444444443,0.42424242424242425,0.8698140200286124,0.33333333333333337,0.3333333333333333,0.5,0.0,0.2962962962962963,0.5384615384615385,0.03571428571428571
0.2815533980582524,0.0986245292780057,0.42738095238095236,0.7676767676767677,0.7467811158798288,0.6666666666666666,0.6666666666666666,0.75,0.0,0.3333333333333333,0.6923076923076923,0.21428571428571427
0.3106796116504854,0.11054597735721934,0.4218253968253968,0.27272727272727276,0.3090128755364807,0.33333333333333337,0.3333333333333333,0.75,0.0,0.2962962962962963,1.0,0.10714285714285714
0.2524271844660194,0.0425379284622881,0.020634920634920634,0.2828282828282829,0.2103004291845494,0.33333333333333337,0.3333333333333333,0.15625,0.0,0.037037037037037035,0.3076923076923077,0.0
0.38834951456310673,0.0740116342023894,0.01626984126984127,0.494949494949495,0.533619456366238,0.33333333333333337,0.3333333333333333,0.125,0.0,0.037037037037037035,0.23076923076923078,0.0
0.2912621359223301,0.09856888482500571,0.2888888888888889,0.12121212121212122,0.27181688125894166,0.33333333333333337,0.3333333333333333,0.625,0.0,0.2222222222222222,0.9230769230769231,0.07142857142857142
0.4563106796116504,0.0748929220255784,0.18333333333333335,0.14141414141414144,0.4220314735336199,0.33333333333333337,0.3333333333333333,0.46875,0.0,0.3333333333333333,0.38461538461538464,0.03571428571428571
0.24271844660194175,0.04553972111601718,0.04642857142857143,0.8989898989898991,0.444921316165952,0.33333333333333337,0.3333333333333333,0.21875,0.0,0.07407407407407407,0.3076923076923077,0.03571428571428571
0.09708737864077666,0.008677526859727853,0.012301587301587301,0.9696969696969697,0.7253218884120178,0.33333333333333337,0.3333333333333333,0.15625,0.0,0.07407407407407407,0.23076923076923078,0.0
0.06796116504854366,0.04054675938736961,0.011507936507936509,0.5656565656565657,0.5150214592274684,0.33333333333333337,0.3333333333333333,0.125,0.0,0.037037037037037035,0.23076923076923078,0.0
0.46601941747572806,0.0819522480359012,0.05992063492063492,0.7272727272727273,0.2732474964234628,0.33333333333333337,0.3333333333333333,0.25,0.0,0.07407407407407407,0.38461538461538464,0.03571428571428571
0.4854368932038834,0.02461891069215684,0.0035714285714285718,0.14141414141414144,0.46781115879828405,0.0,0.0,0.09375,0.0,0.0,0.23076923076923078,0.0
0.06796116504854366,0.04293495915396369,0.012698412698412698,0.13131313131313133,0.7811158798283264,0.33333333333333337,0.3333333333333333,0.125,0.0,0.037037037037037035,0.23076923076923078,0.0
0.21359223300970875,0.027671836086480505,0.011507936507936509,1.0,0.148783977110158,0.0,0.0,0.125,0.0,0.037037037037037035,0.23076923076923078,0.0
0.35922330097087374,0.03243169267418218,0.005952380952380952,0.7272727272727273,0.5021459227467817,0.0,0.0,0.09375,0.0,0.037037037037037035,0.15384615384615385,0.0
0.23300970873786409,0.061491632277392114,0.07420634920634922,0.9292929292929294,0.3762517882689558,0.33333333333333337,0.3333333333333333,0.28125,0.0,0.18518518518518517,0.3076923076923077,0.0
0.3106796116504854,0.11958444120937954,0.5452380952380953,0.8787878787878789,0.26037195994277607,0.0,0.0,0.5,0.4,0.14814814814814814,0.5384615384615385,0.17857142857142855
0.19417475728155337,0.033532550501100856,0.017063492063492065,0.07070707070707072,0.5507868383404873,0.33333333333333337,0.3333333333333333,0.15625,0.0,0.07407407407407407,0.23076923076923078,0.0
0.41747572815533973,0.08117623350217164,0.16785714285714287,0.9191919191919192,0.2703862660944214,0.33333333333333337,0.3333333333333333,0.4375,0.0,0.1111111111111111,0.6923076923076923,0.07142857142857142
0.3980582524271844,0.08456302561449523,0.34246031746031746,0.7171717171717172,0.6051502145922747,0.33333333333333337,0.3333333333333333,0.6875,0.0,0.14814814814814814,0.8461538461538463,0.25
0.2621359223300971,0.08281398510533344,0.3952380952380952,0.24242424242424243,0.7124463519313311,0.33333333333333337,0.3333333333333333,0.75,0.0,0.2962962962962963,0.5384615384615385,0.3214285714285714
0.24271844660194175,0.05188469266215094,0.02142857142857143,0.17171717171717174,0.3648068669527902,0.33333333333333337,0.3333333333333333,0.1875,0.0,0.07407407407407407,0.3076923076923077,0.0
0.1553398058252427,0.10391827183368023,0.16904761904761906,0.8787878787878789,0.3004291845493565,0.6666666666666666,0.6666666666666666,0.4375,0.0,0.14814814814814814,0.6153846153846154,0.07142857142857142
0.19417475728155337,0.09664238362789802,0.38333333333333336,0.21212121212121213,0.9442060085836914,0.33333333333333337,0.3333333333333333,0.75,0.0,0.3333333333333333,0.7692307692307693,0.17857142857142855
0.23300970873786409,0.05603246026685275,0.13611111111111113,0.9090909090909092,0.9699570815450649,0.9999999999999999,1.0,0.375,0.0,0.18518518518518517,0.46153846153846156,0.03571428571428571
0.2912621359223301,0.13210594703851197,0.8150793650793651,0.4444444444444445,0.9327610872675258,0.0,0.0,0.71875,0.6000000000000001,0.25925925925925924,0.6923076923076923,0.25
0.11650485436893204,0.0608735276778517,0.10317460317460317,0.7171717171717172,0.6494992846924186,0.33333333333333337,0.3333333333333333,0.3125,0.4,0.14814814814814814,0.38461538461538464,0.03571428571428571
0.4271844660194174,0.07304462384349772,0.10515873015873015,0.5252525252525253,0.05007153075822668,0.33333333333333337,0.3333333333333333,0.34375,0.0,0.07407407407407407,0.6153846153846154,0.03571428571428571
0.13592233009708737,0.09765451111084375,0.5095238095238095,0.787878787878788,0.918454935622318,0.0,0.0,0.5625,0.0,0.18518518518518517,0.46153846153846156,0.25
0.3106796116504854,0.08853032472298086,0.3523809523809524,0.020202020202020204,0.2560801144492135,0.33333333333333337,0.3333333333333333,0.375,0.4,0.07407407407407407,0.6153846153846154,0.07142857142857142
0.4563106796116504,0.10291967948795072,0.3654761904761905,0.6060606060606061,0.400572246065809,0.0,0.0,0.65625,0.0,0.1111111111111111,0.8461538461538463,0.25
0.3689320388349514,0.07337548275322738,0.051587301587301584,0.25252525252525254,0.21745350500715332,0.33333333333333337,0.3333333333333333,0.21875,0.0,0.1111111111111111,0.23076923076923078,0.03571428571428571
0.3203883495145631,0.1178970607697583,0.5912698412698413,0.4747474747474748,0.0042918454935625405,0.0,0.0,0.5625,0.2,0.1111111111111111,0.6153846153846154,0.25
0.20388349514563103,0.047302296762395175,0.04563492063492063,0.4646464646464647,0.17882689556509312,0.33333333333333337,0.3333333333333333,0.21875,0.0,0.14814814814814814,0.23076923076923078,0.0
0.2621359223300971,0.09753119097176269,0.5091269841269841,0.8383838383838385,0.1688125894134478,0.0,0.0,0.59375,0.0,0.07407407407407407,0.6923076923076923,0.2857142857142857
0.3980582524271844,0.11058357496059772,0.6896825396825397,0.17171717171717174,0.6180257510729614,0.0,0.0,0.5,0.6000000000000001,0.18518518518518517,0.38461538461538464,0.21428571428571427
0.2524271844660194,0.04534270967431452,0.003968253968253968,0.13131313131313133,0.866952789699571,0.33333333333333337,0.3333333333333333,0.09375,0.0,0.037037037037037035,0.15384615384615385,0.0
0.43689320388349506,0.0782932492751182,0.21309523809523812,0.8686868686868687,0.16452074391988614,0.6666666666666666,0.6666666666666666,0.53125,0.0,0.25925925925925924,0.6153846153846154,0.07142857142857142
0.24271844660194175,0.07149409868017373,0.3511904761904762,0.9292929292929294,0.9771101573676688,0.33333333333333337,0.3333333333333333,0.6875,0.0,0.25925925925925924,0.9230769230769231,0.10714285714285714
0.20388349514563103,0.08982217837506166,0.5488095238095239,0.4747474747474748,0.6566523605150216,0.33333333333333337,0.3333333333333333,0.90625,0.0,0.2222222222222222,1.0,0.3571428571428571
0.1553398058252427,0.05365328392506948,0.004761904761904762,0.18181818181818182,0.3748211731044355,0.33333333333333337,0.3333333333333333,0.09375,0.2,0.037037037037037035,0.15384615384615385,0.0
0.14563106796116504,0.08302603558838745,0.35753968253968255,0.8181818181818182,0.992846924177397,0.33333333333333337,0.3333333333333333,0.71875,0.4,0.2962962962962963,0.6923076923076923,0.21428571428571427
0.17475728155339804,0.0551707231974205,0.015476190476190477,0.9191919191919192,0.7768240343347648,0.6666666666666666,0.6666666666666666,0.125,0.0,0.037037037037037035,0.23076923076923078,0.0
0.07766990291262132,0.02825535089091281,0.007936507936507936,0.5858585858585859,0.060085836909872015,0.33333333333333337,0.3333333333333333,0.125,0.0,0.037037037037037035,0.15384615384615385,0.03571428571428571
0.38834951456310673,0.09139676600454781,0.38412698412698415,0.4040404040404041,0.7095851216022897,0.33333333333333337,0.3333333333333333,0.6875,0.0,0.2962962962962963,0.8461538461538463,0.10714285714285714
0.23300970873786409,0.06002682964977081,0.010317460317460317,0.6767676767676768,0.07296137339055875,0.6666666666666666,0.6666666666666666,0.125,0.0,0.037037037037037035,0.23076923076923078,0.0
0.1844660194174757,0.08137926056041483,0.20357142857142857,0.19191919191919193,0.052932761087268076,0.33333333333333337,0.3333333333333333,0.5,0.0,0.25925925925925924,0.6153846153846154,0.03571428571428571
0.23300970873786409,0.09065534126592634,0.20833333333333334,0.9393939393939394,0.8783977110157375,0.33333333333333337,0.3333333333333333,0.46875,0.0,0.2222222222222222,0.5384615384615385,0.07142857142857142
0.1844660194174757,0.059244799499500705,0.19880952380952382,0.4141414141414142,0.866952789699571,0.33333333333333337,0.3333333333333333,0.4375,0.0,0.25925925925925924,0.3076923076923077,0.10714285714285714
0.22330097087378642,0.05599185485520411,0.025793650793650792,0.6060606060606061,0.2589413447782549,0.33333333333333337,0.3333333333333333,0.15625,0.0,0.07407407407407407,0.15384615384615385,0.03571428571428571
0.23300970873786409,0.0541856659889072,0.019444444444444445,0.5454545454545455,0.4606580829756801,0.33333333333333337,0.3333333333333333,0.15625,0.0,0.07407407407407407,0.23076923076923078,0.0
0.21359223300970875,0.045873587834017106,0.11547619047619048,0.26262626262626265,0.9713876967095851,0.33333333333333337,0.3333333333333333,0.3125,0.4,0.2222222222222222,0.15384615384615385,0.07142857142857142
0.20388349514563103,0.0621518461927163,0.10357142857142856,0.30303030303030304,0.34620886981402066,0.33333333333333337,0.3333333333333333,0.34375,0.0,0.14814814814814814,0.38461538461538464,0.07142857142857142
0.3495145631067961,0.12244937858681135,0.29444444444444445,0.9393939393939394,0.896995708154507,0.0,0.0,0.5625,0.0,0.18518518518518517,0.3076923076923077,0.3214285714285714
0.3106796116504854,0.11594348929821817,0.3531746031746032,0.3535353535353536,0.9341917024320461,0.0,0.0,0.875,0.2,0.18518518518518517,1.0,0.3571428571428571
0.19417475728155337,0.09530842066003345,0.4158730158730159,0.04040404040404041,0.32474964234620973,0.33333333333333337,0.3333333333333333,0.46875,0.0,0.1111111111111111,0.5384615384615385,0.17857142857142855
0.21359223300970875,0.08777235703887291,0.2896825396825397,0.9292929292929294,0.526466380543634,0.33333333333333337,0.3333333333333333,0.59375,0.0,0.25925925925925924,0.7692307692307693,0.07142857142857142
0.2621359223300971,0.018520579424185186,0.005952380952380952,0.24242424242424243,0.22031473533619472,0.33333333333333337,0.3333333333333333,0.125,0.0,0.037037037037037035,0.23076923076923078,0.0
0.4271844660194174,0.04019484581974807,0.07936507936507936,0.9696969696969697,0.8712446351931336,0.0,0.0,0.28125,0.0,0.14814814814814814,0.3076923076923077,0.03571428571428571
0.3689320388349514,0.11613448512338029,0.8281746031746032,0.11111111111111112,0.9198855507868391,0.33333333333333337,0.3333333333333333,0.59375,0.0,0.07407407407407407,0.9230769230769231,0.17857142857142855
0.19417475728155337,0.06704404634430983,0.12063492063492062,1.0,0.8197424892703866,0.33333333333333337,0.3333333333333333,0.375,0.0,0.2222222222222222,0.38461538461538464,0.03571428571428571
0.3980582524271844,0.111702479637138,0.6813492063492064,0.7272727272727273,0.703862660944206,0.0,0.0,0.65625,0.2,0.1111111111111111,1.0,0.17857142857142855
0.3106796116504854,0.08508788815765728,0.3551587301587302,0.7777777777777778,0.7625178826895569,0.33333333333333337,0.3333333333333333,0.34375,0.0,0.07407407407407407,0.23076923076923078,0.21428571428571427
0.5048543689320388,0.0810363704176041,0.26865079365079364,0.8585858585858587,0.3061516452074393,0.0,0.0,0.59375,0.2,0.3333333333333333,0.46153846153846156,0.14285714285714285
0.33009708737864074,0.0867782764055488,0.2611111111111111,0.888888888888889,0.6323319027181693,0.33333333333333337,0.3333333333333333,0.59375,0.0,0.18518518518518517,0.8461538461538463,0.10714285714285714
0.17475728155339804,0.08095967130671222,0.015079365079365078,0.22222222222222224,0.1216022889842634,0.33333333333333337,0.3333333333333333,0.15625,0.0,0.07407407407407407,0.23076923076923078,0.0
0.24271844660194175,0.1156682748414885,0.7186507936507937,0.8383838383838385,0.6208869814020037,0.33333333333333337,0.3333333333333333,0.53125,0.0,0.14814814814814814,0.3076923076923077,0.3214285714285714
0.4563106796116504,0.09952987956735686,0.38531746031746034,0.6363636363636365,0.05436337625178833,0.33333333333333337,0.3333333333333333,0.75,0.0,0.2222222222222222,0.8461538461538463,0.25
0.5048543689320388,0.0955655882671415,0.29404761904761906,0.09090909090909091,0.6466380543633763,0.0,0.0,0.625,0.0,0.14814814814814814,1.0,0.10714285714285714
0.44660194174757273,0.03830895003428902,0.023412698412698413,0.9292929292929294,0.9899856938483556,0.6666666666666666,0.6666666666666666,0.125,0.0,0.037037037037037035,0.15384615384615385,0.03571428571428571
0.3398058252427184,0.07008193269728215,0.010714285714285714,0.020202020202020204,0.3233190271816886,0.33333333333333337,0.3333333333333333,0.125,0.0,0.037037037037037035,0.23076923076923078,0.0
0.058252427184465994,0.03391153434315483,0.10238095238095238,0.06060606060606061,0.7825464949928476,0.0,0.0,0.25,0.0,0.14814814814814814,0.23076923076923078,0.03571428571428571
0.10679611650485438,0.09418199646281747,0.5714285714285714,0.6666666666666667,0.9642346208869821,0.33333333333333337,0.3333333333333333,0.59375,0.0,0.14814814814814814,0.9230769230769231,0.10714285714285714
0.38834951456310673,0.0740116342023894,0.01626984126984127,0.494949494949495,0.533619456366238,0.33333333333333337,0.3333333333333333,0.125,0.0,0.037037037037037035,0.23076923076923078,0.0
0.41747572815533973,0.07808721440860474,0.4781746031746032,0.29292929292929293,0.8569384835479257,0.0,0.0,0.8125,0.0,0.37037037037037035,0.9230769230769231,0.14285714285714285
0.19417475728155337,0.09615211087984407,0.373015873015873,0.7777777777777778,0.29899856938483627,0.33333333333333337,0.3333333333333333,0.71875,0.0,0.18518518518518517,0.6153846153846154,0.3571428571428571
0.06796116504854366,0.11954082798946064,0.45714285714285713,0.7777777777777778,0.4935622317596575,0.0,0.0,0.65625,0.0,0.1111111111111111,0.8461538461538463,0.25
0.03883495145631066,0.04993713680715137,0.05238095238095238,0.7171717171717172,0.533619456366238,0.0,0.0,0.21875,0.0,0.07407407407407407,0.3076923076923077,0.03571428571428571
0.35922330097087374,0.0895123741232239,0.28769841269841273,0.494949494949495,0.8011444921316171,0.33333333333333337,0.3333333333333333,0.59375,0.0,0.18518518518518517,0.9230769230769231,0.07142857142857142
0.14563106796116504,0.05705060336633901,0.08373015873015874,0.9797979797979799,0.5722460658082982,0.33333333333333337,0.3333333333333333,0.28125,0.2,0.14814814814814814,0.23076923076923078,0.07142857142857142
0.16504854368932037,0.08786108738284587,0.37222222222222223,0.06060606060606061,0.6552217453505014,0.33333333333333337,0.3333333333333333,0.6875,0.0,0.2222222222222222,0.9230769230769231,0.14285714285714285
0.3106796116504854,0.07096923613701168,0.13571428571428573,0.9393939393939394,0.36051502145922765,0.6666666666666666,0.6666666666666666,0.40625,0.2,0.2222222222222222,0.38461538461538464,0.07142857142857142
0.35922330097087374,0.13142618236943104,0.7615079365079365,0.787878787878788,0.148783977110158,0.0,0.0,0.5625,0.2,0.18518518518518517,0.5384615384615385,0.21428571428571427
0.4854368932038834,0.06375651190490514,0.15555555555555556,0.6262626262626263,0.5922746781115888,0.33333333333333337,0.3333333333333333,0.40625,0.0,0.2222222222222222,0.38461538461538464,0.07142857142857142
0.20388349514563103,0.11946864059097417,0.826984126984127,0.4747474747474748,0.6309012875536482,0.0,0.0,0.65625,0.0,0.18518518518518517,0.6923076923076923,0.25
0.3398058252427184,0.05220502424293466,0.05277777777777778,0.09090909090909091,0.7310443490701006,0.6666666666666666,0.6666666666666666,0.21875,0.0,0.1111111111111111,0.23076923076923078,0.03571428571428571
0.058252427184465994,0.036642624252559645,0.014682539682539682,0.7777777777777778,0.5207439198855512,0.33333333333333337,0.3333333333333333,0.125,0.0,0.037037037037037035,0.23076923076923078,0.0
0.35922330097087374,0.10472737225838276,0.30634920634920637,0.24242424242424243,0.44349070100143084,0.0,0.0,0.5,0.0,0.14814814814814814,0.5384615384615385,0.17857142857142855
0.5048543689320388,0.11798729501786638,0.7527777777777778,0.19191919191919193,0.17167381974249007,0.0,0.0,0.59375,0.4,0.2222222222222222,0.7692307692307693,0.10714285714285714
0.30097087378640774,0.04346282950539601,0.01865079365079365,0.6767676767676768,0.21888412017167447,0.6666666666666666,0.6666666666666666,0.15625,0.0,0.07407407407407407,0.23076923076923078,0.0
0.08737864077669899,0.10786602018840911,0.6531746031746032,0.9595959595959597,0.17167381974249007,0.0,0.0,0.375,0.2,0.07407407407407407,0.46153846153846156,0.14285714285714285
0.04854368932038833,0.061601417279256956,0.14007936507936508,0.48484848484848486,0.4535050071530762,0.0,0.0,0.375,0.0,0.18518518518518517,0.46153846153846156,0.03571428571428571
0.41747572815533973,0.10342799908562629,0.6833333333333333,0.7373737373737375,0.911301859799714,0.0,0.0,0.46875,0.4,0.07407407407407407,0.6923076923076923,0.14285714285714285
0.08737864077669899,0.0358154769782355,0.08134920634920634,0.3535353535353536,0.9427753934191703,0.33333333333333337,0.3333333333333333,0.21875,0.2,0.07407407407407407,0.23076923076923078,0.07142857142857142
0.09708737864077666,0.04684661380944933,0.014682539682539682,0.7676767676767677,0.8183118741058664,0.33333333333333337,0.3333333333333333,0.125,0.0,0.037037037037037035,0.23076923076923078,0.0
0.3689320388349514,0.11449673352021848,0.5103174603174603,0.20202020202020204,0.3061516452074393,0.0,0.0,0.59375,0.0,0.14814814814814814,0.7692307692307693,0.17857142857142855
0.1844660194174757,0.07312433076265987,0.1734126984126984,0.7272727272727273,0.030042918454936007,0.0,0.0,0.4375,0.0,0.14814814814814814,0.46153846153846156,0.14285714285714285
0.3106796116504854,0.09039817365881829,0.75,0.20202020202020204,0.9814020028612305,0.0,0.0,0.5,0.0,0.14814814814814814,0.3076923076923077,0.2857142857142857
0.3495145631067961,0.07132114970463323,0.16111111111111112,0.696969696969697,0.34048640915593786,0.6666666666666666,0.6666666666666666,0.40625,0.0,0.14814814814814814,0.6153846153846154,0.03571428571428571
0.20388349514563103,0.06910740281771478,0.20476190476190476,0.8080808080808082,0.7138769670958514,0.33333333333333337,0.3333333333333333,0.46875,0.0,0.14814814814814814,0.6153846153846154,0.10714285714285714
0.2621359223300971,0.10670049448367963,0.46150793650793653,0.6565656565656566,0.4062947067238918,0.33333333333333337,0.3333333333333333,0.5,0.0,0.14814814814814814,0.38461538461538464,0.25
0.1844660194174757,0.08455550609381955,0.19365079365079366,0.5252525252525253,0.01573676680972902,0.6666666666666666,0.6666666666666666,0.5,0.2,0.2962962962962963,0.46153846153846156,0.07142857142857142
0.33009708737864074,0.09562724833668203,0.10119047619047619,0.6565656565656566,0.6165951359084412,0.6666666666666666,0.6666666666666666,0.3125,0.0,0.1111111111111111,0.38461538461538464,0.07142857142857142
0.13592233009708737,0.040360275274612896,0.01626984126984127,0.5757575757575758,0.5393419170243208,0.33333333333333337,0.3333333333333333,0.15625,0.0,0.07407407407407407,0.23076923076923078,0.0
0.43689320388349506,0.0686111144531203,0.1246031746031746,0.7070707070707072,0.6351931330472107,0.33333333333333337,0.3333333333333333,0.375,0.0,0.2222222222222222,0.38461538461538464,0.03571428571428571
0.2815533980582524,0.06497016254195892,0.036111111111111115,0.0,0.2317596566523612,0.33333333333333337,0.3333333333333333,0.1875,0.0,0.07407407407407407,0.23076923076923078,0.03571428571428571
0.2815533980582524,0.11317179397716472,0.41944444444444445,0.19191919191919193,0.19170243204577986,0.0,0.0,0.46875,0.4,0.2962962962962963,0.3076923076923077,0.10714285714285714
0.4271844660194174,0.08349224587027924,0.09007936507936509,0.5050505050505051,0.46494992846924177,0.33333333333333337,0.3333333333333333,0.3125,0.0,0.07407407407407407,0.5384615384615385,0.03571428571428571
0.14563106796116504,0.03190382232274986,0.028174603174603175,0.6767676767676768,0.26895565092990026,0.33333333333333337,0.3333333333333333,0.1875,0.0,0.1111111111111111,0.23076923076923078,0.0
0.1844660194174757,0.035469579027154495,0.019444444444444445,0.4646464646464647,0.3347639484978542,0.33333333333333337,0.3333333333333333,0.1875,0.0,0.1111111111111111,0.23076923076923078,0.0
0.2621359223300971,0.06302561449522961,0.07777777777777778,0.37373737373737376,0.9899856938483556,0.33333333333333337,0.3333333333333333,0.28125,0.0,0.14814814814814814,0.3076923076923077,0.03571428571428571
0.11650485436893204,0.06162999145782451,0.15912698412698414,0.38383838383838387,0.8268955650929906,0.33333333333333337,0.3333333333333333,0.375,0.0,0.14814814814814814,0.23076923076923078,0.17857142857142855
0.13592233009708737,0.1239803529963786,0.7595238095238095,0.09090909090909091,0.4663805436337629,0.0,0.0,0.59375,0.6000000000000001,0.25925925925925924,0.46153846153846156,0.21428571428571427
0.19417475728155337,0.07869629558333434,0.26071428571428573,0.5656565656565657,0.5579399141630903,0.33333333333333337,0.3333333333333333,0.5625,0.0,0.14814814814814814,0.6153846153846154,0.21428571428571427
0.058252427184465994,0.03451911161374929,0.014285714285714287,0.98989898989899,0.16165951359084474,0.33333333333333337,0.3333333333333333,0.1875,0.0,0.07407407407407407,0.3076923076923077,0.0
0.3106796116504854,0.12616251789645921,0.6329365079365079,0.686868686868687,0.24749642346208933,0.0,0.0,0.40625,0.2,0.1111111111111111,0.3076923076923077,0.21428571428571427
0.1553398058252427,0.06936005871241743,0.05119047619047619,0.7272727272727273,0.2975679542203151,0.33333333333333337,0.3333333333333333,0.21875,0.0,0.1111111111111111,0.3076923076923077,0.0
0.27184466019417475,0.026745431139237462,0.025396825396825397,0.4747474747474748,0.22031473533619472,0.6666666666666666,0.6666666666666666,0.1875,0.4,0.1111111111111111,0.15384615384615385,0.03571428571428571
0.22330097087378642,0.03824277825234308,0.006349206349206349,0.33333333333333337,0.13161659513590873,0.6666666666666666,0.6666666666666666,0.125,0.0,0.037037037037037035,0.23076923076923078,0.0
0.3203883495145631,0.05687464658252824,0.019444444444444445,0.8787878787878789,0.12875536480686733,0.6666666666666666,0.6666666666666666,0.15625,0.0,0.037037037037037035,0.23076923076923078,0.03571428571428571
0.06796116504854366,0.029693083244101685,0.034126984126984124,0.0,0.11731044349070174,0.33333333333333337,0.3333333333333333,0.1875,0.4,0.1111111111111111,0.15384615384615385,0.03571428571428571
0.24271844660194175,0.08839046163841333,0.20674603174603176,0.7373737373737375,0.20314735336194634,0.33333333333333337,0.3333333333333333,0.5,0.0,0.2222222222222222,0.6153846153846154,0.07142857142857142
0.3203883495145631,0.03111427265180408,0.062301587301587295,0.7474747474747475,0.6251788268955654,0.0,0.0,0.21875,0.0,0.1111111111111111,0.15384615384615385,0.07142857142857142
0.4563106796116504,0.12026420587846048,0.39801587301587305,0.04040404040404041,0.3361945636623753,0.0,0.0,0.75,0.2,0.1111111111111111,1.0,0.2857142857142857
0.4271844660194174,0.06276092736744589,0.09325396825396826,0.5050505050505051,0.9370529327610875,0.6666666666666666,0.6666666666666666,0.3125,0.0,0.14814814814814814,0.38461538461538464,0.03571428571428571
0.17475728155339804,0.07993250478241515,0.3134920634920635,0.5757575757575758,0.6938483547925616,0.33333333333333337,0.3333333333333333,0.59375,0.0,0.2222222222222222,0.8461538461538463,0.07142857142857142
0.13592233009708737,0.11757221747656917,0.7011904761904761,0.30303030303030304,0.6437768240343349,0.0,0.0,0.5625,0.2,0.18518518518518517,0.5384615384615385,0.21428571428571427
0.2524271844660194,0.020430537675806396,0.023412698412698413,0.27272727272727276,0.4721030042918457,0.0,0.0,0.1875,0.0,0.07407407407407407,0.3076923076923077,0.0
0.35922330097087374,0.1293974156911342,0.7746031746031746,0.6161616161616162,0.5765379113018598,0.33333333333333337,0.3333333333333333,0.59375,1.0,0.18518518518518517,0.3076923076923077,0.3571428571428571
0.17475728155339804,0.047085734566935766,0.02896825396825397,0.04040404040404041,0.4191702432045785,0.33333333333333337,0.3333333333333333,0.1875,0.0,0.07407407407407407,0.3076923076923077,0.0
0.1553398058252427,0.12032887375627128,0.6218253968253968,0.7575757575757577,0.5407725321888419,0.0,0.0,0.59375,0.0,0.2222222222222222,0.5384615384615385,0.21428571428571427
0.24271844660194175,0.10492588760422056,0.3134920634920635,0.12121212121212122,0.5278969957081552,0.33333333333333337,0.3333333333333333,0.75,0.0,0.2962962962962963,1.0,0.10714285714285714
0.2524271844660194,0.09134112155154782,0.3507936507936508,0.13131313131313133,0.23605150214592285,0.33333333333333337,0.3333333333333333,0.65625,0.0,0.2222222222222222,0.9230769230769231,0.10714285714285714
0.3203883495145631,0.07078726373666037,0.12936507936507938,0.09090909090909091,0.3376251788268956,0.33333333333333337,0.3333333333333333,0.375,0.0,0.1111111111111111,0.5384615384615385,0.07142857142857142
0.44660194174757273,0.07583737382244306,0.10317460317460317,0.48484848484848486,0.03147353361945715,0.33333333333333337,0.3333333333333333,0.3125,0.0,0.1111111111111111,0.38461538461538464,0.07142857142857142
0.33009708737864074,0.0975056246014654,0.42063492063492064,0.8080808080808082,0.8168812589413452,0.33333333333333337,0.3333333333333333,0.46875,0.0,0.14814814814814814,0.6923076923076923,0.07142857142857142
0.43689320388349506,0.041459629197396444,0.002380952380952381,0.6060606060606061,0.4220314735336199,0.6666666666666666,0.6666666666666666,0.09375,0.0,0.037037037037037035,0.15384615384615385,0.0
0.16504854368932037,0.069120937954931,0.006349206349206349,0.43434343434343436,0.5135908440629473,0.33333333333333337,0.3333333333333333,0.09375,0.0,0.037037037037037035,0.15384615384615385,0.0
0.2524271844660194,0.05484738380836652,0.004761904761904762,0.19191919191919193,0.8140200286123038,0.6666666666666666,0.6666666666666666,0.09375,0.0,0.037037037037037035,0.15384615384615385,0.0
0.21359223300970875,0.06505738898179675,0.14444444444444446,0.26262626262626265,0.9370529327610875,0.33333333333333337,0.3333333333333333,0.34375,0.0,0.18518518518518517,0.38461538461538464,0.03571428571428571
0.27184466019417475,0.05521283251320428,0.013095238095238096,0.5858585858585859,0.21888412017167447,0.6666666666666666,0.6666666666666666,0.125,0.0,0.037037037037037035,0.23076923076923078,0.0
0.17475728155339804,0.0554384181334745,0.06825396825396826,0.42424242424242425,0.4134477825464957,0.33333333333333337,0.3333333333333333,0.25,0.0,0.14814814814814814,0.23076923076923078,0.03571428571428571
0.2524271844660194,0.0942692229026553,0.10873015873015873,0.27272727272727276,0.4749642346208871,0.33333333333333337,0.3333333333333333,0.34375,0.0,0.18518518518518517,0.38461538461538464,0.03571428571428571
0.14563106796116504,0.05298103877666422,0.02261904761904762,0.5656565656565657,0.3862660944206011,0.33333333333333337,0.3333333333333333,0.15625,0.0,0.07407407407407407,0.23076923076923078,0.0
0.1844660194174757,0.09063428660803445,0.4861111111111111,0.27272727272727276,0.7353361945636632,0.33333333333333337,0.3333333333333333,0.5625,0.8,0.2222222222222222,0.6153846153846154,0.14285714285714285
0.27184466019417475,0.07452897722487578,0.07023809523809524,0.10101010101010102,0.12732474964234708,0.6666666666666666,0.6666666666666666,0.25,0.0,0.14814814814814814,0.23076923076923078,0.03571428571428571
0.2524271844660194,0.017340014678104358,0.01746031746031746,0.48484848484848486,0.44349070100143084,0.6666666666666666,0.6666666666666666,0.1875,0.0,0.1111111111111111,0.23076923076923078,0.0
0.2912621359223301,0.06879158294933647,0.027777777777777776,0.393939393939394,0.4091559370529332,0.6666666666666666,0.6666666666666666,0.1875,0.0,0.07407407407407407,0.3076923076923077,0.0
0.38834951456310673,0.0795159233369828,0.08809523809523809,0.8585858585858587,0.5078683834048645,0.6666666666666666,0.6666666666666666,0.3125,0.0,0.14814814814814814,0.3076923076923077,0.07142857142857142
0.21359223300970875,0.06538524008325614,0.08333333333333334,0.6464646464646465,0.852646638054364,0.6666666666666666,0.6666666666666666,0.3125,0.2,0.1111111111111111,0.46153846153846156,0.03571428571428571
0.43689320388349506,0.05859060120071706,0.17420634920634923,0.696969696969697,0.6695278969957084,0.33333333333333337,0.3333333333333333,0.40625,0.0,0.25925925925925924,0.38461538461538464,0.03571428571428571
0.2815533980582524,0.06931644549249853,0.016666666666666666,0.5454545454545455,0.36051502145922765,0.6666666666666666,0.6666666666666666,0.125,0.0,0.037037037037037035,0.23076923076923078,0.0
0.43689320388349506,0.03868041435566731,0.05476190476190476,0.5757575757575758,0.6294706723891279,0.0,0.0,0.1875,0.0,0.07407407407407407,0.23076923076923078,0.03571428571428571
0.1262135922330097,0.056731775689690435,0.01984126984126984,0.6464646464646465,0.1244635193133048,0.33333333333333337,0.3333333333333333,0.15625,0.0,0.07407407407407407,0.23076923076923078,0.0
0.24271844660194175,0.03777807187458643,0.023015873015873017,0.10101010101010102,0.10300429184549387,0.6666666666666666,0.6666666666666666,0.21875,0.0,0.07407407407407407,0.3076923076923077,0.03571428571428571
0.3980582524271844,0.11740979582997461,0.7388888888888889,0.6565656565656566,0.9213161659513593,0.0,0.0,0.65625,0.8,0.18518518518518517,0.38461538461538464,0.39285714285714285
0.3398058252427184,0.09033049797273722,0.24047619047619048,0.7474747474747475,0.4120171673819746,0.33333333333333337,0.3333333333333333,0.5625,0.0,0.14814814814814814,0.7692307692307693,0.14285714285714285
0.3980582524271844,0.07840303427698304,0.18571428571428572,0.04040404040404041,0.06151645207439227,0.33333333333333337,0.3333333333333333,0.46875,0.2,0.25925925925925924,0.5384615384615385,0.03571428571428571
0.35922330097087374,0.03382430790331701,0.01984126984126984,0.9494949494949496,0.4477825464949934,0.0,0.0,0.15625,0.0,0.037037037037037035,0.23076923076923078,0.03571428571428571
0.11650485436893204,0.05707917754490658,0.030158730158730156,0.4141414141414142,0.8941344778254656,0.33333333333333337,0.3333333333333333,0.15625,0.2,0.07407407407407407,0.15384615384615385,0.03571428571428571
0.20388349514563103,0.13600256265264626,0.8257936507936507,0.25252525252525254,0.8068669527896999,0.0,0.0,0.65625,0.6000000000000001,0.18518518518518517,0.38461538461538464,0.39285714285714285
0.30097087378640774,0.10249407461770757,0.5845238095238096,0.9494949494949496,0.33047210300429253,0.0,0.0,0.59375,0.0,0.1111111111111111,0.6923076923076923,0.25
0.1844660194174757,0.0472947772417195,0.01746031746031746,0.09090909090909091,0.21459227467811193,0.33333333333333337,0.3333333333333333,0.125,0.0,0.037037037037037035,0.23076923076923078,0.0
0.23300970873786409,0.08759188854265673,0.1496031746031746,0.4747474747474748,0.4163090128755371,0.0,0.0,0.4375,0.0,0.1111111111111111,0.5384615384615385,0.14285714285714285
0.20388349514563103,0.023654908141535428,0.025396825396825397,0.12121212121212122,0.40486409155937064,0.33333333333333337,0.3333333333333333,0.1875,0.2,0.1111111111111111,0.15384615384615385,0.03571428571428571
0.2621359223300971,0.033356593717290085,0.024603174603174603,0.8080808080808082,0.874105865522175,0.33333333333333337,0.3333333333333333,0.15625,0.0,0.07407407407407407,0.23076923076923078,0.0
0.2621359223300971,0.06081637932071658,0.00992063492063492,0.20202020202020204,0.3619456366237488,0.6666666666666666,0.6666666666666666,0.125,0.0,0.037037037037037035,0.23076923076923078,0.0
0.17475728155339804,0.036836627885992033,0.023015873015873017,0.393939393939394,0.5579399141630903,0.33333333333333337,0.3333333333333333,0.1875,0.0,0.07407407407407407,0.23076923076923078,0.03571428571428571
0.14563106796116504,0.04415312150342288,0.029365079365079365,0.5757575757575758,0.9742489270386274,0.33333333333333337,0.3333333333333333,0.21875,0.0,0.1111111111111111,0.3076923076923077,0.0
0.3398058252427184,0.042637186135207,0.014682539682539682,0.27272727272727276,0.7052932761087272,0.33333333333333337,0.3333333333333333,0.125,0.0,0.037037037037037035,0.23076923076923078,0.0
0.3495145631067961,0.09185395286162878,0.32301587301587303,0.8383838383838385,0.9542203147353367,0.33333333333333337,0.3333333333333333,0.625,0.0,0.18518518518518517,0.9230769230769231,0.10714285714285714
0.3980582524271844,0.10704188072235524,0.45476190476190476,0.797979797979798,0.40772532188841204,0.0,0.0,0.5,0.0,0.1111111111111111,0.6923076923076923,0.14285714285714285
0.46601941747572806,0.08983872132054814,0.23373015873015873,0.696969696969697,0.8111587982832624,0.6666666666666666,0.6666666666666666,0.53125,0.0,0.18518518518518517,0.7692307692307693,0.07142857142857142
0.2912621359223301,0.07201896122333577,0.049206349206349205,0.7777777777777778,0.7424892703862662,0.6666666666666666,0.6666666666666666,0.21875,0.0,0.1111111111111111,0.23076923076923078,0.03571428571428571
0.09708737864077666,0.0303156995560475,0.08253968253968255,0.15151515151515152,0.7825464949928476,0.33333333333333337,0.3333333333333333,0.25,0.2,0.18518518518518517,0.15384615384615385,0.03571428571428571
0.22330097087378642,0.06120739439585163,0.024603174603174603,1.0,0.19742489270386265,0.33333333333333337,0.3333333333333333,0.15625,0.0,0.037037037037037035,0.23076923076923078,0.03571428571428571
0.38834951456310673,0.03672533897999206,0.009126984126984128,0.6161616161616162,0.6795422031473537,0.9999999999999999,1.0,0.125,0.0,0.037037037037037035,0.23076923076923078,0.0
0.20388349514563103,0.04371999711250406,0.015873015873015872,0.23232323232323235,0.874105865522175,0.33333333333333337,0.3333333333333333,0.125,0.0,0.037037037037037035,0.23076923076923078,0.0
0.30097087378640774,0.11946713668683903,0.4714285714285714,0.8484848484848485,0.07582260371960015,0.0,0.0,0.53125,0.2,0.2222222222222222,0.5384615384615385,0.14285714285714285
0.2621359223300971,0.037818677286235065,0.10436507936507936,0.7474747474747475,0.44921316165951364,0.0,0.0,0.3125,0.0,0.1111111111111111,0.46153846153846156,0.03571428571428571
0.5048543689320388,0.06508295535209403,0.10357142857142856,0.9090909090909092,0.4949928469241778,0.0,0.0,0.34375,0.0,0.1111111111111111,0.5384615384615385,0.03571428571428571
0.22330097087378642,0.0259393385228052,0.012698412698412698,0.4141414141414142,0.808297567954221,0.33333333333333337,0.3333333333333333,0.125,0.0,0.037037037037037035,0.23076923076923078,0.0
0.2815533980582524,0.03134737779274998,0.012698412698412698,0.2828282828282829,0.34907010014306206,0.9999999999999999,1.0,0.15625,0.0,0.07407407407407407,0.23076923076923078,0.0
0.2621359223300971,0.06994658132512001,0.348015873015873,0.7373737373737375,0.8540772532188843,0.0,0.0,0.6875,0.2,0.2222222222222222,1.0,0.10714285714285714
0.21359223300970875,0.06633269968839106,0.14603174603174604,0.888888888888889,0.4835479256080122,0.6666666666666666,0.6666666666666666,0.40625,0.0,0.2222222222222222,0.38461538461538464,0.07142857142857142
0.30097087378640774,0.051224478746826764,0.011904761904761904,0.9494949494949496,0.5994277539341919,0.9999999999999999,1.0,0.125,0.0,0.037037037037037035,0.23076923076923078,0.0
0.19417475728155337,0.2416277656797045,0.04047619047619048,0.31313131313131315,0.5593705293276114,0.6666666666666666,0.6666666666666666,0.03125,0.0,0.0,0.07692307692307693,0.0
0.17475728155339804,0.07885270161338835,0.014682539682539682,0.31313131313131315,0.6695278969957084,0.6666666666666666,0.6666666666666666,0.125,0.0,0.037037037037037035,0.23076923076923078,0.0
0.3495145631067961,0.043300407858801446,0.1273809523809524,0.06060606060606061,0.9742489270386274,0.33333333333333337,0.3333333333333333,0.375,0.0,0.037037037037037035,0.6923076923076923,0.07142857142857142
0.3398058252427184,0.07929484942911799,0.15833333333333335,0.23232323232323235,0.5050071530758231,0.33333333333333337,0.3333333333333333,0.4375,0.0,0.2222222222222222,0.5384615384615385,0.03571428571428571
0.24271844660194175,0.04496974144880109,0.03571428571428571,0.9292929292929294,0.5007153075822606,0.0,0.0,0.15625,0.0,0.07407407407407407,0.15384615384615385,0.03571428571428571
0.4563106796116504,0.10612750700819326,0.37063492063492065,0.5252525252525253,0.15879828326180334,0.0,0.0,0.40625,0.4,0.14814814814814814,0.46153846153846156,0.10714285714285714
0.17475728155339804,0.053005101242826376,0.011111111111111112,0.5050505050505051,0.2618025751072963,0.33333333333333337,0.3333333333333333,0.125,0.0,0.037037037037037035,0.23076923076923078,0.0
0.3980582524271844,0.1066343227017337,0.3873015873015873,0.5454545454545455,0.5593705293276114,0.0,0.0,0.625,0.2,0.2222222222222222,0.46153846153846156,0.2857142857142857
0.19417475728155337,0.01788743578329343,0.012301587301587301,0.9393939393939394,0.7510729613733913,0.33333333333333337,0.3333333333333333,0.15625,0.0,0.07407407407407407,0.23076923076923078,0.0
0.20388349514563103,0.12402095840802724,0.4888888888888889,0.5656565656565657,0.5593705293276114,0.33333333333333337,0.3333333333333333,0.59375,0.0,0.2962962962962963,0.5384615384615385,0.14285714285714285
0.3495145631067961,0.10413182622086938,0.7222222222222222,0.2828282828282829,0.9241773962804007,0.33333333333333337,0.3333333333333333,0.84375,0.2,0.4074074074074074,0.38461538461538464,0.39285714285714285
0.1844660194174757,0.04926338775461097,0.03888888888888889,0.9494949494949496,0.9456366237482126,0.6666666666666666,0.6666666666666666,0.1875,0.0,0.1111111111111111,0.23076923076923078,0.0
0.1844660194174757,0.04066406390991013,0.0738095238095238,0.7676767676767677,0.7982832618025757,0.33333333333333337,0.3333333333333333,0.28125,0.0,0.14814814814814814,0.3076923076923077,0.03571428571428571
0.2524271844660194,0.10129395911787,0.6273809523809524,0.43434343434343436,0.3175965665236058,0.33333333333333337,0.3333333333333333,0.71875,0.0,0.25925925925925924,1.0,0.10714285714285714
0.3689320388349514,0.09588591984792522,0.38015873015873014,0.4646464646464647,0.02288984263233207,0.0,0.0,0.40625,0.0,0.1111111111111111,0.46153846153846156,0.14285714285714285
0.2524271844660194,0.09134112155154782,0.3507936507936508,0.13131313131313133,0.23605150214592285,0.33333333333333337,0.3333333333333333,0.65625,0.0,0.2222222222222222,0.9230769230769231,0.10714285714285714
0.3495145631067961,0.045851029271990085,0.03492063492063492,0.27272727272727276,0.19170243204577986,0.0,0.0,0.1875,0.4,0.07407407407407407,0.23076923076923078,0.03571428571428571
0.22330097087378642,0.12360136915432463,0.6277777777777778,0.12121212121212122,0.6251788268955654,0.0,0.0,0.625,0.2,0.2222222222222222,0.5384615384615385,0.25
0.33009708737864074,0.06673123428420179,0.004365079365079365,0.030303030303030304,0.15879828326180334,0.9999999999999999,1.0,0.09375,0.0,0.037037037037037035,0.15384615384615385,0.0
0.4271844660194174,0.12458943417110818,0.5436507936507936,0.7272727272727273,0.5579399141630903,0.0,0.0,0.96875,0.0,0.3333333333333333,0.8461538461538463,0.39285714285714285
0.33009708737864074,0.08188908406222553,0.15396825396825398,0.06060606060606061,0.7682403433476397,0.33333333333333337,0.3333333333333333,0.40625,0.0,0.14814814814814814,0.5384615384615385,0.07142857142857142
0.44660194174757273,0.09232467485592598,0.5841269841269842,0.5353535353535354,0.9141630901287554,0.33333333333333337,0.3333333333333333,0.65625,0.2,0.2962962962962963,0.6923076923076923,0.14285714285714285
0.24271844660194175,0.10822244546843605,0.4658730158730159,0.5858585858585859,0.3361945636623753,0.33333333333333337,0.3333333333333333,0.5,0.2,0.2222222222222222,0.6153846153846154,0.07142857142857142
0.3495145631067961,0.09271719383519617,0.39682539682539686,0.787878787878788,0.904148783977111,0.33333333333333337,0.3333333333333333,0.6875,0.0,0.14814814814814814,1.0,0.17857142857142855
0.46601941747572806,0.11190550669538121,0.5329365079365079,0.5757575757575758,0.06723891273247506,0.0,0.0,0.625,0.0,0.18518518518518517,0.46153846153846156,0.3214285714285714
0.35922330097087374,0.09193215587665579,0.5166666666666667,0.37373737373737376,0.7811158798283264,0.33333333333333337,0.3333333333333333,0.59375,0.0,0.3333333333333333,0.46153846153846156,0.14285714285714285
0.3106796116504854,0.06643646907371537,0.1908730158730159,0.20202020202020204,0.5979971387696716,0.33333333333333337,0.3333333333333333,0.40625,0.2,0.18518518518518517,0.3076923076923077,0.14285714285714285
0.4757281553398057,0.11414933166500234,0.8916666666666667,0.7373737373737375,0.6809728183118748,0.0,0.0,0.375,0.6000000000000001,0.14814814814814814,0.46153846153846156,0.07142857142857142
0.24271844660194175,0.06727414367698545,0.09126984126984128,0.5656565656565657,0.4506437768240348,0.6666666666666666,0.6666666666666666,0.3125,0.0,0.1111111111111111,0.46153846153846156,0.03571428571428571
0.2524271844660194,0.15601651888302032,0.6821428571428572,0.36363636363636365,0.7496423462088702,0.0,0.0,0.9375,0.6000000000000001,0.3333333333333333,1.0,0.2857142857142857
0.2524271844660194,0.08053707424473934,0.09126984126984128,0.09090909090909091,0.28326180257510813,0.33333333333333337,0.3333333333333333,0.3125,0.0,0.1111111111111111,0.46153846153846156,0.03571428571428571
0.1844660194174757,0.11577054032267767,0.43134920634920637,0.42424242424242425,0.052932761087268076,0.33333333333333337,0.3333333333333333,0.78125,0.0,0.25925925925925924,0.9230769230769231,0.21428571428571427
0.3689320388349514,0.09798837782884368,0.2357142857142857,0.2828282828282829,0.4091559370529332,0.33333333333333337,0.3333333333333333,0.46875,0.0,0.25925925925925924,0.5384615384615385,0.03571428571428571
0.3495145631067961,0.1459493846024279,0.7948412698412698,0.23232323232323235,0.18884120171673846,0.0,0.0,0.59375,0.2,0.14814814814814814,0.6923076923076923,0.21428571428571427
0.10679611650485438,0.04116636789104516,0.017063492063492065,0.38383838383838387,0.9599427753934195,0.33333333333333337,0.3333333333333333,0.125,0.0,0.037037037037037035,0.23076923076923078,0.0
0.21359223300970875,0.09882906024038404,0.4638888888888889,0.6363636363636365,0.9814020028612305,0.33333333333333337,0.3333333333333333,0.84375,0.0,0.3333333333333333,0.9230769230769231,0.21428571428571427
0.44660194174757273,0.07351985755020032,0.024603174603174603,0.7171717171717172,0.1101573676680978,0.33333333333333337,0.3333333333333333,0.1875,0.0,0.037037037037037035,0.3076923076923077,0.03571428571428571
0.3980582524271844,0.07173773115006557,0.14285714285714288,0.09090909090909091,0.9942775393419172,0.33333333333333337,0.3333333333333333,0.40625,0.0,0.25925925925925924,0.38461538461538464,0.03571428571428571
0.20388349514563103,0.22888518594270726,0.00039682539682539715,0.8181818181818182,0.20314735336194634,0.0,0.0,0.0,0.0,0.0,0.0,0.0
0.41747572815533973,0.08955448343900767,0.06349206349206349,0.8787878787878789,0.251788268955651,0.33333333333333337,0.3333333333333333,0.25,0.0,0.1111111111111111,0.3076923076923077,0.03571428571428571
0.3689320388349514,0.037236666385937894,0.08134920634920634,0.9292929292929294,0.9227467811158805,0.0,0.0,0.28125,0.0,0.1111111111111111,0.38461538461538464,0.03571428571428571
0.4757281553398057,0.10727197805503086,0.43253968253968256,0.36363636363636365,0.43204577968526525,0.33333333333333337,0.3333333333333333,0.78125,0.0,0.3333333333333333,1.0,0.10714285714285714
0.2912621359223301,0.06768170169760698,0.0865079365079365,0.8686868686868687,0.3590844062947074,0.9999999999999999,1.0,0.25,0.2,0.1111111111111111,0.23076923076923078,0.07142857142857142
0.3203883495145631,0.08199736515995525,0.23492063492063492,0.8383838383838385,0.8140200286123038,0.33333333333333337,0.3333333333333333,0.5625,0.0,0.25925925925925924,0.6923076923076923,0.07142857142857142
0.10679611650485438,0.027455273891021093,0.006746031746031746,0.7474747474747475,0.32474964234620973,0.33333333333333337,0.3333333333333333,0.09375,0.0,0.0,0.23076923076923078,0.0
0.20388349514563103,0.08512097404863024,0.42023809523809524,0.8787878787878789,0.26609442060085886,0.33333333333333337,0.3333333333333333,0.71875,0.0,0.2222222222222222,1.0,0.14285714285714285
0.1553398058252427,0.03644711671499212,0.02738095238095238,0.29292929292929293,0.9442060085836914,0.0,0.0,0.15625,0.0,0.07407407407407407,0.23076923076923078,0.0
0.38834951456310673,0.01944698437142823,0.008333333333333333,0.888888888888889,0.778254649499285,0.0,0.0,0.125,0.0,0.037037037037037035,0.23076923076923078,0.0
0.35922330097087374,0.025506214131886376,0.021825396825396824,0.7777777777777778,0.7839771101573678,0.0,0.0,0.125,0.0,0.037037037037037035,0.15384615384615385,0.03571428571428571
0.21359223300970875,0.0651761974084724,0.005952380952380952,0.25252525252525254,0.5851216022889849,0.33333333333333337,0.3333333333333333,0.09375,0.0,0.037037037037037035,0.15384615384615385,0.0
0.08737864077669899,0.02907497864456128,0.02142857142857143,0.3434343434343435,0.39628040057224645,0.33333333333333337,0.3333333333333333,0.15625,0.0,0.07407407407407407,0.23076923076923078,0.0
0.27184466019417475,0.041292695838396475,0.011507936507936509,0.43434343434343436,0.5951359084406302,0.33333333333333337,0.3333333333333333,0.125,0.0,0.037037037037037035,0.23076923076923078,0.0
0.24271844660194175,0.07964676299673953,0.07658730158730159,0.7676767676767677,0.3347639484978542,0.6666666666666666,0.6666666666666666,0.28125,0.0,0.1111111111111111,0.38461538461538464,0.03571428571428571
0.3106796116504854,0.08658577667625154,0.4138888888888889,0.8181818181818182,0.47925608011444965,0.33333333333333337,0.3333333333333333,0.78125,0.0,0.25925925925925924,0.7692307692307693,0.2857142857142857
0.33009708737864074,0.08650005414054886,0.2257936507936508,0.8787878787878789,0.3333333333333339,0.6666666666666666,0.6666666666666666,0.5,0.0,0.18518518518518517,0.6923076923076923,0.07142857142857142
0.2524271844660194,0.09775527268789778,0.40634920634920635,0.33333333333333337,0.9370529327610875,0.33333333333333337,0.3333333333333333,0.40625,0.0,0.14814814814814814,0.46153846153846156,0.10714285714285714
0.1553398058252427,0.11372974241129974,0.2638888888888889,0.38383838383838387,0.2789699570815456,0.33333333333333337,0.3333333333333333,0.5625,0.0,0.2222222222222222,0.6153846153846154,0.14285714285714285
0.20388349514563103,0.07652465801219967,0.39087301587301587,0.6363636363636365,0.822603719599428,0.33333333333333337,0.3333333333333333,0.4375,0.0,0.07407407407407407,0.6153846153846154,0.14285714285714285
0.21359223300970875,0.03762918536520808,0.002380952380952381,0.26262626262626265,0.05436337625178833,0.6666666666666666,0.6666666666666666,0.09375,0.0,0.037037037037037035,0.15384615384615385,0.0
0.3203883495145631,0.11966565203267683,0.4904761904761905,0.17171717171717174,0.8683834048640922,0.33333333333333337,0.3333333333333333,0.5625,0.4,0.37037037037037035,0.38461538461538464,0.10714285714285714
0.16504854368932037,0.10317835099919391,0.2265873015873016,0.7575757575757577,0.25464949928469327,0.0,0.0,0.5,0.0,0.07407407407407407,0.9230769230769231,0.07142857142857142
0.10679611650485438,0.05175686081066448,0.06626984126984126,0.13131313131313133,0.5407725321888419,0.33333333333333337,0.3333333333333333,0.25,0.4,0.14814814814814814,0.23076923076923078,0.03571428571428571
0.1553398058252427,0.09559566634984419,0.2615079365079365,0.19191919191919193,0.26895565092990026,0.0,0.0,0.59375,0.0,0.1111111111111111,1.0,0.10714285714285714
0.3203883495145631,0.09984118772332977,0.3662698412698413,0.5151515151515152,0.36337625178826904,0.33333333333333337,0.3333333333333333,0.65625,0.0,0.2962962962962963,0.3076923076923077,0.3214285714285714
0.2815533980582524,0.10078112780778901,0.821031746031746,0.8181818181818182,0.955650929899857,0.0,0.0,0.90625,0.0,0.4074074074074074,1.0,0.17857142857142855
0.13592233009708737,0.059116967648014246,0.18333333333333335,0.32323232323232326,0.48497854077253244,0.0,0.0,0.4375,0.0,0.2962962962962963,0.38461538461538464,0.03571428571428571
0.3980582524271844,0.05596929629317709,0.1,0.8484848484848485,0.35479256080114485,0.33333333333333337,0.3333333333333333,0.3125,0.0,0.1111111111111111,0.46153846153846156,0.03571428571428571
0.2815533980582524,0.09632054814297918,0.4527777777777778,0.8787878787878789,0.27467811158798305,0.0,0.0,0.5,0.0,0.07407407407407407,0.46153846153846156,0.2857142857142857
0.19417475728155337,0.0973717771334384,0.2714285714285714,1.0,0.6852646638054365,0.33333333333333337,0.3333333333333333,0.5625,0.0,0.18518518518518517,0.8461538461538463,0.07142857142857142
0.23300970873786409,0.12802284731162097,0.8369047619047619,0.9696969696969697,0.9370529327610875,0.0,0.0,0.65625,0.2,0.18518518518518517,0.7692307692307693,0.21428571428571427
0.13592233009708737,0.2392305424882996,0.6793650793650794,0.21212121212121213,0.992846924177397,0.0,0.0,0.90625,0.0,0.0,0.07692307692307693,1.0
0.06796116504854366,0.11446966324578606,0.5321428571428571,0.4040404040404041,0.06294706723891341,0.0,0.0,0.625,0.4,0.1111111111111111,0.9230769230769231,0.17857142857142855
0.2621359223300971,0.10188348953884284,0.41230158730158734,0.030303030303030304,0.3891273247496425,0.0,0.0,0.4375,0.0,0.14814814814814814,0.3076923076923077,0.21428571428571427
0.3495145631067961,0.07351233802952464,0.19365079365079366,0.98989898989899,0.9055793991416312,0.33333333333333337,0.3333333333333333,0.5,0.4,0.14814814814814814,0.5384615384615385,0.17857142857142855
0.2524271844660194,0.08945071405368336,0.37777777777777777,0.7373737373737375,0.44062947067238944,0.0,0.0,0.375,0.0,0.18518518518518517,0.3076923076923077,0.10714285714285714
0.3689320388349514,0.06103594932444627,0.10515873015873015,0.9090909090909092,0.503576537911302,0.33333333333333337,0.3333333333333333,0.28125,0.0,0.037037037037037035,0.3076923076923077,0.14285714285714285
0.4271844660194174,0.017075327550320634,0.009523809523809525,0.29292929292929293,0.3419170243204581,0.0,0.0,0.125,0.0,0.037037037037037035,0.23076923076923078,0.0
0.4563106796116504,0.06893896555457969,0.046031746031746035,0.030303030303030304,0.5665236051502154,0.6666666666666666,0.6666666666666666,0.1875,0.2,0.07407407407407407,0.15384615384615385,0.07142857142857142
0.3398058252427184,0.09052450160616962,0.04801587301587302,0.9494949494949496,0.4835479256080122,0.6666666666666666,0.6666666666666666,0.21875,0.0,0.07407407407407407,0.3076923076923077,0.03571428571428571
0.009708737864077666,0.049770203448151404,0.0071428571428571435,0.6565656565656566,0.13590844062947127,0.0,0.0,0.09375,0.0,0.037037037037037035,0.15384615384615385,0.0
0.4563106796116504,0.03727877570172167,0.020634920634920634,0.33333333333333337,0.6394849785407732,0.6666666666666666,0.6666666666666666,0.15625,0.2,0.07407407407407407,0.23076923076923078,0.0
0.3398058252427184,0.06648459400603968,0.2503968253968254,0.4646464646464647,0.34048640915593786,0.0,0.0,0.5625,0.0,0.2962962962962963,0.46153846153846156,0.14285714285714285
0.3495145631067961,0.11540659552197505,0.3964285714285714,0.29292929292929293,0.1158798283261806,0.0,0.0,0.84375,0.2,0.37037037037037035,0.7692307692307693,0.25
0.22330097087378642,0.11605778601248842,0.2892857142857143,1.0,0.40772532188841204,0.33333333333333337,0.3333333333333333,0.53125,0.0,0.3333333333333333,0.38461538461538464,0.10714285714285714
0.17475728155339804,0.10481760650649084,0.24166666666666667,0.26262626262626265,0.15593705293276194,0.6666666666666666,0.6666666666666666,0.5625,0.0,0.2962962962962963,0.6153846153846154,0.07142857142857142
0.17475728155339804,0.10420852533176125,0.5746031746031746,0.30303030303030304,0.19742489270386265,0.33333333333333337,0.3333333333333333,0.5625,0.2,0.18518518518518517,0.8461538461538463,0.07142857142857142
0.07766990291262132,0.13312108232972797,0.6412698412698413,0.27272727272727276,0.08726752503576574,0.0,0.0,0.4375,0.8,0.1111111111111111,0.5384615384615385,0.14285714285714285
0.27184466019417475,0.05956212327201415,0.07222222222222222,0.24242424242424243,0.2646638054363377,0.33333333333333337,0.3333333333333333,0.28125,0.0,0.14814814814814814,0.3076923076923077,0.03571428571428571
0.09708737864077666,0.10560715617743663,0.5706349206349206,0.9393939393939394,0.7653791130185983,0.33333333333333337,0.3333333333333333,0.625,0.4,0.2962962962962963,0.6153846153846154,0.14285714285714285
0.2524271844660194,0.05106055319609707,0.020634920634920634,0.3434343434343435,0.002861230329042286,0.33333333333333337,0.3333333333333333,0.15625,0.0,0.037037037037037035,0.23076923076923078,0.03571428571428571
0.43689320388349506,0.062344345922013544,0.2507936507936508,0.888888888888889,0.6366237482117318,0.33333333333333337,0.3333333333333333,0.5625,0.0,0.3333333333333333,0.46153846153846156,0.10714285714285714
0.46601941747572806,0.09721988281578979,0.3742063492063492,0.9696969696969697,0.3147353361945644,0.33333333333333337,0.3333333333333333,0.34375,0.2,0.07407407407407407,0.38461538461538464,0.14285714285714285
0.24271844660194175,0.05030258551198912,0.02142857142857143,0.10101010101010102,0.7653791130185983,0.33333333333333337,0.3333333333333333,0.125,0.4,0.037037037037037035,0.15384615384615385,0.03571428571428571
0.09708737864077666,0.035374833066641,0.005158730158730159,0.26262626262626265,0.503576537911302,0.33333333333333337,0.3333333333333333,0.09375,0.0,0.037037037037037035,0.15384615384615385,0.0
0.30097087378640774,0.08048894931241503,0.35634920634920636,0.494949494949495,0.8812589413447789,0.33333333333333337,0.3333333333333333,0.6875,0.0,0.25925925925925924,0.7692307692307693,0.17857142857142855
0.20388349514563103,0.047401554435314075,0.04246031746031746,0.11111111111111112,0.7067238912732483,0.33333333333333337,0.3333333333333333,0.1875,0.0,0.07407407407407407,0.23076923076923078,0.03571428571428571
0.41747572815533973,0.08522323952981942,0.23452380952380952,0.4444444444444445,0.5879828326180263,0.0,0.0,0.53125,0.0,0.18518518518518517,0.6153846153846154,0.14285714285714285
0.13592233009708737,0.07300251452771395,0.09047619047619049,0.7575757575757577,0.4663805436337629,0.33333333333333337,0.3333333333333333,0.3125,0.0,0.14814814814814814,0.38461538461538464,0.03571428571428571
0.20388349514563103,0.11262437287197564,0.5976190476190476,0.6464646464646465,0.8140200286123038,0.0,0.0,0.3125,0.0,0.1111111111111111,0.38461538461538464,0.07142857142857142
0.3495145631067961,0.12869659636416136,0.45515873015873015,0.19191919191919193,0.9213161659513593,0.0,0.0,0.5,0.4,0.18518518518518517,0.6153846153846154,0.10714285714285714
0.17475728155339804,0.03627567164358675,0.017063492063492065,0.4545454545454546,0.719599427753935,0.33333333333333337,0.3333333333333333,0.15625,0.0,0.07407407407407407,0.23076923076923078,0.0
0.2524271844660194,0.08569245761998147,0.46825396825396826,0.7777777777777778,0.6509298998569388,0.33333333333333337,0.3333333333333333,0.78125,0.0,0.4074074074074074,0.6923076923076923,0.17857142857142855
0.3689320388349514,0.0653145565889048,0.006349206349206349,0.09090909090909091,0.13161659513590873,0.6666666666666666,0.6666666666666666,0.09375,0.0,0.037037037037037035,0.15384615384615385,0.0
0.30097087378640774,0.10989929857911138,0.380952380952381,0.010101010101010102,0.7968526466380546,0.33333333333333337,0.3333333333333333,0.4375,0.0,0.18518518518518517,0.38461538461538464,0.14285714285714285
0.40776699029126207,0.08629552317817053,0.34285714285714286,0.9090909090909092,0.6051502145922747,0.0,0.0,0.625,0.0,0.4074074074074074,0.6153846153846154,0.03571428571428571
0.11650485436893204,0.025954377564156552,0.004365079365079365,0.43434343434343436,0.052932761087268076,0.33333333333333337,0.3333333333333333,0.125,0.0,0.037037037037037035,0.23076923076923078,0.0
0.30097087378640774,0.10596508536159871,0.7706349206349207,0.797979797979798,0.7167381974248928,0.0,0.0,0.46875,0.0,0.18518518518518517,0.3076923076923077,0.21428571428571427
0.19417475728155337,0.008677526859727853,0.02619047619047619,0.19191919191919193,0.9971387696709586,0.33333333333333337,0.3333333333333333,0.21875,0.4,0.14814814814814814,0.15384615384615385,0.03571428571428571
0.2912621359223301,0.06476412767544545,0.023809523809523808,1.0,0.030042918454936007,0.33333333333333337,0.3333333333333333,0.15625,0.0,0.07407407407407407,0.23076923076923078,0.0
0.3980582524271844,0.11830461879037982,0.5456349206349207,0.6262626262626263,0.311874105865523,0.0,0.0,0.71875,0.2,0.2222222222222222,0.9230769230769231,0.17857142857142855
0.19417475728155337,0.11020910283094915,0.40555555555555556,0.4141414141414142,0.22174535050071587,0.0,0.0,0.6875,0.0,0.1111111111111111,0.8461538461538463,0.2857142857142857
0.30097087378640774,0.08306363319176582,0.16111111111111112,0.6060606060606061,0.3733905579399144,0.9999999999999999,1.0,0.4375,0.0,0.2222222222222222,0.38461538461538464,0.10714285714285714
0.04854368932038833,0.13258569245761997,0.32976190476190476,0.17171717171717174,0.6294706723891279,0.0,0.0,0.78125,0.2,0.4074074074074074,0.6153846153846154,0.21428571428571427
0.4563106796116504,0.051457583887772655,0.002380952380952381,0.24242424242424243,0.39341917024320505,0.6666666666666666,0.6666666666666666,0.09375,0.0,0.0,0.23076923076923078,0.0
0.41747572815533973,0.07799698016049665,0.1884920634920635,0.6060606060606061,0.9885550786838344,0.6666666666666666,0.6666666666666666,0.46875,0.0,0.25925925925925924,0.46153846153846156,0.07142857142857142
0.17475728155339804,0.09721687500751952,0.2384920634920635,0.5757575757575758,0.5464949928469247,0.6666666666666666,0.6666666666666666,0.5,0.0,0.14814814814814814,0.7692307692307693,0.07142857142857142
0.46601941747572806,0.06518221302501294,0.11071428571428571,0.7474747474747475,0.36623748211731044,0.9999999999999999,1.0,0.34375,0.0,0.2222222222222222,0.3076923076923077,0.03571428571428571
0.22330097087378642,0.13228942334299842,0.5821428571428572,0.22222222222222224,0.3762517882689558,0.6666666666666666,0.6666666666666666,0.34375,0.6000000000000001,0.14814814814814814,0.3076923076923077,0.10714285714285714
0.4563106796116504,0.10571694117930147,0.6634920634920635,0.4646464646464647,0.08726752503576574,0.0,0.0,0.78125,0.8,0.14814814814814814,1.0,0.2857142857142857
0.22330097087378642,0.09880950948662728,0.5277777777777778,0.696969696969697,0.6537911301859802,0.33333333333333337,0.3333333333333333,0.53125,0.0,0.2962962962962963,0.3076923076923077,0.17857142857142855
0.4271844660194174,0.10349116305930195,0.13055555555555556,0.29292929292929293,0.037195994277539945,0.33333333333333337,0.3333333333333333,0.375,0.0,0.14814814814814814,0.5384615384615385,0.03571428571428571
0.06796116504854366,0.0236970174573192,0.005158730158730159,0.37373737373737376,0.6695278969957084,0.33333333333333337,0.3333333333333333,0.09375,0.0,0.037037037037037035,0.15384615384615385,0.0
0.2621359223300971,0.0919667456717639,0.528968253968254,0.26262626262626265,0.985693848354793,0.33333333333333337,0.3333333333333333,0.5625,0.0,0.25925925925925924,0.46153846153846156,0.17857142857142855
0.41747572815533973,0.09381053214143918,0.43412698412698414,0.08080808080808081,0.6623748211731044,0.33333333333333337,0.3333333333333333,0.8125,0.0,0.2222222222222222,0.8461538461538463,0.3214285714285714
0.38834951456310673,0.049946160231962175,0.03650793650793651,0.26262626262626265,0.6866952789699576,0.6666666666666666,0.6666666666666666,0.1875,0.0,0.1111111111111111,0.23076923076923078,0.0
0.44660194174757273,0.07073913880433605,0.023015873015873017,0.797979797979798,0.2560801144492135,0.9999999999999999,1.0,0.1875,0.0,0.07407407407407407,0.23076923076923078,0.03571428571428571
0.17475728155339804,0.05560234368420419,0.04126984126984127,0.7171717171717172,0.4749642346208871,0.33333333333333337,0.3333333333333333,0.21875,0.0,0.1111111111111111,0.3076923076923077,0.0
0.3106796116504854,0.1210552594535414,0.35595238095238096,0.8383838383838385,0.22174535050071587,0.0,0.0,0.625,0.2,0.2222222222222222,0.38461538461538464,0.3214285714285714
0.4271844660194174,0.12349158415245978,0.6226190476190476,0.5757575757575758,0.5908440629470677,0.0,0.0,0.59375,0.2,0.14814814814814814,0.8461538461538463,0.14285714285714285
0.20388349514563103,0.022969127855913953,0.013095238095238096,0.37373737373737376,0.28898426323319093,0.33333333333333337,0.3333333333333333,0.1875,0.0,0.07407407407407407,0.3076923076923077,0.0
0.009708737864077666,0.10442057581481526,0.37896825396825395,0.30303030303030304,0.1602288984263236,0.0,0.0,0.71875,0.0,0.1111111111111111,0.9230769230769231,0.2857142857142857
0.2524271844660194,0.04807530348785447,0.009126984126984128,0.3434343434343435,0.4105865522174543,0.33333333333333337,0.3333333333333333,0.09375,0.2,0.037037037037037035,0.15384615384615385,0.0
0.40776699029126207,0.09299240829192584,0.4801587301587302,0.0,0.21602288984263307,0.0,0.0,0.84375,0.4,0.37037037037037035,0.5384615384615385,0.3571428571428571
0.23300970873786409,0.12288851859427072,0.5920634920634921,0.8989898989898991,0.25751072961373467,0.0,0.0,0.65625,0.0,0.2222222222222222,0.38461538461538464,0.3571428571428571
0.3689320388349514,0.07487637908009191,0.1761904761904762,0.9292929292929294,0.38483547925608086,0.33333333333333337,0.3333333333333333,0.46875,0.0,0.1111111111111111,0.7692307692307693,0.07142857142857142
0.20388349514563103,0.08512097404863024,0.42023809523809524,0.8787878787878789,0.26609442060085886,0.33333333333333337,0.3333333333333333,0.71875,0.0,0.2222222222222222,1.0,0.14285714285714285
0.2621359223300971,0.11914229339364991,0.6952380952380952,0.20202020202020204,0.6952789699570818,0.0,0.0,0.75,0.8,0.2962962962962963,0.8461538461538463,0.17857142857142855
0.16504854368932037,0.11095353537784088,0.5694444444444444,0.5656565656565657,0.0829756795422032,0.0,0.0,0.625,0.0,0.2962962962962963,0.46153846153846156,0.21428571428571427
0.17475728155339804,0.09343004439525007,0.39722222222222225,0.2828282828282829,0.7224606580829764,0.0,0.0,0.71875,0.0,0.25925925925925924,1.0,0.10714285714285714
0.23300970873786409,0.09097116113430466,0.4845238095238095,0.5555555555555556,0.9828326180257516,0.33333333333333337,0.3333333333333333,0.5625,0.2,0.25925925925925924,0.38461538461538464,0.21428571428571427
0.3106796116504854,0.08539468460122478,0.4626984126984127,0.25252525252525254,0.40486409155937064,0.33333333333333337,0.3333333333333333,0.46875,0.0,0.1111111111111111,0.6153846153846154,0.14285714285714285
0.16504854368932037,0.05854999578906842,0.034523809523809526,0.0,0.6738197424892709,0.33333333333333337,0.3333333333333333,0.1875,0.0,0.07407407407407407,0.23076923076923078,0.03571428571428571
0.35922330097087374,0.05579333950936632,0.0373015873015873,0.8686868686868687,0.12017167381974314,0.33333333333333337,0.3333333333333333,0.21875,0.0,0.1111111111111111,0.15384615384615385,0.07142857142857142
0.14563106796116504,0.050821432438610634,0.024206349206349207,0.08080808080808081,0.38483547925608086,0.33333333333333337,0.3333333333333333,0.1875,0.0,0.1111111111111111,0.23076923076923078,0.0
0.2815533980582524,0.11642624252559644,0.22182539682539684,0.33333333333333337,0.09442060085836967,0.6666666666666666,0.6666666666666666,0.53125,0.0,0.2962962962962963,0.6153846153846154,0.03571428571428571
0.07766990291262132,0.11513138106524537,0.5642857142857143,0.13131313131313133,0.34907010014306206,0.0,0.0,0.625,0.0,0.2222222222222222,0.7692307692307693,0.14285714285714285
0.17475728155339804,0.04496071802399028,0.03214285714285714,0.12121212121212122,0.5937052932761091,0.33333333333333337,0.3333333333333333,0.15625,0.4,0.07407407407407407,0.15384615384615385,0.03571428571428571
0.4271844660194174,0.11038205180648965,0.32857142857142857,0.9292929292929294,0.05436337625178833,0.0,0.0,0.5625,0.0,0.07407407407407407,0.38461538461538464,0.39285714285714285
0.3980582524271844,0.07067747873479553,0.09404761904761905,0.9090909090909092,0.6123032904148786,0.33333333333333337,0.3333333333333333,0.28125,0.0,0.1111111111111111,0.3076923076923077,0.07142857142857142
0.1844660194174757,0.1101684974193005,0.7396825396825397,0.08080808080808081,0.9384835479256086,0.0,0.0,0.5,0.0,0.1111111111111111,0.5384615384615385,0.21428571428571427
0.08737864077669899,0.09880650167835701,0.5392857142857143,0.06060606060606061,0.9470672389127328,0.0,0.0,0.875,0.0,0.4074074074074074,0.9230769230769231,0.17857142857142855
0.30097087378640774,0.06791781464682316,0.07063492063492063,0.9191919191919192,0.4306151645207441,0.33333333333333337,0.3333333333333333,0.21875,0.0,0.07407407407407407,0.3076923076923077,0.03571428571428571
0.38834951456310673,0.09072752866441282,0.1765873015873016,0.5252525252525253,0.570815450643777,0.33333333333333337,0.3333333333333333,0.4375,0.0,0.2222222222222222,0.5384615384615385,0.03571428571428571
0.16504854368932037,0.10577408953643659,0.2988095238095238,0.030303030303030304,0.5164520743919887,0.33333333333333337,0.3333333333333333,0.59375,0.0,0.18518518518518517,0.9230769230769231,0.07142857142857142
0.43689320388349506,0.11611493436962354,0.596031746031746,0.5757575757575758,0.2846924177396284,0.0,0.0,0.59375,0.0,0.2962962962962963,0.46153846153846156,0.17857142857142855
0.30097087378640774,0.06164503049917586,0.25753968253968257,0.09090909090909091,0.6165951359084412,0.6666666666666666,0.6666666666666666,0.53125,0.2,0.25925925925925924,0.5384615384615385,0.10714285714285714
0.23300970873786409,0.04796251067771936,0.030158730158730156,0.22222222222222224,0.6323319027181693,0.6666666666666666,0.6666666666666666,0.1875,0.0,0.07407407407407407,0.3076923076923077,0.0
0.37864077669902907,0.007677430609863204,0.05238095238095238,0.7676767676767677,0.8125894134477827,0.33333333333333337,0.3333333333333333,0.03125,0.0,0.0,0.07692307692307693,0.0
0.41747572815533973,0.05973808005582492,0.004365079365079365,0.8686868686868687,0.6866952789699576,0.6666666666666666,0.6666666666666666,0.09375,0.0,0.037037037037037035,0.15384615384615385,0.0
0.30097087378640774,0.05869737839431163,0.03492063492063492,0.6464646464646465,0.4334763948497855,0.33333333333333337,0.3333333333333333,0.1875,0.0,0.07407407407407407,0.23076923076923078,0.03571428571428571
0.3689320388349514,0.10906312787997642,0.4575396825396825,0.9090909090909092,0.22031473533619472,0.0,0.0,0.53125,0.0,0.07407407407407407,0.3076923076923077,0.39285714285714285
0.3980582524271844,0.0742838408508488,0.015079365079365078,0.797979797979798,0.2761087267525042,0.6666666666666666,0.6666666666666666,0.125,0.0,0.037037037037037035,0.23076923076923078,0.0
0.24271844660194175,0.10606735084278787,0.6031746031746031,0.2828282828282829,0.414878397711016,0.33333333333333337,0.3333333333333333,0.625,0.0,0.2222222222222222,0.38461538461538464,0.3214285714285714
0.21359223300970875,0.1048762587677611,0.4861111111111111,0.8686868686868687,0.1216022889842634,0.0,0.0,0.5625,0.0,0.14814814814814814,0.7692307692307693,0.14285714285714285
0.19417475728155337,0.05196439958131309,0.009523809523809525,0.42424242424242425,0.10872675250357666,0.6666666666666666,0.6666666666666666,0.125,0.0,0.037037037037037035,0.23076923076923078,0.0
0.2524271844660194,0.02835912027623711,0.007936507936507936,0.393939393939394,0.07010014306151646,0.33333333333333337,0.3333333333333333,0.125,0.0,0.037037037037037035,0.15384615384615385,0.03571428571428571
0.23300970873786409,0.043217693131369035,0.007539682539682541,0.08080808080808081,0.1459227467811166,0.33333333333333337,0.3333333333333333,0.09375,0.0,0.037037037037037035,0.15384615384615385,0.0
0.23300970873786409,0.04490657747512543,0.013095238095238096,0.4040404040404041,0.5379113018598005,0.33333333333333337,0.3333333333333333,0.125,0.0,0.037037037037037035,0.23076923076923078,0.0
0.09708737864077666,0.028115487806345273,0.020634920634920634,0.05050505050505051,0.8698140200286124,0.33333333333333337,0.3333333333333333,0.15625,0.0,0.07407407407407407,0.23076923076923078,0.0
0.3495145631067961,0.02318117833896796,0.016666666666666666,0.9696969696969697,0.19170243204577986,0.6666666666666666,0.6666666666666666,0.21875,0.0,0.1111111111111111,0.3076923076923077,0.0
0.27184466019417475,0.061410421454094824,0.32063492063492066,0.2828282828282829,0.7768240343347648,0.33333333333333337,0.3333333333333333,0.5625,0.4,0.2222222222222222,0.3076923076923077,0.2857142857142857
0.17475728155339804,0.06324368059482416,0.24761904761904763,0.22222222222222224,0.044349070100143884,0.33333333333333337,0.3333333333333333,0.5,0.2,0.25925925925925924,0.6153846153846154,0.03571428571428571
0.19417475728155337,0.05872745647701433,0.14761904761904762,0.30303030303030304,0.9427753934191703,0.33333333333333337,0.3333333333333333,0.40625,0.0,0.25925925925925924,0.38461538461538464,0.03571428571428571
0.49514563106796117,0.09191410902703417,0.6376984126984127,0.4545454545454546,0.7582260371959944,0.0,0.0,0.40625,0.0,0.1111111111111111,0.3076923076923077,0.21428571428571427
0.37864077669902907,0.12074395129756849,0.28730158730158734,0.5858585858585859,0.8569384835479257,0.0,0.0,0.5,0.8,0.18518518518518517,0.5384615384615385,0.14285714285714285
0.44660194174757273,0.02268338607023834,0.017857142857142856,0.494949494949495,0.4935622317596575,0.0,0.0,0.15625,0.2,0.07407407407407407,0.23076923076923078,0.0
0.17475728155339804,0.07449889914217309,0.10515873015873015,0.37373737373737376,0.3476394849785409,0.6666666666666666,0.6666666666666666,0.34375,0.0,0.1111111111111111,0.38461538461538464,0.10714285714285714
0.3398058252427184,0.06736588182922867,0.06825396825396826,0.7070707070707072,0.6437768240343349,0.33333333333333337,0.3333333333333333,0.21875,0.0,0.037037037037037035,0.38461538461538464,0.03571428571428571
0.33009708737864074,0.0653491463840129,0.12301587301587302,0.33333333333333337,0.7510729613733913,0.0,0.0,0.375,0.2,0.14814814814814814,0.5384615384615385,0.03571428571428571
0.40776699029126207,0.10330467894654523,0.30238095238095236,0.98989898989899,0.001430615164521143,0.33333333333333337,0.3333333333333333,0.625,0.0,0.37037037037037035,0.5384615384615385,0.10714285714285714
0.30097087378640774,0.08787462252006208,0.423015873015873,0.17171717171717174,0.8783977110157375,0.33333333333333337,0.3333333333333333,0.71875,0.0,0.4074074074074074,0.6153846153846154,0.14285714285714285
0.22330097087378642,0.10857586294019274,0.625,0.5454545454545455,0.6924177396280404,0.0,0.0,0.71875,0.0,0.2222222222222222,0.9230769230769231,0.17857142857142855
0.27184466019417475,0.02646720887423752,0.021825396825396824,0.393939393939394,0.281831187410587,0.33333333333333337,0.3333333333333333,0.21875,0.0,0.14814814814814814,0.23076923076923078,0.0
0.2524271844660194,0.09044780249527774,0.2253968253968254,0.8181818181818182,0.28326180257510813,0.33333333333333337,0.3333333333333333,0.53125,0.0,0.14814814814814814,0.6923076923076923,0.14285714285714285
0.38834951456310673,0.0680576777313907,0.014285714285714287,0.7171717171717172,0.6580829756795428,0.6666666666666666,0.6666666666666666,0.125,0.0,0.037037037037037035,0.23076923076923078,0.0
0.43689320388349506,0.04979125810604329,0.06547619047619047,0.6262626262626263,0.7525035765379116,0.6666666666666666,0.6666666666666666,0.21875,0.0,0.07407407407407407,0.3076923076923077,0.03571428571428571
0.5048543689320388,0.12179518028802772,0.46111111111111114,0.08080808080808081,0.3376251788268956,0.0,0.0,0.84375,0.0,0.2222222222222222,1.0,0.2857142857142857
0.3689320388349514,0.06987439392663354,0.6035714285714285,0.7676767676767677,0.6423462088698146,0.0,0.0,0.6875,0.8,0.07407407407407407,0.9230769230769231,0.2857142857142857
0.19417475728155337,0.07211370718384927,0.17976190476190476,0.6666666666666667,0.3390557939914167,0.6666666666666666,0.6666666666666666,0.46875,0.0,0.25925925925925924,0.5384615384615385,0.03571428571428571
0.24271844660194175,0.08289519592863072,0.023015873015873017,0.8383838383838385,0.14020028612303292,0.33333333333333337,0.3333333333333333,0.15625,0.0,0.037037037037037035,0.23076923076923078,0.03571428571428571
0.37864077669902907,0.08051451568271233,0.15873015873015875,0.2828282828282829,0.3590844062947074,0.33333333333333337,0.3333333333333333,0.40625,0.0,0.1111111111111111,0.46153846153846156,0.14285714285714285
0.23300970873786409,0.08713018997317035,0.40555555555555556,0.8787878787878789,0.6638054363376256,0.6666666666666666,0.6666666666666666,0.40625,0.2,0.1111111111111111,0.6153846153846154,0.07142857142857142
0.23300970873786409,0.10643731126003105,0.5845238095238096,0.43434343434343436,0.6423462088698146,0.33333333333333337,0.3333333333333333,0.625,0.0,0.18518518518518517,0.46153846153846156,0.3214285714285714
0.14563106796116504,0.03781115776555939,0.026587301587301587,0.0,0.36623748211731044,0.0,0.0,0.125,0.0,0.037037037037037035,0.15384615384615385,0.03571428571428571
0.23300970873786409,0.029520134268561184,0.017063492063492065,0.010101010101010102,0.622317596566524,0.33333333333333337,0.3333333333333333,0.15625,0.2,0.07407407407407407,0.23076923076923078,0.0
0.20388349514563103,0.10743891141403082,0.2861111111111111,0.010101010101010102,0.0414878397711016,0.0,0.0,0.46875,0.0,0.18518518518518517,0.46153846153846156,0.14285714285714285
0.3980582524271844,0.076729188974578,0.3392857142857143,0.7272727272727273,0.7296137339055795,0.33333333333333337,0.3333333333333333,0.65625,0.0,0.18518518518518517,0.6923076923076923,0.25
0.09708737864077666,0.13548672353429503,0.5920634920634921,0.7272727272727273,0.311874105865523,0.0,0.0,0.6875,0.0,0.18518518518518517,0.9230769230769231,0.17857142857142855
0.2524271844660194,0.09660779383278992,0.19444444444444445,0.12121212121212122,0.06866952789699621,0.33333333333333337,0.3333333333333333,0.5,0.0,0.18518518518518517,0.5384615384615385,0.14285714285714285
0.19417475728155337,0.04367638389258515,0.005952380952380952,0.8989898989898991,0.15593705293276194,0.6666666666666666,0.6666666666666666,0.09375,0.0,0.037037037037037035,0.15384615384615385,0.0
0.40776699029126207,0.031246616215695945,0.22420634920634921,0.6767676767676768,0.8326180257510734,0.0,0.0,0.5,0.0,0.37037037037037035,0.3076923076923077,0.07142857142857142
0.23300970873786409,0.09618218896254677,0.3031746031746032,0.5454545454545455,0.13161659513590873,0.33333333333333337,0.3333333333333333,0.625,0.0,0.3333333333333333,0.6923076923076923,0.07142857142857142
0.17475728155339804,0.036204988149235416,0.01984126984126984,0.3434343434343435,0.4306151645207441,0.33333333333333337,0.3333333333333333,0.15625,0.0,0.07407407407407407,0.23076923076923078,0.0
0.1553398058252427,0.11231456862013788,0.7154761904761905,0.15151515151515152,0.600858369098713,0.0,0.0,0.53125,0.6000000000000001,0.18518518518518517,0.6153846153846154,0.14285714285714285
0.23300970873786409,0.030578882779696094,0.01984126984126984,0.43434343434343436,0.46494992846924177,0.33333333333333337,0.3333333333333333,0.15625,0.0,0.07407407407407407,0.23076923076923078,0.0
0.3398058252427184,0.08325763682519821,0.22698412698412698,0.0,0.02002861230329067,0.0,0.0,0.53125,0.4,0.25925925925925924,0.5384615384615385,0.10714285714285714
0.3203883495145631,0.03111427265180408,0.062301587301587295,0.7474747474747475,0.6251788268955654,0.0,0.0,0.21875,0.0,0.1111111111111111,0.15384615384615385,0.07142857142857142
0.35922330097087374,0.1293974156911342,0.7746031746031746,0.6161616161616162,0.5765379113018598,0.33333333333333337,0.3333333333333333,0.59375,1.0,0.18518518518518517,0.3076923076923077,0.3571428571428571
0.35922330097087374,0.11523364654643455,0.6234126984126984,0.5151515151515152,0.6280400572246068,0.33333333333333337,0.3333333333333333,0.71875,0.0,0.37037037037037035,0.8461538461538463,0.07142857142857142
0.40776699029126207,0.13786890768434856,0.6392857142857143,0.9797979797979799,0.5979971387696716,0.9999999999999999,1.0,0.4375,0.4,0.1111111111111111,0.5384615384615385,0.14285714285714285
0.33009708737864074,0.054334552498285546,0.012301587301587301,0.7575757575757577,0.7625178826895569,0.9999999999999999,1.0,0.125,0.0,0.037037037037037035,0.23076923076923078,0.0
0.3689320388349514,0.11920696127146072,0.5861111111111111,0.8383838383838385,0.5922746781115888,0.33333333333333337,0.3333333333333333,0.65625,0.0,0.2962962962962963,0.3076923076923077,0.3214285714285714
0.11650485436893204,0.022256277295860053,0.006746031746031746,0.23232323232323235,0.17167381974249007,0.33333333333333337,0.3333333333333333,0.125,0.0,0.037037037037037035,0.23076923076923078,0.0
0.19417475728155337,0.08073258178230687,0.023015873015873017,0.6565656565656566,0.31330472103004325,0.6666666666666666,0.6666666666666666,0.15625,0.0,0.07407407407407407,0.23076923076923078,0.0
0.03883495145631066,0.07077222469530903,0.26785714285714285,0.9494949494949496,0.9399141630901289,0.0,0.0,0.53125,0.0,0.2222222222222222,0.5384615384615385,0.14285714285714285
0.2815533980582524,0.08248162229146865,0.21309523809523812,0.42424242424242425,0.600858369098713,0.6666666666666666,0.6666666666666666,0.53125,0.0,0.25925925925925924,0.5384615384615385,0.10714285714285714
0.1553398058252427,0.035191356762154555,0.017857142857142856,0.10101010101010102,0.3862660944206011,0.33333333333333337,0.3333333333333333,0.15625,0.0,0.07407407407407407,0.23076923076923078,0.0
0.2815533980582524,0.05069811229952958,0.013492063492063493,0.9494949494949496,0.7153075822603725,0.6666666666666666,0.6666666666666666,0.125,0.0,0.037037037037037035,0.23076923076923078,0.0
0.38834951456310673,0.10476346595762599,0.4119047619047619,0.5050505050505051,0.6537911301859802,0.33333333333333337,0.3333333333333333,0.71875,0.0,0.2222222222222222,0.9230769230769231,0.17857142857142855
0.23300970873786409,0.07183247711057907,0.1507936507936508,0.4646464646464647,0.61516452074392,0.33333333333333337,0.3333333333333333,0.375,0.0,0.2222222222222222,0.38461538461538464,0.03571428571428571
0.1553398058252427,0.12027022149500102,0.6460317460317461,0.98989898989899,0.9213161659513593,0.0,0.0,0.8125,0.0,0.25925925925925924,0.9230769230769231,0.25
0.1553398058252427,0.06641090270341807,0.01626984126984127,0.42424242424242425,0.5178826895565098,0.33333333333333337,0.3333333333333333,0.125,0.0,0.037037037037037035,0.23076923076923078,0.0
0.1844660194174757,0.0825613292106308,0.3,0.30303030303030304,0.1430615164520752,0.33333333333333337,0.3333333333333333,0.5625,0.2,0.25925925925925924,0.38461538461538464,0.21428571428571427
0.44660194174757273,0.04857008794831382,0.028174603174603175,0.11111111111111112,0.4692417739628043,0.6666666666666666,0.6666666666666666,0.1875,0.0,0.07407407407407407,0.23076923076923078,0.03571428571428571
0.21359223300970875,0.05762810255423078,0.11309523809523808,0.6161616161616162,0.8254649499284694,0.33333333333333337,0.3333333333333333,0.34375,0.0,0.1111111111111111,0.46153846153846156,0.07142857142857142
0.07766990291262132,0.048795673568584046,0.03333333333333333,0.12121212121212122,0.06866952789699621,0.33333333333333337,0.3333333333333333,0.21875,0.0,0.1111111111111111,0.3076923076923077,0.0
0.14563106796116504,0.026602560246399655,0.025793650793650792,0.7676767676767677,0.852646638054364,0.33333333333333337,0.3333333333333333,0.21875,0.0,0.14814814814814814,0.23076923076923078,0.0
0.3495145631067961,0.12147635261137914,0.42103174603174603,0.020202020202020204,0.48211731044349104,0.0,0.0,0.5,0.0,0.1111111111111111,0.5384615384615385,0.21428571428571427
0.2524271844660194,0.11952278113983902,0.7952380952380953,0.43434343434343436,0.23891273247496425,0.0,0.0,0.5625,0.8,0.18518518518518517,0.5384615384615385,0.21428571428571427
0.04854368932038833,0.09006581084495349,0.5317460317460317,0.27272727272727276,0.9127324749642352,0.0,0.0,0.53125,0.0,0.1111111111111111,0.6153846153846154,0.21428571428571427
0.38834951456310673,0.08054008205300961,0.3011904761904762,0.6060606060606061,0.7896995708154515,0.33333333333333337,0.3333333333333333,0.625,0.0,0.25925925925925924,0.6153846153846154,0.17857142857142855
0.3203883495145631,0.07256337452025458,0.0753968253968254,0.797979797979798,0.356223175965666,0.33333333333333337,0.3333333333333333,0.28125,0.0,0.1111111111111111,0.38461538461538464,0.03571428571428571
0.1553398058252427,0.020065088970968634,0.01904761904761905,0.9696969696969697,0.5937052932761091,0.6666666666666666,0.6666666666666666,0.21875,0.0,0.1111111111111111,0.23076923076923078,0.03571428571428571
0.21359223300970875,0.07133919655425484,0.14404761904761906,0.17171717171717174,0.5450643776824036,0.33333333333333337,0.3333333333333333,0.34375,0.0,0.18518518518518517,0.23076923076923078,0.10714285714285714
0.40776699029126207,0.0956392795697631,0.2138888888888889,0.0,0.24177396280400654,0.33333333333333337,0.3333333333333333,0.53125,0.0,0.2222222222222222,0.6923076923076923,0.07142857142857142
0.37864077669902907,0.12124023966216298,0.7333333333333334,0.38383838383838387,0.8583690987124468,0.0,0.0,0.75,0.4,0.25925925925925924,0.7692307692307693,0.25
0.2912621359223301,0.043783161086179724,0.011904761904761904,0.43434343434343436,0.048640915593705536,0.6666666666666666,0.6666666666666666,0.125,0.2,0.037037037037037035,0.15384615384615385,0.03571428571428571
0.21359223300970875,0.06714029620895845,0.17500000000000002,0.010101010101010102,0.148783977110158,0.33333333333333337,0.3333333333333333,0.46875,0.6000000000000001,0.25925925925925924,0.5384615384615385,0.03571428571428571
0.16504854368932037,0.08834534451435927,0.4662698412698413,0.25252525252525254,0.6494992846924186,0.33333333333333337,0.3333333333333333,0.75,0.0,0.37037037037037035,0.9230769230769231,0.07142857142857142
0.22330097087378642,0.05541285176317721,0.014285714285714287,0.020202020202020204,0.16738197424892753,0.33333333333333337,0.3333333333333333,0.125,0.0,0.037037037037037035,0.23076923076923078,0.0
0.10679611650485438,0.08064986705487445,0.2865079365079365,0.6666666666666667,0.7081545064377686,0.6666666666666666,0.6666666666666666,0.59375,0.0,0.2222222222222222,0.8461538461538463,0.07142857142857142
0.2912621359223301,0.05418265818063693,0.013888888888888888,0.494949494949495,0.9055793991416312,0.6666666666666666,0.6666666666666666,0.125,0.0,0.037037037037037035,0.23076923076923078,0.0
0.06796116504854366,0.12629786926862133,0.41944444444444445,0.05050505050505051,0.600858369098713,0.0,0.0,0.78125,0.2,0.2222222222222222,0.7692307692307693,0.3214285714285714
0.2621359223300971,0.032330931097128146,0.013888888888888888,0.7171717171717172,0.22031473533619472,0.33333333333333337,0.3333333333333333,0.15625,0.0,0.07407407407407407,0.23076923076923078,0.0
0.2621359223300971,0.06447537808149957,0.1138888888888889,0.3535353535353536,0.19170243204577986,0.6666666666666666,0.6666666666666666,0.34375,0.0,0.2222222222222222,0.3076923076923077,0.03571428571428571
0.08737864077669899,0.008677526859727853,0.003968253968253968,0.9494949494949496,0.7668097281831194,0.0,0.0,0.09375,0.0,0.0,0.23076923076923078,0.0
0.06796116504854366,0.05557376950563663,0.13333333333333333,0.8080808080808082,0.9055793991416312,0.33333333333333337,0.3333333333333333,0.34375,0.0,0.14814814814814814,0.46153846153846156,0.03571428571428571
0.20388349514563103,0.07186255519328176,0.14444444444444446,0.6161616161616162,0.27753934191702445,0.33333333333333337,0.3333333333333333,0.34375,0.0,0.2222222222222222,0.3076923076923077,0.03571428571428571
0.22330097087378642,0.08448331869533308,0.15714285714285714,0.29292929292929293,0.547925608011445,0.33333333333333337,0.3333333333333333,0.4375,0.0,0.14814814814814814,0.6153846153846154,0.07142857142857142
0.2912621359223301,0.06275190394263508,0.15396825396825398,0.0,0.6580829756795428,0.33333333333333337,0.3333333333333333,0.4375,0.0,0.18518518518518517,0.6153846153846154,0.03571428571428571
0.09708737864077666,0.02670181791931855,0.001984126984126984,0.8080808080808082,0.3977110157367676,0.6666666666666666,0.6666666666666666,0.09375,0.0,0.037037037037037035,0.15384615384615385,0.0
0.17475728155339804,0.07736383651960489,0.1908730158730159,0.5454545454545455,0.5994277539341919,0.33333333333333337,0.3333333333333333,0.40625,0.0,0.07407407407407407,0.6153846153846154,0.10714285714285714
0.16504854368932037,0.04333499765390955,0.025396825396825397,0.7171717171717172,0.8869814020028617,0.33333333333333337,0.3333333333333333,0.15625,0.0,0.07407407407407407,0.23076923076923078,0.0
0.1262135922330097,0.10285651551427506,0.6833333333333333,0.27272727272727276,0.3919885550786839,0.0,0.0,0.5,0.4,0.18518518518518517,0.3076923076923077,0.25
0.35922330097087374,0.09131705908538566,0.39285714285714285,0.6161616161616162,0.2489270386266096,0.33333333333333337,0.3333333333333333,0.4375,0.2,0.18518518518518517,0.3076923076923077,0.17857142857142855
0.19417475728155337,0.02999536797526379,0.015873015873015872,0.5555555555555556,0.025751072961373467,0.33333333333333337,0.3333333333333333,0.21875,0.0,0.14814814814814814,0.23076923076923078,0.0
0.14563106796116504,0.061156261655257046,0.07023809523809524,0.3535353535353536,0.12303290414878454,0.6666666666666666,0.6666666666666666,0.25,0.0,0.1111111111111111,0.3076923076923077,0.03571428571428571
0.17475728155339804,0.08965674892019683,0.3904761904761905,0.3434343434343435,0.3805436337625183,0.33333333333333337,0.3333333333333333,0.6875,0.0,0.18518518518518517,0.7692307692307693,0.25
0.41747572815533973,0.11893174681473104,0.6634920634920635,0.9595959595959597,0.40772532188841204,0.0,0.0,0.53125,0.6000000000000001,0.14814814814814814,0.38461538461538464,0.2857142857142857
0.24271844660194175,0.06181797947471636,0.23412698412698413,0.6464646464646465,0.5207439198855512,0.6666666666666666,0.6666666666666666,0.5,0.0,0.2222222222222222,0.3076923076923077,0.21428571428571427
0.1262135922330097,0.05743710672906866,0.05992063492063492,0.30303030303030304,0.7153075822603725,0.33333333333333337,0.3333333333333333,0.21875,0.0,0.1111111111111111,0.3076923076923077,0.0
0.38834951456310673,0.1273716568211076,0.4845238095238095,0.12121212121212122,0.1216022889842634,0.0,0.0,0.84375,0.0,0.2222222222222222,0.9230769230769231,0.3214285714285714
0.17475728155339804,0.02314057292731932,0.04880952380952381,0.9696969696969697,0.755364806866953,0.33333333333333337,0.3333333333333333,0.21875,0.0,0.1111111111111111,0.23076923076923078,0.03571428571428571
0.23300970873786409,0.034637920040424944,0.03214285714285714,0.16161616161616163,0.1988555078683838,0.33333333333333337,0.3333333333333333,0.1875,0.4,0.1111111111111111,0.15384615384615385,0.03571428571428571
0.20388349514563103,0.05123350217163757,0.025,0.16161616161616163,0.8884120171673828,0.33333333333333337,0.3333333333333333,0.15625,0.0,0.07407407407407407,0.23076923076923078,0.0
0.20388349514563103,0.05248174260379947,0.004365079365079365,0.787878787878788,0.48783977110157384,0.6666666666666666,0.6666666666666666,0.09375,0.0,0.0,0.23076923076923078,0.0
0.14563106796116504,0.07426429009709205,0.01984126984126984,0.8383838383838385,0.014306151645207876,0.6666666666666666,0.6666666666666666,0.15625,0.0,0.07407407407407407,0.23076923076923078,0.0
0.23300970873786409,0.12802284731162097,0.8369047619047619,0.9696969696969697,0.9370529327610875,0.0,0.0,0.65625,0.2,0.18518518518518517,0.7692307692307693,0.21428571428571427
0.2524271844660194,0.1208266660250009,0.7988095238095239,0.6767676767676768,0.5178826895565098,0.0,0.0,0.5625,0.0,0.1111111111111111,1.0,0.07142857142857142
0.41747572815533973,0.06692523791763418,0.10238095238095238,0.8787878787878789,0.829756795422032,0.9999999999999999,1.0,0.34375,0.0,0.2222222222222222,0.3076923076923077,0.03571428571428571
0.35922330097087374,0.06092766822671655,0.01984126984126984,0.3434343434343435,0.28612303290414953,0.6666666666666666,0.6666666666666666,0.15625,0.0,0.07407407407407407,0.23076923076923078,0.0
0.33009708737864074,0.07439061804444337,0.22182539682539684,0.4646464646464647,0.6494992846924186,0.6666666666666666,0.6666666666666666,0.5,0.0,0.3333333333333333,0.38461538461538464,0.07142857142857142
0.17475728155339804,0.09980208621581625,0.5063492063492063,0.07070707070707072,0.2789699570815456,0.0,0.0,0.5625,0.0,0.07407407407407407,0.7692307692307693,0.21428571428571427
0.22330097087378642,0.04524345200139562,0.030952380952380953,0.7373737373737375,0.7224606580829764,0.33333333333333337,0.3333333333333333,0.15625,0.2,0.07407407407407407,0.23076923076923078,0.0
0.30097087378640774,0.07468387935079467,0.1380952380952381,0.5454545454545455,0.9427753934191703,0.6666666666666666,0.6666666666666666,0.375,0.0,0.18518518518518517,0.38461538461538464,0.07142857142857142
0.1262135922330097,0.11264241972159726,0.396031746031746,0.9393939393939394,0.237482117310444,0.0,0.0,0.75,0.0,0.1111111111111111,0.8461538461538463,0.3571428571428571
0.04854368932038833,0.03780514214901885,0.0035714285714285718,0.5252525252525253,0.08583690987124548,0.33333333333333337,0.3333333333333333,0.09375,0.0,0.037037037037037035,0.15384615384615385,0.0
0.5145631067961165,0.07101134545279546,0.35595238095238096,0.5353535353535354,0.733905579399142,0.0,0.0,0.6875,0.4,0.25925925925925924,0.38461538461538464,0.3571428571428571
0.23300970873786409,0.08050398835376638,0.45,0.8181818181818182,0.8068669527896999,0.33333333333333337,0.3333333333333333,0.71875,0.0,0.2962962962962963,0.38461538461538464,0.3571428571428571
0.38834951456310673,0.09378346186700674,0.3142857142857143,0.08080808080808081,0.4663805436337629,0.33333333333333337,0.3333333333333333,0.59375,0.2,0.2222222222222222,0.3076923076923077,0.3214285714285714
0.3689320388349514,0.11520056065546158,0.648015873015873,0.9797979797979799,0.22460658082975726,0.33333333333333337,0.3333333333333333,0.71875,0.0,0.37037037037037035,0.5384615384615385,0.21428571428571427
0.21359223300970875,0.05317353850596147,0.15714285714285714,0.5050505050505051,0.4606580829756801,0.33333333333333337,0.3333333333333333,0.4375,0.0,0.14814814814814814,0.6153846153846154,0.07142857142857142
0.09708737864077666,0.030252535582371835,0.03134920634920635,0.38383838383838387,0.35765379113018625,0.33333333333333337,0.3333333333333333,0.21875,0.0,0.14814814814814814,0.23076923076923078,0.0
0.3689320388349514,0.11969573011537953,0.3662698412698413,0.6161616161616162,0.7267525035765381,0.0,0.0,0.53125,0.0,0.14814814814814814,0.7692307692307693,0.10714285714285714
0.2524271844660194,0.07881510401000999,0.07857142857142857,0.4646464646464647,0.4535050071530762,0.33333333333333337,0.3333333333333333,0.28125,0.0,0.14814814814814814,0.3076923076923077,0.03571428571428571
0.2815533980582524,0.09789663967660045,0.3384920634920635,0.7373737373737375,0.5007153075822606,0.0,0.0,0.46875,0.0,0.14814814814814814,0.46153846153846156,0.17857142857142855
0.22330097087378642,0.08327117196241443,0.16031746031746033,0.19191919191919193,0.296137339055794,0.0,0.0,0.375,0.0,0.1111111111111111,0.46153846153846156,0.10714285714285714
0.2621359223300971,0.08600376577595438,0.10992063492063492,0.10101010101010102,0.6609442060085842,0.9999999999999999,1.0,0.34375,0.0,0.14814814814814814,0.46153846153846156,0.03571428571428571
0.1844660194174757,0.12533837843040532,0.5626984126984127,0.9494949494949496,0.1158798283261806,0.0,0.0,0.53125,0.0,0.1111111111111111,0.7692307692307693,0.14285714285714285
0.3398058252427184,0.12737917634178328,0.573015873015873,0.10101010101010102,0.3147353361945644,0.0,0.0,0.5625,0.4,0.25925925925925924,0.5384615384615385,0.14285714285714285
0.24271844660194175,0.06610260235571544,0.009126984126984128,0.37373737373737376,0.29899856938483627,0.33333333333333337,0.3333333333333333,0.09375,0.0,0.037037037037037035,0.15384615384615385,0.0
0.21359223300970875,0.0694187109736877,0.024603174603174603,0.9494949494949496,0.251788268955651,0.33333333333333337,0.3333333333333333,0.15625,0.0,0.07407407407407407,0.23076923076923078,0.0
0.09708737864077666,0.0664590276357424,0.07698412698412699,0.23232323232323235,0.15879828326180334,0.0,0.0,0.28125,0.0,0.07407407407407407,0.46153846153846156,0.03571428571428571
0.2912621359223301,0.11533440812348858,0.5746031746031746,0.7575757575757577,0.5221745350500724,0.0,0.0,0.65625,0.0,0.1111111111111111,0.6153846153846154,0.3571428571428571
0.03883495145631066,0.11036250105273289,0.49523809523809526,0.4040404040404041,0.3347639484978542,0.0,0.0,0.5625,0.0,0.1111111111111111,0.38461538461538464,0.3571428571428571
0.3203883495145631,0.07601934622279437,0.4734126984126984,0.24242424242424243,0.7439198855507874,0.33333333333333337,0.3333333333333333,0.78125,0.2,0.37037037037037035,0.7692307692307693,0.17857142857142855
0.23300970873786409,0.05099889312655654,0.06865079365079366,0.11111111111111112,0.5007153075822606,0.33333333333333337,0.3333333333333333,0.25,0.2,0.1111111111111111,0.3076923076923077,0.03571428571428571
0.01941747572815533,0.14106470397151002,0.7876984126984127,0.29292929292929293,0.8197424892703866,0.0,0.0,0.53125,0.4,0.25925925925925924,0.5384615384615385,0.10714285714285714
0.40776699029126207,0.09187350361538554,0.38531746031746034,0.5151515151515152,0.5922746781115888,0.0,0.0,0.40625,0.0,0.1111111111111111,0.46153846153846156,0.14285714285714285
0.3495145631067961,0.10735318887832813,0.3952380952380952,0.8686868686868687,0.2646638054363377,0.0,0.0,0.4375,0.0,0.1111111111111111,0.5384615384615385,0.14285714285714285
0.13592233009708737,0.1239803529963786,0.7595238095238095,0.09090909090909091,0.4663805436337629,0.0,0.0,0.59375,0.6000000000000001,0.25925925925925924,0.46153846153846156,0.21428571428571427
0.40776699029126207,0.061475089331905625,0.13690476190476192,0.30303030303030304,0.3204577968526472,0.33333333333333337,0.3333333333333333,0.375,0.0,0.1111111111111111,0.5384615384615385,0.07142857142857142
0.40776699029126207,0.10964513878027358,0.6527777777777778,0.7373737373737375,0.5822603719599435,0.0,0.0,0.75,0.2,0.2222222222222222,0.6923076923076923,0.3214285714285714
0.3980582524271844,0.06660039462444506,0.01626984126984127,0.25252525252525254,0.1101573676680978,0.6666666666666666,0.6666666666666666,0.125,0.4,0.037037037037037035,0.23076923076923078,0.0
0.029126213592232997,0.10621172563976082,0.4853174603174603,0.6767676767676768,0.6266094420600865,0.0,0.0,0.5625,0.0,0.07407407407407407,0.46153846153846156,0.3571428571428571
0.2621359223300971,0.05734085686442003,0.03571428571428571,0.6767676767676768,0.7453505007153076,0.33333333333333337,0.3333333333333333,0.1875,0.2,0.07407407407407407,0.3076923076923077,0.0
0.46601941747572806,0.049236317480178544,0.02261904761904762,0.5858585858585859,0.0801144492131618,0.6666666666666666,0.6666666666666666,0.1875,0.0,0.037037037037037035,0.3076923076923077,0.03571428571428571
0.09708737864077666,0.12227191789886545,0.6968253968253968,0.8282828282828284,0.060085836909872015,0.33333333333333337,0.3333333333333333,0.78125,0.2,0.4074074074074074,0.7692307692307693,0.14285714285714285
0.16504854368932037,0.034095010647641276,0.18333333333333335,0.98989898989899,0.9542203147353367,0.0,0.0,0.40625,0.0,0.2222222222222222,0.46153846153846156,0.03571428571428571
0.17475728155339804,0.11407564036238074,0.45396825396825397,0.9393939393939394,0.1988555078683838,0.0,0.0,0.5625,0.2,0.14814814814814814,0.6923076923076923,0.17857142857142855
0.13592233009708737,0.10886160472586835,0.8123015873015873,0.5353535353535354,0.2589413447782549,0.0,0.0,0.5625,0.2,0.14814814814814814,0.7692307692307693,0.14285714285714285
0.029126213592232997,0.10912779575778721,0.44523809523809527,0.6666666666666667,0.0801144492131618,0.0,0.0,0.46875,0.0,0.18518518518518517,0.46153846153846156,0.14285714285714285
0.19417475728155337,0.10026077697703238,0.5599206349206349,0.06060606060606061,0.3204577968526472,0.33333333333333337,0.3333333333333333,0.625,0.0,0.2222222222222222,0.38461538461538464,0.3214285714285714
0.21359223300970875,0.11715713993527196,0.4396825396825397,0.42424242424242425,0.11731044349070174,0.0,0.0,0.59375,0.0,0.2222222222222222,0.6923076923076923,0.14285714285714285
0.06796116504854366,0.06673875380487747,0.047619047619047616,0.787878787878788,0.1988555078683838,0.33333333333333337,0.3333333333333333,0.1875,0.0,0.037037037037037035,0.3076923076923077,0.03571428571428571
0.43689320388349506,0.09507681942322269,0.3813492063492064,0.29292929292929293,0.9814020028612305,0.33333333333333337,0.3333333333333333,0.71875,0.2,0.4074074074074074,0.7692307692307693,0.07142857142857142
0.06796116504854366,0.03566207875645175,0.010714285714285714,0.8282828282828284,0.7925608011444929,0.33333333333333337,0.3333333333333333,0.125,0.0,0.037037037037037035,0.23076923076923078,0.0
0.4271844660194174,0.11038205180648965,0.32857142857142857,0.9292929292929294,0.05436337625178833,0.0,0.0,0.5625,0.0,0.07407407407407407,0.38461538461538464,0.39285714285714285
0.24271844660194175,0.046864660659070946,0.01626984126984127,0.787878787878788,0.05007153075822668,0.33333333333333337,0.3333333333333333,0.1875,0.0,0.1111111111111111,0.23076923076923078,0.0
0.24271844660194175,0.1053725471323556,0.37896825396825395,0.5454545454545455,0.35479256080114485,0.0,0.0,0.5,0.0,0.3333333333333333,0.3076923076923077,0.10714285714285714
0.2524271844660194,0.0989659155166813,0.7238095238095238,0.4545454545454546,0.5765379113018598,0.33333333333333337,0.3333333333333333,0.84375,0.2,0.4074074074074074,0.8461538461538463,0.17857142857142855
0.24271844660194175,0.08047240636692854,0.30714285714285716,0.595959595959596,0.5007153075822606,0.33333333333333337,0.3333333333333333,0.71875,0.0,0.25925925925925924,0.8461538461538463,0.17857142857142855
0.20388349514563103,0.08846565684517006,0.31984126984126987,0.08080808080808081,0.4635193133047215,0.33333333333333337,0.3333333333333333,0.65625,0.0,0.2962962962962963,0.6923076923076923,0.14285714285714285
0.4271844660194174,0.09489785483114165,0.44246031746031744,0.5151515151515152,0.5493562231759661,0.6666666666666666,0.6666666666666666,0.4375,0.0,0.2222222222222222,0.38461538461538464,0.10714285714285714
0.33009708737864074,0.08171763899082017,0.2857142857142857,0.5151515151515152,0.4921316165951364,0.33333333333333337,0.3333333333333333,0.5625,0.0,0.25925925925925924,0.5384615384615385,0.14285714285714285
0.1262135922330097,0.12075598253064956,0.46904761904761905,0.7676767676767677,0.5679542203147356,0.0,0.0,0.34375,0.4,0.1111111111111111,0.46153846153846156,0.07142857142857142
0.41747572815533973,0.1393427337367807,0.9115079365079365,0.6262626262626263,0.689556509298999,0.0,0.0,0.5625,0.8,0.18518518518518517,0.38461538461538464,0.2857142857142857
0.09708737864077666,0.019815440884536257,0.024206349206349207,0.8686868686868687,0.7925608011444929,0.0,0.0,0.1875,0.0,0.07407407407407407,0.23076923076923078,0.03571428571428571
0.08737864077669899,0.07494405476617298,0.49404761904761907,0.6060606060606061,0.9098712446351938,0.0,0.0,0.5625,0.4,0.14814814814814814,0.7692307692307693,0.14285714285714285
0.13592233009708737,0.08452993972352227,0.26904761904761904,0.5656565656565657,0.1902718168812596,0.33333333333333337,0.3333333333333333,0.53125,0.0,0.14814814814814814,0.6923076923076923,0.14285714285714285
0.16504854368932037,0.10007579676841079,0.11904761904761904,0.8383838383838385,0.3891273247496425,0.6666666666666666,0.6666666666666666,0.34375,0.0,0.14814814814814814,0.38461538461538464,0.07142857142857142
0.1844660194174757,0.05721001720466331,0.017857142857142856,0.9292929292929294,0.2932761087267526,0.33333333333333337,0.3333333333333333,0.15625,0.0,0.07407407407407407,0.23076923076923078,0.0
0.20388349514563103,0.09950280929292443,0.39285714285714285,0.31313131313131315,0.9098712446351938,0.33333333333333337,0.3333333333333333,0.4375,0.0,0.1111111111111111,0.6923076923076923,0.07142857142857142
0.16504854368932037,0.03939025710745094,0.014285714285714287,0.8080808080808082,0.0715307582260376,0.33333333333333337,0.3333333333333333,0.15625,0.0,0.07407407407407407,0.23076923076923078,0.0
0.19417475728155337,0.07588700265890251,0.02857142857142857,0.393939393939394,0.074391988555079,0.6666666666666666,0.6666666666666666,0.1875,0.2,0.07407407407407407,0.23076923076923078,0.03571428571428571
0.22330097087378642,0.0636467269030403,0.06587301587301586,0.20202020202020204,0.7381974248927046,0.6666666666666666,0.6666666666666666,0.25,0.2,0.1111111111111111,0.3076923076923077,0.03571428571428571
0.24271844660194175,0.061715713993527196,0.05,0.5353535353535354,0.5922746781115888,0.6666666666666666,0.6666666666666666,0.1875,0.0,0.1111111111111111,0.15384615384615385,0.03571428571428571
0.19417475728155337,0.06673724990074233,0.019444444444444445,0.8484848484848485,0.07010014306151646,0.6666666666666666,0.6666666666666666,0.125,0.0,0.037037037037037035,0.15384615384615385,0.03571428571428571
0.19417475728155337,0.022854831141643706,0.01904761904761905,0.5050505050505051,0.7210300429184553,0.6666666666666666,0.6666666666666666,0.21875,0.0,0.1111111111111111,0.3076923076923077,0.0
0.30097087378640774,0.08726253353706222,0.1865079365079365,0.9696969696969697,0.822603719599428,0.33333333333333337,0.3333333333333333,0.40625,0.2,0.18518518518518517,0.46153846153846156,0.07142857142857142
0.4271844660194174,0.07815789790295607,0.27341269841269844,0.9494949494949496,0.9742489270386274,0.33333333333333337,0.3333333333333333,0.5625,0.0,0.18518518518518517,0.6153846153846154,0.17857142857142855
0.22330097087378642,0.08619024988871109,0.036111111111111115,0.25252525252525254,0.07582260371960015,0.6666666666666666,0.6666666666666666,0.1875,0.0,0.07407407407407407,0.3076923076923077,0.0
0.37864077669902907,0.07896549442352346,0.14126984126984127,0.48484848484848486,0.6123032904148786,0.33333333333333337,0.3333333333333333,0.375,0.0,0.18518518518518517,0.38461538461538464,0.07142857142857142
0.2815533980582524,0.10364456128108569,0.4261904761904762,0.6565656565656566,0.9241773962804007,0.33333333333333337,0.3333333333333333,0.75,0.0,0.14814814814814814,1.0,0.25
0.33009708737864074,0.07649909164190238,0.22738095238095238,0.696969696969697,0.07582260371960015,0.33333333333333337,0.3333333333333333,0.53125,0.0,0.2222222222222222,0.6153846153846154,0.10714285714285714
0.2621359223300971,0.05908989737358182,0.023412698412698413,0.12121212121212122,0.7811158798283264,0.33333333333333337,0.3333333333333333,0.15625,0.2,0.07407407407407407,0.23076923076923078,0.0
0.20388349514563103,0.057904820915095585,0.05714285714285714,0.8484848484848485,0.36909871244635273,0.33333333333333337,0.3333333333333333,0.25,0.0,0.07407407407407407,0.38461538461538464,0.03571428571428571
0.1553398058252427,0.07286866705968695,0.08968253968253967,0.4747474747474748,0.005722460658083683,0.6666666666666666,0.6666666666666666,0.3125,0.0,0.1111111111111111,0.46153846153846156,0.03571428571428571
0.35922330097087374,0.07974150895725303,0.2869047619047619,0.8787878787878789,0.414878397711016,0.33333333333333337,0.3333333333333333,0.5625,0.0,0.18518518518518517,0.8461538461538463,0.07142857142857142
0.22330097087378642,0.13719365472767303,0.7035714285714286,0.3535353535353536,0.44921316165951364,0.0,0.0,0.6875,0.6000000000000001,0.2222222222222222,0.6923076923076923,0.25
0.22330097087378642,0.047735421153314,0.03492063492063492,0.4747474747474748,0.8941344778254656,0.33333333333333337,0.3333333333333333,0.21875,0.0,0.1111111111111111,0.3076923076923077,0.0
0.21359223300970875,0.04942731330534066,0.0071428571428571435,0.48484848484848486,0.6323319027181693,0.33333333333333337,0.3333333333333333,0.09375,0.2,0.037037037037037035,0.15384615384615385,0.0
0.1553398058252427,0.06358506683349976,0.26071428571428573,0.4646464646464647,0.8927038626609445,0.33333333333333337,0.3333333333333333,0.5625,0.0,0.37037037037037035,0.46153846153846156,0.07142857142857142
0.07766990291262132,0.12405554820313533,0.4734126984126984,0.27272727272727276,0.2103004291845494,0.0,0.0,0.53125,0.0,0.1111111111111111,0.7692307692307693,0.14285714285714285
0.27184466019417475,0.05861616757101435,0.030158730158730156,0.37373737373737376,0.755364806866953,0.9999999999999999,1.0,0.21875,0.0,0.1111111111111111,0.3076923076923077,0.0
0.07766990291262132,0.021033603233995453,0.034523809523809526,0.08080808080808081,0.8497854077253226,0.33333333333333337,0.3333333333333333,0.21875,0.0,0.1111111111111111,0.3076923076923077,0.0
0.35922330097087374,0.08620679283419758,0.19285714285714287,0.29292929292929293,0.3204577968526472,0.33333333333333337,0.3333333333333333,0.46875,0.0,0.25925925925925924,0.5384615384615385,0.03571428571428571
0.24271844660194175,0.11857231372643381,0.6186507936507937,0.8585858585858587,0.8912732474964242,0.0,0.0,0.71875,0.0,0.14814814814814814,1.0,0.21428571428571427
0.33009708737864074,0.1232975805190274,0.3654761904761905,0.020202020202020204,0.20886981402002913,0.0,0.0,0.71875,0.0,0.07407407407407407,1.0,0.2857142857142857
0.35922330097087374,0.12158463370910884,0.7559523809523809,0.6666666666666667,0.9971387696709586,0.0,0.0,0.5625,0.2,0.07407407407407407,0.9230769230769231,0.14285714285714285
0.30097087378640774,0.08306363319176582,0.16111111111111112,0.6060606060606061,0.3733905579399144,0.9999999999999999,1.0,0.4375,0.0,0.2222222222222222,0.38461538461538464,0.10714285714285714
0.4271844660194174,0.051093639087070035,0.03531746031746032,0.5454545454545455,0.2532188841201721,0.6666666666666666,0.6666666666666666,0.1875,0.0,0.07407407407407407,0.3076923076923077,0.0
0.40776699029126207,0.07726006713428059,0.4285714285714286,0.7070707070707072,0.414878397711016,0.33333333333333337,0.3333333333333333,0.71875,0.2,0.37037037037037035,0.5384615384615385,0.21428571428571427
0.3495145631067961,0.06774937738368805,0.0071428571428571435,0.5555555555555556,0.503576537911302,0.6666666666666666,0.6666666666666666,0.09375,0.0,0.0,0.15384615384615385,0.03571428571428571
0.30097087378640774,0.004708723847107089,0.00039682539682539715,0.20202020202020204,0.010014306151645336,0.0,0.0,0.0,0.0,0.0,0.0,0.0
0.16504854368932037,0.04772188601609779,0.019444444444444445,0.787878787878788,0.4663805436337629,0.33333333333333337,0.3333333333333333,0.15625,0.0,0.07407407407407407,0.23076923076923078,0.0
0.17475728155339804,0.09318641192535823,0.45436507936507936,0.6363636363636365,0.36909871244635273,0.33333333333333337,0.3333333333333333,0.8125,0.0,0.4074074074074074,0.6923076923076923,0.21428571428571427
0.44660194174757273,0.11885805551210943,0.5595238095238095,0.17171717171717174,0.4549356223175973,0.0,0.0,0.6875,0.6000000000000001,0.18518518518518517,0.46153846153846156,0.39285714285714285
0.21359223300970875,0.09568138888554688,0.15873015873015875,0.43434343434343436,0.44635193133047224,0.33333333333333337,0.3333333333333333,0.4375,0.0,0.14814814814814814,0.6153846153846154,0.07142857142857142
0.17475728155339804,0.12097404863024411,0.7551587301587301,0.13131313131313133,0.3090128755364807,0.0,0.0,0.5625,0.0,0.18518518518518517,0.5384615384615385,0.21428571428571427
0.2621359223300971,0.11133251921989484,0.9845238095238096,0.4646464646464647,0.3533619456366246,0.0,0.0,0.78125,0.8,0.3333333333333333,0.6923076923076923,0.25
0.19417475728155337,0.11724286247097465,0.5198412698412699,0.6565656565656566,0.5908440629470677,0.0,0.0,0.8125,0.0,0.14814814814814814,1.0,0.3214285714285714
0.38834951456310673,0.05054621798188096,0.015873015873015872,0.010101010101010102,0.0,0.6666666666666666,0.6666666666666666,0.15625,0.0,0.07407407407407407,0.23076923076923078,0.0
0.40776699029126207,0.1262572638569727,0.707936507936508,0.06060606060606061,0.1430615164520752,0.0,0.0,0.5,1.0,0.07407407407407407,0.7692307692307693,0.14285714285714285
0.23300970873786409,0.03482139634491139,0.005555555555555556,0.32323232323232326,0.8254649499284694,0.33333333333333337,0.3333333333333333,0.09375,0.0,0.0,0.23076923076923078,0.0
0.14563106796116504,0.06059380150871663,0.2253968253968254,0.3434343434343435,0.9542203147353367,0.33333333333333337,0.3333333333333333,0.53125,0.2,0.37037037037037035,0.46153846153846156,0.03571428571428571
0.06796116504854366,0.09432336345152015,0.31746031746031744,0.7070707070707072,0.1874105865522182,0.33333333333333337,0.3333333333333333,0.625,0.0,0.18518518518518517,0.9230769230769231,0.10714285714285714
0.40776699029126207,0.09453090222216876,0.040873015873015874,0.494949494949495,0.010014306151645336,0.6666666666666666,0.6666666666666666,0.1875,0.0,0.037037037037037035,0.3076923076923077,0.03571428571428571
0.009708737864077666,0.049770203448151404,0.0071428571428571435,0.6565656565656566,0.13590844062947127,0.0,0.0,0.09375,0.0,0.037037037037037035,0.15384615384615385,0.0
0.17475728155339804,0.11084826208838143,0.5904761904761905,0.25252525252525254,0.3319027181688128,0.0,0.0,0.6875,0.2,0.2962962962962963,0.7692307692307693,0.14285714285714285
0.37864077669902907,0.036636608636019106,0.03333333333333333,0.8484848484848485,0.17739628040057287,0.6666666666666666,0.6666666666666666,0.1875,0.0,0.07407407407407407,0.23076923076923078,0.03571428571428571
0.22330097087378642,0.07687205986741581,0.36944444444444446,0.07070707070707072,0.4577968526466387,0.33333333333333337,0.3333333333333333,0.6875,0.2,0.2962962962962963,0.46153846153846156,0.2857142857142857
0.38834951456310673,0.06670717181803963,0.13412698412698412,0.3434343434343435,0.34048640915593786,0.33333333333333337,0.3333333333333333,0.375,0.0,0.1111111111111111,0.6153846153846154,0.03571428571428571
0.38834951456310673,0.11474487770251574,0.20753968253968255,0.38383838383838387,0.9399141630901289,0.33333333333333337,0.3333333333333333,0.59375,0.6000000000000001,0.2222222222222222,0.6923076923076923,0.14285714285714285
0.08737864077669899,0.14052329848286152,0.7523809523809524,0.010101010101010102,0.3762517882689558,0.0,0.0,0.34375,0.6000000000000001,0.14814814814814814,0.3076923076923077,0.10714285714285714
0.14563106796116504,0.08212369310730656,0.2853174603174603,0.25252525252525254,0.6566523605150216,0.6666666666666666,0.6666666666666666,0.53125,0.6000000000000001,0.2962962962962963,0.3076923076923077,0.17857142857142855
0.08737864077669899,0.03113683121383111,0.021031746031746033,0.25252525252525254,0.7167381974248928,0.33333333333333337,0.3333333333333333,0.15625,0.0,0.07407407407407407,0.23076923076923078,0.0
0.40776699029126207,0.05293742555674531,0.11587301587301588,0.5050505050505051,0.5836909871244638,0.33333333333333337,0.3333333333333333,0.34375,0.0,0.18518518518518517,0.3076923076923077,0.07142857142857142
0.40776699029126207,0.05173430224863746,0.19166666666666668,0.4646464646464647,0.7324749642346209,0.33333333333333337,0.3333333333333333,0.46875,0.4,0.1111111111111111,0.3076923076923077,0.2857142857142857
0.41747572815533973,0.09600773608287114,0.3388888888888889,0.9696969696969697,0.859799713876968,0.33333333333333337,0.3333333333333333,0.65625,0.0,0.2222222222222222,0.7692307692307693,0.17857142857142855
0.4271844660194174,0.12349158415245978,0.6226190476190476,0.5757575757575758,0.5908440629470677,0.0,0.0,0.59375,0.2,0.14814814814814814,0.8461538461538463,0.14285714285714285
0.27184466019417475,0.026745431139237462,0.025396825396825397,0.4747474747474748,0.22031473533619472,0.6666666666666666,0.6666666666666666,0.1875,0.2,0.1111111111111111,0.15384615384615385,0.03571428571428571
0.3203883495145631,0.05264566815452916,0.004761904761904762,0.5252525252525253,0.5937052932761091,0.6666666666666666,0.6666666666666666,0.09375,0.0,0.037037037037037035,0.15384615384615385,0.0
0.16504854368932037,0.11405308180035371,0.8686507936507937,0.30303030303030304,0.9628040057224609,0.33333333333333337,0.3333333333333333,0.625,0.6000000000000001,0.37037037037037035,0.6153846153846154,0.07142857142857142
0.19417475728155337,0.07137077854109268,0.04404761904761905,0.6363636363636365,0.24177396280400654,0.33333333333333337,0.3333333333333333,0.21875,0.0,0.037037037037037035,0.38461538461538464,0.03571428571428571
0.17475728155339804,0.04276802579496373,0.10873015873015873,0.5151515151515152,0.6852646638054365,0.33333333333333337,0.3333333333333333,0.34375,0.0,0.2222222222222222,0.3076923076923077,0.03571428571428571
0.27184466019417475,0.04861069335996246,0.03888888888888889,0.14141414141414144,0.9399141630901289,0.33333333333333337,0.3333333333333333,0.1875,0.0,0.1111111111111111,0.23076923076923078,0.0
0.24271844660194175,0.05484136819182598,0.015476190476190477,0.20202020202020204,0.10300429184549387,0.6666666666666666,0.6666666666666666,0.1875,0.0,0.07407407407407407,0.3076923076923077,0.0
0.43689320388349506,0.08674819832284611,0.15912698412698414,0.5656565656565657,0.10157367668097361,0.0,0.0,0.4375,0.0,0.14814814814814814,0.6153846153846154,0.07142857142857142
0.30097087378640774,0.10406114272651804,0.5388888888888889,0.4141414141414142,0.118741058655222,0.0,0.0,0.59375,0.2,0.2222222222222222,0.5384615384615385,0.21428571428571427
0.2621359223300971,0.07885721332579376,0.09166666666666667,0.7272727272727273,0.5679542203147356,0.0,0.0,0.3125,0.0,0.07407407407407407,0.5384615384615385,0.03571428571428571
0.22330097087378642,0.04597434941107114,0.013492063492063493,0.010101010101010102,0.7753934191702436,0.33333333333333337,0.3333333333333333,0.125,0.0,0.037037037037037035,0.23076923076923078,0.0
0.19417475728155337,0.027747031293237245,0.05238095238095238,0.27272727272727276,0.7067238912732483,0.0,0.0,0.21875,0.0,0.07407407407407407,0.3076923076923077,0.03571428571428571
0.22330097087378642,0.04997623831466487,0.029365079365079365,0.7777777777777778,0.014306151645207876,0.33333333333333337,0.3333333333333333,0.21875,0.0,0.1111111111111111,0.23076923076923078,0.03571428571428571
0.21359223300970875,0.04016927944945078,0.023015873015873017,0.8787878787878789,0.5107296137339059,0.33333333333333337,0.3333333333333333,0.15625,0.0,0.07407407407407407,0.23076923076923078,0.0
0.41747572815533973,0.09440607817895257,0.5194444444444445,0.8181818181818182,0.689556509298999,0.9999999999999999,1.0,0.5625,0.2,0.4074074074074074,0.3076923076923077,0.10714285714285714
0.2912621359223301,0.04787528423788154,0.02619047619047619,0.5151515151515152,0.007153075822603938,0.33333333333333337,0.3333333333333333,0.15625,0.0,0.037037037037037035,0.23076923076923078,0.03571428571428571
0.17475728155339804,0.023483463070130058,0.021031746031746033,0.797979797979798,0.8626609442060094,0.33333333333333337,0.3333333333333333,0.15625,0.0,0.07407407407407407,0.15384615384615385,0.03571428571428571
0.2815533980582524,0.08209812673700928,0.2765873015873016,0.11111111111111112,0.6394849785407732,0.33333333333333337,0.3333333333333333,0.5625,0.0,0.18518518518518517,0.6923076923076923,0.14285714285714285
0.17475728155339804,0.04048058760542368,0.03531746031746032,0.5454545454545455,0.44635193133047224,0.33333333333333337,0.3333333333333333,0.1875,0.4,0.07407407407407407,0.15384615384615385,0.07142857142857142
0.08737864077669899,0.020013956230374053,0.02976190476190476,0.9393939393939394,0.7381974248927046,0.33333333333333337,0.3333333333333333,0.15625,0.0,0.07407407407407407,0.15384615384615385,0.03571428571428571
0.3689320388349514,0.04578335358590902,0.006746031746031746,0.0,0.4749642346208871,0.33333333333333337,0.3333333333333333,0.125,0.0,0.037037037037037035,0.23076923076923078,0.0
0.3106796116504854,0.10013896074208646,0.4785714285714286,0.5454545454545455,0.8612303290414882,0.33333333333333337,0.3333333333333333,0.84375,0.0,0.37037037037037035,0.7692307692307693,0.25
0.24271844660194175,0.10949625227089524,0.5777777777777778,0.21212121212121213,0.5221745350500724,0.0,0.0,0.65625,0.4,0.2962962962962963,0.38461538461538464,0.2857142857142857
0.24271844660194175,0.13530625503807886,0.778968253968254,0.5858585858585859,0.755364806866953,0.0,0.0,0.59375,0.2,0.2962962962962963,0.38461538461538464,0.21428571428571427
0.2621359223300971,0.10070894040930255,0.430952380952381,0.030303030303030304,0.005722460658083683,0.0,0.0,0.46875,0.0,0.14814814814814814,0.5384615384615385,0.14285714285714285
0.1844660194174757,0.04410349266696344,0.01984126984126984,1.0,0.7482117310443499,0.33333333333333337,0.3333333333333333,0.125,0.0,0.037037037037037035,0.23076923076923078,0.0
0.22330097087378642,0.1170984876740017,0.540079365079365,0.7070707070707072,0.06866952789699621,0.0,0.0,0.5625,0.2,0.18518518518518517,0.5384615384615385,0.21428571428571427
0.1553398058252427,0.03961433882358603,0.12222222222222223,0.6565656565656566,0.9570815450643781,0.0,0.0,0.34375,0.0,0.18518518518518517,0.38461538461538464,0.03571428571428571
0.3689320388349514,0.053545002827339774,0.02261904761904762,0.4444444444444445,0.17596566523605173,0.6666666666666666,0.6666666666666666,0.21875,0.0,0.1111111111111111,0.3076923076923077,0.0
0.23300970873786409,0.06721398751158006,0.034523809523809526,0.06060606060606061,0.4062947067238918,0.6666666666666666,0.6666666666666666,0.1875,0.0,0.07407407407407407,0.3076923076923077,0.0
0.24271844660194175,0.053232190767231735,0.026587301587301587,0.09090909090909091,0.13018597997138848,0.33333333333333337,0.3333333333333333,0.15625,0.4,0.037037037037037035,0.15384615384615385,0.07142857142857142
0.41747572815533973,0.06913898480455262,0.25793650793650796,0.9595959595959597,0.5665236051502154,0.33333333333333337,0.3333333333333333,0.53125,0.0,0.2222222222222222,0.6153846153846154,0.10714285714285714
0.35922330097087374,0.08940710083376445,0.2773809523809524,0.7070707070707072,0.09585121602288993,0.33333333333333337,0.3333333333333333,0.5,0.2,0.18518518518518517,0.46153846153846156,0.17857142857142855
0.40776699029126207,0.056047499308204095,0.019444444444444445,0.9292929292929294,0.8626609442060094,0.6666666666666666,0.6666666666666666,0.15625,0.0,0.07407407407407407,0.23076923076923078,0.0
0.04854368932038833,0.009471588243079032,0.06865079365079366,0.6262626262626263,0.9284692417739633,0.0,0.0,0.03125,0.0,0.0,0.0,0.03571428571428571
0.33009708737864074,0.11181677635140826,0.40793650793650793,0.8585858585858587,0.052932761087268076,0.0,0.0,0.40625,0.2,0.14814814814814814,0.3076923076923077,0.17857142857142855
0.09708737864077666,0.04962582865117846,0.012301587301587301,0.020202020202020204,0.4778254649499285,0.33333333333333337,0.3333333333333333,0.125,0.2,0.037037037037037035,0.15384615384615385,0.03571428571428571
0.30097087378640774,0.047279738200368154,0.04642857142857143,0.0,0.8927038626609445,0.33333333333333337,0.3333333333333333,0.21875,0.0,0.07407407407407407,0.3076923076923077,0.03571428571428571
0.2912621359223301,0.047906866224719374,0.04642857142857143,0.9191919191919192,0.39628040057224645,0.33333333333333337,0.3333333333333333,0.1875,0.0,0.07407407407407407,0.3076923076923077,0.0
0.3495145631067961,0.11325450870459713,0.4436507936507937,0.030303030303030304,0.370529327610873,0.33333333333333337,0.3333333333333333,0.8125,0.0,0.25925925925925924,0.9230769230769231,0.25
0.11650485436893204,0.05032965578642155,0.19523809523809524,0.686868686868687,0.8483547925608015,0.33333333333333337,0.3333333333333333,0.375,0.2,0.2222222222222222,0.38461538461538464,0.03571428571428571
0.2912621359223301,0.06436559307963473,0.27222222222222225,0.98989898989899,0.5135908440629473,0.33333333333333337,0.3333333333333333,0.59375,0.2,0.2222222222222222,0.8461538461538463,0.07142857142857142
0.30097087378640774,0.10406114272651804,0.5388888888888889,0.4141414141414142,0.118741058655222,0.0,0.0,0.59375,0.2,0.2222222222222222,0.5384615384615385,0.21428571428571427
0.2912621359223301,0.04065654438923445,0.0027777777777777783,0.16161616161616163,0.03433476394849855,0.6666666666666666,0.6666666666666666,0.09375,0.2,0.037037037037037035,0.15384615384615385,0.0
0.4563106796116504,0.10131501377576188,0.9662698412698413,0.8282828282828284,0.7124463519313311,0.0,0.0,0.75,0.0,0.25925925925925924,0.6923076923076923,0.2857142857142857
0.2524271844660194,0.036438093290181314,0.02023809523809524,0.010101010101010102,0.7153075822603725,0.6666666666666666,0.6666666666666666,0.15625,0.2,0.037037037037037035,0.15384615384615385,0.07142857142857142
0.1262135922330097,0.038154047908370126,0.012698412698412698,0.6464646464646465,0.6437768240343349,0.33333333333333337,0.3333333333333333,0.125,0.0,0.037037037037037035,0.23076923076923078,0.0
0.10679611650485438,0.10356786217019383,0.3821428571428572,0.686868686868687,0.904148783977111,0.0,0.0,0.625,0.0,0.1111111111111111,0.9230769230769231,0.17857142857142855
0.21359223300970875,0.06139989412514889,0.10515873015873015,0.98989898989899,0.9570815450643781,0.33333333333333337,0.3333333333333333,0.34375,0.0,0.2222222222222222,0.3076923076923077,0.03571428571428571
0.43689320388349506,0.07757438309852377,0.10833333333333334,0.32323232323232326,0.4635193133047215,0.0,0.0,0.34375,0.0,0.18518518518518517,0.38461538461538464,0.03571428571428571
0.4271844660194174,0.10602223371873383,0.49404761904761907,0.8787878787878789,0.8283261802575108,0.0,0.0,0.65625,0.0,0.2222222222222222,0.6153846153846154,0.25
0.08737864077669899,0.0990696849020056,0.37023809523809526,0.8484848484848485,0.6509298998569388,0.0,0.0,0.5,0.0,0.07407407407407407,0.46153846153846156,0.2857142857142857
0.4563106796116504,0.0919111012187639,0.4654761904761905,0.030303030303030304,0.9098712446351938,0.6666666666666666,0.6666666666666666,0.53125,0.2,0.1111111111111111,0.7692307692307693,0.14285714285714285
0.3689320388349514,0.09544677984046585,0.45634920634920634,0.3434343434343435,0.48497854077253244,0.6666666666666666,0.6666666666666666,0.75,0.2,0.25925925925925924,0.8461538461538463,0.21428571428571427
0.08737864077669899,0.06056221952187879,0.2571428571428572,0.23232323232323235,0.7653791130185983,0.0,0.0,0.5625,0.2,0.18518518518518517,0.8461538461538463,0.07142857142857142
0.22330097087378642,0.05132824813215106,0.01746031746031746,0.37373737373737376,0.05865522174535087,0.6666666666666666,0.6666666666666666,0.125,0.2,0.037037037037037035,0.15384615384615385,0.03571428571428571
0.3106796116504854,0.09594306820506034,0.19880952380952382,0.22222222222222224,0.1130185979971392,0.33333333333333337,0.3333333333333333,0.5,0.0,0.14814814814814814,0.6153846153846154,0.14285714285714285
0.3398058252427184,0.022754069564589675,0.013095238095238096,0.19191919191919193,0.9370529327610875,0.6666666666666666,0.6666666666666666,0.15625,0.0,0.037037037037037035,0.23076923076923078,0.03571428571428571
0.03883495145631066,0.12301635044575718,0.6527777777777778,0.07070707070707072,0.08440629470672434,0.0,0.0,0.6875,0.6000000000000001,0.14814814814814814,0.6153846153846154,0.3571428571428571
0.30097087378640774,0.09391279762262834,0.7226190476190476,0.5252525252525253,0.9942775393419172,0.33333333333333337,0.3333333333333333,0.78125,0.0,0.2962962962962963,0.6153846153846154,0.3214285714285714
0.38834951456310673,0.03094132367626358,0.005158730158730159,0.9191919191919192,0.992846924177397,0.0,0.0,0.09375,0.0,0.037037037037037035,0.15384615384615385,0.0
0.17475728155339804,0.09819441269535714,0.35753968253968255,0.9393939393939394,0.16738197424892753,0.0,0.0,0.71875,0.0,0.1111111111111111,1.0,0.25
0.24271844660194175,0.046864660659070946,0.01626984126984127,0.787878787878788,0.05007153075822668,0.33333333333333337,0.3333333333333333,0.1875,0.0,0.1111111111111111,0.23076923076923078,0.0
0.2912621359223301,0.1037438189540046,0.5841269841269842,0.23232323232323235,0.8197424892703866,0.33333333333333337,0.3333333333333333,0.59375,0.0,0.18518518518518517,0.6153846153846154,0.21428571428571427
0.3980582524271844,0.08751970114417026,0.30198412698412697,0.8383838383838385,0.8240343347639492,0.33333333333333337,0.3333333333333333,0.625,0.0,0.3333333333333333,0.6923076923076923,0.07142857142857142
0.41747572815533973,0.0571363259020417,0.016666666666666666,0.9292929292929294,0.17882689556509312,0.33333333333333337,0.3333333333333333,0.15625,0.0,0.07407407407407407,0.23076923076923078,0.0
0.3689320388349514,0.06749521758485028,0.18333333333333335,0.04040404040404041,0.4949928469241778,0.0,0.0,0.40625,0.0,0.2222222222222222,0.46153846153846156,0.03571428571428571
0.3398058252427184,0.13026366447297183,0.8376984126984127,0.32323232323232326,0.5164520743919887,0.0,0.0,0.625,0.2,0.14814814814814814,0.6923076923076923,0.25
0.14563106796116504,0.1284950732100533,0.513095238095238,0.27272727272727276,0.6065808297567958,0.0,0.0,0.75,0.4,0.2222222222222222,0.8461538461538463,0.25
0.19417475728155337,0.03786379441028911,0.006746031746031746,0.10101010101010102,0.4477825464949934,0.6666666666666666,0.6666666666666666,0.125,0.0,0.037037037037037035,0.23076923076923078,0.0
0.27184466019417475,0.07261450726084917,0.15515873015873016,0.09090909090909091,0.2260371959942784,0.33333333333333337,0.3333333333333333,0.40625,0.0,0.14814814814814814,0.6153846153846154,0.03571428571428571
0.17475728155339804,0.05907937004463588,0.005952380952380952,0.6565656565656566,0.6194563662374826,0.33333333333333337,0.3333333333333333,0.09375,0.0,0.037037037037037035,0.15384615384615385,0.0
0.30097087378640774,0.09709806658084387,0.3817460317460318,0.686868686868687,0.148783977110158,0.0,0.0,0.375,0.0,0.14814814814814814,0.38461538461538464,0.10714285714285714
0.24271844660194175,0.052614086167691324,0.13968253968253969,0.16161616161616163,0.8426323319027187,0.33333333333333337,0.3333333333333333,0.40625,0.2,0.25925925925925924,0.3076923076923077,0.07142857142857142
0.38834951456310673,0.11689245280748824,0.553968253968254,0.12121212121212122,0.9670958512160235,0.0,0.0,0.46875,0.2,0.18518518518518517,0.3076923076923077,0.21428571428571427
0.13592233009708737,0.05827478133233875,0.003968253968253968,0.9595959595959597,0.4520743919885559,0.33333333333333337,0.3333333333333333,0.09375,0.0,0.0,0.23076923076923078,0.0
0.2524271844660194,0.11070990290794903,0.8261904761904761,0.16161616161616163,0.7324749642346209,0.0,0.0,0.59375,0.4,0.18518518518518517,0.46153846153846156,0.2857142857142857
0.1844660194174757,0.07895947880698292,0.3873015873015873,0.4646464646464647,0.7296137339055795,0.33333333333333337,0.3333333333333333,0.6875,0.0,0.4074074074074074,0.38461538461538464,0.21428571428571427
0.2524271844660194,0.033737081463479195,0.004761904761904762,0.030303030303030304,0.3719599427753941,0.6666666666666666,0.6666666666666666,0.125,0.0,0.037037037037037035,0.23076923076923078,0.0
0.3689320388349514,0.12441798909970284,0.20555555555555557,0.8080808080808082,0.7739628040057225,0.0,0.0,0.6875,1.0,0.3333333333333333,0.3076923076923077,0.3214285714285714
0.1262135922330097,0.06323315326587822,0.0071428571428571435,0.7777777777777778,0.08154506437768294,0.33333333333333337,0.3333333333333333,0.09375,0.0,0.037037037037037035,0.15384615384615385,0.0
0.3689320388349514,0.10521463719816644,0.471031746031746,0.0,0.148783977110158,0.0,0.0,0.5,0.2,0.14814814814814814,0.38461538461538464,0.25
0.22330097087378642,0.1264993924227294,0.775,0.6262626262626263,0.044349070100143884,0.0,0.0,0.59375,0.2,0.2222222222222222,0.5384615384615385,0.21428571428571427
0.21359223300970875,0.05633624890214998,0.050793650793650794,0.9191919191919192,0.09155937052932828,0.33333333333333337,0.3333333333333333,0.21875,0.0,0.07407407407407407,0.3076923076923077,0.03571428571428571
0.35922330097087374,0.10472737225838276,0.30634920634920637,0.24242424242424243,0.44349070100143084,0.0,0.0,0.5,0.0,0.14814814814814814,0.5384615384615385,0.17857142857142855
0.23300970873786409,0.05541585957144748,0.026984126984126985,0.020202020202020204,0.5321888412017168,0.6666666666666666,0.6666666666666666,0.1875,0.0,0.1111111111111111,0.23076923076923078,0.0
0.30097087378640774,0.08347570292479276,0.046031746031746035,0.22222222222222224,0.15593705293276194,0.6666666666666666,0.6666666666666666,0.21875,0.0,0.07407407407407407,0.3076923076923077,0.03571428571428571
0.16504854368932037,0.0903771190009264,0.1662698412698413,0.5656565656565657,0.4663805436337629,0.33333333333333337,0.3333333333333333,0.4375,0.0,0.14814814814814814,0.6153846153846154,0.07142857142857142
0.3689320388349514,0.11741430754238001,0.34246031746031746,0.5454545454545455,0.0386266094420602,0.33333333333333337,0.3333333333333333,0.375,0.0,0.14814814814814814,0.38461538461538464,0.10714285714285714
0.09708737864077666,0.11907912941997426,0.298015873015873,0.7171717171717172,0.866952789699571,0.0,0.0,0.4375,0.0,0.1111111111111111,0.6153846153846154,0.10714285714285714
0.13592233009708737,0.03889096093458619,0.0027777777777777783,0.38383838383838387,0.6180257510729614,0.33333333333333337,0.3333333333333333,0.09375,0.0,0.037037037037037035,0.15384615384615385,0.0
0.16504854368932037,0.08278240311849562,0.36984126984126986,0.6262626262626263,0.7768240343347648,0.33333333333333337,0.3333333333333333,0.71875,0.0,0.18518518518518517,0.7692307692307693,0.2857142857142857
0.20388349514563103,0.12346902559043277,0.736904761904762,0.787878787878788,0.3776824034334769,0.0,0.0,0.53125,0.8,0.14814814814814814,0.46153846153846156,0.25
0.16504854368932037,0.07892488901187483,0.14365079365079367,0.18181818181818182,0.5793991416309021,0.33333333333333337,0.3333333333333333,0.375,0.0,0.14814814814814814,0.5384615384615385,0.03571428571428571
0.09708737864077666,0.05531058628198804,0.1738095238095238,0.9595959595959597,0.47353361945636685,0.33333333333333337,0.3333333333333333,0.4375,0.0,0.25925925925925924,0.38461538461538464,0.07142857142857142
0.2524271844660194,0.07738639508163192,0.10396825396825396,0.6666666666666667,0.35193133047210345,0.33333333333333337,0.3333333333333333,0.34375,0.0,0.14814814814814814,0.46153846153846156,0.03571428571428571
0.23300970873786409,0.04254995969536918,0.022222222222222223,0.2828282828282829,0.13876967095851267,0.33333333333333337,0.3333333333333333,0.15625,0.0,0.07407407407407407,0.23076923076923078,0.0
0.3495145631067961,0.1117626358025434,0.523015873015873,0.787878787878788,0.3233190271816886,0.0,0.0,0.625,0.2,0.14814814814814814,0.8461538461538463,0.17857142857142855
0.4271844660194174,0.07390184920052456,0.023015873015873017,0.13131313131313133,0.014306151645207876,0.33333333333333337,0.3333333333333333,0.15625,0.0,0.07407407407407407,0.23076923076923078,0.0
0.2524271844660194,0.020430537675806396,0.023412698412698413,0.27272727272727276,0.4721030042918457,0.0,0.0,0.1875,0.0,0.07407407407407407,0.3076923076923077,0.0
0.21359223300970875,0.09584832224454684,0.22103174603174605,0.17171717171717174,0.21459227467811193,0.33333333333333337,0.3333333333333333,0.53125,0.2,0.2222222222222222,0.6923076923076923,0.07142857142857142
0.30097087378640774,0.09737779274997894,0.12182539682539684,0.7171717171717172,0.0414878397711016,0.6666666666666666,0.6666666666666666,0.375,0.0,0.14814814814814814,0.5384615384615385,0.03571428571428571
0.40776699029126207,0.11285747801292154,0.45674603174603173,0.797979797979798,0.6995708154506444,0.0,0.0,0.46875,0.0,0.07407407407407407,0.8461538461538463,0.07142857142857142
0.1262135922330097,0.12026420587846048,0.4361111111111111,0.010101010101010102,0.6938483547925616,0.0,0.0,0.46875,0.4,0.2962962962962963,0.38461538461538464,0.07142857142857142
0.22330097087378642,0.07930988847046934,0.004365079365079365,0.787878787878788,0.20028612303290494,0.6666666666666666,0.6666666666666666,0.09375,0.0,0.037037037037037035,0.15384615384615385,0.0
0.3495145631067961,0.1459493846024279,0.7948412698412698,0.23232323232323235,0.18884120171673846,0.0,0.0,0.59375,0.2,0.14814814814814814,0.6923076923076923,0.21428571428571427
0.11650485436893204,0.021865262220725004,0.015476190476190477,0.7575757575757577,0.4334763948497855,0.33333333333333337,0.3333333333333333,0.1875,0.0,0.1111111111111111,0.23076923076923078,0.0
0.24271844660194175,0.10540713692746369,0.6226190476190476,0.7070707070707072,0.4363376251788269,0.33333333333333337,0.3333333333333333,0.34375,0.4,0.1111111111111111,0.38461538461538464,0.10714285714285714
0.1262135922330097,0.04788280375855721,0.023015873015873017,0.10101010101010102,0.36623748211731044,0.33333333333333337,0.3333333333333333,0.125,0.4,0.037037037037037035,0.15384615384615385,0.03571428571428571
0.1262135922330097,0.05193281759447526,0.16706349206349208,0.24242424242424243,0.4034334763948504,0.0,0.0,0.34375,0.4,0.1111111111111111,0.23076923076923078,0.17857142857142855
0.2912621359223301,0.03143761204085807,0.036111111111111115,0.4747474747474748,0.7567954220314741,0.0,0.0,0.15625,0.0,0.07407407407407407,0.15384615384615385,0.03571428571428571
0.17475728155339804,0.06811933780093121,0.25,0.98989898989899,0.414878397711016,0.33333333333333337,0.3333333333333333,0.5625,0.0,0.4074074074074074,0.46153846153846156,0.03571428571428571
0.27184466019417475,0.10352274504613977,0.2984126984126984,0.04040404040404041,0.3805436337625183,0.33333333333333337,0.3333333333333333,0.625,0.0,0.2222222222222222,0.6923076923076923,0.17857142857142855
0.16504854368932037,0.04492913603715245,0.047619047619047616,0.15151515151515152,0.8354792560801148,0.33333333333333337,0.3333333333333333,0.21875,0.0,0.07407407407407407,0.3076923076923077,0.03571428571428571
0.22330097087378642,0.07565239361382148,0.12976190476190477,0.6767676767676768,0.5836909871244638,0.6666666666666666,0.6666666666666666,0.34375,0.0,0.14814814814814814,0.38461538461538464,0.07142857142857142
0.16504854368932037,0.07037669790776857,0.051587301587301584,0.32323232323232326,0.2675250357653791,0.33333333333333337,0.3333333333333333,0.21875,0.0,0.07407407407407407,0.3076923076923077,0.03571428571428571
0.40776699029126207,0.06768170169760698,0.12896825396825398,0.4040404040404041,0.8412017167381975,0.33333333333333337,0.3333333333333333,0.375,0.0,0.2222222222222222,0.38461538461538464,0.03571428571428571
0.33009708737864074,0.05688066219906878,0.15039682539682542,0.5454545454545455,0.7982832618025757,0.6666666666666666,0.6666666666666666,0.40625,0.2,0.2222222222222222,0.38461538461538464,0.07142857142857142
0.2912621359223301,0.1272723991481887,0.6813492063492064,0.787878787878788,0.9871244635193142,0.6666666666666666,0.6666666666666666,0.4375,0.0,0.18518518518518517,0.46153846153846156,0.10714285714285714
0.1844660194174757,0.06797797081222855,0.02896825396825397,0.9494949494949496,0.09442060085836967,0.9999999999999999,1.0,0.15625,0.0,0.037037037037037035,0.23076923076923078,0.03571428571428571
0.10679611650485438,0.022334480310887063,0.007539682539682541,0.5151515151515152,0.7625178826895569,0.0,0.0,0.09375,0.0,0.0,0.23076923076923078,0.0
0.4271844660194174,0.09364510268657435,0.46150793650793653,0.42424242424242425,0.2732474964234628,0.0,0.0,0.75,0.2,0.25925925925925924,0.8461538461538463,0.21428571428571427
0.43689320388349506,0.0987328103757354,0.37777777777777777,0.6767676767676768,0.7582260371959944,0.33333333333333337,0.3333333333333333,0.40625,0.2,0.07407407407407407,0.6923076923076923,0.07142857142857142
0.2815533980582524,0.0363944800702624,0.003968253968253968,0.8787878787878789,0.3748211731044355,0.6666666666666666,0.6666666666666666,0.09375,0.0,0.037037037037037035,0.15384615384615385,0.0
0.17475728155339804,0.061604425087527226,0.020634920634920634,0.29292929292929293,0.03147353361945715,0.33333333333333337,0.3333333333333333,0.125,0.0,0.037037037037037035,0.23076923076923078,0.0
0.19417475728155337,0.12614146323856731,0.7742063492063492,0.8989898989898991,0.8497854077253226,0.33333333333333337,0.3333333333333333,0.6875,0.2,0.2222222222222222,0.6923076923076923,0.25
0.10679611650485438,0.10703736900994983,0.7968253968253969,0.7474747474747475,0.3476394849785409,0.0,0.0,0.625,0.8,0.25925925925925924,0.6153846153846154,0.17857142857142855
0.21359223300970875,0.07209566033422765,0.1273809523809524,0.9797979797979799,0.051502145922746934,0.33333333333333337,0.3333333333333333,0.375,0.0,0.18518518518518517,0.46153846153846156,0.03571428571428571
0.27184466019417475,0.05270883212820482,0.02857142857142857,0.6363636363636365,0.9914163090128758,0.6666666666666666,0.6666666666666666,0.1875,0.0,0.1111111111111111,0.23076923076923078,0.0
0.33009708737864074,0.12627681461072945,0.5190476190476191,0.888888888888889,0.6037195994277544,0.0,0.0,0.59375,0.2,0.14814814814814814,0.6923076923076923,0.21428571428571427
0.06796116504854366,0.013909609345861858,0.00992063492063492,0.3434343434343435,0.05436337625178833,0.0,0.0,0.1875,0.0,0.1111111111111111,0.23076923076923078,0.0
0.3398058252427184,0.07210919547144387,0.12301587301587302,0.8181818181818182,0.7324749642346209,0.33333333333333337,0.3333333333333333,0.375,0.0,0.2222222222222222,0.3076923076923077,0.07142857142857142
0.41747572815533973,0.08181088104719852,0.25992063492063494,0.6565656565656566,0.5350500715307582,0.33333333333333337,0.3333333333333333,0.5625,0.0,0.2222222222222222,0.7692307692307693,0.07142857142857142
0.06796116504854366,0.05327580398715064,0.02738095238095238,0.5151515151515152,0.7353361945636632,0.33333333333333337,0.3333333333333333,0.1875,0.0,0.07407407407407407,0.3076923076923077,0.0
0.17475728155339804,0.029404333650155802,0.01626984126984127,0.7676767676767677,0.07010014306151646,0.33333333333333337,0.3333333333333333,0.15625,0.0,0.07407407407407407,0.15384615384615385,0.03571428571428571
0.33009708737864074,0.047657218138286994,0.03214285714285714,0.7676767676767677,0.4520743919885559,0.33333333333333337,0.3333333333333333,0.1875,0.0,0.07407407407407407,0.3076923076923077,0.0
0.49514563106796117,0.09257281903822323,0.4357142857142857,0.8484848484848485,0.3376251788268956,0.0,0.0,0.75,0.0,0.2222222222222222,1.0,0.17857142857142855
0.21359223300970875,0.029363728238507164,0.022222222222222223,0.5656565656565657,0.22746781115879866,0.33333333333333337,0.3333333333333333,0.21875,0.0,0.07407407407407407,0.3076923076923077,0.03571428571428571
0.14563106796116504,0.06080585199177063,0.05555555555555555,0.31313131313131315,0.3175965665236058,0.33333333333333337,0.3333333333333333,0.21875,0.4,0.1111111111111111,0.23076923076923078,0.03571428571428571
0.38834951456310673,0.07928582600430718,0.26944444444444443,0.0,0.9341917024320461,0.6666666666666666,0.6666666666666666,0.59375,0.0,0.3333333333333333,0.6153846153846154,0.07142857142857142
0.40776699029126207,0.08423968622544124,0.16111111111111112,0.9191919191919192,0.32761087267525113,0.33333333333333337,0.3333333333333333,0.4375,0.0,0.3333333333333333,0.3076923076923077,0.03571428571428571
0.09708737864077666,0.03736600214155949,0.00873015873015873,0.4040404040404041,0.8927038626609445,0.33333333333333337,0.3333333333333333,0.09375,0.4,0.037037037037037035,0.15384615384615385,0.0
0.5145631067961165,0.0838922843702251,0.41865079365079366,0.595959595959596,0.512160228898427,0.0,0.0,0.78125,0.0,0.3333333333333333,1.0,0.10714285714285714
0.3106796116504854,0.099877281422573,0.576984126984127,0.9696969696969697,0.9570815450643781,0.33333333333333337,0.3333333333333333,0.65625,0.0,0.37037037037037035,0.5384615384615385,0.14285714285714285
0.16504854368932037,0.008677526859727853,0.005158730158730159,0.6161616161616162,0.9570815450643781,0.33333333333333337,0.3333333333333333,0.09375,0.0,0.037037037037037035,0.15384615384615385,0.0
0.21359223300970875,0.12244035516200055,0.7253968253968254,0.14141414141414144,0.9227467811158805,0.0,0.0,0.78125,0.4,0.18518518518518517,0.8461538461538463,0.3214285714285714
0.3495145631067961,0.07890533825811807,0.09206349206349207,0.16161616161616163,0.1244635193133048,0.33333333333333337,0.3333333333333333,0.3125,0.0,0.037037037037037035,0.46153846153846156,0.10714285714285714
0.3203883495145631,0.03212489623061467,0.017063492063492065,0.98989898989899,0.04577968526466414,0.6666666666666666,0.6666666666666666,0.1875,0.0,0.07407407407407407,0.23076923076923078,0.03571428571428571
0.19417475728155337,0.06665152736503964,0.20238095238095238,0.11111111111111112,0.49070100143061524,0.6666666666666666,0.6666666666666666,0.5,0.2,0.18518518518518517,0.6923076923076923,0.07142857142857142
0.21359223300970875,0.08269216887038752,0.4027777777777778,0.5252525252525253,0.8168812589413452,0.0,0.0,0.4375,0.0,0.25925925925925924,0.3076923076923077,0.10714285714285714
0.3398058252427184,0.11682327321727204,0.5416666666666666,0.19191919191919193,0.044349070100143884,0.0,0.0,0.3125,0.0,0.1111111111111111,0.38461538461538464,0.07142857142857142
0.43689320388349506,0.08357796840598193,0.40515873015873016,0.6161616161616162,0.6795422031473537,0.33333333333333337,0.3333333333333333,0.71875,0.0,0.25925925925925924,0.7692307692307693,0.21428571428571427
0.30097087378640774,0.06413399184282396,0.11746031746031746,0.7373737373737375,0.14020028612303292,0.33333333333333337,0.3333333333333333,0.34375,0.0,0.14814814814814814,0.46153846153846156,0.03571428571428571
0.38834951456310673,0.07928582600430718,0.26944444444444443,0.0,0.9341917024320461,0.6666666666666666,0.6666666666666666,0.59375,0.0,0.3333333333333333,0.6153846153846154,0.07142857142857142
0.30097087378640774,0.08702190887544065,0.19603174603174603,0.7474747474747475,0.8826895565092991,0.33333333333333337,0.3333333333333333,0.5,0.2,0.2962962962962963,0.5384615384615385,0.03571428571428571
0.01941747572815533,0.11874075098956892,0.3964285714285714,0.5555555555555556,0.9670958512160235,0.0,0.0,0.625,0.0,0.2222222222222222,0.7692307692307693,0.14285714285714285
0.21359223300970875,0.058071754274095555,0.08452380952380953,0.48484848484848486,0.370529327610873,0.33333333333333337,0.3333333333333333,0.3125,0.0,0.14814814814814814,0.38461538461538464,0.03571428571428571
0.23300970873786409,0.09170807416052071,0.2384920634920635,0.5353535353535354,0.5751072961373396,0.33333333333333337,0.3333333333333333,0.5625,0.0,0.14814814814814814,0.9230769230769231,0.07142857142857142
0.27184466019417475,0.07106698990579545,0.027777777777777776,0.13131313131313133,0.5135908440629473,0.33333333333333337,0.3333333333333333,0.15625,0.0,0.037037037037037035,0.23076923076923078,0.03571428571428571
0.27184466019417475,0.05051914770744854,0.04007936507936508,0.3434343434343435,0.9670958512160235,0.9999999999999999,1.0,0.1875,0.0,0.07407407407407407,0.3076923076923077,0.0
0.46601941747572806,0.11341241863878629,0.39087301587301587,0.5454545454545455,0.5665236051502154,0.0,0.0,0.5,0.0,0.14814814814814814,0.6153846153846154,0.14285714285714285
0.2621359223300971,0.12020254580891995,0.43333333333333335,0.696969696969697,0.2260371959942784,0.0,0.0,0.46875,0.0,0.1111111111111111,0.6153846153846154,0.14285714285714285
0.0,0.019086047378995875,0.004365079365079365,0.8181818181818182,0.18884120171673846,0.0,0.0,0.09375,0.2,0.037037037037037035,0.15384615384615385,0.0
0.21359223300970875,0.027671836086480505,0.011507936507936509,1.0,0.148783977110158,0.0,0.0,0.125,0.0,0.037037037037037035,0.23076923076923078,0.0
0.058252427184465994,0.10900898733111157,0.676984126984127,0.030303030303030304,0.9613733905579407,0.0,0.0,0.46875,0.0,0.2962962962962963,0.38461538461538464,0.07142857142857142
0.37864077669902907,0.0977477531672221,0.17182539682539683,0.6161616161616162,0.2403433476394854,0.6666666666666666,0.6666666666666666,0.4375,0.2,0.2962962962962963,0.3076923076923077,0.07142857142857142
0.16504854368932037,0.03307686754815501,0.027777777777777776,0.6565656565656566,0.7682403433476397,0.33333333333333337,0.3333333333333333,0.15625,0.0,0.07407407407407407,0.23076923076923078,0.0
0.3495145631067961,0.06861261835725543,0.0873015873015873,0.9393939393939394,0.32618025751073,0.33333333333333337,0.3333333333333333,0.3125,0.0,0.07407407407407407,0.46153846153846156,0.07142857142857142
0.4271844660194174,0.04769481574166536,0.005158730158730159,0.24242424242424243,0.8626609442060094,0.6666666666666666,0.6666666666666666,0.09375,0.0,0.037037037037037035,0.15384615384615385,0.0
0.14563106796116504,0.07918957613965855,0.18452380952380953,0.08080808080808081,0.5836909871244638,0.33333333333333337,0.3333333333333333,0.46875,0.0,0.1111111111111111,0.7692307692307693,0.07142857142857142
0.14563106796116504,0.04027455273891021,0.034126984126984124,0.7272727272727273,0.6323319027181693,0.6666666666666666,0.6666666666666666,0.1875,0.0,0.07407407407407407,0.3076923076923077,0.0
0.04854368932038833,0.13370910884656567,1.0,0.29292929292929293,0.19456366237482126,0.0,0.0,0.53125,0.2,0.1111111111111111,0.7692307692307693,0.14285714285714285
0.44660194174757273,0.06969091762214709,0.19801587301587303,0.33333333333333337,0.7610872675250357,0.33333333333333337,0.3333333333333333,0.5,0.0,0.2962962962962963,0.46153846153846156,0.07142857142857142
0.37864077669902907,0.062276670235932474,0.09126984126984128,0.686868686868687,0.7725321888412022,0.33333333333333337,0.3333333333333333,0.3125,0.0,0.14814814814814814,0.38461538461538464,0.03571428571428571
0.3398058252427184,0.0800513132090908,0.4869047619047619,0.5555555555555556,0.7525035765379116,0.33333333333333337,0.3333333333333333,0.5625,0.4,0.3333333333333333,0.3076923076923077,0.17857142857142855
0.3689320388349514,0.020041026504806478,0.03293650793650794,0.7676767676767677,0.6037195994277544,0.6666666666666666,0.6666666666666666,0.21875,0.0,0.07407407407407407,0.23076923076923078,0.07142857142857142
0.24271844660194175,0.03793447790464045,0.004761904761904762,0.17171717171717174,0.074391988555079,0.33333333333333337,0.3333333333333333,0.09375,0.0,0.037037037037037035,0.15384615384615385,0.0
0.10679611650485438,0.03097591347137168,0.007539682539682541,0.9494949494949496,0.47353361945636685,0.33333333333333337,0.3333333333333333,0.125,0.0,0.037037037037037035,0.23076923076923078,0.0
0.30097087378640774,0.0641610621172564,0.021825396825396824,0.8686868686868687,0.444921316165952,0.6666666666666666,0.6666666666666666,0.15625,0.0,0.037037037037037035,0.3076923076923077,0.0
0.4271844660194174,0.09064030222457499,0.4027777777777778,0.25252525252525254,0.44062947067238944,0.33333333333333337,0.3333333333333333,0.78125,0.2,0.2222222222222222,1.0,0.21428571428571427
0.33009708737864074,0.04476671439055789,0.05952380952380952,0.22222222222222224,0.8154506437768241,0.33333333333333337,0.3333333333333333,0.25,0.0,0.1111111111111111,0.3076923076923077,0.03571428571428571
0.21359223300970875,0.06641842222409375,0.018253968253968255,0.15151515151515152,0.17453505007153147,0.6666666666666666,0.6666666666666666,0.125,0.0,0.037037037037037035,0.23076923076923078,0.0
0.2524271844660194,0.11557352888097501,0.7170634920634921,0.3535353535353536,0.7925608011444929,0.0,0.0,0.46875,0.2,0.18518518518518517,0.3076923076923077,0.21428571428571427
0.2621359223300971,0.09871476352611379,0.5777777777777778,0.8181818181818182,0.8426323319027187,0.33333333333333337,0.3333333333333333,0.65625,0.6000000000000001,0.25925925925925924,0.7692307692307693,0.14285714285714285
0.3495145631067961,0.08522775124222481,0.036111111111111115,0.5555555555555556,0.10014306151645247,0.33333333333333337,0.3333333333333333,0.15625,0.0,0.037037037037037035,0.15384615384615385,0.07142857142857142
0.4271844660194174,0.09110200079406139,0.061507936507936505,0.9494949494949496,0.18884120171673846,0.33333333333333337,0.3333333333333333,0.25,0.0,0.14814814814814814,0.3076923076923077,0.0
0.2621359223300971,0.06303012620763503,0.05317460317460317,0.5050505050505051,0.6194563662374826,0.6666666666666666,0.6666666666666666,0.21875,0.0,0.07407407407407407,0.3076923076923077,0.03571428571428571
0.27184466019417475,0.09340898973735819,0.35833333333333334,0.6464646464646465,0.6208869814020037,0.33333333333333337,0.3333333333333333,0.65625,0.0,0.3333333333333333,0.6923076923076923,0.10714285714285714
0.30097087378640774,0.06791781464682316,0.07063492063492063,0.9191919191919192,0.4306151645207441,0.33333333333333337,0.3333333333333333,0.21875,0.0,0.07407407407407407,0.3076923076923077,0.03571428571428571
0.2621359223300971,0.10280839058195074,0.4587301587301587,0.11111111111111112,0.6509298998569388,0.33333333333333337,0.3333333333333333,0.53125,0.2,0.18518518518518517,0.7692307692307693,0.07142857142857142
0.23300970873786409,0.11481556119686706,0.3900793650793651,0.7272727272727273,0.1216022889842634,0.0,0.0,0.40625,0.0,0.1111111111111111,0.38461538461538464,0.17857142857142855
0.3398058252427184,0.08640530818003538,0.4234126984126984,0.06060606060606061,0.94134477825465,0.33333333333333337,0.3333333333333333,0.75,0.0,0.2222222222222222,0.9230769230769231,0.21428571428571427
0.1844660194174757,0.07982572758882057,0.06706349206349208,0.0,0.4163090128755371,0.6666666666666666,0.6666666666666666,0.25,0.0,0.07407407407407407,0.38461538461538464,0.03571428571428571
0.35922330097087374,0.084794626851306,0.2988095238095238,0.6666666666666667,0.7439198855507874,0.33333333333333337,0.3333333333333333,0.59375,0.0,0.3333333333333333,0.6153846153846154,0.07142857142857142
0.3689320388349514,0.07471696524176763,0.0753968253968254,0.42424242424242425,0.25751072961373467,0.33333333333333337,0.3333333333333333,0.28125,0.0,0.1111111111111111,0.3076923076923077,0.07142857142857142
0.16504854368932037,0.02038842836002262,0.010317460317460317,0.6060606060606061,0.896995708154507,0.33333333333333337,0.3333333333333333,0.125,0.4,0.037037037037037035,0.15384615384615385,0.03571428571428571
0.37864077669902907,0.09761240179505998,0.4281746031746032,0.6464646464646465,0.4520743919885559,0.0,0.0,0.5,0.0,0.1111111111111111,0.6923076923076923,0.14285714285714285
0.38834951456310673,0.07404472009336237,0.2698412698412698,0.8787878787878789,0.7067238912732483,0.33333333333333337,0.3333333333333333,0.59375,0.2,0.37037037037037035,0.38461538461538464,0.14285714285714285
0.30097087378640774,0.12465560595305414,0.6615079365079365,0.9696969696969697,0.31330472103004325,0.0,0.0,0.78125,0.2,0.2222222222222222,0.7692307692307693,0.3214285714285714
0.058252427184465994,0.024996390630075676,0.015079365079365078,0.010101010101010102,0.3476394849785409,0.0,0.0,0.15625,0.0,0.07407407407407407,0.23076923076923078,0.0
0.37864077669902907,0.05823267201655498,0.01746031746031746,0.5454545454545455,0.1902718168812596,0.6666666666666666,0.6666666666666666,0.125,0.2,0.037037037037037035,0.15384615384615385,0.03571428571428571
0.30097087378640774,0.05201553232190767,0.050793650793650794,0.5353535353535354,0.5765379113018598,0.33333333333333337,0.3333333333333333,0.21875,0.0,0.1111111111111111,0.3076923076923077,0.0
0.37864077669902907,0.06088255110266251,0.14206349206349206,0.9696969696969697,0.3719599427753941,0.33333333333333337,0.3333333333333333,0.40625,0.2,0.18518518518518517,0.5384615384615385,0.03571428571428571
0.3980582524271844,0.09627693492306026,0.2142857142857143,0.5858585858585859,0.6294706723891279,0.33333333333333337,0.3333333333333333,0.5,0.0,0.07407407407407407,0.7692307692307693,0.14285714285714285
0.23300970873786409,0.11326503603354307,0.42063492063492064,0.12121212121212122,0.3505007153075823,0.33333333333333337,0.3333333333333333,0.90625,0.2,0.25925925925925924,0.8461538461538463,0.39285714285714285
0.2621359223300971,0.11006773584224647,0.8103174603174603,0.787878787878788,0.6781115879828334,0.0,0.0,0.625,0.2,0.18518518518518517,0.46153846153846156,0.3214285714285714
0.23300970873786409,0.08270119229519833,0.11547619047619048,0.6464646464646465,0.866952789699571,0.6666666666666666,0.6666666666666666,0.3125,0.0,0.14814814814814814,0.38461538461538464,0.03571428571428571
0.20388349514563103,0.06080284418350036,0.05357142857142857,0.26262626262626265,0.5236051502145926,0.6666666666666666,0.6666666666666666,0.21875,0.2,0.07407407407407407,0.3076923076923077,0.03571428571428571
0.30097087378640774,0.08997708050098055,0.20833333333333334,0.08080808080808081,0.4964234620886989,0.33333333333333337,0.3333333333333333,0.5,0.0,0.14814814814814814,0.7692307692307693,0.07142857142857142
0.3203883495145631,0.0479730380066653,0.058333333333333334,0.494949494949495,0.9871244635193142,0.6666666666666666,0.6666666666666666,0.25,0.0,0.1111111111111111,0.3076923076923077,0.03571428571428571
0.04854368932038833,0.1006893896555458,0.6321428571428571,0.5656565656565657,0.3805436337625183,0.0,0.0,0.71875,0.0,0.14814814814814814,0.7692307692307693,0.3214285714285714
0.3203883495145631,0.04909795829974614,0.04325396825396825,0.5555555555555556,0.7525035765379116,0.33333333333333337,0.3333333333333333,0.1875,0.0,0.07407407407407407,0.15384615384615385,0.07142857142857142
0.09708737864077666,0.010843148814321978,0.0380952380952381,0.25252525252525254,0.9670958512160235,0.33333333333333337,0.3333333333333333,0.21875,0.0,0.1111111111111111,0.23076923076923078,0.03571428571428571
0.22330097087378642,0.03684264350253257,0.007936507936507936,0.5050505050505051,0.400572246065809,0.33333333333333337,0.3333333333333333,0.09375,0.0,0.037037037037037035,0.15384615384615385,0.0
0.37864077669902907,0.11364552377973218,0.3111111111111111,0.8484848484848485,0.7424892703862662,0.0,0.0,0.65625,0.2,0.18518518518518517,0.6923076923076923,0.25
0.14563106796116504,0.05787173502412262,0.03253968253968254,0.30303030303030304,0.4778254649499285,0.6666666666666666,0.6666666666666666,0.15625,0.2,0.07407407407407407,0.15384615384615385,0.03571428571428571
0.3689320388349514,0.047685792316854554,0.03373015873015873,0.8181818181818182,0.400572246065809,0.6666666666666666,0.6666666666666666,0.21875,0.0,0.07407407407407407,0.3076923076923077,0.03571428571428571
0.35922330097087374,0.11023918091365184,0.4801587301587302,0.7474747474747475,0.6108726752503584,0.33333333333333337,0.3333333333333333,0.5625,0.0,0.18518518518518517,0.6923076923076923,0.14285714285714285
0.3980582524271844,0.08956350686381848,0.31984126984126987,0.7676767676767677,0.3719599427753941,0.0,0.0,0.65625,0.2,0.4074074074074074,0.6153846153846154,0.07142857142857142
0.09708737864077666,0.03126315916118243,0.022222222222222223,0.36363636363636365,0.8798283261802577,0.33333333333333337,0.3333333333333333,0.15625,0.4,0.07407407407407407,0.15384615384615385,0.03571428571428571
0.20388349514563103,0.07970691916214492,0.15873015873015875,0.6464646464646465,0.4549356223175973,0.33333333333333337,0.3333333333333333,0.40625,0.0,0.14814814814814814,0.6153846153846154,0.03571428571428571
0.3980582524271844,0.055226367650420494,0.026587301587301587,0.6262626262626263,0.13018597997138848,0.6666666666666666,0.6666666666666666,0.1875,0.0,0.1111111111111111,0.23076923076923078,0.0
0.24271844660194175,0.06420317143304018,0.073015873015873,0.5353535353535354,0.7138769670958514,0.6666666666666666,0.6666666666666666,0.28125,0.0,0.18518518518518517,0.3076923076923077,0.0
0.09708737864077666,0.054842872095961115,0.013888888888888888,0.8686868686868687,0.5221745350500724,0.33333333333333337,0.3333333333333333,0.125,0.0,0.037037037037037035,0.23076923076923078,0.0
0.17475728155339804,0.060541164863986904,0.023015873015873017,0.15151515151515152,0.20028612303290494,0.33333333333333337,0.3333333333333333,0.21875,0.0,0.1111111111111111,0.3076923076923077,0.0
0.1262135922330097,0.04014972869569402,0.01865079365079365,0.6767676767676768,0.6652360515021467,0.33333333333333337,0.3333333333333333,0.15625,0.0,0.07407407407407407,0.23076923076923078,0.0
0.19417475728155337,0.053636740979583,0.013492063492063493,0.4747474747474748,0.0829756795422032,0.33333333333333337,0.3333333333333333,0.125,0.0,0.037037037037037035,0.23076923076923078,0.0
0.24271844660194175,0.09473392928041195,0.31746031746031744,0.4747474747474748,0.048640915593705536,0.33333333333333337,0.3333333333333333,0.65625,0.0,0.2962962962962963,0.8461538461538463,0.07142857142857142
0.38834951456310673,0.0804874454082799,0.0496031746031746,0.8181818181818182,0.10443490701001501,0.33333333333333337,0.3333333333333333,0.21875,0.0,0.07407407407407407,0.3076923076923077,0.03571428571428571
0.23300970873786409,0.12508873034397294,0.6452380952380953,0.98989898989899,0.3834048640915597,0.0,0.0,0.71875,0.6000000000000001,0.18518518518518517,0.9230769230769231,0.21428571428571427
0.06796116504854366,0.04054675938736961,0.011507936507936509,0.5656565656565657,0.5150214592274684,0.33333333333333337,0.3333333333333333,0.125,0.0,0.037037037037037035,0.23076923076923078,0.0
0.4271844660194174,0.06389035937293214,0.058333333333333334,0.48484848484848486,0.3032904148783979,0.6666666666666666,0.6666666666666666,0.25,0.0,0.07407407407407407,0.38461538461538464,0.03571428571428571
0.11650485436893204,0.03605910944812734,0.006349206349206349,0.18181818181818182,0.2317596566523612,0.33333333333333337,0.3333333333333333,0.125,0.0,0.037037037037037035,0.23076923076923078,0.0
0.2815533980582524,0.08622183187554892,0.02619047619047619,0.7474747474747475,0.38483547925608086,0.9999999999999999,1.0,0.15625,0.0,0.07407407407407407,0.23076923076923078,0.0
0.33009708737864074,0.11263339629678645,0.3547619047619048,0.686868686868687,0.051502145922746934,0.33333333333333337,0.3333333333333333,0.6875,0.2,0.18518518518518517,0.5384615384615385,0.3571428571428571
0.4757281553398057,0.09665591876511423,0.28015873015873016,0.36363636363636365,0.10014306151645247,0.0,0.0,0.28125,0.0,0.037037037037037035,0.38461538461538464,0.10714285714285714
0.17475728155339804,0.039030824019153726,0.1373015873015873,0.9090909090909092,0.992846924177397,0.33333333333333337,0.3333333333333333,0.375,0.0,0.2222222222222222,0.3076923076923077,0.07142857142857142
0.24271844660194175,0.0,0.0011904761904761906,0.6565656565656566,0.060085836909872015,0.0,0.0,0.0,0.0,0.0,0.0,0.0
0.03883495145631066,0.008677526859727853,0.04523809523809524,0.6363636363636365,0.8197424892703866,0.33333333333333337,0.3333333333333333,0.21875,0.0,0.1111111111111111,0.15384615384615385,0.07142857142857142
0.27184466019417475,0.05833794530601441,0.006349206349206349,0.8282828282828284,0.6437768240343349,0.6666666666666666,0.6666666666666666,0.09375,0.0,0.0,0.15384615384615385,0.03571428571428571
0.22330097087378642,0.028118495614615543,0.001984126984126984,0.6363636363636365,0.13876967095851267,0.33333333333333337,0.3333333333333333,0.09375,0.0,0.037037037037037035,0.15384615384615385,0.0
0.20388349514563103,0.09531142846830372,0.38412698412698415,0.5555555555555556,0.051502145922746934,0.33333333333333337,0.3333333333333333,0.75,0.2,0.2962962962962963,1.0,0.10714285714285714
0.30097087378640774,0.1026249142774643,0.6075396825396826,0.6464646464646465,0.43776824034334805,0.0,0.0,0.375,0.6000000000000001,0.14814814814814814,0.46153846153846156,0.07142857142857142
0.4271844660194174,0.09881101339076241,0.39166666666666666,0.5151515151515152,0.4978540772532192,0.6666666666666666,0.6666666666666666,0.75,0.2,0.2222222222222222,1.0,0.17857142857142855
0.2815533980582524,0.1143508548191104,0.6047619047619047,0.9797979797979799,0.703862660944206,0.33333333333333337,0.3333333333333333,1.0,0.4,0.4074074074074074,0.8461538461538463,0.3571428571428571
0.23300970873786409,0.10976394720694924,0.3392857142857143,0.9292929292929294,0.414878397711016,0.33333333333333337,0.3333333333333333,0.46875,0.0,0.25925925925925924,0.38461538461538464,0.10714285714285714
0.3203883495145631,0.09984118772332977,0.3662698412698413,0.5151515151515152,0.36337625178826904,0.33333333333333337,0.3333333333333333,0.65625,0.0,0.2962962962962963,0.3076923076923077,0.3214285714285714
0.2524271844660194,0.08035059013198263,0.1638888888888889,0.7272727272727273,1.0,0.6666666666666666,0.6666666666666666,0.4375,0.2,0.25925925925925924,0.38461538461538464,0.07142857142857142
0.3980582524271844,0.09210209704392604,0.23095238095238096,0.393939393939394,0.9942775393419172,0.33333333333333337,0.3333333333333333,0.4375,0.2,0.25925925925925924,0.23076923076923078,0.14285714285714285
0.20388349514563103,0.10897289363186832,0.2523809523809524,0.494949494949495,0.06866952789699621,0.33333333333333337,0.3333333333333333,0.53125,0.0,0.14814814814814814,0.8461538461538463,0.07142857142857142
0.19417475728155337,0.05658589698858236,0.0071428571428571435,0.21212121212121213,0.1459227467811166,0.6666666666666666,0.6666666666666666,0.09375,0.2,0.037037037037037035,0.15384615384615385,0.0
0.2621359223300971,0.11267700951670537,0.9023809523809524,0.9191919191919192,0.4535050071530762,0.0,0.0,0.6875,0.4,0.14814814814814814,0.8461538461538463,0.25
0.22330097087378642,0.05132824813215106,0.01746031746031746,0.37373737373737376,0.05865522174535087,0.6666666666666666,0.6666666666666666,0.125,0.2,0.037037037037037035,0.15384615384615385,0.03571428571428571
0.1262135922330097,0.13378280014918728,0.703968253968254,0.98989898989899,0.5765379113018598,0.0,0.0,0.5,0.4,0.2222222222222222,0.6153846153846154,0.07142857142857142
0.13592233009708737,0.10786000457186858,0.7138888888888889,0.8585858585858587,0.2947067238912737,0.0,0.0,0.8125,0.4,0.25925925925925924,0.8461538461538463,0.2857142857142857
0.3495145631067961,0.04470204651274709,0.017063492063492065,0.4040404040404041,0.512160228898427,0.6666666666666666,0.6666666666666666,0.15625,0.0,0.07407407407407407,0.23076923076923078,0.0
0.4271844660194174,0.06829078287233659,0.030952380952380953,0.020202020202020204,0.16452074391988614,0.6666666666666666,0.6666666666666666,0.15625,0.2,0.07407407407407407,0.15384615384615385,0.03571428571428571
0.20388349514563103,0.12346902559043277,0.736904761904762,0.787878787878788,0.3776824034334769,0.0,0.0,0.53125,0.8,0.14814814814814814,0.46153846153846156,0.25
0.3203883495145631,0.07767364077144266,0.3126984126984127,0.4141414141414142,0.9198855507868391,0.6666666666666666,0.6666666666666666,0.59375,0.2,0.3333333333333333,0.46153846153846156,0.14285714285714285
0.2524271844660194,0.026958985526426605,0.03134920634920635,0.9494949494949496,0.7238912732474967,0.33333333333333337,0.3333333333333333,0.1875,0.0,0.07407407407407407,0.23076923076923078,0.03571428571428571
0.46601941747572806,0.06594469242152629,0.07063492063492063,0.10101010101010102,0.4477825464949934,0.33333333333333337,0.3333333333333333,0.28125,0.0,0.14814814814814814,0.3076923076923077,0.03571428571428571
0.3689320388349514,0.125959490838216,0.5468253968253969,0.7373737373737375,0.011444921316166479,0.0,0.0,0.5625,0.0,0.2222222222222222,0.46153846153846156,0.21428571428571427
0.5048543689320388,0.08155070563182021,0.39444444444444443,0.22222222222222224,0.118741058655222,0.0,0.0,0.4375,0.2,0.25925925925925924,0.3076923076923077,0.10714285714285714
0.3203883495145631,0.09393535618465536,0.3253968253968254,0.30303030303030304,0.7482117310443499,0.33333333333333337,0.3333333333333333,0.65625,0.0,0.18518518518518517,1.0,0.10714285714285714
0.23300970873786409,0.05576175752252848,0.09563492063492063,0.21212121212121213,0.9613733905579407,0.33333333333333337,0.3333333333333333,0.3125,0.4,0.18518518518518517,0.3076923076923077,0.03571428571428571
0.2912621359223301,0.08339599600563062,0.2400793650793651,0.5151515151515152,0.6680972818311881,0.6666666666666666,0.6666666666666666,0.53125,0.0,0.3333333333333333,0.5384615384615385,0.03571428571428571
0.27184466019417475,0.033112961247398244,0.028174603174603175,0.9797979797979799,0.8369098712446359,0.33333333333333337,0.3333333333333333,0.1875,0.0,0.07407407407407407,0.23076923076923078,0.03571428571428571
0.24271844660194175,0.09711160171806009,0.5083333333333333,0.5656565656565657,0.6981402002861232,0.33333333333333337,0.3333333333333333,0.5625,0.2,0.1111111111111111,0.8461538461538463,0.14285714285714285
0.20388349514563103,0.053596135567934355,0.00992063492063492,0.04040404040404041,0.2789699570815456,0.33333333333333337,0.3333333333333333,0.09375,0.2,0.037037037037037035,0.15384615384615385,0.0
0.3106796116504854,0.05875753455971702,0.0373015873015873,0.7777777777777778,0.778254649499285,0.9999999999999999,1.0,0.1875,0.0,0.1111111111111111,0.23076923076923078,0.0
0.17475728155339804,0.10544924624324747,0.471031746031746,0.9595959595959597,0.9241773962804007,0.0,0.0,0.6875,0.2,0.2222222222222222,0.6923076923076923,0.25
0.20388349514563103,0.06680191777855313,0.14166666666666666,0.36363636363636365,0.3032904148783979,0.33333333333333337,0.3333333333333333,0.40625,0.0,0.18518518518518517,0.5384615384615385,0.03571428571428571
0.1262135922330097,0.11573595052756958,0.8432539682539683,0.13131313131313133,0.985693848354793,0.0,0.0,0.5625,0.4,0.14814814814814814,0.6153846153846154,0.21428571428571427
0.24271844660194175,0.07126700915576838,0.4857142857142857,0.9090909090909092,0.9728183118741063,0.0,0.0,0.8125,0.6000000000000001,0.3333333333333333,0.7692307692307693,0.25
0.37864077669902907,0.05399467016374508,0.013095238095238096,0.494949494949495,0.9256080114449219,0.6666666666666666,0.6666666666666666,0.125,0.0,0.037037037037037035,0.23076923076923078,0.0
0.43689320388349506,0.05720400158812276,0.1904761904761905,0.18181818181818182,0.49070100143061524,0.0,0.0,0.46875,0.0,0.25925925925925924,0.5384615384615385,0.03571428571428571
0.43689320388349506,0.03799914578245124,0.17023809523809524,0.8989898989898991,0.859799713876968,0.0,0.0,0.34375,0.0,0.14814814814814814,0.38461538461538464,0.07142857142857142
0.2524271844660194,0.04850993178290843,0.015476190476190477,0.43434343434343436,0.6752503576537912,0.33333333333333337,0.3333333333333333,0.125,0.0,0.037037037037037035,0.23076923076923078,0.0
0.23300970873786409,0.08325763682519821,0.19484126984126984,0.8282828282828284,0.8340486409155945,0.33333333333333337,0.3333333333333333,0.5,0.4,0.3333333333333333,0.38461538461538464,0.07142857142857142
0.2621359223300971,0.06782758039871506,0.02896825396825397,0.8484848484848485,0.5522174535050075,0.6666666666666666,0.6666666666666666,0.15625,0.0,0.037037037037037035,0.15384615384615385,0.07142857142857142
0.23300970873786409,0.12244937858681135,0.928968253968254,0.8080808080808082,0.7210300429184553,0.0,0.0,0.6875,0.8,0.18518518518518517,0.7692307692307693,0.25
0.24271844660194175,0.07639983396898348,0.3130952380952381,0.686868686868687,0.7811158798283264,0.0,0.0,0.59375,0.0,0.25925925925925924,0.7692307692307693,0.07142857142857142
0.38834951456310673,0.02109827111180625,0.004761904761904762,0.12121212121212122,0.4248927038626613,0.0,0.0,0.09375,0.0,0.037037037037037035,0.15384615384615385,0.0
0.24271844660194175,0.03169327574383098,0.008333333333333333,0.7575757575757577,0.47639484978540825,0.33333333333333337,0.3333333333333333,0.125,0.0,0.07407407407407407,0.15384615384615385,0.0
0.22330097087378642,0.06214131886377035,0.028174603174603175,0.10101010101010102,0.14735336194563686,0.33333333333333337,0.3333333333333333,0.1875,0.0,0.07407407407407407,0.3076923076923077,0.0
0.1844660194174757,0.0620616119446082,0.003968253968253968,0.9191919191919192,0.2918454935622323,0.6666666666666666,0.6666666666666666,0.09375,0.0,0.037037037037037035,0.15384615384615385,0.0
0.3203883495145631,0.07096622832874142,0.02261904761904762,0.21212121212121213,0.11158798283261806,0.6666666666666666,0.6666666666666666,0.15625,0.0,0.037037037037037035,0.3076923076923077,0.0
0.40776699029126207,0.08768212279076483,0.07658730158730159,0.2828282828282829,0.13161659513590873,0.33333333333333337,0.3333333333333333,0.25,0.0,0.07407407407407407,0.38461538461538464,0.03571428571428571
0.17475728155339804,0.04859565431861111,0.01746031746031746,0.9797979797979799,0.3533619456366246,0.33333333333333337,0.3333333333333333,0.125,0.0,0.07407407407407407,0.15384615384615385,0.0
0.2912621359223301,0.08434044780249528,0.31626984126984126,0.494949494949495,0.5293276108726754,0.33333333333333337,0.3333333333333333,0.625,0.2,0.25925925925925924,0.8461538461538463,0.07142857142857142
0.4854368932038834,0.11555848983962366,0.6869047619047619,0.14141414141414144,0.18597997138769706,0.0,0.0,0.4375,0.4,0.14814814814814814,0.3076923076923077,0.21428571428571427
0.17475728155339804,0.008677526859727853,0.020634920634920634,0.05050505050505051,0.785407725321889,0.6666666666666666,0.6666666666666666,0.1875,0.0,0.07407407407407407,0.23076923076923078,0.03571428571428571
0.24271844660194175,0.23461355679343576,0.02142857142857143,0.37373737373737376,0.5579399141630903,0.33333333333333337,0.3333333333333333,0.0625,0.0,0.037037037037037035,0.07692307692307693,0.0
0.41747572815533973,0.1393427337367807,0.9115079365079365,0.6262626262626263,0.689556509298999,0.0,0.0,0.5625,0.8,0.18518518518518517,0.38461538461538464,0.2857142857142857
0.10679611650485438,0.03221061876631736,0.012698412698412698,0.8383838383838385,0.1874105865522182,0.0,0.0,0.15625,0.0,0.07407407407407407,0.23076923076923078,0.0
0.2524271844660194,0.06397157019622941,0.12103174603174602,0.48484848484848486,0.6995708154506444,0.6666666666666666,0.6666666666666666,0.34375,0.0,0.18518518518518517,0.3076923076923077,0.07142857142857142
0.16504854368932037,0.10511688342938268,0.5158730158730159,0.9494949494949496,0.8655221745350508,0.0,0.0,0.5625,0.2,0.18518518518518517,0.6153846153846154,0.17857142857142855
0.2912621359223301,0.0889769842511159,0.3281746031746032,0.6161616161616162,0.5236051502145926,0.33333333333333337,0.3333333333333333,0.65625,0.0,0.37037037037037035,0.6153846153846154,0.10714285714285714
0.19417475728155337,0.07289423342998425,0.15714285714285714,0.7070707070707072,0.6466380543633763,0.6666666666666666,0.6666666666666666,0.40625,0.0,0.25925925925925924,0.38461538461538464,0.03571428571428571
0.30097087378640774,0.11929117990302826,0.5936507936507937,0.43434343434343436,0.052932761087268076,0.0,0.0,0.6875,0.4,0.18518518518518517,0.9230769230769231,0.17857142857142855
0.13592233009708737,0.09540617442881721,0.46984126984126984,0.23232323232323235,0.237482117310444,0.0,0.0,0.84375,1.0,0.37037037037037035,1.0,0.14285714285714285
0.23300970873786409,0.08743397860846758,0.4718253968253968,0.37373737373737376,0.489270386266095,0.33333333333333337,0.3333333333333333,0.78125,0.0,0.4074074074074074,0.9230769230769231,0.07142857142857142
0.3495145631067961,0.09619722800389811,0.25833333333333336,0.5050505050505051,0.21316165951359167,0.33333333333333337,0.3333333333333333,0.59375,0.0,0.18518518518518517,0.7692307692307693,0.14285714285714285
0.38834951456310673,0.09493695633865515,0.6091269841269842,0.787878787878788,0.8340486409155945,0.0,0.0,0.6875,0.0,0.25925925925925924,0.7692307692307693,0.17857142857142855
0.30097087378640774,0.0652889902186075,0.12142857142857144,0.7474747474747475,0.4391988555078692,0.33333333333333337,0.3333333333333333,0.375,0.0,0.2222222222222222,0.38461538461538464,0.03571428571428571
0.3980582524271844,0.10989779467497623,0.32341269841269843,0.14141414141414144,0.3361945636623753,0.33333333333333337,0.3333333333333333,0.65625,0.0,0.14814814814814814,0.7692307692307693,0.25
0.06796116504854366,0.08621882406727865,0.10674603174603176,0.7777777777777778,0.24177396280400654,0.33333333333333337,0.3333333333333333,0.34375,0.0,0.1111111111111111,0.5384615384615385,0.03571428571428571
0.33009708737864074,0.03836158667901873,0.020634920634920634,0.393939393939394,0.622317596566524,0.6666666666666666,0.6666666666666666,0.1875,0.0,0.1111111111111111,0.23076923076923078,0.0
0.30097087378640774,0.06809527533476906,0.1757936507936508,0.8989898989898991,0.38769670958512226,0.33333333333333337,0.3333333333333333,0.40625,0.0,0.1111111111111111,0.6153846153846154,0.07142857142857142
0.22330097087378642,0.06671920305112071,0.015476190476190477,0.6262626262626263,0.02718168812589461,0.6666666666666666,0.6666666666666666,0.125,0.0,0.037037037037037035,0.23076923076923078,0.0
0.23300970873786409,0.05803716447898745,0.038492063492063494,0.595959595959596,0.47925608011444965,0.6666666666666666,0.6666666666666666,0.1875,0.0,0.1111111111111111,0.23076923076923078,0.0
0.11650485436893204,0.05339611631796143,0.022222222222222223,0.686868686868687,0.21173104434907053,0.33333333333333337,0.3333333333333333,0.125,0.0,0.037037037037037035,0.15384615384615385,0.03571428571428571
0.3495145631067961,0.12048227197805503,0.65,0.13131313131313133,0.6194563662374826,0.0,0.0,0.8125,0.0,0.18518518518518517,0.9230769230769231,0.3214285714285714
0.3689320388349514,0.06761853772393132,0.15555555555555556,0.37373737373737376,0.5550786838340489,0.33333333333333337,0.3333333333333333,0.375,0.0,0.2222222222222222,0.38461538461538464,0.03571428571428571
0.27184466019417475,0.11377335563121864,0.44285714285714284,0.36363636363636365,0.24749642346208933,0.33333333333333337,0.3333333333333333,0.75,0.2,0.18518518518518517,0.9230769230769231,0.25
0.1844660194174757,0.05420672064679909,0.18571428571428572,0.2828282828282829,0.9499284692417742,0.6666666666666666,0.6666666666666666,0.375,0.4,0.25925925925925924,0.23076923076923078,0.07142857142857142
0.21359223300970875,0.02505955460375134,0.017857142857142856,0.020202020202020204,0.13161659513590873,0.33333333333333337,0.3333333333333333,0.1875,0.0,0.1111111111111111,0.23076923076923078,0.0
0.33009708737864074,0.10692457619981471,0.6638888888888889,0.17171717171717174,0.7153075822603725,0.33333333333333337,0.3333333333333333,0.6875,0.0,0.2222222222222222,1.0,0.10714285714285714
0.13592233009708737,0.034561220929533065,0.021031746031746033,0.8686868686868687,0.10300429184549387,0.0,0.0,0.1875,0.0,0.1111111111111111,0.23076923076923078,0.0
0.20388349514563103,0.06583039570725603,0.06547619047619047,0.5454545454545455,0.39628040057224645,0.33333333333333337,0.3333333333333333,0.25,0.0,0.1111111111111111,0.3076923076923077,0.03571428571428571
0.13592233009708737,0.0072638569727011305,0.14603174603174604,0.020202020202020204,0.2846924177396284,0.0,0.0,0.0625,0.0,0.037037037037037035,0.07692307692307693,0.0
0.49514563106796117,0.10508379753840971,0.4726190476190476,0.030303030303030304,0.3204577968526472,0.0,0.0,0.5,0.4,0.2962962962962963,0.38461538461538464,0.10714285714285714
0.16504854368932037,0.03837061010382954,0.0380952380952381,0.8484848484848485,0.163090128755365,0.33333333333333337,0.3333333333333333,0.1875,0.0,0.07407407407407407,0.15384615384615385,0.07142857142857142
0.2621359223300971,0.07071658024230904,0.12341269841269842,0.08080808080808081,0.8068669527896999,0.6666666666666666,0.6666666666666666,0.375,0.2,0.2222222222222222,0.38461538461538464,0.03571428571428571
0.33009708737864074,0.1048281338354368,0.5535714285714286,0.04040404040404041,0.4062947067238918,0.33333333333333337,0.3333333333333333,0.5625,0.4,0.25925925925925924,0.5384615384615385,0.14285714285714285
0.46601941747572806,0.13401590529013319,0.5630952380952381,0.5757575757575758,0.47925608011444965,0.0,0.0,0.8125,0.0,0.14814814814814814,1.0,0.3214285714285714
0.17475728155339804,0.12988768843918813,0.3329365079365079,0.24242424242424243,0.9728183118741063,0.33333333333333337,0.3333333333333333,0.59375,0.8,0.2222222222222222,0.6153846153846154,0.17857142857142855
0.20388349514563103,0.07552305785819989,0.12142857142857144,0.5151515151515152,0.40772532188841204,0.33333333333333337,0.3333333333333333,0.34375,0.0,0.18518518518518517,0.3076923076923077,0.07142857142857142
0.13592233009708737,0.10545826966805828,0.45396825396825397,0.29292929292929293,0.5965665236051505,0.0,0.0,0.5,0.0,0.07407407407407407,0.46153846153846156,0.2857142857142857
0.1262135922330097,0.051352310598313224,0.049206349206349205,0.13131313131313133,0.10014306151645247,0.0,0.0,0.21875,0.0,0.1111111111111111,0.23076923076923078,0.03571428571428571
0.4271844660194174,0.05762810255423078,0.010714285714285714,0.23232323232323235,0.36623748211731044,0.33333333333333337,0.3333333333333333,0.125,0.0,0.037037037037037035,0.23076923076923078,0.0
0.13592233009708737,0.05704308384566334,0.11666666666666667,0.36363636363636365,0.9871244635193142,0.33333333333333337,0.3333333333333333,0.34375,0.2,0.25925925925925924,0.23076923076923078,0.03571428571428571
0.33009708737864074,0.0727844484281194,0.125,0.888888888888889,0.044349070100143884,0.33333333333333337,0.3333333333333333,0.375,0.2,0.18518518518518517,0.46153846153846156,0.03571428571428571
0.1844660194174757,0.06246165044455407,0.173015873015873,0.020202020202020204,0.8369098712446359,0.33333333333333337,0.3333333333333333,0.40625,0.0,0.18518518518518517,0.46153846153846156,0.07142857142857142
0.4563106796116504,0.0919111012187639,0.4654761904761905,0.030303030303030304,0.9098712446351938,0.6666666666666666,0.6666666666666666,0.53125,0.4,0.1111111111111111,0.7692307692307693,0.14285714285714285
0.058252427184465994,0.025865647220183596,0.031746031746031744,0.15151515151515152,0.7124463519313311,0.0,0.0,0.15625,0.0,0.037037037037037035,0.3076923076923077,0.0
0.13592233009708737,0.034043877907046695,0.007539682539682541,0.5858585858585859,0.666666666666667,0.33333333333333337,0.3333333333333333,0.09375,0.0,0.037037037037037035,0.15384615384615385,0.0
0.20388349514563103,0.047401554435314075,0.04246031746031746,0.11111111111111112,0.7067238912732483,0.33333333333333337,0.3333333333333333,0.1875,0.0,0.07407407407407407,0.23076923076923078,0.03571428571428571
0.35922330097087374,0.03783371632758641,0.00992063492063492,0.27272727272727276,0.7210300429184553,0.33333333333333337,0.3333333333333333,0.125,0.0,0.037037037037037035,0.23076923076923078,0.0
0.1262135922330097,0.0728190382232275,0.16071428571428573,0.32323232323232326,0.5350500715307582,0.0,0.0,0.4375,0.0,0.18518518518518517,0.5384615384615385,0.07142857142857142
0.19417475728155337,0.09073204037681822,0.31547619047619047,0.12121212121212122,0.43204577968526525,0.33333333333333337,0.3333333333333333,0.65625,0.2,0.37037037037037035,0.5384615384615385,0.14285714285714285
0.33009708737864074,0.12627681461072945,0.5190476190476191,0.888888888888889,0.6037195994277544,0.0,0.0,0.59375,0.2,0.14814814814814814,0.6923076923076923,0.21428571428571427
0.38834951456310673,0.1125100761577054,0.5865079365079365,0.9191919191919192,0.65236051502146,0.0,0.0,0.6875,0.0,0.14814814814814814,0.7692307692307693,0.2857142857142857
0.029126213592232997,0.10344604593524791,0.49722222222222223,0.12121212121212122,0.3590844062947074,0.0,0.0,0.5,0.2,0.2222222222222222,0.3076923076923077,0.21428571428571427
0.08737864077669899,0.02480990651731896,0.009126984126984128,0.21212121212121213,0.8555078683834054,0.33333333333333337,0.3333333333333333,0.09375,0.0,0.0,0.15384615384615385,0.03571428571428571
0.30097087378640774,0.1013766738453024,0.08809523809523809,0.23232323232323235,0.21888412017167447,0.33333333333333337,0.3333333333333333,0.3125,0.0,0.14814814814814814,0.38461538461538464,0.03571428571428571
0.13592233009708737,0.10133155672124836,0.6150793650793651,0.10101010101010102,0.8540772532188843,0.0,0.0,0.59375,0.4,0.2222222222222222,0.5384615384615385,0.21428571428571427
0.33009708737864074,0.10211057906324819,0.3396825396825397,0.3535353535353536,0.6709585121602295,0.33333333333333337,0.3333333333333333,0.65625,0.0,0.2962962962962963,0.8461538461538463,0.07142857142857142
0.17475728155339804,0.05475113394371789,0.03888888888888889,0.696969696969697,0.6194563662374826,0.33333333333333337,0.3333333333333333,0.1875,0.2,0.1111111111111111,0.15384615384615385,0.03571428571428571
0.4854368932038834,0.09087942298206143,0.2496031746031746,0.686868686868687,0.08869814020028688,0.0,0.0,0.5625,0.0,0.2222222222222222,0.7692307692307693,0.07142857142857142
0.3203883495145631,0.11875579003092027,0.7591269841269841,0.8585858585858587,0.26037195994277607,0.0,0.0,0.5625,0.0,0.18518518518518517,0.38461538461538464,0.2857142857142857
0.24271844660194175,0.04750231601236811,0.05,0.3434343434343435,0.3834048640915597,0.6666666666666666,0.6666666666666666,0.21875,0.0,0.07407407407407407,0.3076923076923077,0.03571428571428571
0.27184466019417475,0.08545784857490044,0.23055555555555557,0.5555555555555556,0.9170243204577977,0.6666666666666666,0.6666666666666666,0.5,0.0,0.2962962962962963,0.46153846153846156,0.07142857142857142
0.03883495145631066,0.02334961560210306,0.02261904761904762,0.10101010101010102,0.311874105865523,0.33333333333333337,0.3333333333333333,0.15625,0.2,0.07407407407407407,0.15384615384615385,0.03571428571428571
0.21359223300970875,0.07715629774895628,0.1753968253968254,0.30303030303030304,0.5650929899856942,0.6666666666666666,0.6666666666666666,0.4375,0.0,0.2222222222222222,0.5384615384615385,0.03571428571428571
0.44660194174757273,0.07590655341265927,0.37063492063492065,0.36363636363636365,0.9985693848354797,0.0,0.0,0.8125,0.0,0.2962962962962963,0.8461538461538463,0.25
0.1844660194174757,0.08703243620438658,0.3142857142857143,0.14141414141414144,0.48497854077253244,0.33333333333333337,0.3333333333333333,0.34375,0.2,0.07407407407407407,0.5384615384615385,0.07142857142857142
0.3689320388349514,0.11042265721813828,0.4515873015873016,0.797979797979798,0.948497854077254,0.33333333333333337,0.3333333333333333,0.46875,0.2,0.2222222222222222,0.46153846153846156,0.10714285714285714
0.19417475728155337,0.06811933780093121,0.1626984126984127,0.5252525252525253,0.3347639484978542,0.33333333333333337,0.3333333333333333,0.4375,0.0,0.2222222222222222,0.38461538461538464,0.10714285714285714
0.22330097087378642,0.05450298976142065,0.00992063492063492,0.9797979797979799,0.3090128755364807,0.33333333333333337,0.3333333333333333,0.125,0.0,0.037037037037037035,0.23076923076923078,0.0
0.27184466019417475,0.05956212327201415,0.07222222222222222,0.24242424242424243,0.2646638054363377,0.33333333333333337,0.3333333333333333,0.28125,0.0,0.14814814814814814,0.3076923076923077,0.03571428571428571
0.3689320388349514,0.09856136530433005,0.0976190476190476,0.0,0.06723891273247506,0.33333333333333337,0.3333333333333333,0.3125,0.0,0.1111111111111111,0.38461538461538464,0.07142857142857142
0.20388349514563103,0.08362910114657651,0.09206349206349207,0.9696969696969697,0.08726752503576574,0.33333333333333337,0.3333333333333333,0.3125,0.0,0.14814814814814814,0.38461538461538464,0.03571428571428571
0.3495145631067961,0.07337999446563279,0.034126984126984124,0.8989898989898991,0.26609442060085886,0.6666666666666666,0.6666666666666666,0.1875,0.0,0.07407407407407407,0.3076923076923077,0.0
0.30097087378640774,0.051224478746826764,0.011904761904761904,0.9494949494949496,0.5994277539341919,0.9999999999999999,1.0,0.125,0.0,0.037037037037037035,0.23076923076923078,0.0
0.3495145631067961,0.07351233802952464,0.19365079365079366,0.98989898989899,0.9055793991416312,0.33333333333333337,0.3333333333333333,0.5,0.2,0.14814814814814814,0.5384615384615385,0.17857142857142855
0.2621359223300971,0.08198082221446876,0.38333333333333336,0.7272727272727273,0.6909871244635202,0.33333333333333337,0.3333333333333333,0.71875,0.0,0.2962962962962963,0.8461538461538463,0.14285714285714285
0.3495145631067961,0.07094517367084953,0.14523809523809525,0.010101010101010102,0.8211731044349078,0.33333333333333337,0.3333333333333333,0.40625,0.0,0.25925925925925924,0.3076923076923077,0.07142857142857142
0.20388349514563103,0.0819823261186039,0.15515873015873016,0.26262626262626265,0.2589413447782549,0.9999999999999999,1.0,0.4375,0.0,0.14814814814814814,0.6153846153846154,0.07142857142857142
0.10679611650485438,0.029514118652020645,0.025,0.05050505050505051,0.4477825464949934,0.33333333333333337,0.3333333333333333,0.15625,0.4,0.07407407407407407,0.15384615384615385,0.03571428571428571
0.24271844660194175,0.08375242128565756,0.1257936507936508,0.22222222222222224,0.5278969957081552,0.33333333333333337,0.3333333333333333,0.375,0.2,0.18518518518518517,0.46153846153846156,0.03571428571428571
0.2524271844660194,0.07467109616564602,0.12380952380952381,0.393939393939394,0.6494992846924186,0.33333333333333337,0.3333333333333333,0.375,0.0,0.14814814814814814,0.46153846153846156,0.07142857142857142
0.3980582524271844,0.06716435867512062,0.08611111111111111,0.5656565656565657,0.07868383404864154,0.33333333333333337,0.3333333333333333,0.28125,0.0,0.14814814814814814,0.23076923076923078,0.07142857142857142
0.38834951456310673,0.07912340435771262,0.06825396825396826,0.7474747474747475,0.5164520743919887,0.6666666666666666,0.6666666666666666,0.25,0.0,0.1111111111111111,0.3076923076923077,0.03571428571428571
0.3689320388349514,0.07467109616564602,0.015873015873015872,0.8787878787878789,0.9499284692417742,0.6666666666666666,0.6666666666666666,0.125,0.0,0.037037037037037035,0.23076923076923078,0.0
0.3106796116504854,0.07467109616564602,0.006349206349206349,0.494949494949495,0.2403433476394854,0.6666666666666666,0.6666666666666666,0.09375,0.0,0.037037037037037035,0.15384615384615385,0.0
0.22330097087378642,0.02882232274985863,0.015873015873015872,0.24242424242424243,0.9027181688125898,0.33333333333333337,0.3333333333333333,0.15625,0.0,0.07407407407407407,0.23076923076923078,0.0
0.46601941747572806,0.13627476930110566,0.7515873015873016,0.09090909090909091,0.23605150214592285,0.0,0.0,0.625,0.4,0.18518518518518517,0.38461538461538464,0.3571428571428571
0.23300970873786409,0.07467109616564602,0.014682539682539682,0.17171717171717174,0.17024320457796893,0.33333333333333337,0.3333333333333333,0.125,0.0,0.037037037037037035,0.23076923076923078,0.0
0.19417475728155337,0.03786379441028911,0.006746031746031746,0.10101010101010102,0.4477825464949934,0.6666666666666666,0.6666666666666666,0.125,0.0,0.037037037037037035,0.23076923076923078,0.0
0.1553398058252427,0.06501979137841837,0.014285714285714287,0.3535353535353536,0.8011444921316171,0.6666666666666666,0.6666666666666666,0.125,0.0,0.037037037037037035,0.23076923076923078,0.0
0.16504854368932037,0.11095353537784088,0.5694444444444444,0.5656565656565657,0.0829756795422032,0.0,0.0,0.625,0.0,0.2962962962962963,0.46153846153846156,0.21428571428571427
0.23300970873786409,0.0782496360551993,0.126984126984127,0.07070707070707072,0.3733905579399144,0.6666666666666666,0.6666666666666666,0.34375,0.0,0.14814814814814814,0.23076923076923078,0.14285714285714285
0.22330097087378642,0.03150979943934454,0.03571428571428571,0.5151515151515152,0.38483547925608086,0.33333333333333337,0.3333333333333333,0.21875,0.0,0.07407407407407407,0.3076923076923077,0.03571428571428571
0.23300970873786409,0.05588056594920413,0.014682539682539682,0.17171717171717174,0.17024320457796893,0.33333333333333337,0.3333333333333333,0.125,0.0,0.037037037037037035,0.23076923076923078,0.0
0.20388349514563103,0.0600478843076627,0.026587301587301587,0.30303030303030304,0.8540772532188843,0.6666666666666666,0.6666666666666666,0.125,0.0,0.037037037037037035,0.15384615384615385,0.03571428571428571
0.23300970873786409,0.042201053936017904,0.005952380952380952,0.21212121212121213,0.06437768240343367,0.33333333333333337,0.3333333333333333,0.15625,0.0,0.07407407407407407,0.23076923076923078,0.0
0.38834951456310673,0.09352027864335816,0.3111111111111111,0.020202020202020204,0.4778254649499285,0.6666666666666666,0.6666666666666666,0.65625,0.0,0.2222222222222222,0.9230769230769231,0.10714285714285714
0.21359223300970875,0.05754839563506864,0.003968253968253968,0.8585858585858587,0.05436337625178833,0.6666666666666666,0.6666666666666666,0.09375,0.0,0.037037037037037035,0.15384615384615385,0.0
0.23300970873786409,0.03764121659828916,0.02142857142857143,0.6565656565656566,0.20314735336194634,0.33333333333333337,0.3333333333333333,0.1875,0.0,0.07407407407407407,0.23076923076923078,0.03571428571428571
0.27184466019417475,0.09340898973735819,0.35833333333333334,0.6464646464646465,0.6208869814020037,0.33333333333333337,0.3333333333333333,0.65625,0.0,0.3333333333333333,0.6923076923076923,0.10714285714285714
0.2621359223300971,0.07415600899936234,0.1634920634920635,0.11111111111111112,0.8097281831187413,0.6666666666666666,0.6666666666666666,0.375,0.0,0.2222222222222222,0.3076923076923077,0.07142857142857142
0.3398058252427184,0.08845061780381872,0.11269841269841269,0.9292929292929294,0.9628040057224609,0.6666666666666666,0.6666666666666666,0.34375,0.0,0.18518518518518517,0.38461538461538464,0.03571428571428571
0.23300970873786409,0.09618218896254677,0.3031746031746032,0.5454545454545455,0.13161659513590873,0.33333333333333337,0.3333333333333333,0.625,0.0,0.3333333333333333,0.6923076923076923,0.07142857142857142
0.41747572815533973,0.05411949420696127,0.07261904761904761,0.04040404040404041,0.09871244635193133,0.33333333333333337,0.3333333333333333,0.25,0.0,0.14814814814814814,0.23076923076923078,0.03571428571428571
0.37864077669902907,0.05283816788382641,0.1384920634920635,0.5353535353535354,0.9799713876967102,0.33333333333333337,0.3333333333333333,0.34375,0.2,0.18518518518518517,0.3076923076923077,0.07142857142857142
0.2524271844660194,0.0643385228052023,0.2865079365079365,0.393939393939394,0.8941344778254656,0.33333333333333337,0.3333333333333333,0.625,0.0,0.2962962962962963,0.6153846153846154,0.14285714285714285
0.2815533980582524,0.0529629919270426,0.055952380952380955,0.494949494949495,0.9885550786838344,0.6666666666666666,0.6666666666666666,0.21875,0.0,0.1111111111111111,0.3076923076923077,0.0
0.43689320388349506,0.0686111144531203,0.1246031746031746,0.7070707070707072,0.6351931330472107,0.33333333333333337,0.3333333333333333,0.375,0.0,0.2222222222222222,0.38461538461538464,0.03571428571428571
0.41747572815533973,0.09829066256000578,0.3130952380952381,0.4040404040404041,0.27753934191702445,0.33333333333333337,0.3333333333333333,0.625,0.0,0.25925925925925924,0.6153846153846154,0.17857142857142855
0.44660194174757273,0.08318845723498201,0.17817460317460318,0.4040404040404041,0.9427753934191703,0.33333333333333337,0.3333333333333333,0.46875,0.0,0.14814814814814814,0.6923076923076923,0.07142857142857142
0.41747572815533973,0.05297803096839395,0.058333333333333334,0.43434343434343436,0.9456366237482126,0.6666666666666666,0.6666666666666666,0.21875,0.2,0.1111111111111111,0.15384615384615385,0.07142857142857142
0.1844660194174757,0.10175264987908611,0.3142857142857143,0.17171717171717174,0.9141630901287554,0.33333333333333337,0.3333333333333333,0.65625,0.0,0.25925925925925924,0.9230769230769231,0.07142857142857142
0.23300970873786409,0.11791209981110964,0.6686507936507936,0.4040404040404041,0.5793991416309021,0.33333333333333337,0.3333333333333333,0.4375,0.8,0.18518518518518517,0.46153846153846156,0.10714285714285714
0.2621359223300971,0.062279678044202744,0.005952380952380952,0.8484848484848485,0.1874105865522182,0.6666666666666666,0.6666666666666666,0.09375,0.0,0.037037037037037035,0.15384615384615385,0.0
0.5048543689320388,0.11859637619259598,0.5646825396825397,0.25252525252525254,0.2260371959942784,0.0,0.0,0.625,0.4,0.18518518518518517,0.38461538461538464,0.3571428571428571
0.058252427184465994,0.04915059494447586,0.08095238095238094,0.6262626262626263,0.7167381974248928,0.33333333333333337,0.3333333333333333,0.25,0.0,0.18518518518518517,0.23076923076923078,0.0
0.16504854368932037,0.08392837806946835,0.2142857142857143,0.8383838383838385,0.5493562231759661,0.33333333333333337,0.3333333333333333,0.46875,0.0,0.14814814814814814,0.6153846153846154,0.10714285714285714
0.2912621359223301,0.03143761204085807,0.036111111111111115,0.4747474747474748,0.7567954220314741,0.0,0.0,0.15625,0.0,0.07407407407407407,0.15384615384615385,0.03571428571428571
0.46601941747572806,0.07457108654065955,0.08611111111111111,0.4545454545454546,0.18025751072961427,0.0,0.0,0.28125,0.0,0.07407407407407407,0.38461538461538464,0.07142857142857142
0.23300970873786409,0.05157789621858344,0.022222222222222223,0.3434343434343435,0.15021459227467826,0.9999999999999999,1.0,0.15625,0.0,0.07407407407407407,0.23076923076923078,0.0
0.22330097087378642,0.034452939831803364,0.015476190476190477,0.030303030303030304,0.21745350500715332,0.6666666666666666,0.6666666666666666,0.1875,0.0,0.07407407407407407,0.3076923076923077,0.0
0.23300970873786409,0.04940024303090824,0.0011904761904761906,0.010101010101010102,0.1130185979971392,0.9999999999999999,1.0,0.09375,0.0,0.037037037037037035,0.15384615384615385,0.0
0.23300970873786409,0.09621076314111433,0.32222222222222224,0.18181818181818182,0.370529327610873,0.0,0.0,0.6875,0.0,0.07407407407407407,0.7692307692307693,0.3571428571428571
0.2912621359223301,0.093362368709169,0.542063492063492,0.4545454545454546,0.8512160228898429,0.33333333333333337,0.3333333333333333,0.59375,0.2,0.14814814814814814,0.9230769230769231,0.10714285714285714
0.2621359223300971,0.07880758448933431,0.014682539682539682,0.8181818181818182,0.1902718168812596,0.33333333333333337,0.3333333333333333,0.125,0.0,0.037037037037037035,0.23076923076923078,0.0
0.35922330097087374,0.025506214131886376,0.021825396825396824,0.7777777777777778,0.7839771101573678,0.0,0.0,0.125,0.0,0.037037037037037035,0.15384615384615385,0.03571428571428571
0.2524271844660194,0.03975420190815357,0.02896825396825397,0.23232323232323235,0.6022889842632333,0.33333333333333337,0.3333333333333333,0.1875,0.0,0.07407407407407407,0.3076923076923077,0.0
0.21359223300970875,0.04942731330534066,0.0071428571428571435,0.48484848484848486,0.6323319027181693,0.33333333333333337,0.3333333333333333,0.09375,0.0,0.037037037037037035,0.15384615384615385,0.0
0.23300970873786409,0.062470673869364876,0.005555555555555556,0.6161616161616162,0.4091559370529332,0.33333333333333337,0.3333333333333333,0.09375,0.0,0.037037037037037035,0.15384615384615385,0.0
0.3689320388349514,0.055660995945474454,0.022222222222222223,0.6060606060606061,0.13018597997138848,0.6666666666666666,0.6666666666666666,0.15625,0.0,0.07407407407407407,0.23076923076923078,0.0
0.23300970873786409,0.04538331508596316,0.1761904761904762,0.7575757575757577,0.689556509298999,0.0,0.0,0.40625,0.0,0.2222222222222222,0.46153846153846156,0.03571428571428571
0.1262135922330097,0.038154047908370126,0.012698412698412698,0.6464646464646465,0.6437768240343349,0.33333333333333337,0.3333333333333333,0.125,0.0,0.037037037037037035,0.23076923076923078,0.0
0.22330097087378642,0.04426441040942286,0.013095238095238096,0.5454545454545455,0.19456366237482126,0.33333333333333337,0.3333333333333333,0.125,0.0,0.037037037037037035,0.23076923076923078,0.0
0.10679611650485438,0.13655900718264616,0.44682539682539685,0.8484848484848485,0.27467811158798305,0.0,0.0,0.6875,0.4,0.2222222222222222,0.8461538461538463,0.17857142857142855
0.22330097087378642,0.04981381666807031,0.011507936507936509,0.7575757575757577,0.26895565092990026,0.6666666666666666,0.6666666666666666,0.15625,0.0,0.07407407407407407,0.23076923076923078,0.0
0.2815533980582524,0.10394083039570726,0.11468253968253969,0.16161616161616163,0.34620886981402066,0.6666666666666666,0.6666666666666666,0.375,0.0,0.2222222222222222,0.38461538461538464,0.03571428571428571
0.16504854368932037,0.04414860979101748,0.017063492063492065,0.797979797979798,0.6022889842632333,0.6666666666666666,0.6666666666666666,0.125,0.2,0.037037037037037035,0.15384615384615385,0.03571428571428571
0.3398058252427184,0.08845061780381872,0.11269841269841269,0.9292929292929294,0.9628040057224609,0.6666666666666666,0.6666666666666666,0.34375,0.0,0.18518518518518517,0.38461538461538464,0.03571428571428571
0.09708737864077666,0.02821474547926417,0.00992063492063492,0.16161616161616163,0.7439198855507874,0.0,0.0,0.09375,0.0,0.0,0.15384615384615385,0.03571428571428571
0.3106796116504854,0.06134876138455431,0.047619047619047616,0.9696969696969697,0.09585121602288993,0.0,0.0,0.1875,0.0,0.037037037037037035,0.3076923076923077,0.03571428571428571
0.1262135922330097,0.05743710672906866,0.05992063492063492,0.30303030303030304,0.7153075822603725,0.33333333333333337,0.3333333333333333,0.21875,0.0,0.1111111111111111,0.3076923076923077,0.0
0.4271844660194174,0.047631651767989704,0.025793650793650792,0.6060606060606061,0.4949928469241778,0.6666666666666666,0.6666666666666666,0.1875,0.0,0.07407407407407407,0.23076923076923078,0.03571428571428571
0.4563106796116504,0.05215238759820494,0.006746031746031746,0.11111111111111112,0.40200286123032924,0.6666666666666666,0.6666666666666666,0.09375,0.0,0.037037037037037035,0.15384615384615385,0.0
0.16504854368932037,0.02995025085120974,0.023809523809523808,0.7575757575757577,0.9499284692417742,0.33333333333333337,0.3333333333333333,0.1875,0.2,0.1111111111111111,0.23076923076923078,0.0
0.46601941747572806,0.11534493545243452,0.763888888888889,0.36363636363636365,0.8769670958512163,0.0,0.0,0.625,0.4,0.1111111111111111,0.7692307692307693,0.25
0.4854368932038834,0.12170644994405476,0.903968253968254,0.7171717171717172,0.39341917024320505,0.0,0.0,0.6875,0.4,0.25925925925925924,0.7692307692307693,0.17857142857142855
0.3689320388349514,0.07541477676047018,0.12103174603174602,0.888888888888889,0.3676680972818316,0.0,0.0,0.375,0.0,0.07407407407407407,0.6153846153846154,0.07142857142857142
0.24271844660194175,0.11476442845627248,0.5214285714285715,0.9393939393939394,0.8011444921316171,0.0,0.0,0.53125,0.0,0.14814814814814814,0.6923076923076923,0.14285714285714285
0.37864077669902907,0.07688258719636175,0.3468253968253968,0.9393939393939394,0.822603719599428,0.33333333333333337,0.3333333333333333,0.6875,0.2,0.37037037037037035,0.38461538461538464,0.25
0.13592233009708737,0.1027286836627886,0.4916666666666667,0.5454545454545455,0.3533619456366246,0.0,0.0,0.5,0.0,0.14814814814814814,0.6153846153846154,0.14285714285714285
0.22330097087378642,0.10177069672870773,0.27182539682539686,0.4141414141414142,0.14020028612303292,0.33333333333333337,0.3333333333333333,0.40625,0.0,0.14814814814814814,0.38461538461538464,0.14285714285714285
0.23300970873786409,0.06665754298158018,0.08095238095238094,0.4646464646464647,0.71101573676681,0.33333333333333337,0.3333333333333333,0.28125,0.0,0.1111111111111111,0.3076923076923077,0.07142857142857142
0.30097087378640774,0.11371470336994838,0.44801587301587303,0.2828282828282829,0.028612303290414864,0.0,0.0,0.5,0.0,0.1111111111111111,0.6923076923076923,0.14285714285714285
0.41747572815533973,0.10852473019959816,0.596031746031746,0.4040404040404041,0.32618025751073,0.0,0.0,0.6875,0.2,0.1111111111111111,0.6153846153846154,0.39285714285714285
0.2815533980582524,0.05801159810869016,0.020634920634920634,0.8282828282828284,0.3891273247496425,0.33333333333333337,0.3333333333333333,0.15625,0.0,0.07407407407407407,0.23076923076923078,0.0
0.30097087378640774,0.04661651647677371,0.20793650793650795,0.38383838383838387,0.9585121602288993,0.0,0.0,0.46875,0.0,0.25925925925925924,0.38461538461538464,0.10714285714285714
0.2621359223300971,0.10070894040930255,0.430952380952381,0.030303030303030304,0.005722460658083683,0.0,0.0,0.46875,0.0,0.14814814814814814,0.5384615384615385,0.14285714285714285
0.24271844660194175,0.06251729489755405,0.06944444444444445,0.8787878787878789,0.8927038626609445,0.33333333333333337,0.3333333333333333,0.25,0.2,0.14814814814814814,0.3076923076923077,0.0
0.23300970873786409,0.03693588555891093,0.02857142857142857,0.494949494949495,0.7625178826895569,0.6666666666666666,0.6666666666666666,0.1875,0.0,0.07407407407407407,0.3076923076923077,0.0
0.2524271844660194,0.1384494146805106,0.9301587301587302,0.16161616161616163,0.1959942775393424,0.0,0.0,0.78125,0.8,0.2222222222222222,0.9230769230769231,0.25
0.21359223300970875,0.05516320367674483,0.20992063492063492,0.6565656565656566,0.9341917024320461,0.0,0.0,0.5,0.2,0.18518518518518517,0.6923076923076923,0.07142857142857142
0.44660194174757273,0.09495049147587135,0.21865079365079365,0.09090909090909091,0.22031473533619472,0.33333333333333337,0.3333333333333333,0.53125,0.2,0.25925925925925924,0.5384615384615385,0.10714285714285714
0.35922330097087374,0.08456001780622496,0.2507936507936508,0.24242424242424243,0.44921316165951364,0.33333333333333337,0.3333333333333333,0.5625,0.0,0.14814814814814814,0.6153846153846154,0.21428571428571427
0.3980582524271844,0.06660039462444506,0.01626984126984127,0.25252525252525254,0.1101573676680978,0.6666666666666666,0.6666666666666666,0.125,0.4,0.037037037037037035,0.23076923076923078,0.0
0.17475728155339804,0.022259285104130323,0.015476190476190477,0.43434343434343436,0.01573676680972902,0.33333333333333337,0.3333333333333333,0.1875,0.0,0.1111111111111111,0.23076923076923078,0.0
0.09708737864077666,0.039615842727721166,0.016666666666666666,0.10101010101010102,0.5092989985693857,0.33333333333333337,0.3333333333333333,0.125,0.0,0.037037037037037035,0.23076923076923078,0.0
0.3203883495145631,0.07180540683614664,0.3134920634920635,0.29292929292929293,0.5350500715307582,0.33333333333333337,0.3333333333333333,0.5625,0.0,0.07407407407407407,0.38461538461538464,0.39285714285714285
0.41747572815533973,0.07368378310093002,0.23055555555555557,0.4545454545454546,0.7167381974248928,0.33333333333333337,0.3333333333333333,0.53125,0.0,0.2962962962962963,0.6153846153846154,0.03571428571428571
0.4271844660194174,0.12349158415245978,0.6226190476190476,0.5757575757575758,0.5908440629470677,0.0,0.0,0.59375,0.2,0.14814814814814814,0.8461538461538463,0.14285714285714285
0.44660194174757273,0.059276381486338535,0.0031746031746031746,0.20202020202020204,0.2017167381974252,0.6666666666666666,0.6666666666666666,0.09375,0.0,0.0,0.23076923076923078,0.0
0.2524271844660194,0.09878995873287053,0.5817460317460318,0.29292929292929293,0.7567954220314741,0.33333333333333337,0.3333333333333333,0.65625,0.0,0.3333333333333333,0.6153846153846154,0.14285714285714285
0.2524271844660194,0.032231673424209246,0.023809523809523808,0.8282828282828284,0.27181688125894166,0.6666666666666666,0.6666666666666666,0.15625,0.0,0.037037037037037035,0.23076923076923078,0.03571428571428571
0.1844660194174757,0.049102470012151546,0.06746031746031747,0.686868686868687,0.6051502145922747,0.33333333333333337,0.3333333333333333,0.25,0.0,0.14814814814814814,0.23076923076923078,0.03571428571428571
0.2912621359223301,0.04958973495193522,0.013888888888888888,0.6565656565656566,0.6123032904148786,0.33333333333333337,0.3333333333333333,0.125,0.0,0.037037037037037035,0.23076923076923078,0.0
0.2621359223300971,0.14007513505059133,0.4257936507936508,1.0,0.9527896995708156,0.6666666666666666,0.6666666666666666,0.53125,0.6000000000000001,0.2962962962962963,0.3076923076923077,0.17857142857142855
0.3689320388349514,0.09537459244197938,0.44047619047619047,0.09090909090909091,0.844062947067239,0.33333333333333337,0.3333333333333333,0.59375,0.0,0.2222222222222222,0.5384615384615385,0.21428571428571427
0.40776699029126207,0.05740101302982543,0.05119047619047619,0.20202020202020204,0.7181688125894139,0.33333333333333337,0.3333333333333333,0.21875,0.0,0.1111111111111111,0.3076923076923077,0.0
0.38834951456310673,0.09493695633865515,0.6091269841269842,0.787878787878788,0.8340486409155945,0.0,0.0,0.6875,0.0,0.25925925925925924,0.7692307692307693,0.17857142857142855
0.2524271844660194,0.08747007230771081,0.03253968253968254,0.26262626262626265,0.3419170243204581,0.33333333333333337,0.3333333333333333,0.1875,0.0,0.07407407407407407,0.23076923076923078,0.03571428571428571
0.08737864077669899,0.059088393469446686,0.08412698412698413,0.686868686868687,0.34907010014306206,0.0,0.0,0.28125,0.0,0.1111111111111111,0.3076923076923077,0.07142857142857142
0.3398058252427184,0.08322906264663066,0.4083333333333333,0.797979797979798,0.22317596566523612,0.33333333333333337,0.3333333333333333,0.78125,0.2,0.25925925925925924,1.0,0.17857142857142855
0.16504854368932037,0.08834534451435927,0.4662698412698413,0.25252525252525254,0.6494992846924186,0.33333333333333337,0.3333333333333333,0.75,0.0,0.37037037037037035,0.9230769230769231,0.07142857142857142
0.3495145631067961,0.09185395286162878,0.32301587301587303,0.8383838383838385,0.9542203147353367,0.33333333333333337,0.3333333333333333,0.625,0.0,0.18518518518518517,0.9230769230769231,0.10714285714285714
0.14563106796116504,0.02659504072572398,0.010714285714285714,0.32323232323232326,0.36623748211731044,0.33333333333333337,0.3333333333333333,0.125,0.0,0.037037037037037035,0.23076923076923078,0.0
0.1553398058252427,0.026133342156237593,0.01626984126984127,0.494949494949495,0.444921316165952,0.33333333333333337,0.3333333333333333,0.125,0.0,0.037037037037037035,0.23076923076923078,0.0
0.19417475728155337,0.11091894558273277,0.4579365079365079,0.5050505050505051,0.9957081545064383,0.33333333333333337,0.3333333333333333,0.5,0.0,0.25925925925925924,0.46153846153846156,0.10714285714285714
0.19417475728155337,0.10324151497286957,0.3392857142857143,0.8484848484848485,0.6909871244635202,0.33333333333333337,0.3333333333333333,0.6875,0.0,0.2222222222222222,1.0,0.10714285714285714
0.2524271844660194,0.11683680835448824,0.6452380952380953,0.9696969696969697,0.010014306151645336,0.0,0.0,0.4375,0.0,0.14814814814814814,0.3076923076923077,0.21428571428571427
0.4854368932038834,0.0936691651527365,0.17420634920634923,0.5656565656565657,0.02718168812589461,0.9999999999999999,1.0,0.46875,0.2,0.2962962962962963,0.38461538461538464,0.07142857142857142
0.3980582524271844,0.11319585644332687,0.7559523809523809,0.8585858585858587,0.763948497854078,0.33333333333333337,0.3333333333333333,0.84375,0.2,0.4074074074074074,0.6153846153846154,0.2857142857142857
0.23300970873786409,0.0723738825992276,0.1488095238095238,0.6363636363636365,0.33047210300429253,0.33333333333333337,0.3333333333333333,0.40625,0.0,0.2222222222222222,0.38461538461538464,0.07142857142857142
0.24271844660194175,0.08851227787335925,0.2900793650793651,0.17171717171717174,0.5293276108726754,0.6666666666666666,0.6666666666666666,0.625,0.2,0.25925925925925924,0.6923076923076923,0.14285714285714285
0.44660194174757273,0.06187512783185149,0.10476190476190475,0.11111111111111112,0.7496423462088702,0.6666666666666666,0.6666666666666666,0.34375,0.0,0.2222222222222222,0.3076923076923077,0.03571428571428571
0.07766990291262132,0.12925905651070177,0.9996031746031746,0.6262626262626263,0.48211731044349104,0.0,0.0,0.875,0.8,0.25925925925925924,0.7692307692307693,0.39285714285714285
0.17475728155339804,0.08442466643406282,0.24087301587301588,0.48484848484848486,0.38769670958512226,0.33333333333333337,0.3333333333333333,0.5625,0.0,0.25925925925925924,0.6923076923076923,0.07142857142857142
0.058252427184465994,0.051185377239313254,0.027777777777777776,0.8686868686868687,0.28612303290414953,0.33333333333333337,0.3333333333333333,0.1875,0.0,0.07407407407407407,0.3076923076923077,0.0
0.35922330097087374,0.09589193546446576,0.41269841269841273,0.7373737373737375,0.22031473533619472,0.0,0.0,0.75,0.0,0.14814814814814814,1.0,0.25
0.1844660194174757,0.04695489490717904,0.01984126984126984,0.36363636363636365,0.3004291845493565,0.33333333333333337,0.3333333333333333,0.15625,0.0,0.07407407407407407,0.23076923076923078,0.0
0.2621359223300971,0.07766762515490212,0.42023809523809524,0.3434343434343435,0.9756795422031477,0.33333333333333337,0.3333333333333333,0.46875,0.4,0.14814814814814814,0.6923076923076923,0.07142857142857142
0.35922330097087374,0.10523719576019346,0.5706349206349206,0.16161616161616163,0.8483547925608015,0.33333333333333337,0.3333333333333333,0.65625,0.0,0.3333333333333333,0.5384615384615385,0.17857142857142855
0.07766990291262132,0.10039612834919451,0.540079365079365,0.48484848484848486,0.7610872675250357,0.0,0.0,0.90625,0.0,0.3333333333333333,1.0,0.25
0.20388349514563103,0.07748565275455081,0.17103174603174603,0.6161616161616162,0.719599427753935,0.6666666666666666,0.6666666666666666,0.375,0.0,0.14814814814814814,0.38461538461538464,0.10714285714285714
0.22330097087378642,0.04426441040942286,0.013095238095238096,0.5454545454545455,0.19456366237482126,0.33333333333333337,0.3333333333333333,0.125,0.0,0.037037037037037035,0.23076923076923078,0.0
0.1844660194174757,0.06058327417977069,0.17103174603174603,0.5656565656565657,0.9742489270386274,0.33333333333333337,0.3333333333333333,0.4375,0.2,0.25925925925925924,0.46153846153846156,0.03571428571428571
0.22330097087378642,0.07877149079009108,0.29444444444444445,0.7474747474747475,0.859799713876968,0.6666666666666666,0.6666666666666666,0.59375,0.0,0.2962962962962963,0.6923076923076923,0.07142857142857142
0.3980582524271844,0.07209265252595738,0.551984126984127,0.3535353535353536,0.9699570815450649,0.0,0.0,0.625,0.4,0.18518518518518517,0.38461538461538464,0.3571428571428571
0.21359223300970875,0.09245401061154758,0.3662698412698413,0.6565656565656566,0.14449213161659547,0.0,0.0,0.40625,0.2,0.14814814814814814,0.46153846153846156,0.10714285714285714
0.23300970873786409,0.08332531251127928,0.25277777777777777,0.48484848484848486,0.5078683834048645,0.6666666666666666,0.6666666666666666,0.53125,0.0,0.18518518518518517,0.7692307692307693,0.07142857142857142
0.20388349514563103,0.06773885005474212,0.4138888888888889,0.888888888888889,0.8569384835479257,0.33333333333333337,0.3333333333333333,0.75,0.2,0.4074074074074074,0.38461538461538464,0.2857142857142857
0.24271844660194175,0.11610290313654247,0.37222222222222223,0.19191919191919193,0.3533619456366246,0.0,0.0,0.71875,0.0,0.07407407407407407,1.0,0.2857142857142857
0.3689320388349514,0.07857447934838842,0.35793650793650794,0.21212121212121213,0.5522174535050075,0.33333333333333337,0.3333333333333333,0.6875,0.0,0.18518518518518517,0.9230769230769231,0.17857142857142855
0.07766990291262132,0.12405554820313533,0.4734126984126984,0.27272727272727276,0.2103004291845494,0.0,0.0,0.53125,0.0,0.1111111111111111,0.7692307692307693,0.14285714285714285
0.20388349514563103,0.06672521866766125,0.04563492063492063,0.8686868686868687,0.9728183118741063,0.6666666666666666,0.6666666666666666,0.21875,0.0,0.1111111111111111,0.15384615384615385,0.07142857142857142
0.30097087378640774,0.10799234813576043,0.655952380952381,0.9292929292929294,0.8311874105865522,0.33333333333333337,0.3333333333333333,0.71875,0.0,0.37037037037037035,0.6923076923076923,0.14285714285714285
0.09708737864077666,0.11700223780935308,0.648015873015873,0.010101010101010102,0.09012875536480713,0.0,0.0,0.65625,0.0,0.14814814814814814,0.6923076923076923,0.2857142857142857
0.1844660194174757,0.028951658505480225,0.026984126984126985,0.14141414141414144,0.608011444921317,0.0,0.0,0.1875,0.2,0.1111111111111111,0.15384615384615385,0.03571428571428571
0.1553398058252427,0.07524934730560535,0.10714285714285715,0.7474747474747475,0.1573676680972822,0.33333333333333337,0.3333333333333333,0.3125,0.0,0.14814814814814814,0.3076923076923077,0.07142857142857142
0.33009708737864074,0.08125443651719864,0.33690476190476193,0.8484848484848485,0.8268955650929906,0.33333333333333337,0.3333333333333333,0.65625,0.0,0.37037037037037035,0.6153846153846154,0.10714285714285714
0.17475728155339804,0.047085734566935766,0.02896825396825397,0.04040404040404041,0.4191702432045785,0.33333333333333337,0.3333333333333333,0.1875,0.0,0.07407407407407407,0.3076923076923077,0.0
0.23300970873786409,0.054226271400555845,0.04007936507936508,0.5050505050505051,0.4034334763948504,0.33333333333333337,0.3333333333333333,0.1875,0.0,0.1111111111111111,0.23076923076923078,0.0
0.2524271844660194,0.03836760229555927,0.04007936507936508,0.020202020202020204,0.8512160228898429,0.33333333333333337,0.3333333333333333,0.15625,0.2,0.07407407407407407,0.23076923076923078,0.0
0.1262135922330097,0.1285206395803506,0.7611111111111111,0.7373737373737375,0.5593705293276114,0.0,0.0,0.5625,0.2,0.37037037037037035,0.46153846153846156,0.07142857142857142
0.24271844660194175,0.10256626201619404,0.6575396825396825,0.21212121212121213,0.570815450643777,0.0,0.0,0.65625,0.0,0.14814814814814814,0.9230769230769231,0.17857142857142855
0.19417475728155337,0.05409092002839371,0.03134920634920635,0.8282828282828284,0.20314735336194634,0.33333333333333337,0.3333333333333333,0.1875,0.0,0.07407407407407407,0.23076923076923078,0.03571428571428571
0.22330097087378642,0.05364576440439381,0.017063492063492065,0.14141414141414144,0.0772532188841204,0.33333333333333337,0.3333333333333333,0.15625,0.0,0.07407407407407407,0.23076923076923078,0.0
0.22330097087378642,0.002664918127458883,0.0,0.5656565656565657,0.6323319027181693,0.33333333333333337,0.3333333333333333,0.0,0.0,0.0,0.0,0.0
0.19417475728155337,0.08552251645271124,0.2888888888888889,0.20202020202020204,0.8383404864091561,0.6666666666666666,0.6666666666666666,0.625,0.0,0.25925925925925924,0.6923076923076923,0.14285714285714285
0.46601941747572806,0.12076650985959551,0.4876984126984127,0.5454545454545455,0.1216022889842634,0.0,0.0,0.53125,0.0,0.14814814814814814,0.5384615384615385,0.21428571428571427
0.3689320388349514,0.03963840128974819,0.04246031746031746,0.7777777777777778,0.808297567954221,0.6666666666666666,0.6666666666666666,0.1875,0.0,0.07407407407407407,0.15384615384615385,0.07142857142857142
0.08737864077669899,0.10869316746273325,0.655952380952381,0.05050505050505051,0.17882689556509312,0.0,0.0,0.4375,0.6000000000000001,0.14814814814814814,0.3076923076923077,0.21428571428571427
0.3495145631067961,0.027085313473777926,0.01984126984126984,0.6565656565656566,0.6609442060085842,0.33333333333333337,0.3333333333333333,0.15625,0.0,0.037037037037037035,0.23076923076923078,0.03571428571428571
0.20388349514563103,0.0831749220977658,0.5984126984126984,0.33333333333333337,0.808297567954221,0.33333333333333337,0.3333333333333333,0.6875,0.2,0.2222222222222222,1.0,0.10714285714285714
0.3689320388349514,0.0772299890515779,0.10555555555555557,0.6565656565656566,0.5865522174535052,0.6666666666666666,0.6666666666666666,0.34375,0.2,0.18518518518518517,0.38461538461538464,0.03571428571428571
0.20388349514563103,0.10159323604076181,0.35674603174603176,0.4141414141414142,0.021459227467811814,0.33333333333333337,0.3333333333333333,0.71875,0.0,0.25925925925925924,1.0,0.10714285714285714
0.20388349514563103,0.06672521866766125,0.04563492063492063,0.8686868686868687,0.9728183118741063,0.6666666666666666,0.6666666666666666,0.21875,0.2,0.1111111111111111,0.15384615384615385,0.07142857142857142
0.07766990291262132,0.03248583322304703,0.03888888888888889,0.9292929292929294,0.948497854077254,0.33333333333333337,0.3333333333333333,0.1875,0.0,0.1111111111111111,0.23076923076923078,0.0
0.07766990291262132,0.03248583322304703,0.10476190476190475,0.9797979797979799,0.904148783977111,0.33333333333333337,0.3333333333333333,0.34375,0.0,0.18518518518518517,0.38461538461538464,0.03571428571428571
0.06796116504854366,0.011316878616889445,0.006746031746031746,0.9191919191919192,0.2732474964234628,0.33333333333333337,0.3333333333333333,0.125,0.0,0.037037037037037035,0.15384615384615385,0.03571428571428571
0.35922330097087374,0.09934189155046501,0.45674603174603173,0.0,0.2918454935622323,0.0,0.0,0.46875,0.2,0.1111111111111111,0.46153846153846156,0.21428571428571427
0.24271844660194175,0.10563272254773391,0.428968253968254,0.595959595959596,0.8884120171673828,0.33333333333333337,0.3333333333333333,0.5,0.2,0.1111111111111111,0.6923076923076923,0.14285714285714285
0.2815533980582524,0.08648200729092724,0.44563492063492066,0.04040404040404041,0.7625178826895569,0.33333333333333337,0.3333333333333333,0.78125,0.0,0.4074074074074074,0.9230769230769231,0.07142857142857142
0.06796116504854366,0.04541489707280099,0.026587301587301587,0.05050505050505051,0.13304721030042987,0.33333333333333337,0.3333333333333333,0.21875,0.0,0.1111111111111111,0.3076923076923077,0.0
0.3398058252427184,0.11001209138924649,0.38055555555555554,0.48484848484848486,0.6838340486409162,0.6666666666666666,0.6666666666666666,0.71875,0.0,0.3333333333333333,0.9230769230769231,0.07142857142857142
0.17475728155339804,0.09638371211665483,0.5468253968253969,1.0,0.8254649499284694,0.0,0.0,0.59375,0.0,0.18518518518518517,0.7692307692307693,0.14285714285714285
0.41747572815533973,0.07471546133763249,0.005158730158730159,0.8181818181818182,0.570815450643777,0.9999999999999999,1.0,0.09375,0.0,0.0,0.23076923076923078,0.0
0.3106796116504854,0.0755756945029296,0.3126984126984127,0.9595959595959597,0.9542203147353367,0.33333333333333337,0.3333333333333333,0.65625,0.0,0.3333333333333333,0.7692307692307693,0.07142857142857142
0.09708737864077666,0.06114272651804083,0.037698412698412696,0.43434343434343436,0.7610872675250357,0.33333333333333337,0.3333333333333333,0.1875,0.0,0.1111111111111111,0.23076923076923078,0.0
0.08737864077669899,0.043101892512963653,0.02976190476190476,0.05050505050505051,0.42918454935622385,0.0,0.0,0.15625,0.0,0.07407407407407407,0.23076923076923078,0.0
0.3203883495145631,0.043993707665098594,0.06428571428571428,0.5050505050505051,0.8540772532188843,0.0,0.0,0.21875,0.2,0.14814814814814814,0.23076923076923078,0.0
0.37864077669902907,0.09670554760157368,0.26666666666666666,0.7676767676767677,0.7510729613733913,0.33333333333333337,0.3333333333333333,0.5625,0.0,0.2962962962962963,0.5384615384615385,0.10714285714285714
0.20388349514563103,0.05346980762058303,0.0071428571428571435,0.4646464646464647,0.6537911301859802,0.6666666666666666,0.6666666666666666,0.09375,0.0,0.0,0.23076923076923078,0.0
0.43689320388349506,0.0839178507405224,0.034523809523809526,0.686868686868687,0.3719599427753941,0.33333333333333337,0.3333333333333333,0.1875,0.0,0.037037037037037035,0.3076923076923077,0.03571428571428571
0.30097087378640774,0.11289808342457018,0.2523809523809524,0.33333333333333337,0.16165951359084474,0.0,0.0,0.46875,0.0,0.14814814814814814,0.5384615384615385,0.14285714285714285
0.38834951456310673,0.09356238795914193,0.4369047619047619,0.5050505050505051,0.9513590844062954,0.33333333333333337,0.3333333333333333,0.5,0.0,0.2222222222222222,0.46153846153846156,0.14285714285714285
0.33009708737864074,0.11181677635140826,0.40793650793650793,0.8585858585858587,0.052932761087268076,0.0,0.0,0.40625,0.2,0.14814814814814814,0.3076923076923077,0.17857142857142855
0.21359223300970875,0.09882906024038404,0.4638888888888889,0.6363636363636365,0.9814020028612305,0.33333333333333337,0.3333333333333333,0.84375,0.0,0.3333333333333333,0.9230769230769231,0.21428571428571427
0.2815533980582524,0.05312390966950203,0.007936507936507936,0.8989898989898991,0.4105865522174543,0.6666666666666666,0.6666666666666666,0.125,0.0,0.037037037037037035,0.23076923076923078,0.0
0.33009708737864074,0.06834492342120144,0.09325396825396826,0.8181818181818182,0.8712446351931336,0.6666666666666666,0.6666666666666666,0.3125,0.4,0.14814814814814814,0.3076923076923077,0.07142857142857142
0.19417475728155337,0.045311127687476686,0.005952380952380952,0.7777777777777778,0.5436337625178833,0.33333333333333337,0.3333333333333333,0.09375,0.0,0.037037037037037035,0.15384615384615385,0.0
0.3398058252427184,0.038326996883910634,0.038492063492063494,0.5050505050505051,0.7467811158798288,0.9999999999999999,1.0,0.21875,0.0,0.07407407407407407,0.3076923076923077,0.03571428571428571
0.19417475728155337,0.10294073414584261,0.4083333333333333,0.10101010101010102,0.49070100143061524,0.33333333333333337,0.3333333333333333,0.71875,0.0,0.25925925925925924,1.0,0.10714285714285714
0.1262135922330097,0.05743710672906866,0.05992063492063492,0.30303030303030304,0.7153075822603725,0.33333333333333337,0.3333333333333333,0.21875,0.0,0.1111111111111111,0.3076923076923077,0.0
0.19417475728155337,0.07211370718384927,0.17976190476190476,0.6666666666666667,0.3390557939914167,0.6666666666666666,0.6666666666666666,0.46875,0.0,0.25925925925925924,0.5384615384615385,0.03571428571428571
0.07766990291262132,0.03446196325661417,0.004761904761904762,0.16161616161616163,0.8655221745350508,0.33333333333333337,0.3333333333333333,0.09375,0.0,0.037037037037037035,0.15384615384615385,0.0
0.40776699029126207,0.11750754959875838,0.3123015873015873,0.12121212121212122,0.01573676680972902,0.33333333333333337,0.3333333333333333,0.625,0.0,0.18518518518518517,0.38461538461538464,0.3571428571428571
0.10679611650485438,0.06405428492366183,0.034523809523809526,0.30303030303030304,0.018597997138770417,0.33333333333333337,0.3333333333333333,0.1875,0.0,0.1111111111111111,0.23076923076923078,0.0
0.4271844660194174,0.069522480359012,0.15952380952380954,0.08080808080808081,0.7525035765379116,0.33333333333333337,0.3333333333333333,0.4375,0.0,0.2222222222222222,0.38461538461538464,0.10714285714285714
0.3106796116504854,0.09360600117906084,0.5015873015873016,0.9393939393939394,0.8211731044349078,0.33333333333333337,0.3333333333333333,0.59375,0.2,0.18518518518518517,0.7692307692307693,0.14285714285714285
0.40776699029126207,0.11066478578389499,0.33174603174603173,0.14141414141414144,0.10729613733905641,0.33333333333333337,0.3333333333333333,0.65625,0.0,0.18518518518518517,0.9230769230769231,0.14285714285714285
0.44660194174757273,0.08089049171649602,0.2492063492063492,0.5353535353535354,0.9155937052932765,0.6666666666666666,0.6666666666666666,0.5625,0.2,0.4074074074074074,0.46153846153846156,0.03571428571428571
0.37864077669902907,0.11061666085157068,0.4023809523809524,0.26262626262626265,0.6566523605150216,0.9999999999999999,1.0,0.4375,0.0,0.2222222222222222,0.38461538461538464,0.10714285714285714
0.4854368932038834,0.12192150823537905,0.5198412698412699,0.23232323232323235,0.8326180257510734,0.0,0.0,0.78125,0.6000000000000001,0.25925925925925924,0.9230769230769231,0.21428571428571427
0.40776699029126207,0.056047499308204095,0.019444444444444445,0.9292929292929294,0.8626609442060094,0.6666666666666666,0.6666666666666666,0.15625,0.0,0.07407407407407407,0.23076923076923078,0.0
0.04854368932038833,0.13370910884656567,1.0,0.29292929292929293,0.19456366237482126,0.0,0.0,0.53125,0.4,0.1111111111111111,0.7692307692307693,0.14285714285714285
0.09708737864077666,0.03824578606061335,0.01865079365079365,0.4141414141414142,0.34907010014306206,0.33333333333333337,0.3333333333333333,0.125,0.0,0.037037037037037035,0.23076923076923078,0.0
0.1844660194174757,0.06058327417977069,0.17103174603174603,0.5656565656565657,0.9742489270386274,0.33333333333333337,0.3333333333333333,0.4375,0.2,0.25925925925925924,0.46153846153846156,0.03571428571428571
0.3495145631067961,0.054848887712501654,0.10436507936507936,0.19191919191919193,0.6537911301859802,0.33333333333333337,0.3333333333333333,0.34375,0.0,0.18518518518518517,0.38461538461538464,0.03571428571428571
0.13592233009708737,0.0653792244667156,0.05634920634920635,0.04040404040404041,0.14020028612303292,0.6666666666666666,0.6666666666666666,0.21875,0.2,0.1111111111111111,0.23076923076923078,0.03571428571428571
0.4757281553398057,0.12007772176570376,0.7115079365079365,0.8989898989898991,0.08869814020028688,0.0,0.0,0.53125,0.4,0.14814814814814814,0.6153846153846154,0.17857142857142855
0.03883495145631066,0.04993713680715137,0.05238095238095238,0.7171717171717172,0.533619456366238,0.0,0.0,0.21875,0.0,0.07407407407407407,0.3076923076923077,0.03571428571428571
0.19417475728155337,0.08835737574744035,0.19920634920634922,0.8181818181818182,0.7467811158798288,0.33333333333333337,0.3333333333333333,0.5,0.0,0.25925925925925924,0.5384615384615385,0.07142857142857142
0.38834951456310673,0.049482957758340655,0.003968253968253968,0.31313131313131315,0.22460658082975726,0.9999999999999999,1.0,0.09375,0.0,0.037037037037037035,0.15384615384615385,0.0
0.4757281553398057,0.11484263147129949,0.4365079365079365,0.5353535353535354,0.28612303290414953,0.0,0.0,0.5,0.0,0.14814814814814814,0.38461538461538464,0.25
0.44660194174757273,0.12141018082943321,0.38452380952380955,0.787878787878788,0.29899856938483627,0.0,0.0,0.4375,0.0,0.18518518518518517,0.46153846153846156,0.10714285714285714
0.2912621359223301,0.06643195736130995,0.024206349206349207,0.8080808080808082,0.09585121602288993,0.33333333333333337,0.3333333333333333,0.1875,0.0,0.07407407407407407,0.23076923076923078,0.03571428571428571
0.08737864077669899,0.11975739018492006,0.30674603174603177,0.18181818181818182,0.17739628040057287,0.0,0.0,0.8125,0.2,0.1111111111111111,1.0,0.3571428571428571
0.22330097087378642,0.05132824813215106,0.01746031746031746,0.37373737373737376,0.05865522174535087,0.6666666666666666,0.6666666666666666,0.125,0.4,0.037037037037037035,0.15384615384615385,0.03571428571428571
0.4271844660194174,0.058219136879338766,0.06507936507936507,0.5252525252525253,0.9713876967095851,0.6666666666666666,0.6666666666666666,0.25,0.2,0.1111111111111111,0.3076923076923077,0.03571428571428571
0.30097087378640774,0.08986127988257517,0.11666666666666667,0.393939393939394,0.002861230329042286,0.0,0.0,0.34375,0.0,0.1111111111111111,0.46153846153846156,0.07142857142857142
0.1553398058252427,0.04998676564361081,0.08571428571428572,0.11111111111111112,0.6366237482117318,0.33333333333333337,0.3333333333333333,0.3125,0.0,0.1111111111111111,0.38461538461538464,0.07142857142857142
0.08737864077669899,0.11138515586462457,0.6654761904761904,0.33333333333333337,0.2675250357653791,0.0,0.0,0.75,0.2,0.25925925925925924,0.9230769230769231,0.17857142857142855
0.33009708737864074,0.04476671439055789,0.05952380952380952,0.22222222222222224,0.8154506437768241,0.33333333333333337,0.3333333333333333,0.25,0.0,0.1111111111111111,0.3076923076923077,0.03571428571428571
0.3980582524271844,0.10909019815440885,0.351984126984127,0.8383838383838385,0.7153075822603725,0.0,0.0,0.375,0.0,0.14814814814814814,0.38461538461538464,0.10714285714285714
0.07766990291262132,0.01803782619680691,0.021031746031746033,0.43434343434343436,0.9542203147353367,0.33333333333333337,0.3333333333333333,0.125,0.2,0.07407407407407407,0.15384615384615385,0.0
0.30097087378640774,0.0652889902186075,0.12142857142857144,0.7474747474747475,0.4391988555078692,0.33333333333333337,0.3333333333333333,0.375,0.0,0.2222222222222222,0.38461538461538464,0.03571428571428571
0.2815533980582524,0.0764569823261186,0.03571428571428571,0.5454545454545455,0.1216022889842634,0.33333333333333337,0.3333333333333333,0.1875,0.0,0.07407407407407407,0.3076923076923077,0.0
0.22330097087378642,0.07023533091906589,0.1662698412698413,0.030303030303030304,0.8855507868383405,0.33333333333333337,0.3333333333333333,0.4375,0.2,0.25925925925925924,0.46153846153846156,0.03571428571428571
0.3495145631067961,0.02318117833896796,0.016666666666666666,0.9696969696969697,0.19170243204577986,0.6666666666666666,0.6666666666666666,0.21875,0.0,0.1111111111111111,0.3076923076923077,0.0
0.11650485436893204,0.051701216357664496,0.13253968253968254,0.686868686868687,0.3676680972818316,0.33333333333333337,0.3333333333333333,0.375,0.2,0.25925925925925924,0.3076923076923077,0.03571428571428571
0.24271844660194175,0.11236419745659733,0.5575396825396826,0.020202020202020204,0.9141630901287554,0.33333333333333337,0.3333333333333333,0.625,0.0,0.07407407407407407,1.0,0.17857142857142855
0.20388349514563103,0.05253588315266432,0.011904761904761904,0.4040404040404041,0.09298998569384853,0.33333333333333337,0.3333333333333333,0.15625,0.0,0.037037037037037035,0.23076923076923078,0.03571428571428571
0.30097087378640774,0.07837295619428035,0.22103174603174605,0.6464646464646465,0.5250357653791138,0.33333333333333337,0.3333333333333333,0.5,0.0,0.2962962962962963,0.23076923076923078,0.17857142857142855
0.38834951456310673,0.13308950034289013,0.9313492063492064,0.26262626262626265,0.9170243204577977,0.0,0.0,0.71875,0.2,0.14814814814814814,0.9230769230769231,0.25
0.3980582524271844,0.10363102614386949,0.5273809523809524,0.696969696969697,0.5622317596566528,0.0,0.0,0.59375,0.2,0.14814814814814814,0.7692307692307693,0.17857142857142855
0.3495145631067961,0.06434002670933744,0.010714285714285714,0.5757575757575758,0.4334763948497855,0.6666666666666666,0.6666666666666666,0.125,0.0,0.037037037037037035,0.23076923076923078,0.0
0.3398058252427184,0.03817811037453229,0.014285714285714287,0.787878787878788,0.17024320457796893,0.6666666666666666,0.6666666666666666,0.15625,0.0,0.07407407407407407,0.23076923076923078,0.0
0.3203883495145631,0.07871735024122622,0.013492063492063493,0.7171717171717172,0.48211731044349104,0.6666666666666666,0.6666666666666666,0.125,0.0,0.07407407407407407,0.15384615384615385,0.0
0.1844660194174757,0.10546127747632855,0.4507936507936508,0.595959595959596,0.7567954220314741,0.33333333333333337,0.3333333333333333,0.65625,0.0,0.18518518518518517,0.8461538461538463,0.17857142857142855
0.058252427184465994,0.07447333277187579,0.27976190476190477,0.2828282828282829,0.65236051502146,0.33333333333333337,0.3333333333333333,0.59375,0.2,0.37037037037037035,0.3076923076923077,0.17857142857142855
0.22330097087378642,0.08828218054068361,0.15714285714285714,0.6161616161616162,0.1602288984263236,0.33333333333333337,0.3333333333333333,0.4375,0.0,0.25925925925925924,0.38461538461538464,0.07142857142857142
0.3106796116504854,0.09594306820506034,0.19880952380952382,0.22222222222222224,0.1130185979971392,0.33333333333333337,0.3333333333333333,0.5,0.0,0.14814814814814814,0.6153846153846154,0.14285714285714285
0.07766990291262132,0.10064878424389716,0.6083333333333334,0.9595959595959597,0.9842632331902719,0.0,0.0,0.625,0.0,0.14814814814814814,0.8461538461538463,0.17857142857142855
0.17475728155339804,0.01603612979294248,0.020634920634920634,0.38383838383838387,0.8183118741058664,0.0,0.0,0.15625,0.0,0.07407407407407407,0.23076923076923078,0.0
0.058252427184465994,0.09441359769962823,0.6813492063492064,0.19191919191919193,0.4520743919885559,0.0,0.0,0.5625,0.4,0.2222222222222222,0.6923076923076923,0.10714285714285714
0.20388349514563103,0.04846331075471925,0.10515873015873015,0.9292929292929294,0.4635193133047215,0.33333333333333337,0.3333333333333333,0.34375,0.0,0.18518518518518517,0.38461538461538464,0.03571428571428571
0.1844660194174757,0.044550152195098475,0.010317460317460317,0.24242424242424243,0.26037195994277607,0.6666666666666666,0.6666666666666666,0.125,0.2,0.037037037037037035,0.15384615384615385,0.03571428571428571
0.11650485436893204,0.08076566767327983,0.348015873015873,0.21212121212121213,0.38197424892703946,0.33333333333333337,0.3333333333333333,0.65625,0.0,0.18518518518518517,1.0,0.10714285714285714
0.1262135922330097,0.04004746321450486,0.004365079365079365,0.3535353535353536,0.3505007153075823,0.33333333333333337,0.3333333333333333,0.09375,0.0,0.037037037037037035,0.15384615384615385,0.0
0.08737864077669899,0.08327117196241443,0.12142857142857144,0.09090909090909091,0.060085836909872015,0.33333333333333337,0.3333333333333333,0.375,0.0,0.1111111111111111,0.5384615384615385,0.07142857142857142
0.30097087378640774,0.1013766738453024,0.08809523809523809,0.23232323232323235,0.21888412017167447,0.33333333333333337,0.3333333333333333,0.3125,0.0,0.14814814814814814,0.38461538461538464,0.03571428571428571
0.38834951456310673,0.07706455959671307,0.45515873015873015,0.9292929292929294,0.8555078683834054,0.33333333333333337,0.3333333333333333,0.75,0.0,0.3333333333333333,0.6923076923076923,0.21428571428571427
0.30097087378640774,0.07517565600298375,0.04642857142857143,0.5555555555555556,0.4477825464949934,0.33333333333333337,0.3333333333333333,0.21875,0.2,0.1111111111111111,0.3076923076923077,0.0
0.24271844660194175,0.025661116257805264,0.02857142857142857,0.14141414141414144,0.7625178826895569,0.33333333333333337,0.3333333333333333,0.1875,0.0,0.07407407407407407,0.3076923076923077,0.0
0.13592233009708737,0.09765451111084375,0.5095238095238095,0.787878787878788,0.918454935622318,0.0,0.0,0.5625,0.0,0.18518518518518517,0.46153846153846156,0.25
0.35922330097087374,0.07359204494868679,0.22063492063492063,0.6464646464646465,0.7567954220314741,0.6666666666666666,0.6666666666666666,0.46875,0.0,0.2962962962962963,0.46153846153846156,0.03571428571428571
0.3203883495145631,0.07923168545544233,0.08174603174603173,0.494949494949495,0.7467811158798288,0.6666666666666666,0.6666666666666666,0.28125,0.0,0.1111111111111111,0.38461538461538464,0.03571428571428571
0.4271844660194174,0.07943471251368553,0.09047619047619049,0.08080808080808081,0.1688125894134478,0.33333333333333337,0.3333333333333333,0.3125,0.0,0.18518518518518517,0.3076923076923077,0.03571428571428571
0.24271844660194175,0.06824867355655281,0.43134920634920637,0.3535353535353536,0.9427753934191703,0.33333333333333337,0.3333333333333333,0.46875,0.0,0.1111111111111111,0.7692307692307693,0.07142857142857142
0.3203883495145631,0.05906282709914939,0.23650793650793653,0.11111111111111112,0.6709585121602295,0.0,0.0,0.5,0.0,0.2222222222222222,0.6153846153846154,0.07142857142857142
0.13592233009708737,0.026640157849778023,0.019444444444444445,0.08080808080808081,0.18168812589413452,0.33333333333333337,0.3333333333333333,0.21875,0.2,0.14814814814814814,0.15384615384615385,0.03571428571428571
0.19417475728155337,0.051991469855745515,0.02896825396825397,0.5353535353535354,0.3533619456366246,0.33333333333333337,0.3333333333333333,0.1875,0.0,0.1111111111111111,0.23076923076923078,0.0
0.4757281553398057,0.10727197805503086,0.43253968253968256,0.36363636363636365,0.43204577968526525,0.33333333333333337,0.3333333333333333,0.78125,0.0,0.3333333333333333,1.0,0.10714285714285714
0.2621359223300971,0.061661573444662346,0.09484126984126984,0.6464646464646465,0.3590844062947074,0.33333333333333337,0.3333333333333333,0.3125,0.0,0.14814814814814814,0.38461538461538464,0.03571428571428571
0.35922330097087374,0.07688559500463202,0.04404761904761905,0.43434343434343436,0.13876967095851267,0.6666666666666666,0.6666666666666666,0.21875,0.0,0.07407407407407407,0.3076923076923077,0.03571428571428571
0.17475728155339804,0.031649662523912075,0.003968253968253968,0.4040404040404041,0.5364806866952794,0.33333333333333337,0.3333333333333333,0.09375,0.0,0.037037037037037035,0.15384615384615385,0.0
0.46601941747572806,0.06760199477844485,0.16666666666666669,0.5252525252525253,0.3776824034334769,0.6666666666666666,0.6666666666666666,0.4375,0.0,0.14814814814814814,0.3076923076923077,0.21428571428571427
0.3980582524271844,0.08736329511411625,0.2892857142857143,0.11111111111111112,0.6337625178826896,0.33333333333333337,0.3333333333333333,0.625,0.0,0.4074074074074074,0.5384615384615385,0.07142857142857142
0.40776699029126207,0.07259646041122754,0.2511904761904762,0.21212121212121213,0.5393419170243208,0.33333333333333337,0.3333333333333333,0.53125,0.0,0.2962962962962963,0.5384615384615385,0.07142857142857142
0.49514563106796117,0.10230307879254545,0.3527777777777778,0.23232323232323235,0.3862660944206011,0.0,0.0,0.65625,0.0,0.1111111111111111,0.9230769230769231,0.21428571428571427
0.2621359223300971,0.06368733231468893,0.014285714285714287,0.17171717171717174,0.014306151645207876,0.6666666666666666,0.6666666666666666,0.15625,0.0,0.07407407407407407,0.23076923076923078,0.0
0.19417475728155337,0.04335755621593657,0.010317460317460317,0.06060606060606061,0.5250357653791138,0.33333333333333337,0.3333333333333333,0.125,0.0,0.037037037037037035,0.23076923076923078,0.0
0.2621359223300971,0.05142449799679969,0.011507936507936509,0.5656565656565657,0.14020028612303292,0.6666666666666666,0.6666666666666666,0.125,0.0,0.037037037037037035,0.23076923076923078,0.0
0.3106796116504854,0.0938586570737635,0.6924603174603174,0.7171717171717172,0.39914163090128785,0.6666666666666666,0.6666666666666666,0.40625,0.8,0.07407407407407407,0.46153846153846156,0.17857142857142855
0.14563106796116504,0.08219738440992817,0.24087301587301588,0.5151515151515152,0.8726752503576538,0.6666666666666666,0.6666666666666666,0.53125,0.0,0.3333333333333333,0.5384615384615385,0.03571428571428571
0.16504854368932037,0.034385264145722294,0.009523809523809525,0.9494949494949496,0.2875536480686698,0.33333333333333337,0.3333333333333333,0.125,0.0,0.037037037037037035,0.23076923076923078,0.0
0.14563106796116504,0.11135507778192187,0.3246031746031746,0.27272727272727276,0.0829756795422032,0.33333333333333337,0.3333333333333333,0.625,0.0,0.25925925925925924,0.6153846153846154,0.17857142857142855
0.3495145631067961,0.056393397259285105,0.005952380952380952,0.010101010101010102,0.5937052932761091,0.0,0.0,0.09375,0.0,0.0,0.23076923076923078,0.0
0.21359223300970875,0.08536761432679235,0.15515873015873016,0.5656565656565657,0.2846924177396284,0.33333333333333337,0.3333333333333333,0.4375,0.0,0.2222222222222222,0.46153846153846156,0.07142857142857142
0.14563106796116504,0.08565335611246797,0.32063492063492066,0.7171717171717172,0.018597997138770417,0.0,0.0,0.625,0.2,0.18518518518518517,0.9230769230769231,0.10714285714285714
0.2815533980582524,0.08332531251127928,0.4658730158730159,0.18181818181818182,0.5822603719599435,0.0,0.0,0.59375,0.2,0.25925925925925924,0.5384615384615385,0.17857142857142855
0.44660194174757273,0.08244552859222541,0.05277777777777778,0.48484848484848486,0.07582260371960015,0.6666666666666666,0.6666666666666666,0.21875,0.0,0.07407407407407407,0.3076923076923077,0.03571428571428571
0.13592233009708737,0.031157885871722996,0.01984126984126984,0.8686868686868687,0.17596566523605173,0.33333333333333337,0.3333333333333333,0.1875,0.0,0.07407407407407407,0.23076923076923078,0.03571428571428571
0.3398058252427184,0.12073943958516307,0.5976190476190476,0.48484848484848486,0.9699570815450649,0.0,0.0,0.65625,0.2,0.1111111111111111,0.9230769230769231,0.21428571428571427
0.3203883495145631,0.04885131802158403,0.044444444444444446,0.020202020202020204,0.9442060085836914,0.6666666666666666,0.6666666666666666,0.1875,0.2,0.1111111111111111,0.15384615384615385,0.03571428571428571
0.1844660194174757,0.23373076506611162,0.6845238095238095,0.13131313131313133,0.6094420600858372,0.0,0.0,0.875,0.0,0.0,0.0,1.0
0.4757281553398057,0.03553424690496529,0.010714285714285714,0.5757575757575758,0.489270386266095,0.33333333333333337,0.3333333333333333,0.125,0.0,0.037037037037037035,0.23076923076923078,0.0
0.17475728155339804,0.05085301442544846,0.024603174603174603,0.7777777777777778,0.16165951359084474,0.33333333333333337,0.3333333333333333,0.15625,0.0,0.07407407407407407,0.23076923076923078,0.0
0.40776699029126207,0.05249226993274541,0.13095238095238096,0.0,0.5679542203147356,0.33333333333333337,0.3333333333333333,0.375,0.0,0.18518518518518517,0.38461538461538464,0.07142857142857142
0.40776699029126207,0.09164791799511532,0.3253968253968254,0.5757575757575758,0.2103004291845494,0.33333333333333337,0.3333333333333333,0.65625,0.0,0.18518518518518517,1.0,0.10714285714285714
0.23300970873786409,0.0730957565840923,0.27341269841269844,0.24242424242424243,0.4864091559370536,0.33333333333333337,0.3333333333333333,0.53125,0.0,0.25925925925925924,0.46153846153846156,0.14285714285714285
0.14563106796116504,0.10577860124884199,0.7091269841269842,0.5555555555555556,0.008583690987125081,0.0,0.0,0.5,0.6000000000000001,0.14814814814814814,0.46153846153846156,0.21428571428571427
0.3689320388349514,0.07368979871747056,0.19484126984126984,0.6262626262626263,0.6051502145922747,0.6666666666666666,0.6666666666666666,0.46875,0.0,0.2222222222222222,0.5384615384615385,0.07142857142857142
0.27184466019417475,0.04990856262858381,0.08968253968253967,0.8989898989898991,0.5865522174535052,0.6666666666666666,0.6666666666666666,0.28125,0.0,0.18518518518518517,0.23076923076923078,0.03571428571428571
0.19417475728155337,0.09498959298338487,0.35595238095238096,0.7777777777777778,0.044349070100143884,0.33333333333333337,0.3333333333333333,0.6875,0.0,0.2222222222222222,0.9230769230769231,0.14285714285714285
0.2912621359223301,0.06297147394636476,0.025,0.4545454545454546,0.2432045779685268,0.6666666666666666,0.6666666666666666,0.1875,0.0,0.1111111111111111,0.15384615384615385,0.03571428571428571
0.06796116504854366,0.04852497082425978,0.02619047619047619,0.4646464646464647,0.4163090128755371,0.0,0.0,0.15625,0.0,0.037037037037037035,0.23076923076923078,0.03571428571428571
0.10679611650485438,0.05976966204266275,0.028174603174603175,0.8080808080808082,0.5364806866952794,0.33333333333333337,0.3333333333333333,0.15625,0.0,0.07407407407407407,0.23076923076923078,0.0
0.2815533980582524,0.09251416677695297,0.3043650793650794,0.6060606060606061,0.4477825464949934,0.6666666666666666,0.6666666666666666,0.65625,0.0,0.2222222222222222,0.9230769230769231,0.10714285714285714
0.35922330097087374,0.05263965253798862,0.016666666666666666,0.7171717171717172,0.26037195994277607,0.6666666666666666,0.6666666666666666,0.1875,0.0,0.037037037037037035,0.3076923076923077,0.03571428571428571
0.2524271844660194,0.10129395911787,0.6273809523809524,0.43434343434343436,0.3175965665236058,0.33333333333333337,0.3333333333333333,0.71875,0.0,0.25925925925925924,1.0,0.10714285714285714
0.2815533980582524,0.1143508548191104,0.6047619047619047,0.9797979797979799,0.703862660944206,0.33333333333333337,0.3333333333333333,1.0,0.4,0.4074074074074074,0.8461538461538463,0.3571428571428571
0.10679611650485438,0.054439825787744985,0.10317460317460317,0.494949494949495,0.4778254649499285,0.0,0.0,0.34375,0.6000000000000001,0.14814814814814814,0.38461538461538464,0.07142857142857142
0.43689320388349506,0.12765138299024267,0.6341269841269841,0.6666666666666667,0.4248927038626613,0.0,0.0,0.53125,0.0,0.18518518518518517,0.46153846153846156,0.21428571428571427
0.09708737864077666,0.11792262714005558,0.8277777777777778,0.20202020202020204,0.763948497854078,0.0,0.0,0.65625,0.4,0.25925925925925924,0.7692307692307693,0.14285714285714285
0.3980582524271844,0.1066343227017337,0.3873015873015873,0.5454545454545455,0.5593705293276114,0.0,0.0,0.625,0.2,0.2222222222222222,0.46153846153846156,0.2857142857142857
0.2524271844660194,0.10119169363668082,0.6063492063492063,0.6161616161616162,0.8354792560801148,0.33333333333333337,0.3333333333333333,0.9375,0.0,0.2962962962962963,1.0,0.3214285714285714
0.04854368932038833,0.027766582046993997,0.030555555555555558,0.18181818181818182,0.8268955650929906,0.0,0.0,0.1875,0.0,0.037037037037037035,0.3076923076923077,0.03571428571428571
0.20388349514563103,0.03886539456428889,0.09484126984126984,0.4545454545454546,0.659513590844063,0.33333333333333337,0.3333333333333333,0.3125,0.0,0.18518518518518517,0.3076923076923077,0.03571428571428571
0.16504854368932037,0.021253173237725135,0.012301587301587301,0.26262626262626265,0.5250357653791138,0.33333333333333337,0.3333333333333333,0.125,0.0,0.037037037037037035,0.23076923076923078,0.0
0.19417475728155337,0.0719076723173358,0.15833333333333335,0.0,0.7181688125894139,0.33333333333333337,0.3333333333333333,0.4375,0.0,0.18518518518518517,0.6153846153846154,0.03571428571428571
0.1553398058252427,0.047369972448476245,0.02619047619047619,0.2828282828282829,0.22460658082975726,0.33333333333333337,0.3333333333333333,0.15625,0.0,0.07407407407407407,0.23076923076923078,0.0
0.17475728155339804,0.1033332531251128,0.6218253968253968,0.494949494949495,0.3776824034334769,0.0,0.0,0.6875,0.2,0.18518518518518517,0.5384615384615385,0.3571428571428571
0.24271844660194175,0.05489550874069083,0.04642857142857143,0.8484848484848485,0.23319027181688146,0.6666666666666666,0.6666666666666666,0.21875,0.0,0.1111111111111111,0.23076923076923078,0.03571428571428571
0.3980582524271844,0.031317299710047285,0.014285714285714287,0.38383838383838387,0.8626609442060094,0.6666666666666666,0.6666666666666666,0.1875,0.0,0.07407407407407407,0.3076923076923077,0.0
0.1262135922330097,0.032794133570749666,0.001984126984126984,0.5353535353535354,0.0357653791130188,0.33333333333333337,0.3333333333333333,0.09375,0.0,0.0,0.23076923076923078,0.0
0.4271844660194174,0.07171066087563314,0.11865079365079365,0.888888888888889,0.3533619456366246,0.33333333333333337,0.3333333333333333,0.34375,0.0,0.14814814814814814,0.38461538461538464,0.07142857142857142
0.2621359223300971,0.060909621377094936,0.012698412698412698,1.0,0.13733905579399153,0.6666666666666666,0.6666666666666666,0.125,0.0,0.037037037037037035,0.23076923076923078,0.0
0.1553398058252427,0.11588934874935332,0.694047619047619,0.12121212121212122,0.9871244635193142,0.0,0.0,0.46875,0.2,0.14814814814814814,0.38461538461538464,0.21428571428571427
0.27184466019417475,0.08241996222192813,0.32142857142857145,0.3535353535353536,0.48783977110157384,0.33333333333333337,0.3333333333333333,0.65625,0.6000000000000001,0.37037037037037035,0.5384615384615385,0.14285714285714285
0.24271844660194175,0.08515105213133294,0.3952380952380952,0.05050505050505051,0.7739628040057225,0.33333333333333337,0.3333333333333333,0.71875,0.0,0.2962962962962963,0.9230769230769231,0.10714285714285714
0.06796116504854366,0.11954082798946064,0.45714285714285713,0.7777777777777778,0.4935622317596575,0.0,0.0,0.65625,0.0,0.1111111111111111,0.8461538461538463,0.25
0.43689320388349506,0.0712248998399846,0.271031746031746,0.4545454545454546,0.4935622317596575,0.33333333333333337,0.3333333333333333,0.5625,0.0,0.25925925925925924,0.6923076923076923,0.07142857142857142
0.08737864077669899,0.09031997064379128,0.5214285714285715,0.7171717171717172,0.512160228898427,0.0,0.0,0.5625,0.0,0.2962962962962963,0.46153846153846156,0.14285714285714285
0.10679611650485438,0.02472268007748114,0.006349206349206349,0.4040404040404041,0.7081545064377686,0.33333333333333337,0.3333333333333333,0.09375,0.0,0.037037037037037035,0.15384615384615385,0.0
0.14563106796116504,0.03399725687885751,0.010317460317460317,0.8282828282828284,0.9599427753934195,0.33333333333333337,0.3333333333333333,0.09375,0.0,0.037037037037037035,0.15384615384615385,0.0
0.058252427184465994,0.024802386996643288,0.024603174603174603,0.7070707070707072,0.7796852646638062,0.0,0.0,0.15625,0.0,0.07407407407407407,0.23076923076923078,0.0
0.4271844660194174,0.09114411010984516,0.278968253968254,0.8787878787878789,0.5751072961373396,0.33333333333333337,0.3333333333333333,0.59375,0.0,0.1111111111111111,1.0,0.10714285714285714
0.24271844660194175,0.060611848358338244,0.007936507936507936,0.9595959595959597,0.9270386266094421,0.6666666666666666,0.6666666666666666,0.09375,0.0,0.037037037037037035,0.15384615384615385,0.0
0.1262135922330097,0.12760626586618862,0.29404761904761906,0.7272727272727273,0.696709585121603,0.0,0.0,0.34375,0.2,0.14814814814814814,0.38461538461538464,0.07142857142857142
0.37864077669902907,0.0597155214937979,0.010714285714285714,0.05050505050505051,0.9227467811158805,0.6666666666666666,0.6666666666666666,0.125,0.0,0.037037037037037035,0.23076923076923078,0.0
0.43689320388349506,0.10824350012632794,0.6706349206349207,0.8686868686868687,0.1659513590844064,0.6666666666666666,0.6666666666666666,0.71875,0.0,0.3333333333333333,0.6153846153846154,0.21428571428571427
0.19417475728155337,0.08923264795408882,0.42658730158730157,0.8080808080808082,0.9542203147353367,0.33333333333333337,0.3333333333333333,0.71875,0.0,0.2962962962962963,0.8461538461538463,0.14285714285714285
0.3980582524271844,0.055226367650420494,0.026587301587301587,0.6262626262626263,0.13018597997138848,0.6666666666666666,0.6666666666666666,0.1875,0.0,0.1111111111111111,0.23076923076923078,0.0
0.06796116504854366,0.02500691795902162,0.020634920634920634,0.494949494949495,0.31616595135908465,0.33333333333333337,0.3333333333333333,0.21875,0.0,0.1111111111111111,0.3076923076923077,0.0
0.22330097087378642,0.08013102012825295,0.25992063492063494,0.8585858585858587,0.1430615164520752,0.33333333333333337,0.3333333333333333,0.59375,0.0,0.2962962962962963,0.6923076923076923,0.07142857142857142
0.22330097087378642,0.0120192018479974,0.03888888888888889,0.07070707070707072,0.9084406294706726,0.33333333333333337,0.3333333333333333,0.21875,0.2,0.1111111111111111,0.23076923076923078,0.03571428571428571
0.11650485436893204,0.05480978620498815,0.05873015873015873,0.06060606060606061,0.39914163090128785,0.33333333333333337,0.3333333333333333,0.25,0.0,0.1111111111111111,0.3076923076923077,0.03571428571428571
0.38834951456310673,0.08561124679668419,0.48214285714285715,0.25252525252525254,0.9256080114449219,0.33333333333333337,0.3333333333333333,0.875,0.2,0.25925925925925924,1.0,0.2857142857142857
0.30097087378640774,0.07577721765703767,0.10873015873015873,0.5555555555555556,0.9756795422031477,0.33333333333333337,0.3333333333333333,0.34375,0.0,0.18518518518518517,0.3076923076923077,0.07142857142857142
0.17475728155339804,0.09487078455670922,0.29365079365079366,0.8181818181818182,0.25464949928469327,0.33333333333333337,0.3333333333333333,0.59375,0.0,0.25925925925925924,0.7692307692307693,0.07142857142857142
0.22330097087378642,0.07894293586149645,0.10277777777777777,0.98989898989899,0.17167381974249007,0.33333333333333337,0.3333333333333333,0.34375,0.0,0.1111111111111111,0.38461538461538464,0.10714285714285714
0.09708737864077666,0.12299228797959502,0.8539682539682539,0.31313131313131315,0.017167381974249274,0.0,0.0,0.65625,1.0,0.14814814814814814,0.7692307692307693,0.25
0.35922330097087374,0.11398089440186725,0.6035714285714285,0.30303030303030304,0.4363376251788269,0.33333333333333337,0.3333333333333333,0.6875,0.8,0.2962962962962963,0.5384615384615385,0.25
0.17475728155339804,0.05928991662355475,0.025396825396825397,0.98989898989899,0.6380543633762521,0.33333333333333337,0.3333333333333333,0.15625,0.0,0.037037037037037035,0.3076923076923077,0.0
0.2912621359223301,0.11830913050278523,0.6317460317460317,0.9292929292929294,0.852646638054364,0.0,0.0,0.78125,0.2,0.18518518518518517,0.9230769230769231,0.2857142857142857
0.03883495145631066,0.02559043276345393,0.023412698412698413,0.4141414141414142,0.044349070100143884,0.33333333333333337,0.3333333333333333,0.1875,0.0,0.1111111111111111,0.23076923076923078,0.0
0.11650485436893204,0.05032965578642155,0.19523809523809524,0.686868686868687,0.8483547925608015,0.33333333333333337,0.3333333333333333,0.375,0.0,0.2222222222222222,0.38461538461538464,0.03571428571428571
0.38834951456310673,0.08797839190538638,0.42142857142857143,0.787878787878788,0.5793991416309021,0.33333333333333337,0.3333333333333333,0.46875,0.0,0.2222222222222222,0.46153846153846156,0.10714285714285714
0.1844660194174757,0.030646558465777157,0.010317460317460317,0.4646464646464647,0.074391988555079,0.6666666666666666,0.6666666666666666,0.15625,0.0,0.07407407407407407,0.23076923076923078,0.0
0.21359223300970875,0.06415955821312126,0.08174603174603173,0.7171717171717172,0.4248927038626613,0.6666666666666666,0.6666666666666666,0.28125,0.0,0.14814814814814814,0.3076923076923077,0.03571428571428571
0.19417475728155337,0.08075062863192849,0.346031746031746,0.06060606060606061,0.8311874105865522,0.33333333333333337,0.3333333333333333,0.65625,0.4,0.25925925925925924,0.6923076923076923,0.17857142857142855
0.16504854368932037,0.023999302188481297,0.002380952380952381,0.8282828282828284,0.7610872675250357,0.33333333333333337,0.3333333333333333,0.09375,0.0,0.037037037037037035,0.15384615384615385,0.0
0.1262135922330097,0.13649584320897049,0.8051587301587302,0.7171717171717172,0.6065808297567958,0.0,0.0,0.75,0.8,0.25925925925925924,0.9230769230769231,0.17857142857142855
0.04854368932038833,0.13316018383724149,0.7880952380952381,0.32323232323232326,0.281831187410587,0.0,0.0,0.5625,0.8,0.18518518518518517,0.5384615384615385,0.21428571428571427
0.33009708737864074,0.12157711418843317,0.667063492063492,0.2828282828282829,0.12589413447782594,0.0,0.0,0.75,0.2,0.2222222222222222,1.0,0.17857142857142855
0.13592233009708737,0.05531810580266371,0.12658730158730158,0.20202020202020204,0.21745350500715332,0.33333333333333337,0.3333333333333333,0.375,0.2,0.2222222222222222,0.38461538461538464,0.03571428571428571
0.16504854368932037,0.02244276140861677,0.025396825396825397,0.10101010101010102,0.10300429184549387,0.33333333333333337,0.3333333333333333,0.1875,0.2,0.07407407407407407,0.23076923076923078,0.03571428571428571
0.3980582524271844,0.0614435073450678,0.09801587301587303,0.07070707070707072,0.8698140200286124,0.6666666666666666,0.6666666666666666,0.34375,0.2,0.14814814814814814,0.46153846153846156,0.03571428571428571
0.30097087378640774,0.03278360624180372,0.019444444444444445,0.6767676767676768,0.7696709585121608,0.33333333333333337,0.3333333333333333,0.125,0.0,0.037037037037037035,0.15384615384615385,0.03571428571428571
0.3398058252427184,0.11001209138924649,0.38055555555555554,0.48484848484848486,0.6838340486409162,0.6666666666666666,0.6666666666666666,0.71875,0.0,0.3333333333333333,0.9230769230769231,0.07142857142857142
0.43689320388349506,0.10433635718324771,0.5246031746031746,0.6161616161616162,0.71101573676681,0.33333333333333337,0.3333333333333333,0.8125,0.0,0.25925925925925924,1.0,0.21428571428571427
0.3106796116504854,0.06794638882539071,0.025,0.36363636363636365,0.14020028612303292,0.6666666666666666,0.6666666666666666,0.15625,0.0,0.07407407407407407,0.23076923076923078,0.0
0.35922330097087374,0.025506214131886376,0.021825396825396824,0.7777777777777778,0.7839771101573678,0.0,0.0,0.125,0.0,0.037037037037037035,0.15384615384615385,0.03571428571428571
0.3980582524271844,0.05340965145517764,0.01984126984126984,0.9090909090909092,0.6123032904148786,0.6666666666666666,0.6666666666666666,0.125,0.2,0.037037037037037035,0.15384615384615385,0.03571428571428571
0.2912621359223301,0.12136055199297376,0.5757936507936507,0.3535353535353536,0.15593705293276194,0.0,0.0,0.625,0.2,0.1111111111111111,0.9230769230769231,0.17857142857142855
0.3689320388349514,0.11070539119554362,0.22142857142857145,0.38383838383838387,0.5994277539341919,0.33333333333333337,0.3333333333333333,0.53125,0.0,0.18518518518518517,0.7692307692307693,0.07142857142857142
0.40776699029126207,0.10273770708759941,0.5948412698412698,0.4646464646464647,0.7095851216022897,0.33333333333333337,0.3333333333333333,0.6875,0.0,0.25925925925925924,0.38461538461538464,0.3571428571428571
0.2815533980582524,0.11642624252559644,0.22182539682539684,0.33333333333333337,0.09442060085836967,0.6666666666666666,0.6666666666666666,0.53125,0.0,0.2962962962962963,0.6153846153846154,0.03571428571428571
0.3203883495145631,0.11385607035865106,0.4444444444444445,0.7070707070707072,0.30758226037196046,0.0,0.0,0.6875,0.2,0.14814814814814814,1.0,0.17857142857142855
0.35922330097087374,0.08008891081246917,0.14007936507936508,0.5151515151515152,0.051502145922746934,0.33333333333333337,0.3333333333333333,0.40625,0.2,0.2222222222222222,0.46153846153846156,0.03571428571428571
0.24271844660194175,0.061168292888338124,0.014682539682539682,0.18181818181818182,0.28612303290414953,0.33333333333333337,0.3333333333333333,0.125,0.0,0.037037037037037035,0.23076923076923078,0.0
0.3106796116504854,0.08125744432546891,0.07103174603174603,0.9797979797979799,0.09442060085836967,0.33333333333333337,0.3333333333333333,0.25,0.2,0.14814814814814814,0.23076923076923078,0.03571428571428571
0.1262135922330097,0.05348183885366411,0.18055555555555555,0.32323232323232326,0.6251788268955654,0.33333333333333337,0.3333333333333333,0.4375,0.0,0.2222222222222222,0.38461538461538464,0.10714285714285714
0.49514563106796117,0.06594018070912087,0.05555555555555555,0.09090909090909091,0.04577968526466414,0.0,0.0,0.21875,0.2,0.1111111111111111,0.23076923076923078,0.03571428571428571
0.4757281553398057,0.10315428853303175,0.544047619047619,0.06060606060606061,0.7567954220314741,0.0,0.0,0.75,0.2,0.2222222222222222,1.0,0.17857142857142855
0.2621359223300971,0.08475402143965735,0.3123015873015873,0.8080808080808082,0.7510729613733913,0.33333333333333337,0.3333333333333333,0.65625,0.0,0.4074074074074074,0.5384615384615385,0.10714285714285714
0.4271844660194174,0.12041008457956856,0.5464285714285715,0.7474747474747475,0.874105865522175,0.0,0.0,0.6875,0.0,0.14814814814814814,0.5384615384615385,0.39285714285714285
0.4757281553398057,0.0400925803385589,0.009126984126984128,0.494949494949495,0.8383404864091561,0.0,0.0,0.09375,0.0,0.037037037037037035,0.15384615384615385,0.0
0.4854368932038834,0.0979116787179518,0.40793650793650793,0.21212121212121213,0.3919885550786839,0.0,0.0,0.71875,0.0,0.2222222222222222,1.0,0.14285714285714285
0.2621359223300971,0.10252264879627512,0.348015873015873,0.9595959595959597,0.5665236051502154,0.33333333333333337,0.3333333333333333,0.625,0.0,0.25925925925925924,0.7692307692307693,0.10714285714285714
0.4563106796116504,0.11825198214565011,0.8833333333333333,0.5656565656565657,0.6909871244635202,0.0,0.0,0.40625,0.6000000000000001,0.14814814814814814,0.38461538461538464,0.14285714285714285
0.3398058252427184,0.0926585415739259,0.43492063492063493,0.48484848484848486,0.8884120171673828,0.33333333333333337,0.3333333333333333,0.5,0.4,0.2962962962962963,0.38461538461538464,0.10714285714285714
0.21359223300970875,0.06505738898179675,0.14444444444444446,0.26262626262626265,0.9370529327610875,0.33333333333333337,0.3333333333333333,0.34375,0.0,0.18518518518518517,0.38461538461538464,0.03571428571428571
0.1553398058252427,0.045311127687476686,0.017063492063492065,0.030303030303030304,0.17453505007153147,0.33333333333333337,0.3333333333333333,0.125,0.0,0.037037037037037035,0.23076923076923078,0.0
0.4563106796116504,0.07495307819098379,0.18333333333333335,0.393939393939394,0.7181688125894139,0.33333333333333337,0.3333333333333333,0.46875,0.4,0.25925925925925924,0.5384615384615385,0.03571428571428571
0.24271844660194175,0.04307482223853123,0.015476190476190477,0.33333333333333337,0.7882689556509304,0.6666666666666666,0.6666666666666666,0.15625,0.0,0.07407407407407407,0.23076923076923078,0.0
0.16504854368932037,0.021481766666265625,0.013095238095238096,0.42424242424242425,0.6709585121602295,0.6666666666666666,0.6666666666666666,0.1875,0.0,0.037037037037037035,0.3076923076923077,0.03571428571428571
0.27184466019417475,0.059238783882960167,0.030158730158730156,0.8080808080808082,0.3361945636623753,0.6666666666666666,0.6666666666666666,0.1875,0.0,0.07407407407407407,0.23076923076923078,0.03571428571428571
0.24271844660194175,0.057197985971582224,0.06428571428571428,0.09090909090909091,0.47067238912732545,0.33333333333333337,0.3333333333333333,0.25,0.2,0.18518518518518517,0.15384615384615385,0.03571428571428571
0.3980582524271844,0.0556369334793123,0.015873015873015872,0.5252525252525253,0.0715307582260376,0.6666666666666666,0.6666666666666666,0.15625,0.0,0.037037037037037035,0.3076923076923077,0.0
0.23300970873786409,0.1146741942081644,0.2615079365079365,0.787878787878788,0.570815450643777,0.33333333333333337,0.3333333333333333,0.5625,0.0,0.25925925925925924,0.5384615384615385,0.14285714285714285
0.3106796116504854,0.092001335466872,0.24484126984126986,0.686868686868687,0.4177396280400574,0.33333333333333337,0.3333333333333333,0.53125,0.0,0.25925925925925924,0.6153846153846154,0.07142857142857142
0.16504854368932037,0.017750580506996162,0.017063492063492065,0.4545454545454546,0.6809728183118748,0.33333333333333337,0.3333333333333333,0.15625,0.0,0.07407407407407407,0.23076923076923078,0.0
0.20388349514563103,0.08685196770817041,0.18095238095238095,0.4747474747474748,0.356223175965666,0.33333333333333337,0.3333333333333333,0.4375,0.0,0.1111111111111111,0.6153846153846154,0.10714285714285714
0.1844660194174757,0.10585530035973387,0.4238095238095238,0.3434343434343435,0.4477825464949934,0.33333333333333337,0.3333333333333333,0.78125,0.0,0.3333333333333333,0.6923076923076923,0.25
0.09708737864077666,0.03041646113310153,0.01984126984126984,0.8181818181818182,0.4220314735336199,0.33333333333333337,0.3333333333333333,0.1875,0.0,0.07407407407407407,0.23076923076923078,0.03571428571428571
0.38834951456310673,0.09835683434195171,0.38531746031746034,0.7272727272727273,0.6580829756795428,0.33333333333333337,0.3333333333333333,0.71875,0.0,0.3333333333333333,0.9230769230769231,0.07142857142857142
0.1553398058252427,0.05274492582744805,0.005952380952380952,0.23232323232323235,0.018597997138770417,0.33333333333333337,0.3333333333333333,0.125,0.0,0.037037037037037035,0.23076923076923078,0.0
0.13592233009708737,0.10545826966805828,0.45396825396825397,0.29292929292929293,0.5965665236051505,0.0,0.0,0.5,0.0,0.07407407407407407,0.46153846153846156,0.2857142857142857
0.3398058252427184,0.03988203375964003,0.015079365079365078,0.8080808080808082,0.02002861230329067,0.0,0.0,0.15625,0.0,0.07407407407407407,0.23076923076923078,0.0
0.20388349514563103,0.06929689473874177,0.0869047619047619,0.30303030303030304,0.36051502145922765,0.33333333333333337,0.3333333333333333,0.25,0.2,0.1111111111111111,0.23076923076923078,0.07142857142857142
0.21359223300970875,0.03576133642937065,0.0380952380952381,0.15151515151515152,0.9284692417739633,0.33333333333333337,0.3333333333333333,0.1875,0.2,0.1111111111111111,0.23076923076923078,0.0
0.4854368932038834,0.07411540358771371,0.08095238095238094,0.8686868686868687,0.6251788268955654,0.0,0.0,0.28125,0.0,0.14814814814814814,0.3076923076923077,0.03571428571428571
0.10679611650485438,0.10356786217019383,0.3821428571428572,0.686868686868687,0.904148783977111,0.0,0.0,0.625,0.0,0.1111111111111111,0.9230769230769231,0.17857142857142855
0.4271844660194174,0.12587828001491871,0.46031746031746035,0.5454545454545455,0.5522174535050075,0.0,0.0,0.5,0.0,0.07407407407407407,0.5384615384615385,0.25
0.2815533980582524,0.06156081186760831,0.007539682539682541,0.4444444444444445,0.14735336194563686,0.33333333333333337,0.3333333333333333,0.125,0.0,0.037037037037037035,0.23076923076923078,0.0
0.3980582524271844,0.0614435073450678,0.09801587301587303,0.07070707070707072,0.8698140200286124,0.6666666666666666,0.6666666666666666,0.34375,0.2,0.14814814814814814,0.46153846153846156,0.03571428571428571
0.10679611650485438,0.04215443290782872,0.06349206349206349,0.8787878787878789,0.9570815450643781,0.33333333333333337,0.3333333333333333,0.25,0.0,0.1111111111111111,0.3076923076923077,0.03571428571428571
0.1844660194174757,0.04097086035347763,0.10476190476190475,0.595959595959596,0.8927038626609445,0.0,0.0,0.34375,0.0,0.18518518518518517,0.38461538461538464,0.03571428571428571
0.22330097087378642,0.05670470541525801,0.038492063492063494,0.16161616161616163,0.46781115879828405,0.33333333333333337,0.3333333333333333,0.1875,0.0,0.1111111111111111,0.15384615384615385,0.03571428571428571
0.11650485436893204,0.0957084591599793,0.18095238095238095,0.010101010101010102,0.4749642346208871,0.0,0.0,0.5625,0.0,0.07407407407407407,1.0,0.10714285714285714
0.16504854368932037,0.02776808595112913,0.016666666666666666,0.6464646464646465,0.799713876967096,0.33333333333333337,0.3333333333333333,0.15625,0.0,0.07407407407407407,0.23076923076923078,0.0
0.19417475728155337,0.061273566177797556,0.05515873015873016,0.7272727272727273,0.18884120171673846,0.6666666666666666,0.6666666666666666,0.21875,0.0,0.07407407407407407,0.3076923076923077,0.03571428571428571
0.27184466019417475,0.09453541393457415,0.528968253968254,0.98989898989899,0.8912732474964242,0.0,0.0,0.71875,0.0,0.3333333333333333,0.7692307692307693,0.14285714285714285
0.35922330097087374,0.10452434520013956,0.3619047619047619,0.9191919191919192,0.30472103004291906,0.33333333333333337,0.3333333333333333,0.71875,0.0,0.4074074074074074,0.7692307692307693,0.07142857142857142
0.24271844660194175,0.0494333289218812,0.12420634920634921,0.08080808080808081,0.778254649499285,0.6666666666666666,0.6666666666666666,0.375,0.2,0.18518518518518517,0.38461538461538464,0.07142857142857142
0.2815533980582524,0.0679373654005799,0.09841269841269842,0.20202020202020204,0.8626609442060094,0.6666666666666666,0.6666666666666666,0.3125,0.0,0.18518518518518517,0.3076923076923077,0.03571428571428571
0.22330097087378642,0.07123091545652514,0.19722222222222222,0.06060606060606061,0.9241773962804007,0.33333333333333337,0.3333333333333333,0.46875,0.0,0.2222222222222222,0.46153846153846156,0.10714285714285714
0.1262135922330097,0.05165158752120505,0.04523809523809524,0.5454545454545455,0.28898426323319093,0.33333333333333337,0.3333333333333333,0.1875,0.0,0.07407407407407407,0.3076923076923077,0.0
0.16504854368932037,0.08889426952368348,0.49404761904761907,0.7272727272727273,0.9585121602288993,0.6666666666666666,0.6666666666666666,0.5,0.0,0.07407407407407407,0.9230769230769231,0.07142857142857142
0.16504854368932037,0.11364702768386732,0.38253968253968257,0.4646464646464647,0.3419170243204581,0.33333333333333337,0.3333333333333333,0.71875,0.0,0.2222222222222222,0.8461538461538463,0.21428571428571427
0.44660194174757273,0.04857008794831382,0.028174603174603175,0.11111111111111112,0.4692417739628043,0.6666666666666666,0.6666666666666666,0.1875,0.0,0.07407407407407407,0.23076923076923078,0.03571428571428571
0.3203883495145631,0.07096622832874142,0.02261904761904762,0.21212121212121213,0.11158798283261806,0.6666666666666666,0.6666666666666666,0.15625,0.0,0.037037037037037035,0.3076923076923077,0.0
0.33009708737864074,0.12090186123175764,0.5464285714285715,0.8989898989898991,0.4549356223175973,0.0,0.0,0.78125,0.2,0.1111111111111111,1.0,0.3214285714285714
0.19417475728155337,0.05409092002839371,0.03134920634920635,0.8282828282828284,0.20314735336194634,0.33333333333333337,0.3333333333333333,0.1875,0.0,0.07407407407407407,0.23076923076923078,0.03571428571428571
0.4271844660194174,0.048642275346800296,0.09920634920634921,0.696969696969697,0.5021459227467817,0.6666666666666666,0.6666666666666666,0.28125,0.2,0.1111111111111111,0.23076923076923078,0.10714285714285714
0.3495145631067961,0.040289591780261556,0.015079365079365078,0.5555555555555556,0.5436337625178833,0.6666666666666666,0.6666666666666666,0.125,0.0,0.037037037037037035,0.15384615384615385,0.03571428571428571
0.3980582524271844,0.09144489093687212,0.15595238095238095,0.13131313131313133,0.38483547925608086,0.33333333333333337,0.3333333333333333,0.40625,0.0,0.1111111111111111,0.6153846153846154,0.07142857142857142
0.1844660194174757,0.05194936053996174,0.028174603174603175,0.8080808080808082,0.10586552217453526,0.33333333333333337,0.3333333333333333,0.1875,0.0,0.1111111111111111,0.23076923076923078,0.0
0.3106796116504854,0.09275178363030427,0.35595238095238096,0.9797979797979799,0.032904148783977405,0.6666666666666666,0.6666666666666666,0.40625,0.2,0.2222222222222222,0.3076923076923077,0.10714285714285714
0.14563106796116504,0.11135507778192187,0.3246031746031746,0.27272727272727276,0.0829756795422032,0.33333333333333337,0.3333333333333333,0.625,0.0,0.25925925925925924,0.6153846153846154,0.17857142857142855
0.19417475728155337,0.11532839250694804,0.4658730158730159,1.0,0.002861230329042286,0.33333333333333337,0.3333333333333333,0.75,0.0,0.25925925925925924,0.7692307692307693,0.25
0.21359223300970875,0.11124679668419216,0.7603174603174603,0.8787878787878789,0.8912732474964242,0.33333333333333337,0.3333333333333333,0.875,0.2,0.37037037037037035,1.0,0.17857142857142855
0.43689320388349506,0.08670759291119746,0.07142857142857142,0.8585858585858587,0.6108726752503584,0.6666666666666666,0.6666666666666666,0.25,0.0,0.1111111111111111,0.3076923076923077,0.03571428571428571
0.2912621359223301,0.05314797213566418,0.16984126984126985,0.30303030303030304,0.666666666666667,0.6666666666666666,0.6666666666666666,0.4375,0.2,0.18518518518518517,0.6153846153846154,0.03571428571428571
0.43689320388349506,0.0646062177412563,0.011507936507936509,0.8282828282828284,0.2432045779685268,0.6666666666666666,0.6666666666666666,0.125,0.2,0.037037037037037035,0.15384615384615385,0.03571428571428571
0.3689320388349514,0.07857447934838842,0.35793650793650794,0.21212121212121213,0.5522174535050075,0.33333333333333337,0.3333333333333333,0.6875,0.0,0.18518518518518517,0.9230769230769231,0.17857142857142855
0.2912621359223301,0.00814213698761986,0.1630952380952381,0.9292929292929294,0.2918454935622323,0.6666666666666666,0.6666666666666666,0.78125,0.0,0.8518518518518519,0.07692307692307693,0.03571428571428571
0.3106796116504854,0.02552275707737286,0.015476190476190477,0.9595959595959597,0.5579399141630903,0.6666666666666666,0.6666666666666666,0.1875,0.0,0.07407407407407407,0.3076923076923077,0.0
0.38834951456310673,0.13330455863421442,0.6281746031746032,0.020202020202020204,0.08869814020028688,0.0,0.0,0.5,0.2,0.14814814814814814,0.46153846153846156,0.21428571428571427
0.21359223300970875,0.09238332711719624,0.7111111111111111,0.7474747474747475,0.859799713876968,0.0,0.0,0.5,0.2,0.1111111111111111,0.6153846153846154,0.17857142857142855
0.2912621359223301,0.05418265818063693,0.013888888888888888,0.494949494949495,0.9055793991416312,0.6666666666666666,0.6666666666666666,0.125,0.0,0.037037037037037035,0.23076923076923078,0.0
0.3203883495145631,0.06771629149271509,0.4515873015873016,0.7171717171717172,0.844062947067239,0.33333333333333337,0.3333333333333333,0.46875,0.0,0.14814814814814814,0.5384615384615385,0.14285714285714285
0.2621359223300971,0.11731053815705572,0.3607142857142857,0.7272727272727273,0.001430615164521143,0.0,0.0,0.40625,0.2,0.14814814814814814,0.46153846153846156,0.10714285714285714
0.03883495145631066,0.09245551451568271,0.594047619047619,0.686868686868687,0.7510729613733913,0.0,0.0,0.34375,0.2,0.07407407407407407,0.46153846153846156,0.10714285714285714
0.40776699029126207,0.10578612076951767,0.528968253968254,0.04040404040404041,0.7153075822603725,0.33333333333333337,0.3333333333333333,0.53125,0.0,0.18518518518518517,0.6153846153846154,0.14285714285714285
0.1262135922330097,0.030243512157561027,0.00873015873015873,0.8080808080808082,0.49070100143061524,0.33333333333333337,0.3333333333333333,0.125,0.0,0.037037037037037035,0.23076923076923078,0.0
0.13592233009708737,0.08549995789068421,0.3007936507936508,0.15151515151515152,0.3919885550786839,0.33333333333333337,0.3333333333333333,0.625,0.2,0.3333333333333333,0.6923076923076923,0.07142857142857142
0.43689320388349506,0.1061034445420311,0.5261904761904762,0.7070707070707072,0.4935622317596575,0.0,0.0,0.65625,0.2,0.18518518518518517,0.6923076923076923,0.25
0.38834951456310673,0.07317546350325445,0.20634920634920637,0.9191919191919192,0.43204577968526525,0.6666666666666666,0.6666666666666666,0.5,0.0,0.2222222222222222,0.6153846153846154,0.07142857142857142
0.3398058252427184,0.04639995428131429,0.0015873015873015873,0.10101010101010102,0.02002861230329067,0.6666666666666666,0.6666666666666666,0.09375,0.0,0.037037037037037035,0.15384615384615385,0.0
0.33009708737864074,0.09149451977333156,0.3761904761904762,1.0,0.118741058655222,0.33333333333333337,0.3333333333333333,0.40625,0.2,0.18518518518518517,0.38461538461538464,0.10714285714285714
0.24271844660194175,0.06452500691795902,0.025,0.25252525252525254,0.3733905579399144,0.6666666666666666,0.6666666666666666,0.15625,0.0,0.07407407407407407,0.23076923076923078,0.0
0.24271844660194175,0.04750231601236811,0.05,0.3434343434343435,0.3834048640915597,0.6666666666666666,0.6666666666666666,0.21875,0.0,0.07407407407407407,0.3076923076923077,0.03571428571428571
0.27184466019417475,0.09359848165838516,0.348015873015873,0.5757575757575758,0.4635193133047215,0.33333333333333337,0.3333333333333333,0.625,0.0,0.14814814814814814,0.9230769230769231,0.14285714285714285
0.17475728155339804,0.07637276369455105,0.45396825396825397,0.8484848484848485,0.948497854077254,0.0,0.0,0.71875,0.0,0.3333333333333333,0.6923076923076923,0.17857142857142855
0.2621359223300971,0.03543649313618153,0.012698412698412698,0.5151515151515152,0.4105865522174543,0.33333333333333337,0.3333333333333333,0.125,0.0,0.037037037037037035,0.15384615384615385,0.03571428571428571
0.30097087378640774,0.07877600250249649,0.151984126984127,0.9797979797979799,0.44062947067238944,0.33333333333333337,0.3333333333333333,0.40625,0.0,0.18518518518518517,0.46153846153846156,0.07142857142857142
0.09708737864077666,0.11529530661597506,0.5646825396825397,0.13131313131313133,0.7138769670958514,0.0,0.0,0.46875,0.2,0.14814814814814814,0.38461538461538464,0.21428571428571427
0.3689320388349514,0.1188219618128662,0.6460317460317461,0.9292929292929294,0.5751072961373396,0.0,0.0,0.71875,0.0,0.1111111111111111,0.6923076923076923,0.39285714285714285
0.20388349514563103,0.031490248685587786,0.06666666666666668,0.30303030303030304,0.5765379113018598,0.33333333333333337,0.3333333333333333,0.21875,0.2,0.14814814814814814,0.15384615384615385,0.03571428571428571
0.08737864077669899,0.041366387141018084,0.0373015873015873,0.30303030303030304,0.3776824034334769,0.33333333333333337,0.3333333333333333,0.21875,0.0,0.14814814814814814,0.23076923076923078,0.0
0.35922330097087374,0.06494008445925623,0.08333333333333334,0.11111111111111112,0.6738197424892709,0.33333333333333337,0.3333333333333333,0.28125,0.0,0.14814814814814814,0.3076923076923077,0.03571428571428571
0.33009708737864074,0.07965127470914495,0.3666666666666667,0.7272727272727273,0.71101573676681,0.33333333333333337,0.3333333333333333,0.71875,0.0,0.2222222222222222,1.0,0.14285714285714285
0.21359223300970875,0.06986537050182273,0.08492063492063492,0.393939393939394,0.14449213161659547,0.33333333333333337,0.3333333333333333,0.28125,0.0,0.14814814814814814,0.3076923076923077,0.03571428571428571
0.1844660194174757,0.07982572758882057,0.06706349206349208,0.0,0.4163090128755371,0.6666666666666666,0.6666666666666666,0.25,0.2,0.07407407407407407,0.38461538461538464,0.03571428571428571
0.17475728155339804,0.05993057978512217,0.034523809523809526,0.15151515151515152,0.8097281831187413,0.6666666666666666,0.6666666666666666,0.1875,0.0,0.07407407407407407,0.23076923076923078,0.03571428571428571
0.2524271844660194,0.11821588844640687,0.4154761904761905,0.12121212121212122,0.4191702432045785,0.0,0.0,0.75,0.0,0.07407407407407407,1.0,0.3214285714285714
0.37864077669902907,0.06919914096995801,0.10714285714285715,0.5656565656565657,0.6638054363376256,0.33333333333333337,0.3333333333333333,0.34375,0.2,0.14814814814814814,0.46153846153846156,0.03571428571428571
0.3980582524271844,0.09210209704392604,0.23095238095238096,0.393939393939394,0.9942775393419172,0.33333333333333337,0.3333333333333333,0.4375,0.0,0.25925925925925924,0.23076923076923078,0.14285714285714285
0.40776699029126207,0.08362158162590083,0.6575396825396825,0.5555555555555556,0.9227467811158805,0.33333333333333337,0.3333333333333333,0.6875,0.2,0.2962962962962963,0.6923076923076923,0.17857142857142855
0.13592233009708737,0.04599390016482789,0.06111111111111111,0.6060606060606061,0.719599427753935,0.33333333333333337,0.3333333333333333,0.25,0.0,0.14814814814814814,0.3076923076923077,0.0
0.41747572815533973,0.1251594138383243,0.40436507936507937,0.7373737373737375,0.5593705293276114,0.0,0.0,0.53125,0.8,0.1111111111111111,0.3076923076923077,0.3571428571428571
0.27184466019417475,0.03811043468845122,0.011904761904761904,0.9090909090909092,0.09585121602288993,0.33333333333333337,0.3333333333333333,0.15625,0.0,0.07407407407407407,0.23076923076923078,0.0
0.37864077669902907,0.09988630484738381,0.4115079365079365,0.8686868686868687,0.43204577968526525,0.0,0.0,0.4375,0.0,0.14814814814814814,0.46153846153846156,0.14285714285714285
0.30097087378640774,0.09625738416930352,0.15476190476190477,0.37373737373737376,0.2918454935622323,0.6666666666666666,0.6666666666666666,0.4375,0.0,0.2222222222222222,0.46153846153846156,0.07142857142857142
0.20388349514563103,0.12799126532478314,0.21904761904761905,0.07070707070707072,0.9370529327610875,0.0,0.0,0.6875,0.8,0.2222222222222222,0.46153846153846156,0.3571428571428571
0.3203883495145631,0.003448452181864119,0.0015873015873015873,0.29292929292929293,0.008583690987125081,0.6666666666666666,0.6666666666666666,0.0,0.0,0.0,0.0,0.0
0.058252427184465994,0.042655232984828616,0.025396825396825397,0.19191919191919193,0.5092989985693857,0.0,0.0,0.15625,0.0,0.07407407407407407,0.23076923076923078,0.0
0.2912621359223301,0.08418103396417098,0.1908730158730159,0.14141414141414144,0.24177396280400654,0.33333333333333337,0.3333333333333333,0.46875,0.0,0.2962962962962963,0.46153846153846156,0.03571428571428571
0.07766990291262132,0.03500788045766811,0.011507936507936509,0.7272727272727273,0.2103004291845494,0.33333333333333337,0.3333333333333333,0.125,0.0,0.037037037037037035,0.23076923076923078,0.0
0.009708737864077666,0.12260879242513564,0.5396825396825397,0.5656565656565657,0.9284692417739633,0.0,0.0,0.84375,0.6000000000000001,0.18518518518518517,0.9230769230769231,0.3571428571428571
0.20388349514563103,0.030905229977020346,0.0031746031746031746,0.8585858585858587,0.5808297567954224,0.33333333333333337,0.3333333333333333,0.09375,0.0,0.037037037037037035,0.15384615384615385,0.0
0.17475728155339804,0.10591846433340953,0.553968253968254,0.6262626262626263,0.8698140200286124,0.0,0.0,0.625,0.0,0.14814814814814814,0.7692307692307693,0.21428571428571427
0.3398058252427184,0.09403912556997966,0.6226190476190476,0.010101010101010102,0.763948497854078,0.0,0.0,0.40625,0.2,0.14814814814814814,0.3076923076923077,0.17857142857142855
0.11650485436893204,0.12182074665832501,0.523015873015873,0.2828282828282829,0.4177396280400574,0.0,0.0,0.59375,0.2,0.2962962962962963,0.5384615384615385,0.14285714285714285
0.24271844660194175,0.10912328404538181,0.48095238095238096,0.7070707070707072,0.459227467811159,0.33333333333333337,0.3333333333333333,0.875,0.4,0.37037037037037035,0.7692307692307693,0.2857142857142857
0.43689320388349506,0.08495103288136001,0.03888888888888889,0.8484848484848485,0.8426323319027187,0.9999999999999999,1.0,0.1875,0.0,0.07407407407407407,0.3076923076923077,0.0
0.19417475728155337,0.029016326383291026,0.03134920634920635,0.8989898989898991,0.5150214592274684,0.0,0.0,0.1875,0.0,0.07407407407407407,0.3076923076923077,0.0
0.23300970873786409,0.10284598818532911,0.6075396825396826,0.7373737373737375,0.7424892703862662,0.0,0.0,0.6875,0.0,0.07407407407407407,0.9230769230769231,0.2857142857142857
0.10679611650485438,0.07861809256830732,0.2285714285714286,0.42424242424242425,0.9284692417739633,0.33333333333333337,0.3333333333333333,0.5,0.0,0.2962962962962963,0.5384615384615385,0.03571428571428571
0.2912621359223301,0.10126237713103216,0.3662698412698413,0.16161616161616163,0.8569384835479257,0.33333333333333337,0.3333333333333333,0.40625,0.0,0.18518518518518517,0.38461538461538464,0.10714285714285714
0.20388349514563103,0.014614940385240081,0.0035714285714285718,0.16161616161616163,0.28040057224606585,0.0,0.0,0.09375,0.0,0.037037037037037035,0.15384615384615385,0.0
0.16504854368932037,0.0903771190009264,0.1662698412698413,0.5656565656565657,0.4663805436337629,0.33333333333333337,0.3333333333333333,0.4375,0.0,0.14814814814814814,0.6153846153846154,0.07142857142857142
0.24271844660194175,0.10400399436938292,0.37896825396825395,0.6565656565656566,0.36909871244635273,0.33333333333333337,0.3333333333333333,0.40625,0.0,0.18518518518518517,0.3076923076923077,0.14285714285714285
0.13592233009708737,0.10133155672124836,0.6150793650793651,0.10101010101010102,0.8540772532188843,0.0,0.0,0.59375,0.4,0.2222222222222222,0.5384615384615385,0.21428571428571427
0.22330097087378642,0.08794530601441342,0.25833333333333336,0.13131313131313133,0.9012875536480687,0.6666666666666666,0.6666666666666666,0.5625,0.4,0.2962962962962963,0.5384615384615385,0.10714285714285714
0.27184466019417475,0.04686014894666554,0.01984126984126984,0.787878787878788,0.42346208869814106,0.6666666666666666,0.6666666666666666,0.1875,0.0,0.07407407407407407,0.23076923076923078,0.03571428571428571
0.11650485436893204,0.04964086769252981,0.005952380952380952,0.5151515151515152,0.07010014306151646,0.33333333333333337,0.3333333333333333,0.125,0.0,0.037037037037037035,0.23076923076923078,0.0
0.24271844660194175,0.04332447032496361,0.14365079365079367,0.27272727272727276,0.9098712446351938,0.33333333333333337,0.3333333333333333,0.40625,0.0,0.3333333333333333,0.3076923076923077,0.0
0.1844660194174757,0.12120865767532514,0.8936507936507937,0.30303030303030304,0.15879828326180334,0.0,0.0,0.65625,0.8,0.18518518518518517,0.46153846153846156,0.3571428571428571
0.2815533980582524,0.03746525981447839,0.014682539682539682,0.7171717171717172,0.17167381974249007,0.33333333333333337,0.3333333333333333,0.15625,0.0,0.07407407407407407,0.23076923076923078,0.0
0.3106796116504854,0.10256926982446431,0.4142857142857143,0.9797979797979799,0.5464949928469247,0.33333333333333337,0.3333333333333333,0.75,0.0,0.25925925925925924,0.8461538461538463,0.21428571428571427
0.23300970873786409,0.06432649157212122,0.017063492063492065,0.8383838383838385,0.10586552217453526,0.6666666666666666,0.6666666666666666,0.15625,0.0,0.07407407407407407,0.23076923076923078,0.0
0.46601941747572806,0.08793327478133234,0.2698412698412698,0.030303030303030304,0.7768240343347648,0.33333333333333337,0.3333333333333333,0.59375,0.0,0.2222222222222222,0.8461538461538463,0.07142857142857142
0.4271844660194174,0.07204903930603848,0.013492063492063493,0.7171717171717172,0.10157367668097361,0.33333333333333337,0.3333333333333333,0.125,0.0,0.037037037037037035,0.23076923076923078,0.0
0.08737864077669899,0.0332362813864793,0.015079365079365078,0.030303030303030304,0.20314735336194634,0.0,0.0,0.125,0.0,0.037037037037037035,0.23076923076923078,0.0
0.35922330097087374,0.04710378141655738,0.32936507936507936,0.15151515151515152,0.9756795422031477,0.0,0.0,0.5625,0.2,0.3333333333333333,0.6153846153846154,0.03571428571428571
0.3689320388349514,0.1070403768182201,0.5992063492063492,0.5252525252525253,0.22746781115879866,0.0,0.0,0.59375,0.2,0.1111111111111111,0.6923076923076923,0.25
0.43689320388349506,0.1022233718733833,0.4103174603174603,0.08080808080808081,0.7081545064377686,0.33333333333333337,0.3333333333333333,0.75,0.0,0.25925925925925924,0.7692307692307693,0.25
0.20388349514563103,0.10312270654619392,0.6313492063492063,0.8989898989898991,0.4992846924177403,0.33333333333333337,0.3333333333333333,0.71875,0.0,0.18518518518518517,1.0,0.17857142857142855
0.11650485436893204,0.10363854566454515,0.7234126984126984,0.6666666666666667,0.8898426323319031,0.0,0.0,0.53125,0.2,0.18518518518518517,0.3076923076923077,0.2857142857142857
0.2621359223300971,0.04311091593777446,0.011507936507936509,0.22222222222222224,0.08583690987124548,0.33333333333333337,0.3333333333333333,0.125,0.4,0.037037037037037035,0.15384615384615385,0.03571428571428571
0.27184466019417475,0.07351985755020032,0.05714285714285714,0.5656565656565657,0.10300429184549387,0.33333333333333337,0.3333333333333333,0.25,0.0,0.14814814814814814,0.3076923076923077,0.0
0.2621359223300971,0.09180131621689906,0.3734126984126984,0.7474747474747475,0.5808297567954224,0.33333333333333337,0.3333333333333333,0.6875,0.2,0.18518518518518517,0.8461538461538463,0.21428571428571427
0.10679611650485438,0.04296353333253125,0.009126984126984128,0.48484848484848486,0.05865522174535087,0.0,0.0,0.15625,0.0,0.037037037037037035,0.23076923076923078,0.03571428571428571
0.11650485436893204,0.07622237328103758,0.1765873015873016,0.6767676767676768,0.8626609442060094,0.33333333333333337,0.3333333333333333,0.46875,0.0,0.25925925925925924,0.5384615384615385,0.03571428571428571
0.37864077669902907,0.06380313293309431,0.01626984126984127,0.24242424242424243,0.23032904148784006,0.6666666666666666,0.6666666666666666,0.125,0.0,0.037037037037037035,0.15384615384615385,0.03571428571428571
0.24271844660194175,0.12820632361610743,0.6734126984126985,0.6767676767676768,0.3347639484978542,0.0,0.0,0.46875,0.4,0.18518518518518517,0.38461538461538464,0.17857142857142855
0.20388349514563103,0.11249503711635406,0.32341269841269843,0.38383838383838387,0.4191702432045785,0.6666666666666666,0.6666666666666666,0.65625,0.0,0.3333333333333333,0.5384615384615385,0.17857142857142855
0.13592233009708737,0.06068403575682471,0.1496031746031746,0.8686868686868687,0.6981402002861232,0.33333333333333337,0.3333333333333333,0.40625,0.2,0.2222222222222222,0.3076923076923077,0.10714285714285714
0.07766990291262132,0.09898095455803266,0.8416666666666667,0.9090909090909092,0.9542203147353367,0.0,0.0,0.59375,0.0,0.14814814814814814,0.38461538461538464,0.3571428571428571
0.06796116504854366,0.13037344947483667,0.819047619047619,0.8787878787878789,0.0829756795422032,0.0,0.0,0.59375,0.6000000000000001,0.14814814814814814,0.6153846153846154,0.25
0.10679611650485438,0.04425689088874719,0.026587301587301587,0.6262626262626263,0.741058655221746,0.33333333333333337,0.3333333333333333,0.15625,0.0,0.07407407407407407,0.23076923076923078,0.0
0.27184466019417475,0.09014551776411564,0.2884920634920635,0.23232323232323235,0.037195994277539945,0.33333333333333337,0.3333333333333333,0.625,0.4,0.37037037037037035,0.46153846153846156,0.14285714285714285
0.21359223300970875,0.10224893824368059,0.31587301587301586,1.0,0.048640915593705536,0.0,0.0,0.3125,0.0,0.07407407407407407,0.38461538461538464,0.10714285714285714
0.4563106796116504,0.07133017312944404,0.09166666666666667,0.29292929292929293,0.36051502145922765,0.33333333333333337,0.3333333333333333,0.3125,0.0,0.1111111111111111,0.46153846153846156,0.03571428571428571
0.17475728155339804,0.03481838853664112,0.02976190476190476,0.5252525252525253,0.94134477825465,0.33333333333333337,0.3333333333333333,0.125,0.2,0.037037037037037035,0.15384615384615385,0.03571428571428571
0.40776699029126207,0.13415276056643044,0.6666666666666666,0.9090909090909092,0.12875536480686733,0.0,0.0,0.4375,0.2,0.14814814814814814,0.3076923076923077,0.21428571428571427
0.49514563106796117,0.16844327875163925,0.10793650793650794,0.09090909090909091,0.04577968526466414,0.0,0.0,0.84375,0.0,1.0,0.0,0.0
0.44660194174757273,0.08656772982662993,0.19920634920634922,0.7171717171717172,0.5450643776824036,0.33333333333333337,0.3333333333333333,0.5,0.0,0.1111111111111111,0.6153846153846154,0.17857142857142855
0.3106796116504854,0.06621539516585055,0.025,0.13131313131313133,0.7024320457796858,0.6666666666666666,0.6666666666666666,0.15625,0.0,0.07407407407407407,0.23076923076923078,0.0
0.1262135922330097,0.030706714631182554,0.01746031746031746,0.16161616161616163,0.1101573676680978,0.0,0.0,0.125,0.0,0.037037037037037035,0.23076923076923078,0.0
0.08737864077669899,0.10777728984443616,0.15555555555555556,0.9494949494949496,0.14735336194563686,0.0,0.0,0.4375,0.0,0.14814814814814814,0.46153846153846156,0.14285714285714285
0.24271844660194175,0.04224316325180168,0.013492063492063493,0.7777777777777778,0.35479256080114485,0.33333333333333337,0.3333333333333333,0.1875,0.0,0.1111111111111111,0.23076923076923078,0.0
0.27184466019417475,0.06610861797225598,0.11944444444444444,0.20202020202020204,0.22174535050071587,0.33333333333333337,0.3333333333333333,0.375,0.2,0.1111111111111111,0.6153846153846154,0.03571428571428571
0.40776699029126207,0.09187350361538554,0.38531746031746034,0.5151515151515152,0.5922746781115888,0.0,0.0,0.40625,0.0,0.1111111111111111,0.46153846153846156,0.14285714285714285
0.24271844660194175,0.08837091088465657,0.40595238095238095,0.8181818181818182,0.42346208869814106,0.33333333333333337,0.3333333333333333,0.75,0.0,0.2222222222222222,0.5384615384615385,0.39285714285714285
0.09708737864077666,0.04738049977742219,0.025793650793650792,0.7171717171717172,0.20600858369098773,0.33333333333333337,0.3333333333333333,0.1875,0.0,0.1111111111111111,0.23076923076923078,0.0
0.35922330097087374,0.05108912737466463,0.01626984126984127,0.36363636363636365,0.6680972818311881,0.0,0.0,0.125,0.0,0.037037037037037035,0.23076923076923078,0.0
0.1553398058252427,0.04482386274769301,0.018253968253968255,0.9595959595959597,0.3948497854077262,0.33333333333333337,0.3333333333333333,0.125,0.2,0.037037037037037035,0.15384615384615385,0.03571428571428571
0.3495145631067961,0.13659359697775425,0.4992063492063492,0.32323232323232326,0.10014306151645247,0.0,0.0,0.65625,0.0,0.1111111111111111,1.0,0.17857142857142855
0.2524271844660194,0.09873732208814082,0.5892857142857143,0.32323232323232326,0.852646638054364,0.33333333333333337,0.3333333333333333,0.625,0.2,0.25925925925925924,0.38461538461538464,0.2857142857142857
0.24271844660194175,0.11857231372643381,0.6186507936507937,0.8585858585858587,0.8912732474964242,0.0,0.0,0.71875,0.0,0.14814814814814814,1.0,0.21428571428571427
0.2815533980582524,0.11450726084916443,0.7182539682539683,0.9393939393939394,0.9670958512160235,0.33333333333333337,0.3333333333333333,0.46875,0.6000000000000001,0.18518518518518517,0.38461538461538464,0.17857142857142855
0.3203883495145631,0.07601934622279437,0.4734126984126984,0.24242424242424243,0.7439198855507874,0.33333333333333337,0.3333333333333333,0.78125,0.0,0.37037037037037035,0.7692307692307693,0.17857142857142855
0.27184466019417475,0.08328169929136037,0.1630952380952381,0.4444444444444445,0.9642346208869821,0.33333333333333337,0.3333333333333333,0.5,0.6000000000000001,0.14814814814814814,0.6153846153846154,0.14285714285714285
0.058252427184465994,0.025865647220183596,0.031746031746031744,0.15151515151515152,0.7124463519313311,0.0,0.0,0.15625,0.0,0.037037037037037035,0.3076923076923077,0.0
0.14563106796116504,0.05159594306820506,0.016666666666666666,0.8282828282828284,0.5636623748211731,0.33333333333333337,0.3333333333333333,0.1875,0.0,0.1111111111111111,0.23076923076923078,0.0
0.19417475728155337,0.027747031293237245,0.05238095238095238,0.27272727272727276,0.7067238912732483,0.0,0.0,0.21875,0.0,0.07407407407407407,0.3076923076923077,0.03571428571428571
0.30097087378640774,0.04887688439188132,0.006349206349206349,0.7272727272727273,0.7868383404864092,0.6666666666666666,0.6666666666666666,0.09375,0.0,0.037037037037037035,0.15384615384615385,0.0
0.1844660194174757,0.04533970186604425,0.025793650793650792,0.07070707070707072,0.010014306151645336,0.33333333333333337,0.3333333333333333,0.15625,0.0,0.037037037037037035,0.3076923076923077,0.0
0.23300970873786409,0.10407317395959911,0.35873015873015873,0.5757575757575758,0.23032904148784006,0.33333333333333337,0.3333333333333333,0.625,0.0,0.2222222222222222,0.9230769230769231,0.07142857142857142
0.38834951456310673,0.13462799427313304,0.6630952380952381,0.8484848484848485,0.8826895565092991,0.0,0.0,0.6875,1.0,0.25925925925925924,0.46153846153846156,0.3214285714285714
0.5145631067961165,0.11409819892440776,0.6865079365079365,0.5353535353535354,0.38769670958512226,0.0,0.0,0.78125,0.2,0.25925925925925924,1.0,0.17857142857142855
0.35922330097087374,0.11918741051770396,0.47063492063492063,0.48484848484848486,0.7682403433476397,0.6666666666666666,0.6666666666666666,0.84375,0.0,0.4074074074074074,0.8461538461538463,0.17857142857142855
0.1844660194174757,0.0315383736179121,0.007539682539682541,0.020202020202020204,0.4248927038626613,0.33333333333333337,0.3333333333333333,0.125,0.0,0.037037037037037035,0.23076923076923078,0.0
0.2621359223300971,0.08043180095527991,0.46706349206349207,0.6565656565656566,0.8340486409155945,0.33333333333333337,0.3333333333333333,0.53125,0.4,0.14814814814814814,0.8461538461538463,0.07142857142857142
0.2524271844660194,0.10359944415703165,0.5059523809523809,0.4545454545454546,0.5307582260371966,0.0,0.0,0.40625,0.0,0.1111111111111111,0.5384615384615385,0.10714285714285714
0.37864077669902907,0.09492492510557407,0.5281746031746032,0.42424242424242425,0.8483547925608015,0.0,0.0,0.5625,0.2,0.3333333333333333,0.46153846153846156,0.10714285714285714
0.30097087378640774,0.09168401169435855,0.29523809523809524,0.29292929292929293,0.5393419170243208,0.6666666666666666,0.6666666666666666,0.59375,0.0,0.3333333333333333,0.5384615384615385,0.10714285714285714
0.21359223300970875,0.09051547818135881,0.034126984126984124,0.8383838383838385,0.31616595135908465,0.6666666666666666,0.6666666666666666,0.1875,0.0,0.07407407407407407,0.3076923076923077,0.0
0.4757281553398057,0.09886966565203267,0.1623015873015873,0.9393939393939394,0.3919885550786839,0.33333333333333337,0.3333333333333333,0.40625,0.0,0.14814814814814814,0.5384615384615385,0.07142857142857142
0.13592233009708737,0.02906896302802074,0.015476190476190477,0.4040404040404041,0.24749642346208933,0.33333333333333337,0.3333333333333333,0.1875,0.0,0.1111111111111111,0.23076923076923078,0.0
0.27184466019417475,0.04182808571050447,0.023015873015873017,0.4747474747474748,0.12732474964234708,0.6666666666666666,0.6666666666666666,0.1875,0.0,0.1111111111111111,0.15384615384615385,0.03571428571428571
0.43689320388349506,0.11154908141535426,0.35555555555555557,0.5050505050505051,0.6394849785407732,0.33333333333333337,0.3333333333333333,0.65625,0.0,0.2222222222222222,0.6923076923076923,0.21428571428571427
0.20388349514563103,0.05001082810977297,0.013095238095238096,0.4040404040404041,0.9456366237482126,0.6666666666666666,0.6666666666666666,0.125,0.0,0.037037037037037035,0.23076923076923078,0.0
0.38834951456310673,0.08010996547036106,0.17857142857142858,0.030303030303030304,0.6809728183118748,0.33333333333333337,0.3333333333333333,0.46875,0.2,0.14814814814814814,0.6923076923076923,0.07142857142857142
0.4563106796116504,0.0791444590156045,0.3055555555555556,0.6262626262626263,0.8397711015736773,0.33333333333333337,0.3333333333333333,0.65625,0.2,0.4074074074074074,0.6153846153846154,0.07142857142857142
0.35922330097087374,0.04889493124150294,0.003968253968253968,0.25252525252525254,0.14020028612303292,0.33333333333333337,0.3333333333333333,0.09375,0.0,0.0,0.23076923076923078,0.0
0.22330097087378642,0.0356124499199923,0.013095238095238096,0.48484848484848486,0.43204577968526525,0.33333333333333337,0.3333333333333333,0.15625,0.0,0.037037037037037035,0.3076923076923077,0.0
0.11650485436893204,0.1077186375831659,0.598015873015873,0.5656565656565657,0.2045779685264666,0.0,0.0,0.65625,0.8,0.18518518518518517,0.38461538461538464,0.39285714285714285
0.44660194174757273,0.039988810953234595,0.015079365079365078,0.686868686868687,0.7596566523605155,0.33333333333333337,0.3333333333333333,0.125,0.0,0.037037037037037035,0.23076923076923078,0.0
0.1844660194174757,0.033135519809425265,0.014682539682539682,0.6464646464646465,0.9885550786838344,0.33333333333333337,0.3333333333333333,0.125,0.0,0.037037037037037035,0.23076923076923078,0.0
0.11650485436893204,0.10653656893294994,0.4301587301587302,0.6767676767676768,0.09298998569384853,0.0,0.0,0.6875,0.0,0.14814814814814814,0.9230769230769231,0.21428571428571427
0.19417475728155337,0.04932655172828663,0.062301587301587295,0.9494949494949496,0.9341917024320461,0.33333333333333337,0.3333333333333333,0.21875,0.0,0.07407407407407407,0.23076923076923078,0.07142857142857142
0.43689320388349506,0.10386262738068025,0.5027777777777778,0.8282828282828284,0.7267525035765381,0.0,0.0,0.53125,0.0,0.1111111111111111,0.7692307692307693,0.14285714285714285
0.13592233009708737,0.09246153013222325,0.4634920634920635,0.030303030303030304,0.8640915593705296,0.0,0.0,0.5625,0.2,0.1111111111111111,0.5384615384615385,0.2857142857142857
0.21359223300970875,0.12356226764681111,0.32182539682539685,0.24242424242424243,0.012875536480686733,0.33333333333333337,0.3333333333333333,0.65625,0.0,0.14814814814814814,0.7692307692307693,0.25
0.27184466019417475,0.0516365484798537,0.02738095238095238,0.5454545454545455,0.6509298998569388,0.6666666666666666,0.6666666666666666,0.1875,0.0,0.1111111111111111,0.23076923076923078,0.0
0.40776699029126207,0.05740101302982543,0.05119047619047619,0.20202020202020204,0.7181688125894139,0.33333333333333337,0.3333333333333333,0.21875,0.0,0.1111111111111111,0.3076923076923077,0.0
0.5436893203883495,0.0743094072211461,0.06031746031746032,0.9696969696969697,0.5092989985693857,0.0,0.0,0.25,0.0,0.1111111111111111,0.3076923076923077,0.03571428571428571
0.19417475728155337,0.08302904339665772,0.22063492063492063,0.19191919191919193,0.4062947067238918,0.33333333333333337,0.3333333333333333,0.5,0.0,0.1111111111111111,0.7692307692307693,0.10714285714285714
0.43689320388349506,0.11902198106283912,0.5281746031746032,0.6060606060606061,0.06866952789699621,0.0,0.0,0.5625,0.0,0.14814814814814814,0.7692307692307693,0.14285714285714285
0.19417475728155337,0.10618315146119325,0.8281746031746032,0.020202020202020204,0.9799713876967102,0.0,0.0,0.6875,0.2,0.37037037037037035,0.6153846153846154,0.14285714285714285
0.3106796116504854,0.09033651358927776,0.18174603174603177,0.13131313131313133,0.311874105865523,0.0,0.0,0.46875,0.0,0.14814814814814814,0.6923076923076923,0.07142857142857142
0.44660194174757273,0.11296124739824584,0.44642857142857145,0.37373737373737376,0.08154506437768294,0.0,0.0,0.5,0.0,0.037037037037037035,0.5384615384615385,0.2857142857142857
0.19417475728155337,0.041730331941720704,0.005952380952380952,0.595959595959596,0.23319027181688146,0.33333333333333337,0.3333333333333333,0.125,0.0,0.037037037037037035,0.23076923076923078,0.0
0.38834951456310673,0.06807873238928258,0.14761904761904762,0.5555555555555556,0.8798283261802577,0.33333333333333337,0.3333333333333333,0.40625,0.2,0.18518518518518517,0.38461538461538464,0.10714285714285714
0.058252427184465994,0.14304083400507717,0.6107142857142858,0.6060606060606061,0.6180257510729614,0.0,0.0,0.84375,0.4,0.2222222222222222,0.7692307692307693,0.39285714285714285
0.44660194174757273,0.08244552859222541,0.05277777777777778,0.48484848484848486,0.07582260371960015,0.6666666666666666,0.6666666666666666,0.21875,0.0,0.07407407407407407,0.3076923076923077,0.03571428571428571
0.30097087378640774,0.10275124222481562,0.3996031746031746,0.38383838383838387,0.5164520743919887,0.33333333333333337,0.3333333333333333,0.71875,0.0,0.2962962962962963,0.7692307692307693,0.17857142857142855
0.33009708737864074,0.1051830552113286,0.6988095238095238,0.08080808080808081,0.5078683834048645,0.0,0.0,0.4375,0.8,0.18518518518518517,0.46153846153846156,0.10714285714285714
0.17475728155339804,0.06410992937666181,0.015873015873015872,0.19191919191919193,0.017167381974249274,0.6666666666666666,0.6666666666666666,0.1875,0.0,0.07407407407407407,0.3076923076923077,0.0
0.4271844660194174,0.05888837421947375,0.0619047619047619,0.32323232323232326,0.5994277539341919,0.6666666666666666,0.6666666666666666,0.21875,0.2,0.1111111111111111,0.23076923076923078,0.03571428571428571
0.2912621359223301,0.07090456825920088,0.05515873015873016,0.27272727272727276,0.25035765379113073,0.33333333333333337,0.3333333333333333,0.21875,0.0,0.1111111111111111,0.3076923076923077,0.0
0.4757281553398057,0.10941654535173309,0.6861111111111111,0.5858585858585859,0.4420600858369106,0.0,0.0,0.78125,0.0,0.2222222222222222,0.9230769230769231,0.25
0.23300970873786409,0.09436096105489851,0.3246031746031746,0.595959595959596,0.35765379113018625,0.33333333333333337,0.3333333333333333,0.625,0.0,0.2962962962962963,0.7692307692307693,0.07142857142857142
0.3203883495145631,0.1135387465861376,0.4496031746031746,0.29292929292929293,0.17310443490701033,0.33333333333333337,0.3333333333333333,0.8125,0.0,0.2222222222222222,0.9230769230769231,0.2857142857142857
0.4563106796116504,0.10664635393481478,0.5650793650793651,0.6060606060606061,0.696709585121603,0.0,0.0,0.625,0.4,0.1111111111111111,0.5384615384615385,0.3571428571428571
0.17475728155339804,0.12633997858440513,0.542063492063492,0.4141414141414142,0.22460658082975726,0.0,0.0,0.625,0.4,0.1111111111111111,0.8461538461538463,0.21428571428571427
0.2912621359223301,0.0811446515153338,0.3876984126984127,0.27272727272727276,0.7153075822603725,0.33333333333333337,0.3333333333333333,0.4375,0.2,0.2222222222222222,0.38461538461538464,0.10714285714285714
0.1262135922330097,0.056143749172852725,0.015476190476190477,0.2828282828282829,0.13733905579399153,0.33333333333333337,0.3333333333333333,0.125,0.2,0.037037037037037035,0.23076923076923078,0.0
0.24271844660194175,0.0494333289218812,0.12420634920634921,0.08080808080808081,0.778254649499285,0.6666666666666666,0.6666666666666666,0.375,0.2,0.18518518518518517,0.38461538461538464,0.07142857142857142
0.20388349514563103,0.058748511134906214,0.17023809523809524,0.18181818181818182,0.6409155937052935,0.33333333333333337,0.3333333333333333,0.4375,0.0,0.2222222222222222,0.38461538461538464,0.10714285714285714
0.24271844660194175,0.07964676299673953,0.07658730158730159,0.7676767676767677,0.3347639484978542,0.6666666666666666,0.6666666666666666,0.28125,0.0,0.1111111111111111,0.38461538461538464,0.03571428571428571
0.2621359223300971,0.004057533356593717,0.14047619047619048,0.0,0.38197424892703946,0.33333333333333337,0.3333333333333333,0.78125,0.0,0.9259259259259258,0.0,0.0
0.3203883495145631,0.0464736455839359,0.2265873015873016,0.32323232323232326,0.9957081545064383,0.0,0.0,0.5,0.0,0.14814814814814814,0.6153846153846154,0.14285714285714285
0.27184466019417475,0.05490152435723137,0.03293650793650794,0.020202020202020204,0.4034334763948504,0.6666666666666666,0.6666666666666666,0.21875,0.0,0.1111111111111111,0.3076923076923077,0.0
0.16504854368932037,0.05271334384061022,0.023015873015873017,0.16161616161616163,0.11444921316166035,0.33333333333333337,0.3333333333333333,0.15625,0.2,0.07407407407407407,0.15384615384615385,0.03571428571428571
0.11650485436893204,0.044598277127422786,0.00873015873015873,0.5656565656565657,0.8168812589413452,0.33333333333333337,0.3333333333333333,0.09375,0.4,0.037037037037037035,0.15384615384615385,0.0
0.11650485436893204,0.03434917044647906,0.07460317460317462,0.9797979797979799,0.696709585121603,0.33333333333333337,0.3333333333333333,0.25,0.0,0.14814814814814814,0.3076923076923077,0.0
0.21359223300970875,0.03576133642937065,0.0380952380952381,0.15151515151515152,0.9284692417739633,0.33333333333333337,0.3333333333333333,0.1875,0.2,0.1111111111111111,0.23076923076923078,0.0
0.43689320388349506,0.13973074100364546,0.8753968253968254,0.3535353535353536,0.1959942775393424,0.0,0.0,0.65625,0.4,0.18518518518518517,0.6923076923076923,0.25
0.33009708737864074,0.08559620775533285,0.05357142857142857,0.030303030303030304,0.5493562231759661,0.33333333333333337,0.3333333333333333,0.21875,0.0,0.07407407407407407,0.3076923076923077,0.03571428571428571
0.20388349514563103,0.0774074497395238,0.1626984126984127,0.494949494949495,0.7181688125894139,0.6666666666666666,0.6666666666666666,0.4375,0.0,0.2222222222222222,0.38461538461538464,0.10714285714285714
0.37864077669902907,0.03047511339437179,0.006746031746031746,0.04040404040404041,0.7896995708154515,0.33333333333333337,0.3333333333333333,0.09375,0.0,0.0,0.23076923076923078,0.0
0.17475728155339804,0.08329072271617118,0.10238095238095238,0.4545454545454546,0.7267525035765381,0.6666666666666666,0.6666666666666666,0.3125,0.0,0.14814814814814814,0.38461538461538464,0.03571428571428571
0.04854368932038833,0.07465831298049737,0.15396825396825398,0.37373737373737376,0.5321888412017168,0.0,0.0,0.34375,0.0,0.1111111111111111,0.23076923076923078,0.17857142857142855
0.09708737864077666,0.03270540322677671,0.05634920634920635,0.393939393939394,0.3590844062947074,0.33333333333333337,0.3333333333333333,0.21875,0.0,0.1111111111111111,0.3076923076923077,0.0
0.38834951456310673,0.0847991385637114,0.1738095238095238,0.38383838383838387,0.1101573676680978,0.33333333333333337,0.3333333333333333,0.4375,0.0,0.1111111111111111,0.6153846153846154,0.10714285714285714
0.3203883495145631,0.10713512277873359,0.775,0.08080808080808081,0.2789699570815456,0.0,0.0,0.5625,0.4,0.18518518518518517,0.6153846153846154,0.17857142857142855
0.24271844660194175,0.057240095287366004,0.06706349206349208,0.8989898989898991,0.6552217453505014,0.33333333333333337,0.3333333333333333,0.25,0.0,0.1111111111111111,0.3076923076923077,0.03571428571428571
0.4757281553398057,0.13532430188770048,0.8777777777777778,0.4747474747474748,0.3648068669527902,0.0,0.0,0.84375,0.4,0.3333333333333333,0.8461538461538463,0.25
0.3689320388349514,0.13947507730067255,0.669047619047619,0.7575757575757577,0.1244635193133048,0.33333333333333337,0.3333333333333333,0.46875,0.4,0.18518518518518517,0.38461538461538464,0.17857142857142855
0.3495145631067961,0.0179596231817799,0.007936507936507936,0.8686868686868687,0.6266094420600865,0.6666666666666666,0.6666666666666666,0.125,0.0,0.037037037037037035,0.23076923076923078,0.0
0.1553398058252427,0.14259567838107728,0.3190476190476191,0.04040404040404041,0.052932761087268076,0.0,0.0,0.65625,0.8,0.25925925925925924,0.6153846153846154,0.21428571428571427
0.20388349514563103,0.1165149728695694,0.3531746031746032,0.7373737373737375,0.9570815450643781,0.0,0.0,0.46875,0.4,0.2222222222222222,0.3076923076923077,0.17857142857142855
0.20388349514563103,0.08245755982530649,0.1900793650793651,0.4646464646464647,0.7882689556509304,0.33333333333333337,0.3333333333333333,0.46875,0.0,0.14814814814814814,0.6153846153846154,0.10714285714285714
0.22330097087378642,0.04649169243355752,0.1619047619047619,0.38383838383838387,0.7567954220314741,0.33333333333333337,0.3333333333333333,0.4375,0.2,0.25925925925925924,0.46153846153846156,0.03571428571428571
0.1553398058252427,0.09892079839262725,0.12936507936507938,0.7373737373737375,0.25464949928469327,0.33333333333333337,0.3333333333333333,0.34375,0.0,0.14814814814814814,0.46153846153846156,0.03571428571428571
0.2524271844660194,0.03380174934128999,0.007936507936507936,0.6666666666666667,0.6838340486409162,0.33333333333333337,0.3333333333333333,0.125,0.0,0.037037037037037035,0.23076923076923078,0.0
0.2815533980582524,0.040139201366748076,0.0031746031746031746,0.36363636363636365,0.2675250357653791,0.33333333333333337,0.3333333333333333,0.09375,0.0,0.037037037037037035,0.15384615384615385,0.0
0.2524271844660194,0.031956458967479576,0.04365079365079365,0.29292929292929293,0.9456366237482126,0.33333333333333337,0.3333333333333333,0.21875,0.2,0.1111111111111111,0.15384615384615385,0.07142857142857142
0.2912621359223301,0.04744667155936812,0.004365079365079365,0.29292929292929293,0.024320457796853212,0.0,0.0,0.09375,0.0,0.0,0.23076923076923078,0.0
0.23300970873786409,0.06721398751158006,0.034523809523809526,0.06060606060606061,0.4062947067238918,0.6666666666666666,0.6666666666666666,0.1875,0.0,0.07407407407407407,0.3076923076923077,0.0
0.1844660194174757,0.04306880662199069,0.01865079365079365,0.9797979797979799,0.3347639484978542,0.33333333333333337,0.3333333333333333,0.15625,0.0,0.07407407407407407,0.23076923076923078,0.0
0.2524271844660194,0.09317287678814201,0.578968253968254,0.6161616161616162,0.829756795422032,0.33333333333333337,0.3333333333333333,0.625,0.0,0.2962962962962963,0.6153846153846154,0.14285714285714285
0.3106796116504854,0.06001780622496,0.173015873015873,0.686868686868687,0.7167381974248928,0.33333333333333337,0.3333333333333333,0.40625,0.2,0.18518518518518517,0.23076923076923078,0.17857142857142855
0.35922330097087374,0.10087436986416738,0.11031746031746031,0.7373737373737375,0.40772532188841204,0.33333333333333337,0.3333333333333333,0.34375,0.0,0.1111111111111111,0.5384615384615385,0.03571428571428571
0.2912621359223301,0.09637619259597915,0.29444444444444445,0.9090909090909092,0.17024320457796893,0.33333333333333337,0.3333333333333333,0.625,0.0,0.2962962962962963,0.7692307692307693,0.07142857142857142
0.3689320388349514,0.10562520302705825,0.7400793650793651,0.8181818181818182,0.5793991416309021,0.0,0.0,0.5,0.0,0.18518518518518517,0.38461538461538464,0.21428571428571427
0.09708737864077666,0.05627007712020405,0.06349206349206349,0.010101010101010102,0.7153075822603725,0.33333333333333337,0.3333333333333333,0.25,0.0,0.14814814814814814,0.3076923076923077,0.0
0.1844660194174757,0.14309046284153662,0.7682539682539683,0.797979797979798,0.46781115879828405,0.0,0.0,0.71875,0.8,0.25925925925925924,0.6923076923076923,0.25
0.14563106796116504,0.04920022378093531,0.33095238095238094,0.9292929292929294,0.741058655221746,0.0,0.0,0.65625,0.0,0.4074074074074074,0.6153846153846154,0.07142857142857142
0.3689320388349514,0.10008632409735674,0.6547619047619048,0.31313131313131315,0.9885550786838344,0.0,0.0,0.75,0.2,0.07407407407407407,1.0,0.3214285714285714
0.20388349514563103,0.05346980762058303,0.0071428571428571435,0.4646464646464647,0.6537911301859802,0.6666666666666666,0.6666666666666666,0.09375,0.0,0.0,0.23076923076923078,0.0
0.1262135922330097,0.052726878977826436,0.024206349206349207,0.14141414141414144,0.6938483547925616,0.0,0.0,0.15625,0.2,0.07407407407407407,0.15384615384615385,0.03571428571428571
0.2815533980582524,0.03942183909428877,0.012698412698412698,0.8989898989898991,0.6294706723891279,0.6666666666666666,0.6666666666666666,0.15625,0.0,0.07407407407407407,0.23076923076923078,0.0
0.43689320388349506,0.030879663606723055,0.006349206349206349,0.31313131313131315,0.13018597997138848,0.6666666666666666,0.6666666666666666,0.125,0.0,0.037037037037037035,0.23076923076923078,0.0
0.23300970873786409,0.042907888879531265,0.006746031746031746,0.7575757575757577,0.918454935622318,0.9999999999999999,1.0,0.09375,0.0,0.0,0.23076923076923078,0.0
0.17475728155339804,0.04039035335731559,0.02896825396825397,0.42424242424242425,0.1959942775393424,0.33333333333333337,0.3333333333333333,0.1875,0.0,0.07407407407407407,0.3076923076923077,0.0
0.13592233009708737,0.06329180552714847,0.029365079365079365,0.5353535353535354,0.6437768240343349,0.33333333333333337,0.3333333333333333,0.15625,0.0,0.07407407407407407,0.23076923076923078,0.0
0.38834951456310673,0.06987890563903894,0.10317460317460317,0.5353535353535354,0.22746781115879866,0.6666666666666666,0.6666666666666666,0.34375,0.0,0.14814814814814814,0.38461538461538464,0.07142857142857142
0.4271844660194174,0.11323946966324579,0.4642857142857143,0.23232323232323235,0.20600858369098773,0.33333333333333337,0.3333333333333333,0.53125,0.0,0.2962962962962963,0.46153846153846156,0.10714285714285714
0.30097087378640774,0.10465969657230169,0.5158730158730159,0.5757575757575758,0.7124463519313311,0.33333333333333337,0.3333333333333333,0.8125,0.0,0.2962962962962963,1.0,0.17857142857142855
0.16504854368932037,0.04667366483390883,0.01626984126984127,0.494949494949495,0.18025751072961427,0.33333333333333337,0.3333333333333333,0.1875,0.0,0.07407407407407407,0.3076923076923077,0.0
0.30097087378640774,0.04202208934393686,0.007936507936507936,0.06060606060606061,0.6781115879828334,0.6666666666666666,0.6666666666666666,0.09375,0.0,0.0,0.23076923076923078,0.0
0.41747572815533973,0.032397102879074074,0.01626984126984127,0.29292929292929293,0.3648068669527902,0.0,0.0,0.125,0.0,0.037037037037037035,0.23076923076923078,0.0
0.4563106796116504,0.07246110903906541,0.34484126984126984,0.05050505050505051,0.9442060085836914,0.33333333333333337,0.3333333333333333,0.6875,0.4,0.37037037037037035,0.5384615384615385,0.17857142857142855
0.10679611650485438,0.008677526859727853,0.037698412698412696,0.98989898989899,0.9971387696709586,0.33333333333333337,0.3333333333333333,0.1875,0.0,0.07407407407407407,0.23076923076923078,0.03571428571428571
0.4757281553398057,0.09983968381919463,0.3670634920634921,0.8080808080808082,0.6809728183118748,0.33333333333333337,0.3333333333333333,0.71875,0.4,0.4074074074074074,0.3076923076923077,0.2857142857142857
0.3980582524271844,0.09849820133065437,0.34246031746031746,0.04040404040404041,0.30758226037196046,0.33333333333333337,0.3333333333333333,0.625,0.0,0.25925925925925924,0.8461538461538463,0.07142857142857142
0.19417475728155337,0.023940649927211042,0.015873015873015872,0.7070707070707072,0.32761087267525113,0.33333333333333337,0.3333333333333333,0.1875,0.0,0.1111111111111111,0.23076923076923078,0.0
0.20388349514563103,0.08148754165814454,0.498015873015873,0.32323232323232326,0.6094420600858372,0.33333333333333337,0.3333333333333333,0.78125,0.0,0.4074074074074074,0.6153846153846154,0.21428571428571427
0.11650485436893204,0.057643141595582134,0.1623015873015873,0.8282828282828284,0.3919885550786839,0.33333333333333337,0.3333333333333333,0.34375,0.2,0.2222222222222222,0.23076923076923078,0.07142857142857142
0.44660194174757273,0.08899352719660238,0.15357142857142858,0.27272727272727276,0.2947067238912737,0.33333333333333337,0.3333333333333333,0.40625,0.0,0.1111111111111111,0.5384615384615385,0.10714285714285714
0.1844660194174757,0.110687344345922,0.4380952380952381,0.9494949494949496,0.9055793991416312,0.6666666666666666,0.6666666666666666,0.78125,0.0,0.37037037037037035,0.9230769230769231,0.10714285714285714
0.43689320388349506,0.08866868390341326,0.2515873015873016,0.23232323232323235,0.5622317596566528,0.33333333333333337,0.3333333333333333,0.5625,0.0,0.14814814814814814,0.7692307692307693,0.14285714285714285
0.11650485436893204,0.05556925779323123,0.029365079365079365,0.9797979797979799,0.6552217453505014,0.33333333333333337,0.3333333333333333,0.15625,0.0,0.07407407407407407,0.23076923076923078,0.0
0.13592233009708737,0.08976202220965626,0.6587301587301587,0.25252525252525254,0.7238912732474967,0.0,0.0,0.71875,0.2,0.37037037037037035,0.7692307692307693,0.10714285714285714
0.04854368932038833,0.07224304293947087,0.27261904761904765,0.9292929292929294,0.6051502145922747,0.0,0.0,0.53125,0.0,0.18518518518518517,0.6153846153846154,0.14285714285714285
0.2524271844660194,0.1226328548912978,0.5503968253968254,0.98989898989899,0.918454935622318,0.9999999999999999,1.0,0.59375,0.0,0.14814814814814814,0.6923076923076923,0.21428571428571427
0.14563106796116504,0.041025000902342484,0.015476190476190477,0.19191919191919193,0.3032904148783979,0.33333333333333337,0.3333333333333333,0.15625,0.0,0.07407407407407407,0.23076923076923078,0.0
0.16504854368932037,0.06515965446298591,0.017857142857142856,0.8080808080808082,0.3004291845493565,0.33333333333333337,0.3333333333333333,0.15625,0.0,0.07407407407407407,0.23076923076923078,0.0
0.24271844660194175,0.05326828446647497,0.18333333333333335,0.8080808080808082,0.9384835479256086,0.33333333333333337,0.3333333333333333,0.40625,0.0,0.14814814814814814,0.46153846153846156,0.10714285714285714
0.2524271844660194,0.062096201739716306,0.0865079365079365,0.797979797979798,0.30185979971387766,0.33333333333333337,0.3333333333333333,0.28125,0.0,0.14814814814814814,0.3076923076923077,0.03571428571428571
0.35922330097087374,0.07733676624517247,0.060714285714285714,0.5050505050505051,0.028612303290414864,0.33333333333333337,0.3333333333333333,0.25,0.0,0.1111111111111111,0.3076923076923077,0.03571428571428571
0.22330097087378642,0.09561521710360095,0.4785714285714286,0.6060606060606061,0.4163090128755371,0.0,0.0,0.84375,0.4,0.25925925925925924,0.9230769230769231,0.2857142857142857
0.2524271844660194,0.11239728334757029,0.623015873015873,0.4444444444444445,0.9742489270386274,0.33333333333333337,0.3333333333333333,0.375,0.2,0.07407407407407407,0.38461538461538464,0.17857142857142855
0.4757281553398057,0.11928065257408231,0.4773809523809524,0.0,0.26323319027181746,0.0,0.0,0.65625,0.0,0.18518518518518517,0.7692307692307693,0.21428571428571427
0.43689320388349506,0.04683307867223312,0.015079365079365078,0.2828282828282829,0.6824034334763951,0.6666666666666666,0.6666666666666666,0.125,0.0,0.037037037037037035,0.23076923076923078,0.0
0.20388349514563103,0.0813176004908743,0.20714285714285716,0.3535353535353536,0.400572246065809,0.6666666666666666,0.6666666666666666,0.46875,0.2,0.25925925925925924,0.46153846153846156,0.07142857142857142
0.35922330097087374,0.11217620943970548,0.3678571428571429,0.494949494949495,0.010014306151645336,0.33333333333333337,0.3333333333333333,0.40625,0.0,0.2222222222222222,0.3076923076923077,0.10714285714285714
0.3980582524271844,0.05293291384433991,0.02619047619047619,0.4646464646464647,0.0386266094420602,0.6666666666666666,0.6666666666666666,0.1875,0.0,0.1111111111111111,0.23076923076923078,0.0
0.41747572815533973,0.0707797442159847,0.019444444444444445,0.9797979797979799,0.0042918454935625405,0.6666666666666666,0.6666666666666666,0.125,0.0,0.037037037037037035,0.23076923076923078,0.0
0.30097087378640774,0.032706907130911844,0.049206349206349205,0.5151515151515152,0.6680972818311881,0.0,0.0,0.1875,0.0,0.1111111111111111,0.23076923076923078,0.0
0.22330097087378642,0.10436793917008554,0.638888888888889,0.8080808080808082,0.9027181688125898,0.33333333333333337,0.3333333333333333,0.75,0.0,0.07407407407407407,0.9230769230769231,0.3571428571428571
0.19417475728155337,0.10294073414584261,0.4083333333333333,0.10101010101010102,0.49070100143061524,0.33333333333333337,0.3333333333333333,0.71875,0.0,0.25925925925925924,1.0,0.10714285714285714
0.44660194174757273,0.08682339352960285,0.4297619047619048,0.29292929292929293,0.7725321888412022,0.33333333333333337,0.3333333333333333,0.71875,0.0,0.3333333333333333,0.9230769230769231,0.07142857142857142
0.2621359223300971,0.07467109616564602,0.2841269841269841,0.5252525252525253,0.5822603719599435,0.6666666666666666,0.6666666666666666,0.5625,0.0,0.14814814814814814,0.3076923076923077,0.3571428571428571
0.2621359223300971,0.055089512374123226,0.05238095238095238,0.7474747474747475,0.26323319027181746,0.33333333333333337,0.3333333333333333,0.21875,0.0,0.1111111111111111,0.23076923076923078,0.03571428571428571
0.14563106796116504,0.07467109616564602,0.016666666666666666,0.8282828282828284,0.5636623748211731,0.33333333333333337,0.3333333333333333,0.1875,0.0,0.1111111111111111,0.23076923076923078,0.0
0.13592233009708737,0.1027286836627886,0.4916666666666667,0.5454545454545455,0.3533619456366246,0.0,0.0,0.5,0.0,0.14814814814814814,0.6153846153846154,0.14285714285714285
0.17475728155339804,0.06139538241274348,0.014285714285714287,0.9393939393939394,0.7625178826895569,0.6666666666666666,0.6666666666666666,0.15625,0.0,0.07407407407407407,0.23076923076923078,0.0
0.21359223300970875,0.09882906024038404,0.4638888888888889,0.6363636363636365,0.9814020028612305,0.33333333333333337,0.3333333333333333,0.84375,0.0,0.3333333333333333,0.9230769230769231,0.21428571428571427
0.43689320388349506,0.09822900249046525,0.39206349206349206,0.9292929292929294,0.7711015736766811,0.33333333333333337,0.3333333333333333,0.40625,0.0,0.14814814814814814,0.3076923076923077,0.17857142857142855
0.46601941747572806,0.060850969115824674,0.037698412698412696,0.4040404040404041,0.42346208869814106,0.0,0.0,0.1875,0.0,0.07407407407407407,0.23076923076923078,0.03571428571428571
0.4271844660194174,0.11411624577402937,0.6646825396825397,0.7070707070707072,0.8698140200286124,0.33333333333333337,0.3333333333333333,0.46875,0.0,0.14814814814814814,0.3076923076923077,0.25
0.11650485436893204,0.045163745082233475,0.036904761904761905,0.9696969696969697,0.1216022889842634,0.33333333333333337,0.3333333333333333,0.21875,0.0,0.1111111111111111,0.3076923076923077,0.0
0.16504854368932037,0.049057352888097504,0.017063492063492065,0.8181818181818182,0.3619456366237488,0.33333333333333337,0.3333333333333333,0.125,0.0,0.037037037037037035,0.23076923076923078,0.0
0.4563106796116504,0.07949787648736119,0.20396825396825397,0.6363636363636365,0.4692417739628043,0.33333333333333337,0.3333333333333333,0.5,0.0,0.2222222222222222,0.6153846153846154,0.07142857142857142
0.38834951456310673,0.10547782042181503,0.28174603174603174,0.8585858585858587,0.26609442060085886,0.33333333333333337,0.3333333333333333,0.59375,0.0,0.2222222222222222,0.7692307692307693,0.10714285714285714
0.2621359223300971,0.03543649313618153,0.012698412698412698,0.5151515151515152,0.4105865522174543,0.33333333333333337,0.3333333333333333,0.125,0.0,0.037037037037037035,0.15384615384615385,0.03571428571428571
0.08737864077669899,0.06056221952187879,0.2571428571428572,0.23232323232323235,0.7653791130185983,0.0,0.0,0.5625,0.2,0.18518518518518517,0.8461538461538463,0.07142857142857142
0.1262135922330097,0.10194966132078877,0.5753968253968254,0.9595959595959597,0.5107296137339059,0.0,0.0,0.625,0.0,0.3333333333333333,0.38461538461538464,0.21428571428571427
0.2524271844660194,0.09472039414319573,0.23690476190476192,0.11111111111111112,0.20314735336194634,0.33333333333333337,0.3333333333333333,0.53125,0.2,0.18518518518518517,0.5384615384615385,0.17857142857142855
0.1844660194174757,0.039340628270991496,0.008333333333333333,0.42424242424242425,0.5135908440629473,0.33333333333333337,0.3333333333333333,0.125,0.0,0.037037037037037035,0.15384615384615385,0.03571428571428571
0.3495145631067961,0.03066911702780418,0.038492063492063494,0.7777777777777778,0.13447782546495013,0.0,0.0,0.1875,0.0,0.07407407407407407,0.23076923076923078,0.03571428571428571
0.24271844660194175,0.07467109616564602,0.03650793650793651,0.8282828282828284,0.6909871244635202,0.6666666666666666,0.6666666666666666,0.1875,0.0,0.07407407407407407,0.23076923076923078,0.03571428571428571
0.40776699029126207,0.07467109616564602,0.08015873015873015,0.8383838383838385,0.5307582260371966,0.33333333333333337,0.3333333333333333,0.28125,0.0,0.14814814814814814,0.3076923076923077,0.03571428571428571
0.22330097087378642,0.0392112925153699,0.06785714285714287,0.4040404040404041,0.9613733905579407,0.33333333333333337,0.3333333333333333,0.21875,0.0,0.1111111111111111,0.3076923076923077,0.0
0.3980582524271844,0.07467109616564602,0.1765873015873016,0.9595959595959597,0.36337625178826904,0.33333333333333337,0.3333333333333333,0.375,0.0,0.2222222222222222,0.38461538461538464,0.03571428571428571
0.3495145631067961,0.07507639833006485,0.16984126984126985,0.32323232323232326,0.8569384835479257,0.33333333333333337,0.3333333333333333,0.40625,0.0,0.2222222222222222,0.38461538461538464,0.07142857142857142
0.07766990291262132,0.10039612834919451,0.540079365079365,0.48484848484848486,0.7610872675250357,0.0,0.0,0.90625,0.0,0.3333333333333333,1.0,0.25
0.5145631067961165,0.07467109616564602,0.6186507936507937,0.7575757575757577,0.34620886981402066,0.0,0.0,0.65625,0.4,0.18518518518518517,0.8461538461538463,0.17857142857142855
0.2621359223300971,0.08281398510533344,0.3952380952380952,0.24242424242424243,0.7124463519313311,0.33333333333333337,0.3333333333333333,0.75,0.0,0.2962962962962963,0.5384615384615385,0.3214285714285714
0.03883495145631066,0.12823790560294523,0.37936507936507935,0.6161616161616162,0.8025751072961373,0.0,0.0,0.53125,0.0,0.14814814814814814,0.5384615384615385,0.21428571428571427
0.35922330097087374,0.1174443856250827,0.6003968253968254,0.06060606060606061,0.12875536480686733,0.33333333333333337,0.3333333333333333,0.6875,0.2,0.2222222222222222,0.5384615384615385,0.3214285714285714
0.1553398058252427,0.0437606025241527,0.02023809523809524,0.16161616161616163,0.3834048640915597,0.33333333333333337,0.3333333333333333,0.1875,0.0,0.037037037037037035,0.3076923076923077,0.03571428571428571
0.24271844660194175,0.04869491199153001,0.006746031746031746,0.393939393939394,0.3361945636623753,0.33333333333333337,0.3333333333333333,0.09375,0.0,0.0,0.23076923076923078,0.0
0.21359223300970875,0.07765709782595619,0.15674603174603174,0.020202020202020204,0.43204577968526525,0.6666666666666666,0.6666666666666666,0.4375,0.2,0.18518518518518517,0.6153846153846154,0.03571428571428571
0.2621359223300971,0.031070659431885174,0.008333333333333333,0.494949494949495,0.3590844062947074,0.0,0.0,0.09375,0.0,0.037037037037037035,0.15384615384615385,0.0
0.19417475728155337,0.10465969657230169,0.13690476190476192,0.31313131313131315,0.0829756795422032,0.33333333333333337,0.3333333333333333,0.375,0.0,0.14814814814814814,0.5384615384615385,0.03571428571428571
0.029126213592232997,0.11657362513083966,0.48055555555555557,0.5858585858585859,0.7968526466380546,0.0,0.0,0.65625,0.6000000000000001,0.14814814814814814,0.5384615384615385,0.3571428571428571
0.4563106796116504,0.07246110903906541,0.34484126984126984,0.05050505050505051,0.9442060085836914,0.33333333333333337,0.3333333333333333,0.6875,0.4,0.37037037037037035,0.5384615384615385,0.17857142857142855
0.44660194174757273,0.07063687332314689,0.013888888888888888,0.9090909090909092,0.577968526466381,0.6666666666666666,0.6666666666666666,0.125,0.0,0.037037037037037035,0.23076923076923078,0.0
0.20388349514563103,0.11792713885246099,0.5404761904761904,0.4747474747474748,0.3891273247496425,0.0,0.0,0.5625,0.0,0.1111111111111111,0.6153846153846154,0.25
0.38834951456310673,0.07898805298555049,0.10277777777777777,0.25252525252525254,0.5679542203147356,0.6666666666666666,0.6666666666666666,0.3125,0.0,0.14814814814814814,0.38461538461538464,0.03571428571428571
0.19417475728155337,0.12061160773367663,0.8126984126984127,0.6060606060606061,0.9127324749642352,0.33333333333333337,0.3333333333333333,0.5625,0.6000000000000001,0.14814814814814814,0.7692307692307693,0.14285714285714285
0.20388349514563103,0.1117972255976515,0.544047619047619,0.6767676767676768,0.8254649499284694,0.33333333333333337,0.3333333333333333,0.28125,0.4,0.07407407407407407,0.3076923076923077,0.10714285714285714
0.19417475728155337,0.0774119614519292,0.015873015873015872,0.4040404040404041,0.14449213161659547,0.6666666666666666,0.6666666666666666,0.125,0.0,0.037037037037037035,0.23076923076923078,0.0
0.4563106796116504,0.09952987956735686,0.38531746031746034,0.6363636363636365,0.05436337625178833,0.33333333333333337,0.3333333333333333,0.75,0.0,0.2222222222222222,0.8461538461538463,0.25
0.11650485436893204,0.01965001142967143,0.018253968253968255,0.010101010101010102,0.9298998569384835,0.33333333333333337,0.3333333333333333,0.125,0.2,0.037037037037037035,0.23076923076923078,0.0
0.21359223300970875,0.11489526811602921,0.4996031746031746,0.8989898989898991,0.18597997138769706,0.33333333333333337,0.3333333333333333,0.5625,0.4,0.2962962962962963,0.46153846153846156,0.14285714285714285
0.23300970873786409,0.018735637715509464,0.027777777777777776,0.4040404040404041,0.6952789699570818,0.0,0.0,0.1875,0.0,0.07407407407407407,0.3076923076923077,0.0
0.09708737864077666,0.028115487806345273,0.020634920634920634,0.05050505050505051,0.8698140200286124,0.33333333333333337,0.3333333333333333,0.15625,0.0,0.07407407407407407,0.23076923076923078,0.0
0.33009708737864074,0.08559620775533285,0.05357142857142857,0.030303030303030304,0.5493562231759661,0.33333333333333337,0.3333333333333333,0.21875,0.0,0.07407407407407407,0.3076923076923077,0.03571428571428571
0.2524271844660194,0.10713361887459846,0.19523809523809524,0.010101010101010102,0.8025751072961373,0.33333333333333337,0.3333333333333333,0.53125,0.4,0.25925925925925924,0.6153846153846154,0.07142857142857142
0.4563106796116504,0.06981122995295788,0.10357142857142856,0.24242424242424243,0.5522174535050075,0.33333333333333337,0.3333333333333333,0.3125,0.0,0.18518518518518517,0.3076923076923077,0.03571428571428571
0.3398058252427184,0.12121768110013595,0.794047619047619,0.8989898989898991,0.9298998569384835,0.0,0.0,0.625,0.4,0.18518518518518517,0.9230769230769231,0.10714285714285714
0.3980582524271844,0.08503825932119782,0.24206349206349206,0.48484848484848486,0.5608011444921317,0.6666666666666666,0.6666666666666666,0.53125,0.0,0.2962962962962963,0.5384615384615385,0.07142857142857142
0.14563106796116504,0.06500324843293188,0.4031746031746032,0.31313131313131315,0.7939914163090132,0.0,0.0,0.71875,0.2,0.25925925925925924,1.0,0.10714285714285714
0.41747572815533973,0.04941377816812445,0.006746031746031746,0.686868686868687,0.06294706723891341,0.6666666666666666,0.6666666666666666,0.125,0.0,0.037037037037037035,0.23076923076923078,0.0
0.21359223300970875,0.062093193931446036,0.050793650793650794,0.4646464646464647,0.34334763948497926,0.33333333333333337,0.3333333333333333,0.1875,0.0,0.07407407407407407,0.15384615384615385,0.07142857142857142
0.40776699029126207,0.06618080537074245,0.17142857142857143,0.9292929292929294,0.4864091559370536,0.33333333333333337,0.3333333333333333,0.4375,0.0,0.25925925925925924,0.46153846153846156,0.03571428571428571
0.2621359223300971,0.0973717771334384,0.4,0.8080808080808082,0.296137339055794,0.33333333333333337,0.3333333333333333,0.75,0.0,0.2222222222222222,0.7692307692307693,0.2857142857142857
0.14563106796116504,0.03910601922591046,0.020634920634920634,0.16161616161616163,0.4391988555078692,0.33333333333333337,0.3333333333333333,0.15625,0.0,0.07407407407407407,0.23076923076923078,0.0
0.4271844660194174,0.10237827399930219,0.4099206349206349,0.5050505050505051,0.22746781115879866,0.33333333333333337,0.3333333333333333,0.78125,0.0,0.2222222222222222,0.8461538461538463,0.2857142857142857
0.33009708737864074,0.10600569077324735,0.6222222222222222,0.9393939393939394,0.6366237482117318,0.0,0.0,0.65625,0.0,0.1111111111111111,0.6153846153846154,0.3571428571428571
0.24271844660194175,0.0362260428071273,0.009126984126984128,0.5151515151515152,0.8855507868383405,0.33333333333333337,0.3333333333333333,0.09375,0.0,0.0,0.15384615384615385,0.03571428571428571
0.19417475728155337,0.05380818605098837,0.046825396825396826,0.24242424242424243,0.9370529327610875,0.33333333333333337,0.3333333333333333,0.21875,0.0,0.1111111111111111,0.3076923076923077,0.0
0.19417475728155337,0.03526053635237075,0.0031746031746031746,0.797979797979798,0.46208869814020037,0.6666666666666666,0.6666666666666666,0.09375,0.0,0.037037037037037035,0.15384615384615385,0.0
0.1553398058252427,0.06294741148020261,0.0503968253968254,0.26262626262626265,0.955650929899857,0.33333333333333337,0.3333333333333333,0.21875,0.0,0.1111111111111111,0.3076923076923077,0.0
0.38834951456310673,0.0774510629594427,0.2884920634920635,0.8686868686868687,0.9942775393419172,0.33333333333333337,0.3333333333333333,0.59375,0.0,0.18518518518518517,0.9230769230769231,0.07142857142857142
0.37864077669902907,0.07276790548263291,0.024206349206349207,0.686868686868687,0.012875536480686733,0.6666666666666666,0.6666666666666666,0.15625,0.2,0.037037037037037035,0.3076923076923077,0.0
0.23300970873786409,0.12508873034397294,0.6452380952380953,0.98989898989899,0.3834048640915597,0.0,0.0,0.71875,0.6000000000000001,0.18518518518518517,0.9230769230769231,0.21428571428571427
0.2912621359223301,0.08956651467208875,0.2392857142857143,0.3434343434343435,0.47353361945636685,0.33333333333333337,0.3333333333333333,0.5,0.0,0.25925925925925924,0.6153846153846154,0.03571428571428571
0.09708737864077666,0.12121918500427109,0.721031746031746,0.6060606060606061,0.65236051502146,0.0,0.0,0.53125,0.4,0.14814814814814814,0.7692307692307693,0.10714285714285714
0.30097087378640774,0.09548287353970908,0.5067460317460317,0.030303030303030304,0.9499284692417742,0.0,0.0,0.59375,0.2,0.2962962962962963,0.5384615384615385,0.14285714285714285
0.21359223300970875,0.04791438574539505,0.0011904761904761906,0.6565656565656566,0.34048640915593786,0.9999999999999999,1.0,0.09375,0.0,0.037037037037037035,0.15384615384615385,0.0
0.19417475728155337,0.04400724280231481,0.015079365079365078,0.8383838383838385,0.6194563662374826,0.33333333333333337,0.3333333333333333,0.125,0.0,0.037037037037037035,0.23076923076923078,0.0
0.19417475728155337,0.10614404995367975,0.7642857142857143,0.6464646464646465,0.6795422031473537,0.0,0.0,0.59375,0.4,0.18518518518518517,0.6153846153846154,0.21428571428571427
0.4563106796116504,0.2333968983481117,0.0011904761904761906,0.8585858585858587,0.43490701001430665,0.0,0.0,0.0,0.0,0.0,0.0,0.0
0.1553398058252427,0.021468231529049413,0.03888888888888889,0.696969696969697,0.9785407725321891,0.33333333333333337,0.3333333333333333,0.15625,0.0,0.07407407407407407,0.15384615384615385,0.03571428571428571
0.37864077669902907,0.09588441594379007,0.46190476190476193,0.48484848484848486,0.2432045779685268,0.0,0.0,0.4375,0.0,0.1111111111111111,0.46153846153846156,0.17857142857142855
0.30097087378640774,0.08566538734554904,0.15476190476190477,0.21212121212121213,0.12017167381974314,0.33333333333333337,0.3333333333333333,0.4375,0.0,0.2962962962962963,0.3076923076923077,0.07142857142857142
0.2621359223300971,0.058441714691338714,0.1003968253968254,0.30303030303030304,0.3862660944206011,0.6666666666666666,0.6666666666666666,0.3125,0.2,0.1111111111111111,0.23076923076923078,0.14285714285714285
0.2524271844660194,0.02835912027623711,0.007936507936507936,0.393939393939394,0.07010014306151646,0.33333333333333337,0.3333333333333333,0.125,0.0,0.037037037037037035,0.15384615384615385,0.03571428571428571
0.40776699029126207,0.09159828915865587,0.07142857142857142,0.7676767676767677,0.17167381974249007,0.33333333333333337,0.3333333333333333,0.28125,0.0,0.07407407407407407,0.38461538461538464,0.07142857142857142
0.2912621359223301,0.04166566406390991,0.06944444444444445,0.11111111111111112,0.9899856938483556,0.6666666666666666,0.6666666666666666,0.21875,0.2,0.1111111111111111,0.15384615384615385,0.07142857142857142
0.21359223300970875,0.026492775244534812,0.006746031746031746,0.26262626262626265,0.21459227467811193,0.33333333333333337,0.3333333333333333,0.125,0.0,0.037037037037037035,0.23076923076923078,0.0
0.24271844660194175,0.05121996703442136,0.015476190476190477,0.3434343434343435,0.22460658082975726,0.6666666666666666,0.6666666666666666,0.15625,0.0,0.07407407407407407,0.23076923076923078,0.0
0.27184466019417475,0.05303818713379934,0.03531746031746032,0.7272727272727273,0.733905579399142,0.6666666666666666,0.6666666666666666,0.21875,0.0,0.07407407407407407,0.3076923076923077,0.03571428571428571
0.37864077669902907,0.03279864528315507,0.030158730158730156,0.13131313131313133,0.17310443490701033,0.0,0.0,0.1875,0.0,0.07407407407407407,0.3076923076923077,0.0
0.22330097087378642,0.09565281470697931,0.3146825396825397,0.5858585858585859,0.23319027181688146,0.33333333333333337,0.3333333333333333,0.65625,0.4,0.3333333333333333,0.6153846153846154,0.14285714285714285
0.37864077669902907,0.11545321655016423,0.5273809523809524,0.12121212121212122,0.311874105865523,0.0,0.0,0.5625,0.4,0.4074074074074074,0.3076923076923077,0.10714285714285714
0.24271844660194175,0.04211232359204495,0.013095238095238096,0.23232323232323235,0.13733905579399153,0.33333333333333337,0.3333333333333333,0.125,0.0,0.07407407407407407,0.15384615384615385,0.0
0.3495145631067961,0.05947188902390606,0.022222222222222223,0.33333333333333337,0.13876967095851267,0.9999999999999999,1.0,0.21875,0.0,0.1111111111111111,0.23076923076923078,0.03571428571428571
0.22330097087378642,0.09292022089343936,0.11706349206349206,0.30303030303030304,0.512160228898427,0.6666666666666666,0.6666666666666666,0.375,0.0,0.14814814814814814,0.5384615384615385,0.03571428571428571
0.33009708737864074,0.061718721801797466,0.03293650793650794,0.15151515151515152,0.3719599427753941,0.33333333333333337,0.3333333333333333,0.1875,0.0,0.037037037037037035,0.3076923076923077,0.03571428571428571
0.3689320388349514,0.07194978163311957,0.019444444444444445,0.25252525252525254,0.28040057224606585,0.6666666666666666,0.6666666666666666,0.15625,0.0,0.07407407407407407,0.23076923076923078,0.0
0.23300970873786409,0.10148194713476184,0.7051587301587302,0.04040404040404041,0.9298998569384835,0.0,0.0,0.4375,0.2,0.18518518518518517,0.46153846153846156,0.10714285714285714
0.19417475728155337,0.0231871939555085,0.025,0.8080808080808082,0.21745350500715332,0.33333333333333337,0.3333333333333333,0.21875,0.0,0.1111111111111111,0.23076923076923078,0.03571428571428571
0.2621359223300971,0.058441714691338714,0.1003968253968254,0.30303030303030304,0.3862660944206011,0.6666666666666666,0.6666666666666666,0.3125,0.2,0.1111111111111111,0.23076923076923078,0.14285714285714285
0.19417475728155337,0.04335755621593657,0.010317460317460317,0.06060606060606061,0.5250357653791138,0.33333333333333337,0.3333333333333333,0.125,0.0,0.037037037037037035,0.23076923076923078,0.0
0.1262135922330097,0.04574274817426038,0.024206349206349207,0.16161616161616163,0.06866952789699621,0.33333333333333337,0.3333333333333333,0.1875,0.0,0.07407407407407407,0.3076923076923077,0.0
0.3106796116504854,0.0601305990350951,0.06706349206349208,0.5757575757575758,0.08726752503576574,0.6666666666666666,0.6666666666666666,0.25,0.0,0.1111111111111111,0.3076923076923077,0.03571428571428571
0.20388349514563103,0.048795673568584046,0.009126984126984128,0.09090909090909091,0.2260371959942784,0.33333333333333337,0.3333333333333333,0.125,0.0,0.037037037037037035,0.23076923076923078,0.0
0.3980582524271844,0.08534956747717073,0.2880952380952381,0.595959595959596,0.15593705293276194,0.33333333333333337,0.3333333333333333,0.625,0.2,0.25925925925925924,0.6923076923076923,0.14285714285714285
0.30097087378640774,0.08716026805587304,0.10674603174603176,0.787878787878788,0.22174535050071587,0.33333333333333337,0.3333333333333333,0.34375,0.0,0.14814814814814814,0.46153846153846156,0.03571428571428571
0.3106796116504854,0.08897999205938617,0.6730158730158731,0.9090909090909092,0.8955650929899859,0.33333333333333337,0.3333333333333333,0.71875,0.2,0.3333333333333333,0.3076923076923077,0.3571428571428571
0.1553398058252427,0.092135182934899,0.12182539682539684,0.7474747474747475,0.16738197424892753,0.33333333333333337,0.3333333333333333,0.375,0.0,0.2222222222222222,0.3076923076923077,0.07142857142857142
0.37864077669902907,0.06856298952079598,0.1623015873015873,0.10101010101010102,0.4749642346208871,0.33333333333333337,0.3333333333333333,0.4375,0.0,0.18518518518518517,0.6153846153846154,0.03571428571428571
0.4563106796116504,0.10997900549827351,0.6190476190476191,0.6363636363636365,0.5593705293276114,0.0,0.0,0.6875,0.2,0.2222222222222222,0.8461538461538463,0.17857142857142855
0.03883495145631066,0.020337295619428035,0.009523809523809525,0.13131313131313133,0.34907010014306206,0.33333333333333337,0.3333333333333333,0.125,0.0,0.037037037037037035,0.23076923076923078,0.0
0.21359223300970875,0.04486146035107138,0.03531746031746032,0.98989898989899,0.5293276108726754,0.33333333333333337,0.3333333333333333,0.1875,0.0,0.07407407407407407,0.23076923076923078,0.03571428571428571
0.40776699029126207,0.10578612076951767,0.528968253968254,0.04040404040404041,0.7153075822603725,0.33333333333333337,0.3333333333333333,0.53125,0.0,0.18518518518518517,0.6153846153846154,0.14285714285714285
0.058252427184465994,0.13451219365472766,0.43134920634920637,0.9494949494949496,0.6566523605150216,0.0,0.0,0.4375,1.0,0.14814814814814814,0.5384615384615385,0.10714285714285714
0.11650485436893204,0.13274961800834967,0.584920634920635,0.9191919191919192,0.26895565092990026,0.0,0.0,0.53125,0.6000000000000001,0.14814814814814814,0.38461538461538464,0.2857142857142857
0.14563106796116504,0.06051259068541935,0.019444444444444445,0.6666666666666667,0.311874105865523,0.6666666666666666,0.6666666666666666,0.125,0.0,0.037037037037037035,0.23076923076923078,0.0
0.30097087378640774,0.10156315795805912,0.22341269841269842,0.14141414141414144,0.1659513590844064,0.33333333333333337,0.3333333333333333,0.53125,0.2,0.3333333333333333,0.5384615384615385,0.03571428571428571
0.2524271844660194,0.0962137709493846,0.4738095238095238,0.7777777777777778,0.5236051502145926,0.0,0.0,0.8125,0.8,0.4074074074074074,0.9230769230769231,0.10714285714285714
0.20388349514563103,0.08903714041652129,0.34444444444444444,0.4141414141414142,0.23319027181688146,0.33333333333333337,0.3333333333333333,0.65625,0.0,0.2222222222222222,0.8461538461538463,0.14285714285714285
0.43689320388349506,0.10562670693119337,0.4793650793650794,0.21212121212121213,0.47925608011444965,0.33333333333333337,0.3333333333333333,0.4375,0.0,0.2222222222222222,0.38461538461538464,0.10714285714285714
0.3980582524271844,0.09546783449835773,0.2880952380952381,0.25252525252525254,0.15879828326180334,0.33333333333333337,0.3333333333333333,0.625,0.4,0.3333333333333333,0.6153846153846154,0.10714285714285714
0.20388349514563103,0.11646835184138023,0.8087301587301587,0.020202020202020204,0.763948497854078,0.0,0.0,0.5625,0.6000000000000001,0.18518518518518517,0.5384615384615385,0.21428571428571427
0.2815533980582524,0.11978596436348761,0.7492063492063492,0.5151515151515152,0.7925608011444929,0.0,0.0,0.5,0.0,0.14814814814814814,0.7692307692307693,0.07142857142857142
0.22330097087378642,0.07023533091906589,0.1662698412698413,0.030303030303030304,0.8855507868383405,0.33333333333333337,0.3333333333333333,0.4375,0.0,0.25925925925925924,0.46153846153846156,0.03571428571428571
0.24271844660194175,0.07697582925274012,0.2261904761904762,0.32323232323232326,0.7696709585121608,0.33333333333333337,0.3333333333333333,0.40625,0.2,0.25925925925925924,0.23076923076923078,0.10714285714285714
0.3980582524271844,0.05596929629317709,0.1,0.8484848484848485,0.35479256080114485,0.33333333333333337,0.3333333333333333,0.3125,0.0,0.1111111111111111,0.46153846153846156,0.03571428571428571
0.21359223300970875,0.03660051493677587,0.02023809523809524,0.494949494949495,0.3390557939914167,0.33333333333333337,0.3333333333333333,0.1875,0.0,0.1111111111111111,0.23076923076923078,0.0
0.23300970873786409,0.06405879663606723,0.21309523809523812,0.696969696969697,0.6852646638054365,0.33333333333333337,0.3333333333333333,0.53125,0.2,0.2962962962962963,0.5384615384615385,0.07142857142857142
0.3106796116504854,0.06134876138455431,0.047619047619047616,0.9696969696969697,0.09585121602288993,0.0,0.0,0.1875,0.0,0.037037037037037035,0.3076923076923077,0.03571428571428571
0.17475728155339804,0.03723215467353249,0.025396825396825397,0.23232323232323235,0.5793991416309021,0.33333333333333337,0.3333333333333333,0.1875,0.0,0.07407407407407407,0.23076923076923078,0.03571428571428571
0.37864077669902907,0.07745557467184812,0.013888888888888888,0.18181818181818182,0.14735336194563686,0.33333333333333337,0.3333333333333333,0.125,0.0,0.037037037037037035,0.23076923076923078,0.0
0.3495145631067961,0.09923661826100556,0.4011904761904762,0.08080808080808081,0.7653791130185983,0.33333333333333337,0.3333333333333333,0.75,0.2,0.25925925925925924,1.0,0.14285714285714285
0.23300970873786409,0.11204687368408388,0.35793650793650794,0.21212121212121213,0.2045779685264666,0.33333333333333337,0.3333333333333333,0.6875,0.2,0.2962962962962963,0.8461538461538463,0.10714285714285714
0.38834951456310673,0.1239021499813516,0.6194444444444445,0.6060606060606061,0.07010014306151646,0.0,0.0,0.71875,0.2,0.25925925925925924,0.46153846153846156,0.3571428571428571
0.37864077669902907,0.09588441594379007,0.46190476190476193,0.48484848484848486,0.2432045779685268,0.0,0.0,0.4375,0.0,0.1111111111111111,0.46153846153846156,0.17857142857142855
0.23300970873786409,0.03533272375085723,0.01626984126984127,0.36363636363636365,0.15021459227467826,0.33333333333333337,0.3333333333333333,0.15625,0.0,0.037037037037037035,0.23076923076923078,0.03571428571428571
0.1262135922330097,0.1321721188204579,0.6503968253968254,0.36363636363636365,0.6995708154506444,0.0,0.0,0.75,0.2,0.25925925925925924,0.9230769230769231,0.17857142857142855
0.24271844660194175,0.0588342336706089,0.02142857142857143,0.6363636363636365,0.7052932761087272,0.6666666666666666,0.6666666666666666,0.125,0.0,0.037037037037037035,0.15384615384615385,0.03571428571428571
0.4757281553398057,0.03870898853423487,0.004761904761904762,0.020202020202020204,0.9957081545064383,0.0,0.0,0.09375,0.0,0.0,0.23076923076923078,0.0
0.37864077669902907,0.12124023966216298,0.7333333333333334,0.38383838383838387,0.8583690987124468,0.0,0.0,0.75,0.6000000000000001,0.25925925925925924,0.7692307692307693,0.25
0.37864077669902907,0.10839088273157116,0.6043650793650793,0.6161616161616162,0.9971387696709586,0.33333333333333337,0.3333333333333333,0.625,0.4,0.3333333333333333,0.46153846153846156,0.17857142857142855
0.4271844660194174,0.010662680318105801,0.011904761904761904,0.5252525252525253,0.6638054363376256,0.6666666666666666,0.6666666666666666,0.1875,0.0,0.1111111111111111,0.23076923076923078,0.0
0.21359223300970875,0.06255038078852701,0.05396825396825397,0.25252525252525254,0.09871244635193133,0.0,0.0,0.21875,0.0,0.1111111111111111,0.3076923076923077,0.0
0.22330097087378642,0.08100478843076626,0.2146825396825397,0.6363636363636365,0.44635193133047224,0.33333333333333337,0.3333333333333333,0.46875,0.2,0.2222222222222222,0.23076923076923078,0.21428571428571427
0.40776699029126207,0.07334690857465982,0.19642857142857142,0.10101010101010102,0.5379113018598005,0.6666666666666666,0.6666666666666666,0.40625,0.4,0.18518518518518517,0.3076923076923077,0.14285714285714285
0.20388349514563103,0.053170530697691204,0.022222222222222223,0.6565656565656566,0.0042918454935625405,0.6666666666666666,0.6666666666666666,0.1875,0.0,0.1111111111111111,0.23076923076923078,0.0
0.058252427184465994,0.02173893427337368,0.04007936507936508,0.7171717171717172,0.4692417739628043,0.33333333333333337,0.3333333333333333,0.1875,0.0,0.07407407407407407,0.15384615384615385,0.07142857142857142
0.2621359223300971,0.0842201354716845,0.2773809523809524,0.0,0.8340486409155945,0.33333333333333337,0.3333333333333333,0.6875,0.0,0.2962962962962963,0.46153846153846156,0.2857142857142857
0.22330097087378642,0.07023533091906589,0.1662698412698413,0.030303030303030304,0.8855507868383405,0.33333333333333337,0.3333333333333333,0.4375,0.2,0.25925925925925924,0.46153846153846156,0.03571428571428571
0.17475728155339804,0.1083968983481117,0.33492063492063495,0.888888888888889,0.7768240343347648,0.33333333333333337,0.3333333333333333,0.65625,0.0,0.18518518518518517,0.8461538461538463,0.17857142857142855
0.058252427184465994,0.025865647220183596,0.031746031746031744,0.15151515151515152,0.7124463519313311,0.0,0.0,0.15625,0.0,0.037037037037037035,0.3076923076923077,0.0
0.27184466019417475,0.051377876968610514,0.07698412698412699,0.8080808080808082,0.8898426323319031,0.6666666666666666,0.6666666666666666,0.28125,0.0,0.1111111111111111,0.38461538461538464,0.03571428571428571
0.1553398058252427,0.08915745274733207,0.4531746031746032,0.17171717171717174,0.9828326180257516,0.33333333333333337,0.3333333333333333,0.5,0.0,0.3333333333333333,0.3076923076923077,0.10714285714285714
0.40776699029126207,0.04573974036599011,0.019444444444444445,0.7676767676767677,0.14020028612303292,0.6666666666666666,0.6666666666666666,0.1875,0.2,0.07407407407407407,0.23076923076923078,0.03571428571428571
0.3203883495145631,0.019833487734157874,0.015079365079365078,0.5252525252525253,0.8140200286123038,0.33333333333333337,0.3333333333333333,0.125,0.0,0.037037037037037035,0.23076923076923078,0.0
0.3203883495145631,0.06529350193101291,0.01904761904761905,0.2828282828282829,0.4992846924177403,0.6666666666666666,0.6666666666666666,0.125,0.0,0.037037037037037035,0.15384615384615385,0.03571428571428571
0.3980582524271844,0.06021481766666266,0.20476190476190476,0.31313131313131315,0.7167381974248928,0.33333333333333337,0.3333333333333333,0.5,0.0,0.2962962962962963,0.5384615384615385,0.03571428571428571
0.14563106796116504,0.13023057858199888,0.6420634920634921,0.42424242424242425,0.20600858369098773,0.0,0.0,0.53125,0.0,0.2222222222222222,0.6923076923076923,0.07142857142857142
0.44660194174757273,0.054627813804636834,0.015873015873015872,0.24242424242424243,0.08440629470672434,0.6666666666666666,0.6666666666666666,0.15625,0.0,0.07407407407407407,0.23076923076923078,0.0
0.009708737864077666,0.11863848550837976,0.5674603174603174,0.42424242424242425,0.8941344778254656,0.0,0.0,0.5625,0.0,0.14814814814814814,0.6153846153846154,0.21428571428571427
0.19417475728155337,0.005376457283106945,0.010714285714285714,0.12121212121212122,0.4778254649499285,0.33333333333333337,0.3333333333333333,0.03125,0.0,0.037037037037037035,0.0,0.0
0.40776699029126207,0.052752445348123726,0.004365079365079365,0.888888888888889,0.7954220314735343,0.6666666666666666,0.6666666666666666,0.09375,0.0,0.037037037037037035,0.15384615384615385,0.0
0.1262135922330097,0.04014972869569402,0.01865079365079365,0.6767676767676768,0.6652360515021467,0.33333333333333337,0.3333333333333333,0.15625,0.0,0.07407407407407407,0.23076923076923078,0.0
0.46601941747572806,0.12076650985959551,0.4876984126984127,0.5454545454545455,0.1216022889842634,0.0,0.0,0.53125,0.0,0.14814814814814814,0.5384615384615385,0.21428571428571427
0.17475728155339804,0.031649662523912075,0.003968253968253968,0.4040404040404041,0.5364806866952794,0.33333333333333337,0.3333333333333333,0.09375,0.0,0.037037037037037035,0.15384615384615385,0.0
0.10679611650485438,0.05770630556925779,0.1626984126984127,0.7373737373737375,0.8912732474964242,0.33333333333333337,0.3333333333333333,0.40625,0.0,0.2222222222222222,0.46153846153846156,0.03571428571428571
0.16504854368932037,0.08466228328741413,0.18452380952380953,0.8181818181818182,0.30758226037196046,0.33333333333333337,0.3333333333333333,0.46875,0.0,0.1111111111111111,0.7692307692307693,0.07142857142857142
0.13592233009708737,0.11135958949432727,0.5686507936507936,0.12121212121212122,0.5150214592274684,0.0,0.0,0.625,0.6000000000000001,0.1111111111111111,0.8461538461538463,0.21428571428571427
0.16504854368932037,0.008677526859727853,0.01904761904761905,0.07070707070707072,0.5979971387696716,0.33333333333333337,0.3333333333333333,0.21875,0.0,0.1111111111111111,0.15384615384615385,0.07142857142857142
0.3203883495145631,0.04787227642961127,0.018253968253968255,0.33333333333333337,0.005722460658083683,0.9999999999999999,1.0,0.1875,0.0,0.07407407407407407,0.3076923076923077,0.0
0.2524271844660194,0.0840862880036575,0.26746031746031745,0.24242424242424243,0.24463519313304793,0.33333333333333337,0.3333333333333333,0.59375,0.2,0.25925925925925924,0.46153846153846156,0.21428571428571427
0.27184466019417475,0.08545784857490044,0.23055555555555557,0.5555555555555556,0.9170243204577977,0.6666666666666666,0.6666666666666666,0.5,0.0,0.2962962962962963,0.46153846153846156,0.07142857142857142
0.16504854368932037,0.09331273987270955,0.2571428571428572,0.8787878787878789,0.6609442060085842,0.6666666666666666,0.6666666666666666,0.5625,0.0,0.4074074074074074,0.46153846153846156,0.03571428571428571
0.33009708737864074,0.08457505684757631,0.18373015873015874,0.393939393939394,0.6909871244635202,0.33333333333333337,0.3333333333333333,0.4375,0.0,0.14814814814814814,0.6153846153846154,0.07142857142857142
0.17475728155339804,0.07467109616564602,0.6642857142857143,0.5353535353535354,0.9814020028612305,0.0,0.0,0.03125,0.2,0.0,0.07692307692307693,0.0
0.23300970873786409,0.03414463948410073,0.017857142857142856,0.09090909090909091,0.060085836909872015,0.6666666666666666,0.6666666666666666,0.15625,0.0,0.07407407407407407,0.15384615384615385,0.03571428571428571
0.11650485436893204,0.013959238182321304,0.03134920634920635,0.8282828282828284,0.6723891273247498,0.33333333333333337,0.3333333333333333,0.1875,0.2,0.1111111111111111,0.15384615384615385,0.03571428571428571
0.2524271844660194,0.06477615890852653,0.4142857142857143,0.7171717171717172,0.9685264663805437,0.0,0.0,0.78125,0.0,0.3333333333333333,0.9230769230769231,0.14285714285714285
0.09708737864077666,0.037726939133991846,0.006746031746031746,0.5050505050505051,0.9742489270386274,0.0,0.0,0.09375,0.0,0.0,0.23076923076923078,0.0
0.1844660194174757,1.0,0.02261904761904762,0.23232323232323235,0.5608011444921317,0.33333333333333337,0.3333333333333333,0.21875,0.0,0.1111111111111111,0.23076923076923078,0.03571428571428571
0.21359223300970875,0.04916413008169207,0.00992063492063492,0.8181818181818182,0.5193133047210301,0.33333333333333337,0.3333333333333333,0.09375,0.0,0.037037037037037035,0.15384615384615385,0.0
0.2815533980582524,0.08947176871157525,0.5301587301587302,0.4646464646464647,0.5450643776824036,0.33333333333333337,0.3333333333333333,0.5,0.0,0.3333333333333333,0.3076923076923077,0.10714285714285714
0.4854368932038834,0.0936691651527365,0.17420634920634923,0.5656565656565657,0.02718168812589461,0.9999999999999999,1.0,0.46875,0.2,0.2962962962962963,0.38461538461538464,0.07142857142857142
0.14563106796116504,0.08309220737033339,0.4904761904761905,0.9191919191919192,0.22174535050071587,0.0,0.0,0.5625,0.2,0.07407407407407407,1.0,0.10714285714285714
0.38834951456310673,0.1015360876836267,0.3325396825396825,0.08080808080808081,0.22317596566523612,0.33333333333333337,0.3333333333333333,0.65625,0.0,0.2222222222222222,0.7692307692307693,0.17857142857142855
0.40776699029126207,0.07690815356665905,0.06626984126984126,0.4040404040404041,0.8898426323319031,0.6666666666666666,0.6666666666666666,0.25,0.2,0.1111111111111111,0.3076923076923077,0.03571428571428571
