Customer_Age,Income,Total_Spending,Recency,Customer_Tenure,Family_Size,Total_Children,Purchase_Frequency,Accepted_Campaigns,NumWebPurchases,NumStorePurchases,NumCatalogPurchases
0.9853447295662141,0.23569583676205916,1.6794168065208526,0.30703926349227456,1.5311849391061043,-1.2645053004571831,-1.2645053004571831,1.3135442610892414,0.6212482450794252,1.409303937080072,-0.5507847897348009,2.5108902417547814
1.2357329535285873,-0.235454185332179,-0.9612754470850355,-0.38366417634974903,-1.1905445831804458,1.3963607145959784,1.3963607145959784,-1.185021791046354,-0.5019124239907221,-1.1104093734576166,-1.1661254027053516,-0.5687196185467573
0.3176427989998855,0.7739989186443602,0.2826732937645306,-0.7980862402549632,-0.2057733560258577,-1.2645053004571831,-1.2645053004571831,1.0359258108519531,-0.5019124239907221,1.409303937080072,1.2952370491768512,-0.22654074517991973
-1.2681492860951449,-1.0223554177564882,-0.9180943158939959,-0.7980862402549632,-1.0618810057632635,0.06592770706939767,0.06592770706939752,-0.9074033408090657,-0.5019124239907221,-0.7504503290950897,-0.5507847897348009,-0.9108984919135951
-1.0177610621327717,0.24188782026423034,-0.30525441552885585,1.550305455207917,-0.9530118248718014,0.06592770706939767,0.06592770706939752,0.20307046014008784,-0.5019124239907221,0.3294268039924911,0.06455582323574982,0.11563812818691793
0.15071731635830335,0.41046956464592316,0.18302452947751596,-1.143437960175975,-0.29979673952302943,0.06592770706939767,0.06592770706939752,1.0359258108519531,-0.5019124239907221,0.689385848355018,1.2952370491768512,0.4578170015537556
-0.18313364892486095,0.13570529027215936,-0.026237875525214806,-0.5218048643181538,1.1847829999059978,0.06592770706939767,0.06592770706939752,0.6194981354960204,-0.5019124239907221,1.049344892717545,0.3722261297210252,0.11563812818691793
-1.351612027415936,-0.7503875230288662,-0.7254400382724343,-0.5908752083023561,0.31382955277430186,0.06592770706939767,0.06592770706939752,-0.6297848905717773,-0.5019124239907221,-0.03053224037003586,-0.5507847897348009,-0.9108984919135951
-0.43352187288723415,-0.8743470379142674,-0.9297200050608143,-1.0398324441996714,0.17032017796282922,0.06592770706939767,0.06592770706939752,-1.04621256592771,0.6212482450794252,-0.3904912847325628,-1.1661254027053516,-0.9108984919135951
1.5695839188117515,-1.861189415037717,-0.9247375668464636,0.6523909834132863,-1.2152875788375963,1.3963607145959784,1.3963607145959784,-1.6014494664022867,0.6212482450794252,-1.1104093734576166,-1.7814660156759023,-0.9108984919135951
-1.1846865447743538,-0.0342147215116156,-0.9745619489899708,-1.3161138201364808,-0.6313528813288455,0.06592770706939767,0.06592770706939752,-1.3238310161649984,-0.5019124239907221,-1.1104093734576166,-1.1661254027053516,-0.9108984919135951
-0.6004473555288163,-1.7872051992569362,-0.9048078139890606,0.3415744354843757,1.1847829999059978,-1.2645053004571831,-1.2645053004571831,-1.04621256592771,-0.5019124239907221,-0.7504503290950897,-0.8584550962200763,-0.9108984919135951
0.818419246924632,0.431242670588691,0.8240982463906436,1.1358833913027029,-0.6313528813288455,-1.2645053004571831,-1.2645053004571831,0.341879685258732,-0.5019124239907221,-0.3904912847325628,0.6798964362063006,0.4578170015537556
1.4026584361701695,0.28427294604360853,-0.4912654421979498,0.13436340353176865,-0.6313528813288455,1.3963607145959784,1.3963607145959784,-0.07454799009720055,-0.5019124239907221,0.689385848355018,-0.24311448324952553,-0.5687196185467573
-1.518537510057518,-1.39479323834192,-0.9297200050608143,-0.38366417634974903,1.353035370374621,-1.2645053004571831,-1.2645053004571831,-1.185021791046354,-0.5019124239907221,-1.1104093734576166,-0.8584550962200763,-0.9108984919135951
1.9034348840949158,1.220900334378483,1.1778513596095455,-0.9016917562312667,1.130348409460267,-1.2645053004571831,-1.2645053004571831,1.729971936445174,2.86756958321972,1.049344892717545,1.910577662147402,1.142174748287431
-0.9342983208119806,-0.4149817586144841,-0.8466793681549687,0.06529305954756628,0.9818904355173641,1.3963607145959784,1.3963607145959784,-0.9074033408090657,-0.5019124239907221,-0.3904912847325628,-0.8584550962200763,-0.9108984919135951
1.9034348840949158,-0.578370226510485,-0.47963975303113143,-1.0052972722075701,1.5509793356318247,-1.2645053004571831,-1.2645053004571831,-0.21335721521584475,-0.5019124239907221,-0.03053224037003586,0.06455582323574982,-0.5687196185467573
1.6530466601325426,0.9890005651520074,1.9534509083101428,1.4466999392316133,0.5167221171629356,0.06592770706939767,0.06592770706939752,1.5911627113265299,0.6212482450794252,2.489181070167653,0.987566742691576,0.4578170015537556
-1.351612027415936,-0.7360860385528838,-0.785229296844643,1.2740240792711075,1.2342689912202987,0.06592770706939767,0.06592770706939752,-0.9074033408090657,-0.5019124239907221,-0.7504503290950897,-0.8584550962200763,-0.5687196185467573
-1.1012238034535626,-0.6071329885850866,-0.48130056576924835,-0.2800586603734455,1.6647971156547166,-1.2645053004571831,-1.2645053004571831,-0.21335721521584475,-0.5019124239907221,-0.03053224037003586,-0.24311448324952553,-0.22654074517991973
-0.8508355794911895,-1.9890638614277167,1.8670886459280636,-0.24552348838134433,0.917558646808773,0.06592770706939767,0.06592770706939752,2.146399611801107,-0.5019124239907221,-1.4703684178201437,-1.7814660156759023,8.67010996235786
1.6530466601325426,0.2544315803912094,0.6081925904354452,0.47971512345278045,0.9868390346487942,0.06592770706939767,0.06592770706939752,0.20307046014008784,0.6212482450794252,-0.7504503290950897,0.987566742691576,0.11563812818691793
1.2357329535285873,0.522764181578847,-0.1026352614785927,-1.696000712049594,-0.9134230318203607,0.06592770706939767,0.06592770706939752,0.6194981354960204,-0.5019124239907221,0.689385848355018,0.987566742691576,-0.22654074517991973
1.4861211774909606,-0.4613617124597792,-0.2687165352902838,0.6869261554053875,0.5662081084772365,0.06592770706939767,0.06592770706939752,0.06426123502144365,-0.5019124239907221,1.049344892717545,-0.24311448324952553,-0.5687196185467573
-0.016208166283278792,-1.344218715027412,-0.8815564356554239,1.3776295952474111,0.9373530433344933,-1.2645053004571831,-1.2645053004571831,-0.9074033408090657,-0.5019124239907221,-0.7504503290950897,-0.8584550962200763,-0.5687196185467573
-0.6004473555288163,0.044783003491890926,-0.5792885173181461,-1.557860024081189,0.21980616927713012,1.3963607145959784,1.3963607145959784,-0.35216644033448896,-0.5019124239907221,0.3294268039924911,-0.5507847897348009,-0.5687196185467573
-1.4350747687367271,-0.0342147215116156,0.05182032316628,-1.0398324441996714,0.6948716858944188,0.06592770706939767,0.06592770706939752,2.0075903866824625,-0.5019124239907221,8.248525779968084,-1.7814660156759023,-0.9108984919135951
-1.6854629926991003,-0.5544012581149836,-0.7885509223208769,-0.7980862402549632,0.20001177275140977,0.06592770706939767,0.06592770706939752,-0.7685941156904216,-0.5019124239907221,-0.7504503290950897,-0.5507847897348009,-0.5687196185467573
0.3176427989998855,1.293526308616852,1.7707615071172826,1.6193757991921194,-0.6659930752488561,-1.2645053004571831,-1.2645053004571831,1.729971936445174,0.6212482450794252,0.689385848355018,1.2952370491768512,2.1687113683879438
-1.6854629926991003,-1.6482251308436877,-0.9562930088706849,-0.5218048643181538,-1.5616895180377026,-1.2645053004571831,-1.2645053004571831,-0.9074033408090657,-0.5019124239907221,-0.3904912847325628,-0.8584550962200763,-0.9108984919135951
0.48456828164146765,-0.5440147051435997,-0.4779789402930145,0.2379689195080722,0.2989837553800116,-1.2645053004571831,-1.2645053004571831,-0.35216644033448896,-0.5019124239907221,-0.7504503290950897,-0.8584550962200763,0.7999958749205932
-0.09967090760406987,-0.466994420032722,-0.8068198624401629,-0.6254103802944573,1.353035370374621,0.06592770706939767,0.06592770706939752,-0.7685941156904216,0.6212482450794252,-0.7504503290950897,-0.5507847897348009,-0.5687196185467573
1.4026584361701695,-0.22482794267684006,-0.5045519441028851,-1.4197193361127844,1.2590119868774492,1.3963607145959784,1.3963607145959784,-0.21335721521584475,0.6212482450794252,-0.03053224037003586,0.06455582323574982,-0.5687196185467573
1.9034348840949158,0.655911801015857,0.9802146437736331,-1.557860024081189,0.6948716858944188,-1.2645053004571831,-1.2645053004571831,0.6194981354960204,-0.5019124239907221,-0.3904912847325628,0.987566742691576,0.7999958749205932
1.4861211774909606,-0.11381167072500967,-0.898164563036593,0.20343374751597101,-0.24536214907729842,1.3963607145959784,1.3963607145959784,-1.04621256592771,-0.5019124239907221,-0.7504503290950897,-0.8584550962200763,-0.9108984919135951
-0.09967090760406987,0.6038192430363007,0.5102046388865474,-0.4181993483418502,-0.8589884413746297,0.06592770706939767,0.06592770706939752,1.4523534862078857,-0.5019124239907221,0.3294268039924911,1.910577662147402,1.142174748287431
-0.6004473555288163,-1.1393239835265347,-0.8715915592267224,0.9286723593500957,-0.26515654560301877,0.06592770706939767,0.06592770706939752,-0.9074033408090657,-0.5019124239907221,-0.3904912847325628,-1.1661254027053516,-0.5687196185467573
-0.3500591315664431,-0.39185170411282527,-0.8948429375603592,1.7229813151684228,-1.0668296048946935,0.06592770706939767,0.06592770706939752,-1.04621256592771,-0.5019124239907221,-1.1104093734576166,-0.8584550962200763,-0.5687196185467573
2.153823108057289,-0.13142886249570315,0.49193569876726134,0.13436340353176865,0.7888950693915906,-1.2645053004571831,-1.2645053004571831,1.3135442610892414,1.7444089141495727,1.049344892717545,-0.24311448324952553,2.5108902417547814
-0.9342983208119806,1.1094845796200608,1.3107163786588985,-1.5923951960732903,0.3583669449571727,0.06592770706939767,0.06592770706939752,0.8971165857333089,-0.5019124239907221,1.409303937080072,-0.24311448324952553,1.142174748287431
-1.351612027415936,-1.2655206021288494,-0.9180943158939959,1.34309442325531,0.595899703265817,0.06592770706939767,0.06592770706939752,-1.04621256592771,-0.5019124239907221,-0.7504503290950897,-0.8584550962200763,-0.9108984919135951
0.9853447295662141,-1.208194819382942,-0.9695795107756201,-1.557860024081189,0.9818904355173641,0.06592770706939767,0.06592770706939752,-1.3238310161649984,-0.5019124239907221,-1.4703684178201437,-0.8584550962200763,-0.9108984919135951
0.818419246924632,-0.0342147215116156,-0.6972062217244468,1.0668130473185005,-0.5818668900145446,-1.2645053004571831,-1.2645053004571831,-0.6297848905717773,-0.5019124239907221,-1.1104093734576166,-0.5507847897348009,0.11563812818691793
-0.5169846142080252,-1.7872051992569362,-0.954632196132568,-1.0398324441996714,-0.4136145195459215,0.06592770706939767,0.06592770706939752,-1.04621256592771,-0.5019124239907221,-0.7504503290950897,-0.8584550962200763,-0.9108984919135951
-0.6004473555288163,1.1066881999739189,0.6281223432928481,0.790531671381691,-1.744787685900616,-1.2645053004571831,-1.2645053004571831,0.341879685258732,-0.5019124239907221,-0.7504503290950897,0.987566742691576,0.4578170015537556
-2.2697021819446377,-1.7872051992569362,-0.8034982369639291,-0.8671565842391655,1.2045773964317181,-1.2645053004571831,-1.2645053004571831,-0.7685941156904216,0.6212482450794252,-0.3904912847325628,-0.8584550962200763,-0.5687196185467573
0.06725457503751228,-0.4198554488549027,-0.9147726904177621,1.4812351112237145,0.2346519666714204,0.06592770706939767,0.06592770706939752,-1.185021791046354,-0.5019124239907221,-0.7504503290950897,-1.1661254027053516,-0.9108984919135951
1.4861211774909606,-0.0342147215116156,-0.8001766114876953,1.6193757991921194,-0.8639370405060598,2.7267937221225593,2.726793722122559,-0.7685941156904216,-0.5019124239907221,-0.7504503290950897,-0.5507847897348009,-0.5687196185467573
1.2357329535285873,0.8114304576220015,1.184494610562013,-0.3491290043576479,1.2095259955631483,1.3963607145959784,1.3963607145959784,0.8971165857333089,-0.5019124239907221,0.3294268039924911,1.910577662147402,-0.22654074517991973
0.9853447295662141,0.5292358030456323,-0.1640853327889184,-0.6944807242786596,-1.5122035267234017,0.06592770706939767,0.06592770706939752,0.48068891037737627,-0.5019124239907221,-0.03053224037003586,1.2952370491768512,-0.22654074517991973
0.4011055403206766,1.0748094720079022,1.805638574617738,-1.6269303680653915,1.6499513182604264,-1.2645053004571831,-1.2645053004571831,2.146399611801107,-0.5019124239907221,0.689385848355018,2.2182479686326775,2.1687113683879438
-0.6839100968496074,-0.6570683394090477,-0.8865388738697746,0.16889857552386983,0.9373530433344933,0.06592770706939767,0.06592770706939752,-1.04621256592771,-0.5019124239907221,-0.7504503290950897,-0.8584550962200763,-0.9108984919135951
-0.6839100968496074,1.212191609194784,1.6794168065208526,0.16889857552386983,-1.640867104140584,-1.2645053004571831,-1.2645053004571831,1.0359258108519531,2.86756958321972,-0.03053224037003586,0.3722261297210252,2.1687113683879438
-0.7673728381703985,0.5646699279903151,0.00033512828465576616,0.27250409150017335,0.14062858317424867,1.3963607145959784,1.3963607145959784,0.48068891037737627,-0.5019124239907221,-0.03053224037003586,1.2952370491768512,-0.22654074517991973
1.1522702122077961,1.2042818496242687,2.2440931374806024,0.20343374751597101,1.1550914051174173,-1.2645053004571831,-1.2645053004571831,1.8687811615638181,1.7444089141495727,-0.3904912847325628,2.2182479686326775,2.5108902417547814
0.23418005767909442,0.7210274984903022,0.8091509317475913,-0.6599455522865585,0.4919791215057851,-1.2645053004571831,-1.2645053004571831,1.0359258108519531,0.6212482450794252,0.3294268039924911,1.2952370491768512,0.7999958749205932
-1.6020002513783091,-0.970742239144842,-0.9579538216088017,-0.6254103802944573,-1.4429231388833803,0.06592770706939767,0.06592770706939752,-1.04621256592771,-0.5019124239907221,-1.1104093734576166,-0.5507847897348009,-0.9108984919135951
-1.1012238034535626,-0.0342147215116156,-0.9297200050608143,0.27250409150017335,0.11588558751709822,0.06592770706939767,0.06592770706939752,-1.04621256592771,-0.5019124239907221,-0.7504503290950897,-0.8584550962200763,-0.9108984919135951
0.06725457503751228,0.14844879180243425,-0.1458163926696324,0.47971512345278045,-1.1658015875232952,0.06592770706939767,0.06592770706939752,0.48068891037737627,-0.5019124239907221,1.409303937080072,0.06455582323574982,-0.22654074517991973
-1.1012238034535626,0.9403435593091396,1.3821313263979256,-1.2815786481443796,0.031759402282786675,-1.2645053004571831,-1.2645053004571831,1.0359258108519531,2.86756958321972,-0.3904912847325628,1.6029073556621267,1.142174748287431
-0.5169846142080252,0.5758554465748824,0.01030000471335723,-1.0743676161917726,1.516339141711814,1.3963607145959784,1.3963607145959784,0.7583073606146646,-0.5019124239907221,-0.03053224037003586,1.910577662147402,-0.22654074517991973
1.4026584361701695,0.3829052509910966,0.462041069481157,-0.7980862402549632,0.704768884157279,0.06592770706939767,0.06592770706939752,1.0359258108519531,-0.5019124239907221,1.409303937080072,1.2952370491768512,-0.22654074517991973
1.4861211774909606,0.616882330811849,0.00033512828465576616,-1.4197193361127844,0.14557718230567876,0.06592770706939767,0.06592770706939752,0.7583073606146646,-0.5019124239907221,1.049344892717545,0.6798964362063006,0.11563812818691793
1.7365094014533338,0.7361678968601273,0.7809171151996038,-0.6944807242786596,-0.7352734630888774,-1.2645053004571831,-1.2645053004571831,0.341879685258732,-0.5019124239907221,1.049344892717545,-0.5507847897348009,0.4578170015537556
-0.18313364892486095,-1.0593075773662195,-0.9496497579182173,0.8941371873579945,0.24949776406571067,0.06592770706939767,0.06592770706939752,-1.185021791046354,0.6212482450794252,-1.1104093734576166,-1.1661254027053516,-0.5687196185467573
0.15071731635830335,-0.7895368380748519,-0.9878484508949061,-1.696000712049594,-1.5072549275919715,1.3963607145959784,1.3963607145959784,-1.3238310161649984,-0.5019124239907221,-1.1104093734576166,-1.1661254027053516,-0.9108984919135951
-0.8508355794911895,1.43638136025404,1.1097580373467522,-1.0398324441996714,-1.2449791736261768,0.06592770706939767,0.06592770706939752,2.562827287157039,2.86756958321972,2.489181070167653,1.2952370491768512,2.5108902417547814
0.901881988245423,0.6734490962252321,0.07839332697615058,-1.557860024081189,-0.38887152388877105,0.06592770706939767,0.06592770706939752,0.6194981354960204,-0.5019124239907221,0.3294268039924911,1.2952370491768512,-0.22654074517991973
-0.09967090760406987,0.9034712962607268,1.5880721059244225,1.4121647672395123,0.4622875267172046,2.7267937221225593,2.726793722122559,-0.07454799009720055,-0.5019124239907221,-0.7504503290950897,-0.24311448324952553,0.7999958749205932
1.2357329535285873,0.5893579654376816,1.074880969846297,-1.6614655400574927,1.4965447451860936,-1.2645053004571831,-1.2645053004571831,0.7583073606146646,-0.5019124239907221,-0.03053224037003586,0.06455582323574982,1.8265324950211062
-0.3500591315664431,-0.0342147215116156,-0.8250888025594489,-0.8326214122470643,1.4816989477918032,0.06592770706939767,0.06592770706939752,-0.9074033408090657,-0.5019124239907221,-0.3904912847325628,-0.8584550962200763,-0.9108984919135951
0.818419246924632,0.5110593353457105,0.42716400198070187,-0.6944807242786596,0.5711567076086665,0.06592770706939767,0.06592770706939752,1.8687811615638181,-0.5019124239907221,2.129222025805126,2.2182479686326775,0.11563812818691793
-0.5169846142080252,0.33528690044536724,0.09167982888108586,1.34309442325531,0.47713332411149484,1.3963607145959784,1.3963607145959784,0.8971165857333089,0.6212482450794252,1.7692629814425989,0.6798964362063006,-0.22654074517991973
1.4026584361701695,-0.9550026165651294,-0.898164563036593,0.30703926349227456,-1.4528203371462405,-1.2645053004571831,-1.2645053004571831,-0.7685941156904216,-0.5019124239907221,-0.7504503290950897,-0.5507847897348009,-0.5687196185467573
-0.6839100968496074,-0.47905880079179103,-0.9845268254186723,0.6523909834132863,1.0066334311745146,0.06592770706939767,0.06592770706939752,-1.3238310161649984,-0.5019124239907221,-1.1104093734576166,-1.1661254027053516,-0.9108984919135951
-0.266596390245652,0.9193307636824167,2.1328186840267693,-0.5218048643181538,1.570773732157545,-1.2645053004571831,-1.2645053004571831,0.7583073606146646,0.6212482450794252,1.049344892717545,-0.24311448324952553,1.142174748287431
-0.6004473555288163,0.9422610767807797,2.662617947486064,-0.31459383236554667,1.3431381721117608,-1.2645053004571831,-1.2645053004571831,1.3135442610892414,1.7444089141495727,0.3294268039924911,0.987566742691576,1.8265324950211062
-0.6004473555288163,-1.0351388675674222,-0.9762227617280878,-1.2815786481443796,-0.27505374386587894,-1.2645053004571831,-1.2645053004571831,-1.3238310161649984,-0.5019124239907221,-1.4703684178201437,-0.8584550962200763,-0.9108984919135951
0.3176427989998855,0.1521240336230778,0.1431650237627101,-1.3851841641206832,0.9373530433344933,-1.2645053004571831,-1.2645053004571831,0.8971165857333089,1.7444089141495727,2.129222025805126,0.6798964362063006,-0.5687196185467573
-1.351612027415936,-0.8979564717838363,-0.7320832892249018,1.3085592512632087,1.5608765338946848,0.06592770706939767,0.06592770706939752,-0.6297848905717773,-0.5019124239907221,-0.3904912847325628,-0.5507847897348009,-0.5687196185467573
-0.016208166283278792,-1.036017729741924,-0.9795443872043216,-1.5233248520890879,0.08619399272851767,0.06592770706939767,0.06592770706939752,-1.3238310161649984,-0.5019124239907221,-1.1104093734576166,-1.1661254027053516,-0.9108984919135951
-0.3500591315664431,-1.1456757601513428,-0.8749131847029562,1.3085592512632087,0.03670800141421677,0.06592770706939767,0.06592770706939752,-0.9074033408090657,-0.5019124239907221,-0.3904912847325628,-0.8584550962200763,-0.9108984919135951
0.48456828164146765,-0.5440147051435997,-0.4779789402930145,0.2379689195080722,0.2989837553800116,-1.2645053004571831,-1.2645053004571831,-0.35216644033448896,-0.5019124239907221,-0.7504503290950897,-0.8584550962200763,0.7999958749205932
-1.518537510057518,1.1634147585099388,0.2859949192407644,-1.0743676161917726,-1.1361099927347147,-1.2645053004571831,-1.2645053004571831,1.8687811615638181,-0.5019124239907221,-0.3904912847325628,2.2182479686326775,2.5108902417547814
0.7349565056038408,-0.9107399215947704,-0.9131118776796452,1.5848406272000182,-0.15628736471155677,1.3963607145959784,1.3963607145959784,-1.04621256592771,-0.5019124239907221,-1.1104093734576166,-0.5507847897348009,-0.9108984919135951
-0.09967090760406987,-0.6431663377396569,-0.7553346675585386,-0.03831245642873724,-0.027623787294374414,1.3963607145959784,1.3963607145959784,-0.6297848905717773,0.6212482450794252,-0.3904912847325628,-0.5507847897348009,-0.5687196185467573
0.9853447295662141,-0.07390333834649991,-0.38829505243470136,-1.5923951960732903,-1.5913811128262831,0.06592770706939767,0.06592770706939752,0.06426123502144365,2.86756958321972,0.689385848355018,0.06455582323574982,-0.5687196185467573
-0.3500591315664431,1.0927861983045282,1.2625528092535079,0.7214613273974887,-1.5122035267234017,-1.2645053004571831,-1.2645053004571831,0.7583073606146646,0.6212482450794252,0.3294268039924911,0.3722261297210252,1.142174748287431
0.15071731635830335,0.07750064535175026,-0.6839197198195115,1.0322778753263993,-0.9629090231346615,0.06592770706939767,0.06592770706939752,-0.49097566545313315,-0.5019124239907221,-0.7504503290950897,-0.24311448324952553,-0.22654074517991973
0.9853447295662141,-0.0342147215116156,-0.0046473099296949665,-1.557860024081189,1.1550914051174173,2.7267937221225593,2.726793722122559,0.6194981354960204,-0.5019124239907221,1.049344892717545,0.6798964362063006,-0.22654074517991973
0.9853447295662141,-0.0342147215116156,-0.9762227617280878,-0.14191797240504078,-1.586432513694853,1.3963607145959784,1.3963607145959784,-1.3238310161649984,-0.5019124239907221,-1.1104093734576166,-1.1661254027053516,-0.9108984919135951
-0.3500591315664431,-0.0342147215116156,0.6297831560309649,1.3085592512632087,-0.6709416743802862,-1.2645053004571831,-1.2645053004571831,0.20307046014008784,-0.5019124239907221,-0.7504503290950897,0.6798964362063006,0.4578170015537556
-0.266596390245652,-0.3932498939358962,-0.9529713833944511,0.6869261554053875,-1.2647735701518972,0.06592770706939767,0.06592770706939752,-1.185021791046354,-0.5019124239907221,-1.1104093734576166,-0.8584550962200763,-0.9108984919135951
-0.09967090760406987,-1.1429992253471783,-0.934702443275165,1.204953735286905,-1.5715867163005628,0.06592770706939767,0.06592770706939752,-0.7685941156904216,-0.5019124239907221,-0.3904912847325628,-0.8584550962200763,-0.5687196185467573
-1.1846865447743538,-0.8845338494823555,-0.9313808177989312,-0.6599455522865585,-1.5616895180377026,0.06592770706939767,0.06592770706939752,-1.04621256592771,-0.5019124239907221,-0.7504503290950897,-0.8584550962200763,-0.9108984919135951
0.7349565056038408,-0.17265548813596546,0.00033512828465576616,0.790531671381691,1.140245607723127,0.06592770706939767,0.06592770706939752,0.6194981354960204,0.6212482450794252,1.049344892717545,0.06455582323574982,0.4578170015537556
-0.266596390245652,-0.016977038407184217,-0.9014861885128268,-0.4181993483418502,0.4474417293229143,1.3963607145959784,1.3963607145959784,-1.04621256592771,-0.5019124239907221,-0.7504503290950897,-0.8584550962200763,-0.9108984919135951
1.4861211774909606,1.049002882702079,0.6181574668641466,-0.17645314439714196,-0.710530467431727,-1.2645053004571831,-1.2645053004571831,1.5911627113265299,0.6212482450794252,0.3294268039924911,1.910577662147402,1.4843536216542685
-1.1846865447743538,-0.08341102914338212,-0.32518416838625874,-0.5908752083023561,0.10103979012280795,-1.2645053004571831,-1.2645053004571831,0.20307046014008784,-0.5019124239907221,0.3294268039924911,0.3722261297210252,-0.22654074517991973
0.7349565056038408,-0.17637067823726818,-0.8865388738697746,-1.696000712049594,-0.06226398121438505,0.06592770706939767,0.06592770706939752,-1.04621256592771,-0.5019124239907221,-0.7504503290950897,-0.8584550962200763,-0.9108984919135951
0.818419246924632,-0.7064444143037805,-0.9147726904177621,-0.21098831638924315,-1.2994137640719077,0.06592770706939767,0.06592770706939752,-1.04621256592771,-0.5019124239907221,-0.7504503290950897,-0.8584550962200763,-0.9108984919135951
-0.8508355794911895,1.3364707103254585,0.9353726998444766,0.3415744354843757,0.4029043371400435,0.06592770706939767,0.06592770706939752,1.729971936445174,-0.5019124239907221,1.7692629814425989,1.6029073556621267,0.7999958749205932
1.986897625415707,0.5436171840829331,0.853992875676748,0.6523909834132863,0.269292160591431,-1.2645053004571831,-1.2645053004571831,0.341879685258732,-0.5019124239907221,0.689385848355018,0.06455582323574982,0.11563812818691793
0.818419246924632,1.3964730278755302,0.815794182700059,-0.48726969232605255,-1.4924091301976814,-1.2645053004571831,-1.2645053004571831,0.8971165857333089,0.6212482450794252,-0.3904912847325628,-0.24311448324952553,2.853069115121619
-0.8508355794911895,-1.1043292896691028,-0.9579538216088017,1.550305455207917,-0.7550678596145978,0.06592770706939767,0.06592770706939752,-1.185021791046354,-0.5019124239907221,-1.1104093734576166,-0.8584550962200763,-0.9108984919135951
0.4011055403206766,-0.12551651695814614,-0.6955454089863299,-1.1779731321680762,-0.3740257264944808,1.3963607145959784,1.3963607145959784,-0.49097566545313315,-0.5019124239907221,-0.03053224037003586,-0.5507847897348009,-0.5687196185467573
-0.016208166283278792,0.006991929988317132,0.5052222006721967,0.2379689195080722,0.7839464702601605,1.3963607145959784,1.3963607145959784,1.3135442610892414,-0.5019124239907221,0.689385848355018,1.910577662147402,0.4578170015537556
-0.7673728381703985,-0.5465314468251273,-0.7652995439872401,-1.1089027881838738,1.0066334311745146,0.06592770706939767,0.06592770706939752,-0.7685941156904216,-0.5019124239907221,-0.3904912847325628,-0.8584550962200763,-0.5687196185467573
0.7349565056038408,1.470896674743562,0.405573436385182,-1.0743676161917726,1.0660166207516757,-1.2645053004571831,-1.2645053004571831,0.06426123502144365,-0.5019124239907221,0.3294268039924911,-0.5507847897348009,0.4578170015537556
-0.8508355794911895,1.0011048941917355,0.6032101522210944,-0.1073828004129396,-0.5670210926202544,0.06592770706939767,0.06592770706939752,1.4523534862078857,-0.5019124239907221,0.689385848355018,1.6029073556621267,1.142174748287431
-1.8523884753406823,0.6346992639858383,2.0165617923585857,-0.31459383236554667,1.1996287973002882,-1.2645053004571831,-1.2645053004571831,0.48068891037737627,1.7444089141495727,1.049344892717545,-0.24311448324952553,0.4578170015537556
0.48456828164146765,0.20173979820176557,0.003656753760889588,-0.763551068262862,-1.7299418885063256,0.06592770706939767,0.06592770706939752,0.6194981354960204,0.6212482450794252,1.409303937080072,0.6798964362063006,-0.5687196185467573
-1.8523884753406823,1.3502129188722127,0.2062759078111527,1.5848406272000182,0.9373530433344933,-1.2645053004571831,-1.2645053004571831,1.5911627113265299,2.86756958321972,0.689385848355018,1.6029073556621267,1.4843536216542685
-0.9342983208119806,-0.3301316104944093,-0.09100957231177433,-1.0398324441996714,1.0412736250945251,0.06592770706939767,0.06592770706939752,0.48068891037737627,-0.5019124239907221,0.689385848355018,0.06455582323574982,0.4578170015537556
0.5680310229622587,-0.05804387092480986,-0.8167847388688644,-0.763551068262862,-0.3047453386544595,1.3963607145959784,1.3963607145959784,-0.9074033408090657,-0.5019124239907221,-0.7504503290950897,-0.8584550962200763,-0.5687196185467573
-0.09967090760406987,1.5390883898287633,1.857123769499362,-0.8326214122470643,-0.9777548205289519,-1.2645053004571831,-1.2645053004571831,0.341879685258732,1.7444089141495727,-0.03053224037003586,-0.24311448324952553,1.142174748287431
-0.7673728381703985,-0.6267076461080794,-0.047828441120734644,0.8596020153658934,0.6998202850258489,0.06592770706939767,0.06592770706939752,0.341879685258732,-0.5019124239907221,1.7692629814425989,-0.24311448324952553,-0.5687196185467573
0.15071731635830335,-0.8582878290892815,-0.8715915592267224,1.2394889072790063,-0.00288079163722396,1.3963607145959784,1.3963607145959784,-1.04621256592771,-0.5019124239907221,-1.1104093734576166,-0.8584550962200763,-0.5687196185467573
-0.016208166283278792,-1.211230888713039,-0.9513105706563342,-0.4181993483418502,-0.6264042821974154,0.06592770706939767,0.06592770706939752,-1.04621256592771,-0.5019124239907221,-0.7504503290950897,-0.8584550962200763,-0.9108984919135951
1.3191956948493784,0.1554397409177888,0.09001901614296895,0.5487854674369828,0.10103979012280795,0.06592770706939767,0.06592770706939752,0.7583073606146646,-0.5019124239907221,0.689385848355018,1.2952370491768512,-0.22654074517991973
0.15071731635830335,-0.7862211307801408,-0.8732523719648393,-1.2470434761522784,-1.1311613936032847,0.06592770706939767,0.06592770706939752,-0.9074033408090657,0.6212482450794252,-0.7504503290950897,-0.8584550962200763,-0.5687196185467573
-1.351612027415936,-1.3074263485403177,-0.9562930088706849,0.47971512345278045,-0.27505374386587894,1.3963607145959784,1.3963607145959784,-1.185021791046354,-0.5019124239907221,-1.1104093734576166,-0.8584550962200763,-0.9108984919135951
-0.6004473555288163,-0.8487401900117402,-0.934702443275165,1.170418563294804,0.3930071388771833,0.06592770706939767,0.06592770706939752,-1.185021791046354,-0.5019124239907221,-1.1104093734576166,-0.8584550962200763,-0.9108984919135951
-1.1846865447743538,1.986708874614751,0.8789050667485016,0.6869261554053875,0.595899703265817,-1.2645053004571831,-1.2645053004571831,2.0075903866824625,3.9907302522898678,0.689385848355018,2.2182479686326775,1.8265324950211062
0.3176427989998855,0.7690053835619641,-0.07772307040683904,1.3085592512632087,0.704768884157279,-1.2645053004571831,-1.2645053004571831,0.20307046014008784,-0.5019124239907221,-0.3904912847325628,0.3722261297210252,0.4578170015537556
-1.2681492860951449,1.0933454742337565,2.187625504384627,-0.4181993483418502,0.3979557380086134,-1.2645053004571831,-1.2645053004571831,0.341879685258732,0.6212482450794252,-0.3904912847325628,0.06455582323574982,1.142174748287431
1.3191956948493784,0.08429185306380897,-0.8566442445836702,0.06529305954756628,-1.6458157032720142,1.3963607145959784,1.3963607145959784,-0.9074033408090657,-0.5019124239907221,-0.7504503290950897,-0.5507847897348009,-0.9108984919135951
0.6514937642830498,-0.0342147215116156,-0.3351490448149602,-0.9016917562312667,-0.00288079163722396,0.06592770706939767,0.06592770706939752,0.20307046014008784,-0.5019124239907221,0.689385848355018,0.3722261297210252,-0.5687196185467573
1.0688074708870052,1.0042208600831508,0.09167982888108586,0.790531671381691,-1.5023063284605416,1.3963607145959784,1.3963607145959784,0.8971165857333089,-0.5019124239907221,0.689385848355018,1.2952370491768512,0.11563812818691793
1.4026584361701695,0.4298444807656201,-0.23716109326606247,-1.350648992128582,-0.4037173212830613,0.06592770706939767,0.06592770706939752,0.20307046014008784,-0.5019124239907221,0.3294268039924911,-0.24311448324952553,0.4578170015537556
0.901881988245423,0.3632506969067855,0.04351625947569545,-0.24552348838134433,0.6057969015286773,1.3963607145959784,1.3963607145959784,0.7583073606146646,-0.5019124239907221,2.489181070167653,0.06455582323574982,-0.5687196185467573
-0.016208166283278792,0.8473040136539353,0.19797184412056815,-1.350648992128582,-1.0618810057632635,-1.2645053004571831,-1.2645053004571831,0.7583073606146646,-0.5019124239907221,1.049344892717545,0.987566742691576,-0.22654074517991973
0.48456828164146765,-0.0342147215116156,0.19797184412056815,1.6193757991921194,-0.15628736471155677,0.06592770706939767,0.06592770706939752,0.7583073606146646,-0.5019124239907221,0.689385848355018,0.3722261297210252,0.7999958749205932
0.4011055403206766,-0.4269262945315756,-0.542750637079574,0.06529305954756628,-0.17113316210584706,1.3963607145959784,1.3963607145959784,-0.21335721521584475,-0.5019124239907221,0.3294268039924911,-0.24311448324952553,-0.5687196185467573
0.15071731635830335,0.4291653599944142,1.4552070868750697,-0.970762100215469,0.5711567076086665,-1.2645053004571831,-1.2645053004571831,1.3135442610892414,0.6212482450794252,-0.03053224037003586,2.2182479686326775,0.7999958749205932
-0.6004473555288163,-1.7053911204669583,-0.9579538216088017,-0.6254103802944573,1.6647971156547166,0.06592770706939767,0.06592770706939752,-1.185021791046354,-0.5019124239907221,-1.1104093734576166,-0.8584550962200763,-0.9108984919135951
0.818419246924632,-0.7380834525858423,-0.8300712407737997,0.4106447794685781,0.016913604888496404,2.7267937221225593,2.726793722122559,-0.9074033408090657,-0.5019124239907221,-0.7504503290950897,-1.1661254027053516,-0.22654074517991973
-0.3500591315664431,-0.6542719597629059,-0.9247375668464636,-0.4181993483418502,-1.5468437206434122,1.3963607145959784,1.3963607145959784,-1.185021791046354,1.7444089141495727,-1.1104093734576166,-1.1661254027053516,-0.5687196185467573
0.3176427989998855,-0.6118868339835277,-0.9430065069657496,0.8596020153658934,-0.08700697687153551,1.3963607145959784,1.3963607145959784,-1.04621256592771,-0.5019124239907221,-0.7504503290950897,-0.8584550962200763,-0.9108984919135951
-1.9358512166614734,1.622740089529063,2.4433906660546314,-0.1073828004129396,1.30849797819175,-1.2645053004571831,-1.2645053004571831,1.1747350359705973,-0.5019124239907221,0.3294268039924911,1.910577662147402,0.4578170015537556
-0.6004473555288163,0.5139755598338298,0.7427184222229148,-1.557860024081189,-0.6264042821974154,0.06592770706939767,0.06592770706939752,0.341879685258732,0.6212482450794252,-0.3904912847325628,0.3722261297210252,0.7999958749205932
0.5680310229622587,1.353169091640991,1.2941082512777293,0.8250668433737922,0.40785293627147357,-1.2645053004571831,-1.2645053004571831,1.3135442610892414,-0.5019124239907221,0.3294268039924911,1.2952370491768512,1.4843536216542685
-0.43352187288723415,0.6437275754148104,0.4404505038856371,-0.07284762842083842,-0.24041354994586833,0.06592770706939767,0.06592770706939752,1.3135442610892414,-0.5019124239907221,1.409303937080072,0.987566742691576,0.7999958749205932
-1.6020002513783091,-0.4136634653527315,-0.487943816721716,-1.2470434761522784,0.5612595093458064,0.06592770706939767,0.06592770706939752,-0.49097566545313315,-0.5019124239907221,-0.03053224037003586,-0.8584550962200763,-0.22654074517991973
-0.6004473555288163,0.3024494137435304,0.4504153803143386,-0.4527345203339514,1.3134465773231803,1.3963607145959784,1.3963607145959784,-0.07454799009720055,-0.5019124239907221,-0.3904912847325628,0.06455582323574982,0.11563812818691793
-0.5169846142080252,-1.1297763444489934,-0.8931821248222422,-0.07284762842083842,1.2639605860088794,0.06592770706939767,0.06592770706939752,-1.04621256592771,0.6212482450794252,-0.7504503290950897,-0.8584550962200763,-0.9108984919135951
-1.0177610621327717,-0.546930929631719,-0.9695795107756201,-0.0037772844366360664,-0.24041354994586833,0.06592770706939767,0.06592770706939752,-1.3238310161649984,-0.5019124239907221,-1.1104093734576166,-1.1661254027053516,-0.9108984919135951
-0.3500591315664431,-0.661143064036283,-0.655685903271524,1.550305455207917,1.5955167278146953,2.7267937221225593,2.726793722122559,-0.49097566545313315,-0.5019124239907221,-0.03053224037003586,-0.5507847897348009,-0.5687196185467573
0.23418005767909442,-0.10518284210262918,-0.7951941732733445,0.5487854674369828,-1.7101474919806052,-1.2645053004571831,-1.2645053004571831,-0.7685941156904216,-0.5019124239907221,-0.7504503290950897,-0.5507847897348009,-0.5687196185467573
1.3191956948493784,0.28427294604360853,-0.24380434421853012,0.3415744354843757,-1.42312874235766,1.3963607145959784,1.3963607145959784,0.341879685258732,-0.5019124239907221,-0.03053224037003586,0.3722261297210252,0.4578170015537556
-0.016208166283278792,0.5396623042976754,-0.2421435314804132,1.6193757991921194,-1.1855959840490158,0.06592770706939767,0.06592770706939752,0.341879685258732,0.6212482450794252,1.409303937080072,0.06455582323574982,-0.5687196185467573
-0.266596390245652,-0.235454185332179,-0.29362872636203746,-0.7290158962707608,1.031376426831665,0.06592770706939767,0.06592770706939752,0.06426123502144365,-0.5019124239907221,1.049344892717545,-0.24311448324952553,-0.5687196185467573
-1.6020002513783091,-0.7215448643929463,-0.8583050573217871,-1.2815786481443796,-1.5122035267234017,0.06592770706939767,0.06592770706939752,-0.7685941156904216,-0.5019124239907221,-0.3904912847325628,-0.5507847897348009,-0.9108984919135951
1.4026584361701695,0.3504272988151923,0.6895724146031738,0.27250409150017335,1.357983969506051,0.06592770706939767,0.06592770706939752,1.5911627113265299,-0.5019124239907221,1.409303937080072,1.6029073556621267,0.7999958749205932
1.6530466601325426,0.6844748216871628,1.2874650003252617,-1.350648992128582,0.6998202850258489,-1.2645053004571831,-1.2645053004571831,1.0359258108519531,2.86756958321972,2.129222025805126,0.06455582323574982,0.4578170015537556
0.901881988245423,-0.09072156450401003,-0.49790869315041747,-1.557860024081189,0.011965005757066313,0.06592770706939767,0.06592770706939752,-0.07454799009720055,-0.5019124239907221,0.689385848355018,-0.24311448324952553,-0.5687196185467573
-0.7673728381703985,0.31802924320060627,-0.9762227617280878,-0.0037772844366360664,-0.3146425369173197,2.7267937221225593,2.726793722122559,-1.3238310161649984,-0.5019124239907221,-1.4703684178201437,-0.8584550962200763,-0.9108984919135951
-0.6839100968496074,0.12531873730077545,-0.7370657274392526,-1.5923951960732903,-0.48784350651737285,0.06592770706939767,0.06592770706939752,-0.6297848905717773,-0.5019124239907221,-1.1104093734576166,0.06455582323574982,-0.5687196185467573
1.1522702122077961,1.1217087535017665,1.038343089607725,0.5142502954448817,-0.20082475689442758,-1.2645053004571831,-1.2645053004571831,0.6194981354960204,-0.5019124239907221,-0.3904912847325628,1.2952370491768512,0.4578170015537556
0.901881988245423,-0.8674759336408904,-0.9845268254186723,-1.696000712049594,0.04660519967707695,2.7267937221225593,2.726793722122559,-1.3238310161649984,-0.5019124239907221,-1.1104093734576166,-1.1661254027053516,-0.9108984919135951
1.986897625415707,0.723783929855785,1.8272291402132577,-1.0052972722075701,1.2243717929574385,-1.2645053004571831,-1.2645053004571831,1.729971936445174,-0.5019124239907221,2.129222025805126,0.987566742691576,1.142174748287431
-1.2681492860951449,-1.1588986410495277,-0.805159049702046,1.4466999392316133,-0.8837314370317801,0.06592770706939767,0.06592770706939752,-0.7685941156904216,-0.5019124239907221,-0.3904912847325628,-0.5507847897348009,-0.9108984919135951
-0.5169846142080252,0.8759469308865593,1.1413134793709734,-1.3851841641206832,0.34846974669431247,-1.2645053004571831,-1.2645053004571831,0.8971165857333089,-0.5019124239907221,0.3294268039924911,1.2952370491768512,0.4578170015537556
-0.3500591315664431,4.194770191488994,1.6644694918778005,1.6884461431763216,-1.155904389260435,0.06592770706939767,0.06592770706939752,1.3135442610892414,-0.5019124239907221,-1.4703684178201437,-1.7814660156759023,6.617036722156833
0.23418005767909442,-0.3497861645787204,-0.859965870059904,1.170418563294804,-0.6214556830659853,2.7267937221225593,2.726793722122559,-0.9074033408090657,-0.5019124239907221,-0.7504503290950897,-0.5507847897348009,-0.9108984919135951
1.3191956948493784,0.41198759931097156,-0.3069152282669727,-0.763551068262862,-0.6461986787231357,-1.2645053004571831,-1.2645053004571831,0.6194981354960204,0.6212482450794252,0.689385848355018,-0.5507847897348009,1.4843536216542685
0.818419246924632,0.0037561192549244496,-0.5759668918419123,0.47971512345278045,-0.24041354994586833,-1.2645053004571831,-1.2645053004571831,-0.21335721521584475,0.6212482450794252,-0.3904912847325628,0.06455582323574982,-0.22654074517991973
-1.6020002513783091,0.5877600342113148,0.8490104374623972,-0.1073828004129396,-0.5670210926202544,-1.2645053004571831,-1.2645053004571831,0.20307046014008784,-0.5019124239907221,-0.3904912847325628,0.3722261297210252,0.4578170015537556
0.9853447295662141,-1.044526713522327,-0.8583050573217871,1.204953735286905,-1.1361099927347147,1.3963607145959784,1.3963607145959784,-0.9074033408090657,-0.5019124239907221,-0.7504503290950897,-0.8584550962200763,-0.5687196185467573
0.3176427989998855,-0.750307626467548,-0.9463281324419834,0.30703926349227456,-1.4082829449633698,1.3963607145959784,1.3963607145959784,-1.185021791046354,-0.5019124239907221,-1.1104093734576166,-0.8584550962200763,-0.9108984919135951
-1.1012238034535626,-0.9395825802306903,-0.9114510649415283,0.9977427033342982,-0.012777989900084141,0.06592770706939767,0.06592770706939752,-1.04621256592771,-0.5019124239907221,-0.7504503290950897,-0.8584550962200763,-0.9108984919135951
-0.09967090760406987,-0.07154638978760895,-0.7603171057728894,-1.557860024081189,-1.4082829449633698,1.3963607145959784,1.3963607145959784,-0.7685941156904216,-0.5019124239907221,-0.3904912847325628,-0.8584550962200763,-0.5687196185467573
0.818419246924632,0.05189379744922299,-0.8516618063693194,-1.1089027881838738,-1.0074464153175324,1.3963607145959784,1.3963607145959784,-0.9074033408090657,-0.5019124239907221,-0.7504503290950897,-0.8584550962200763,-0.5687196185467573
0.15071731635830335,-0.0065505371551411295,-0.8084806751782798,0.9632075313421969,-1.3241567597290582,0.06592770706939767,0.06592770706939752,-0.9074033408090657,0.6212482450794252,-0.7504503290950897,-1.1661254027053516,-0.22654074517991973
-0.5169846142080252,1.126103064374275,2.0414739834303393,0.2379689195080722,1.4915961460546634,0.06592770706939767,0.06592770706939752,2.0075903866824625,-0.5019124239907221,2.489181070167653,0.6798964362063006,1.8265324950211062
1.7365094014533338,1.262326701422041,1.1828337978238963,1.0322778753263993,1.0214792285688048,-1.2645053004571831,-1.2645053004571831,1.5911627113265299,2.86756958321972,1.7692629814425989,-0.24311448324952553,2.5108902417547814
-0.09967090760406987,-0.5347067557500134,-0.9313808177989312,1.4121647672395123,-1.5666381171691326,1.3963607145959784,1.3963607145959784,-1.04621256592771,-0.5019124239907221,-0.7504503290950897,-0.8584550962200763,-0.9108984919135951
0.818419246924632,-0.5573973791644212,-0.989509263633023,1.6193757991921194,-1.7249932893748956,2.7267937221225593,2.726793722122559,-1.3238310161649984,-0.5019124239907221,-1.4703684178201437,-0.8584550962200763,-0.9108984919135951
1.4861211774909606,1.049002882702079,0.6181574668641466,-0.17645314439714196,-0.710530467431727,-1.2645053004571831,-1.2645053004571831,1.5911627113265299,0.6212482450794252,0.3294268039924911,1.910577662147402,1.4843536216542685
-0.6004473555288163,-0.02348860815462875,-0.6889021580338622,1.1013482193106017,-1.5072549275919715,0.06592770706939767,0.06592770706939752,-0.49097566545313315,-0.5019124239907221,-0.03053224037003586,-0.5507847897348009,-0.5687196185467573
-1.6020002513783091,-1.4377376400505266,-0.9114510649415283,0.9632075313421969,-1.5023063284605416,0.06592770706939767,0.06592770706939752,-0.9074033408090657,-0.5019124239907221,-0.7504503290950897,-0.8584550962200763,-0.5687196185467573
1.9034348840949158,0.5831260336548512,0.7095021674605767,-0.970762100215469,-0.39382012302020114,-1.2645053004571831,-1.2645053004571831,1.4523534862078857,-0.5019124239907221,0.689385848355018,2.2182479686326775,0.4578170015537556
-1.2681492860951449,-0.8693135545512122,-0.8965037502984761,-1.143437960175975,-0.9678576222660917,0.06592770706939767,0.06592770706939752,-1.04621256592771,-0.5019124239907221,-1.1104093734576166,-0.8584550962200763,-0.5687196185467573
0.6514937642830498,-0.9583183238598405,-0.934702443275165,1.0668130473185005,-1.6804558971920247,-1.2645053004571831,-1.2645053004571831,-1.04621256592771,-0.5019124239907221,-0.7504503290950897,-0.8584550962200763,-0.9108984919135951
-1.1846865447743538,-1.0772843036628454,-0.9230767541083467,-0.14191797240504078,1.0759138190145359,0.06592770706939767,0.06592770706939752,-1.185021791046354,-0.5019124239907221,-1.1104093734576166,-1.1661254027053516,-0.5687196185467573
-0.09967090760406987,-0.7963679940675698,-0.9413456942276327,0.47971512345278045,-1.1905445831804458,0.06592770706939767,0.06592770706939752,-1.04621256592771,-0.5019124239907221,-1.1104093734576166,-0.5507847897348009,-0.9108984919135951
0.23418005767909442,0.3614530242771229,0.003656753760889588,-0.5218048643181538,-0.11174997252868596,0.06592770706939767,0.06592770706939752,0.48068891037737627,-0.5019124239907221,1.049344892717545,0.6798964362063006,-0.5687196185467573
-0.6004473555288163,0.87207194766262,1.6196275479486437,-1.2125083041601774,0.5612595093458064,-1.2645053004571831,-1.2645053004571831,1.4523534862078857,-0.5019124239907221,-0.03053224037003586,0.987566742691576,2.5108902417547814
0.4011055403206766,-0.2588239295177928,-0.8931821248222422,-1.2470434761522784,0.6800258885001286,1.3963607145959784,1.3963607145959784,-1.04621256592771,-0.5019124239907221,-0.7504503290950897,-0.8584550962200763,-0.9108984919135951
-0.7673728381703985,-1.0928241848392621,-0.8732523719648393,0.09982823153966747,1.5064419434489538,0.06592770706939767,0.06592770706939752,-1.185021791046354,0.6212482450794252,-1.1104093734576166,-1.1661254027053516,-0.5687196185467573
-1.6854629926991003,0.5886388963858165,1.1230445392516875,1.6884461431763216,0.269292160591431,-1.2645053004571831,-1.2645053004571831,2.0075903866824625,-0.5019124239907221,1.409303937080072,1.910577662147402,1.4843536216542685
5.742720984851305,-0.6231123008487541,-0.898164563036593,1.7229813151684228,-0.38392292475734097,0.06592770706939767,0.06592770706939752,-1.04621256592771,-0.5019124239907221,-0.7504503290950897,-1.1661254027053516,-0.5687196185467573
-1.6020002513783091,-0.5339477384174891,-0.8549834318455533,1.5157702832158158,0.20496037188283986,0.06592770706939767,0.06592770706939752,-0.9074033408090657,-0.5019124239907221,-0.3904912847325628,-0.8584550962200763,-0.9108984919135951
-0.3500591315664431,-0.04354264504553154,-0.48296137850736526,-0.38366417634974903,0.704768884157279,1.3963607145959784,1.3963607145959784,-0.07454799009720055,-0.5019124239907221,0.3294268039924911,0.06455582323574982,-0.5687196185467573
-0.6839100968496074,-0.8343188606937801,-0.954632196132568,-0.8671565842391655,-0.8490912431117695,1.3963607145959784,1.3963607145959784,-1.185021791046354,-0.5019124239907221,-1.1104093734576166,-1.1661254027053516,-0.5687196185467573
-0.9342983208119806,0.6960198747976626,0.3790004325753114,1.0668130473185005,-1.5171521258548317,-1.2645053004571831,-1.2645053004571831,1.3135442610892414,-0.5019124239907221,1.049344892717545,1.910577662147402,0.11563812818691793
1.2357329535285873,1.1117216833369743,1.6511829899728652,1.1358833913027029,-0.3492827308373303,-1.2645053004571831,-1.2645053004571831,0.48068891037737627,0.6212482450794252,-0.03053224037003586,0.06455582323574982,1.142174748287431
1.2357329535285873,1.3774176980011066,1.1031147863942845,-1.0052972722075701,0.8631240563630419,-1.2645053004571831,-1.2645053004571831,0.48068891037737627,-0.5019124239907221,0.3294268039924911,-0.24311448324952553,1.142174748287431
-0.3500591315664431,-0.21508056219600286,-0.5693236408894446,1.1013482193106017,-1.3043623632033379,1.3963607145959784,1.3963607145959784,-0.49097566545313315,1.7444089141495727,0.3294268039924911,-0.8584550962200763,-0.5687196185467573
1.4026584361701695,0.6752867171355539,-0.1175825761216449,0.030757887555465113,-1.749736285032046,0.06592770706939767,0.06592770706939752,0.48068891037737627,0.6212482450794252,1.409303937080072,0.3722261297210252,-0.5687196185467573
0.06725457503751228,0.9461360600047191,1.1446351048472072,0.37610960747647687,-0.7501192604831677,-1.2645053004571831,-1.2645053004571831,0.6194981354960204,-0.5019124239907221,-0.03053224037003586,0.987566742691576,0.4578170015537556
-0.7673728381703985,0.45760853582374245,0.9038172578202552,0.47971512345278045,-0.4729977091230826,0.06592770706939767,0.06592770706939752,1.8687811615638181,-0.5019124239907221,2.489181070167653,0.987566742691576,1.142174748287431
-0.6839100968496074,1.9942990479399931,1.0532904042507771,0.16889857552386983,1.2392175903517288,-1.2645053004571831,-1.2645053004571831,1.8687811615638181,3.9907302522898678,1.049344892717545,1.2952370491768512,2.1687113683879438
0.3176427989998855,-0.463439023054056,-0.9430065069657496,0.790531671381691,-0.032572386425804505,1.3963607145959784,1.3963607145959784,-1.185021791046354,-0.5019124239907221,-1.1104093734576166,-0.8584550962200763,-0.9108984919135951
-1.2681492860951449,-1.3321942825490023,-0.9479889451801004,-1.5233248520890879,1.1996287973002882,-1.2645053004571831,-1.2645053004571831,-1.3238310161649984,1.7444089141495727,-1.4703684178201437,-1.1661254027053516,-0.5687196185467573
-1.6020002513783091,-0.9041884035666666,-0.9180943158939959,1.34309442325531,-0.7451706613517376,0.06592770706939767,0.06592770706939752,-1.185021791046354,0.6212482450794252,-1.1104093734576166,-0.8584550962200763,-0.9108984919135951
0.48456828164146765,-0.1404971222053345,-0.5194992587459373,0.030757887555465113,0.2890865571171514,1.3963607145959784,1.3963607145959784,-0.21335721521584475,-0.5019124239907221,-0.03053224037003586,-0.24311448324952553,-0.22654074517991973
0.23418005767909442,-0.2973740203538908,-0.898164563036593,1.7229813151684228,-1.6458157032720142,0.06592770706939767,0.06592770706939752,-1.04621256592771,-0.5019124239907221,-0.7504503290950897,-0.8584550962200763,-0.9108984919135951
1.2357329535285873,0.48972695347371425,1.9899887885487149,-1.1089027881838738,1.5014933443175236,0.06592770706939767,0.06592770706939752,1.5911627113265299,1.7444089141495727,2.489181070167653,0.987566742691576,0.4578170015537556
1.0688074708870052,-0.24532141065499372,-0.6058615211280167,-1.3161138201364808,0.5018763197686453,0.06592770706939767,0.06592770706939752,-0.35216644033448896,-0.5019124239907221,-0.3904912847325628,0.06455582323574982,-0.5687196185467573
1.2357329535285873,1.0280300353560154,0.8224374336525266,-1.0743676161917726,-1.2400305744947466,-1.2645053004571831,-1.2645053004571831,0.8971165857333089,-0.5019124239907221,-0.03053224037003586,0.987566742691576,1.142174748287431
0.06725457503751228,-0.31403245338876423,-0.5676628281513277,0.7214613273974887,1.3777783660317713,1.3963607145959784,1.3963607145959784,-0.21335721521584475,-0.5019124239907221,0.3294268039924911,-0.24311448324952553,-0.5687196185467573
-0.43352187288723415,-0.24863711794970475,-0.10761769969294344,-0.970762100215469,0.8433296598373216,1.3963607145959784,1.3963607145959784,0.48068891037737627,-0.5019124239907221,1.049344892717545,0.6798964362063006,-0.5687196185467573
-1.351612027415936,0.7475531568479904,0.9835362692498669,0.583320639429084,0.3336239493000222,-1.2645053004571831,-1.2645053004571831,0.48068891037737627,-0.5019124239907221,-0.3904912847325628,0.987566742691576,0.4578170015537556
-0.6839100968496074,-0.43124070884276583,-0.2056056512418412,1.0322778753263993,-1.3093109623347678,0.06592770706939767,0.06592770706939752,0.20307046014008784,-0.5019124239907221,1.409303937080072,-0.24311448324952553,-0.5687196185467573
-0.7673728381703985,-0.0017167951953816912,-0.9778835744662047,-1.6269303680653915,-1.5122035267234017,2.7267937221225593,2.726793722122559,-1.3238310161649984,-0.5019124239907221,-1.1104093734576166,-1.1661254027053516,-0.9108984919135951
1.7365094014533338,1.26044913223106,1.6760951810446187,1.1013482193106017,-0.6313528813288455,-1.2645053004571831,-1.2645053004571831,1.5911627113265299,1.7444089141495727,1.409303937080072,0.06455582323574982,2.5108902417547814
1.2357329535285873,-0.3070814525540689,-0.5327857606508726,-0.8671565842391655,-0.2552593473401586,0.06592770706939767,0.06592770706939752,-0.35216644033448896,-0.5019124239907221,-0.03053224037003586,-0.24311448324952553,-0.5687196185467573
-0.9342983208119806,0.6899077878568097,0.8789050667485016,-0.03831245642873724,1.1798344007745678,0.06592770706939767,0.06592770706939752,1.8687811615638181,-0.5019124239907221,2.489181070167653,1.6029073556621267,0.4578170015537556
-1.6020002513783091,-0.2809952252836316,-0.8167847388688644,1.5157702832158158,-1.358796953649069,0.06592770706939767,0.06592770706939752,-0.9074033408090657,-0.5019124239907221,-1.1104093734576166,-0.5507847897348009,-0.5687196185467573
-0.016208166283278792,0.8078351123626764,0.7327535457942135,0.2379689195080722,-0.6264042821974154,-1.2645053004571831,-1.2645053004571831,0.341879685258732,-0.5019124239907221,-0.3904912847325628,0.3722261297210252,0.7999958749205932
-0.09967090760406987,1.0140481371253063,0.17970290400128214,-1.5923951960732903,-1.373642751043359,1.3963607145959784,1.3963607145959784,1.0359258108519531,-0.5019124239907221,0.689385848355018,1.6029073556621267,0.11563812818691793
-0.9342983208119806,-0.8591267429831241,-0.6988670344625637,-0.17645314439714196,0.9225072459402031,0.06592770706939767,0.06592770706939752,-0.49097566545313315,-0.5019124239907221,-0.03053224037003586,-0.5507847897348009,-0.5687196185467573
0.5680310229622587,0.46535850227162123,1.0615944679413618,-0.38366417634974903,1.5113905425803837,0.06592770706939767,0.06592770706939752,2.0075903866824625,-0.5019124239907221,1.7692629814425989,1.910577662147402,1.142174748287431
-0.7673728381703985,-0.4085500854283579,-0.6922237835100961,-0.1073828004129396,0.5266193154257958,0.06592770706939767,0.06592770706939752,-0.6297848905717773,-0.5019124239907221,-0.3904912847325628,-0.5507847897348009,-0.5687196185467573
-0.6004473555288163,-0.03471407501985521,-0.049489253858851556,1.204953735286905,1.2788063834031695,0.06592770706939767,0.06592770706939752,0.20307046014008784,-0.5019124239907221,1.409303937080072,-0.5507847897348009,-0.22654074517991973
1.4026584361701695,-0.028002763869114836,0.8257590591287605,-0.763551068262862,1.0561194224888155,0.06592770706939767,0.06592770706939752,0.341879685258732,-0.5019124239907221,-0.7504503290950897,1.6029073556621267,-0.22654074517991973
-0.266596390245652,1.106248768886668,1.9052873389047524,0.790531671381691,1.6647971156547166,-1.2645053004571831,-1.2645053004571831,0.48068891037737627,-0.5019124239907221,-0.3904912847325628,0.6798964362063006,0.7999958749205932
-1.4350747687367271,-0.7157923119780261,-0.9778835744662047,0.583320639429084,-1.091572600551844,0.06592770706939767,0.06592770706939752,-1.3238310161649984,-0.5019124239907221,-1.1104093734576166,-1.1661254027053516,-0.9108984919135951
0.23418005767909442,-0.6059345401653115,-0.2869854754095698,-0.6599455522865585,0.5563109102143763,1.3963607145959784,1.3963607145959784,0.20307046014008784,0.6212482450794252,0.3294268039924911,0.6798964362063006,-0.5687196185467573
0.5680310229622587,1.1879430028346685,1.6312532371154622,-1.6269303680653915,0.9225072459402031,0.06592770706939767,0.06592770706939752,0.06426123502144365,0.6212482450794252,0.689385848355018,-0.5507847897348009,0.11563812818691793
-0.18313364892486095,-0.5452131535633747,-0.9695795107756201,0.5487854674369828,0.2791893588542912,0.06592770706939767,0.06592770706939752,-1.3238310161649984,-0.5019124239907221,-1.1104093734576166,-1.1661254027053516,-0.9108984919135951
1.4861211774909606,-1.4862748010514168,-0.9745619489899708,-0.4181993483418502,-1.3835399493062193,-1.2645053004571831,-1.2645053004571831,-1.185021791046354,-0.5019124239907221,-1.1104093734576166,-0.8584550962200763,-0.9108984919135951
0.3176427989998855,0.41973756575885035,0.8490104374623972,1.3776295952474111,0.541465112820086,0.06592770706939767,0.06592770706939752,1.8687811615638181,-0.5019124239907221,1.049344892717545,1.6029073556621267,1.8265324950211062
-0.5169846142080252,-1.1994860941992431,-0.8915213120841253,-0.0037772844366360664,-0.7501192604831677,0.06592770706939767,0.06592770706939752,-0.9074033408090657,-0.5019124239907221,-0.7504503290950897,-0.5507847897348009,-0.9108984919135951
-1.1012238034535626,-1.1416010355241075,-0.9679186980375032,-0.1073828004129396,-0.7253762648260172,0.06592770706939767,0.06592770706939752,-1.185021791046354,-0.5019124239907221,-1.1104093734576166,-0.8584550962200763,-0.9108984919135951
0.901881988245423,1.0994975094552686,-0.0013256844534611447,-0.5908752083023561,-0.42351171780878166,0.06592770706939767,0.06592770706939752,0.7583073606146646,-0.5019124239907221,0.3294268039924911,1.6029073556621267,-0.22654074517991973
-0.3500591315664431,-1.7872051992569362,-0.9114510649415283,0.16889857552386983,-0.8342454457174793,0.06592770706939767,0.06592770706939752,-0.7685941156904216,-0.5019124239907221,-0.3904912847325628,-0.8584550962200763,-0.5687196185467573
6.326960174096842,0.3173501224294004,-0.9695795107756201,-0.9016917562312667,-1.536946522380552,0.06592770706939767,0.06592770706939752,-1.3238310161649984,-0.5019124239907221,-1.1104093734576166,-1.1661254027053516,-0.9108984919135951
0.06725457503751228,0.8475836516185494,2.4616596061739178,1.6884461431763216,-0.5422780969631039,-1.2645053004571831,-1.2645053004571831,1.1747350359705973,0.6212482450794252,0.689385848355018,1.2952370491768512,0.7999958749205932
0.901881988245423,0.5082629556995687,0.6696426617457708,1.6539109711842206,0.9868390346487942,0.06592770706939767,0.06592770706939752,0.20307046014008784,-0.5019124239907221,0.689385848355018,-0.5507847897348009,0.4578170015537556
-0.18313364892486095,-1.1758367120490152,-0.9629362598231525,0.8941371873579945,-0.10185277426582577,0.06592770706939767,0.06592770706939752,-1.185021791046354,-0.5019124239907221,-0.7504503290950897,-1.1661254027053516,-0.9108984919135951
-1.7689257340198914,0.8568516527314766,1.6960249339020217,-1.4197193361127844,-0.6956846700374367,-1.2645053004571831,-1.2645053004571831,1.1747350359705973,1.7444089141495727,-0.3904912847325628,0.987566742691576,2.1687113683879438
0.901881988245423,0.3529839887773791,0.8240982463906436,-0.4181993483418502,1.6202597234718459,0.06592770706939767,0.06592770706939752,1.5911627113265299,-0.5019124239907221,2.489181070167653,0.6798964362063006,0.7999958749205932
0.4011055403206766,-0.8210160832342769,-0.9778835744662047,-0.6254103802944573,-1.6309699058777238,1.3963607145959784,1.3963607145959784,-1.185021791046354,-0.5019124239907221,-1.1104093734576166,-0.8584550962200763,-0.9108984919135951
-0.266596390245652,1.1143982181411385,1.800656136403387,-0.31459383236554667,0.25444636319714076,0.06592770706939767,0.06592770706939752,0.20307046014008784,3.9907302522898678,0.3294268039924911,0.06455582323574982,0.11563812818691793
1.3191956948493784,0.9103823488147629,1.3024123149683138,0.8596020153658934,0.9027128494144827,0.06592770706939767,0.06592770706939752,0.8971165857333089,-0.5019124239907221,1.7692629814425989,0.06455582323574982,0.4578170015537556
-1.6020002513783091,0.6115292612035202,2.52477049022236,1.4121647672395123,1.5509793356318247,-1.2645053004571831,-1.2645053004571831,0.8971165857333089,-0.5019124239907221,-0.03053224037003586,-0.24311448324952553,2.5108902417547814
-0.016208166283278792,0.5168518360412899,1.5365869110427983,0.27250409150017335,1.2590119868774492,0.06592770706939767,0.06592770706939752,1.1747350359705973,-0.5019124239907221,1.7692629814425989,0.06455582323574982,1.142174748287431
-0.5169846142080252,-0.8420288788609998,-0.8998253757747099,0.3415744354843757,-0.33443693344304004,0.06592770706939767,0.06592770706939752,-1.04621256592771,-0.5019124239907221,-0.7504503290950897,-0.8584550962200763,-0.9108984919135951
-1.351612027415936,-0.8908456778265041,-0.9629362598231525,0.09982823153966747,-0.5373294978316737,0.06592770706939767,0.06592770706939752,-1.185021791046354,-0.5019124239907221,-1.1104093734576166,-0.8584550962200763,-0.9108984919135951
-0.43352187288723415,2.015551533250671,0.8407063737718127,-1.5233248520890879,0.47713332411149484,-1.2645053004571831,-1.2645053004571831,2.146399611801107,5.1138909213600146,0.689385848355018,2.2182479686326775,2.1687113683879438
0.901881988245423,-1.0285873495393185,-0.6573467160096409,1.4812351112237145,1.4421101547403625,-1.2645053004571831,-1.2645053004571831,-0.49097566545313315,-0.5019124239907221,-0.3904912847325628,-0.24311448324952553,-0.5687196185467573
0.15071731635830335,0.9373474382597019,0.9004956323440214,0.9632075313421969,1.5608765338946848,1.3963607145959784,1.3963607145959784,1.1747350359705973,-0.5019124239907221,-0.03053224037003586,1.6029073556621267,1.142174748287431
-0.43352187288723415,-0.8524553801130429,-0.9513105706563342,-0.48726969232605255,1.3381895729803306,0.06592770706939767,0.06592770706939752,-1.185021791046354,-0.5019124239907221,-1.1104093734576166,-0.8584550962200763,-0.9108984919135951
0.6514937642830498,0.44358668931237416,0.8224374336525266,-0.03831245642873724,1.3233437755860404,0.06592770706939767,0.06592770706939752,0.48068891037737627,0.6212482450794252,1.409303937080072,-0.24311448324952553,0.11563812818691793
0.4011055403206766,-0.24963582496618397,-0.4713356893405469,1.6539109711842206,1.29365218079746,0.06592770706939767,0.06592770706939752,-0.07454799009720055,-0.5019124239907221,-0.3904912847325628,0.3722261297210252,-0.22654074517991973
0.4011055403206766,-1.3397445075935852,-0.9330416305370481,1.5848406272000182,0.1802173762256894,1.3963607145959784,1.3963607145959784,-0.9074033408090657,-0.5019124239907221,-0.7504503290950897,-0.5507847897348009,-0.9108984919135951
0.9853447295662141,-0.4594441949881391,-0.9778835744662047,-0.8671565842391655,-0.7451706613517376,2.7267937221225593,2.726793722122559,-1.3238310161649984,-0.5019124239907221,-1.1104093734576166,-1.1661254027053516,-0.9108984919135951
-0.8508355794911895,-1.476127937763988,-0.954632196132568,0.37610960747647687,1.353035370374621,0.06592770706939767,0.06592770706939752,-1.185021791046354,1.7444089141495727,-1.1104093734576166,-1.1661254027053516,-0.5687196185467573
0.06725457503751228,0.6965392024462317,0.39726937269459744,-0.1073828004129396,0.24454916493428058,1.3963607145959784,1.3963607145959784,1.3135442610892414,-0.5019124239907221,2.129222025805126,1.2952370491768512,-0.22654074517991973
-0.09967090760406987,-0.3227411785724631,-0.5493938880320417,1.2394889072790063,-1.6903530954548849,0.06592770706939767,0.06592770706939752,-0.21335721521584475,-0.5019124239907221,-0.03053224037003586,0.06455582323574982,-0.5687196185467573
-0.7673728381703985,-0.5800880025788292,-0.9645970725612694,-0.6254103802944573,1.135297008591697,0.06592770706939767,0.06592770706939752,-1.3238310161649984,-0.5019124239907221,-1.1104093734576166,-1.1661254027053516,-0.9108984919135951
1.4026584361701695,-0.3380413700649248,-0.5493938880320417,-1.3851841641206832,0.7789978711287304,1.3963607145959784,1.3963607145959784,-0.21335721521584475,0.6212482450794252,0.3294268039924911,-0.5507847897348009,-0.22654074517991973
0.23418005767909442,-0.5616318969142932,-0.8566442445836702,-0.6599455522865585,0.5860025050029568,1.3963607145959784,1.3963607145959784,-0.7685941156904216,-0.5019124239907221,-0.3904912847325628,-0.8584550962200763,-0.5687196185467573
0.48456828164146765,1.1139987353345469,1.4767976524705895,-0.07284762842083842,-1.7348904876377558,-1.2645053004571831,-1.2645053004571831,0.7583073606146646,0.6212482450794252,-0.3904912847325628,0.6798964362063006,1.4843536216542685
-0.09967090760406987,-0.564907655928345,-0.7005278472006806,0.7214613273974887,1.3282923747174704,1.3963607145959784,1.3963607145959784,-0.7685941156904216,1.7444089141495727,-0.3904912847325628,-1.1661254027053516,-0.22654074517991973
-0.09967090760406987,0.8270102870790774,0.6231399050784974,-1.2470434761522784,0.10598838925423804,-1.2645053004571831,-1.2645053004571831,-0.07454799009720055,-0.5019124239907221,-0.3904912847325628,0.06455582323574982,0.11563812818691793
-0.09967090760406987,-1.2051587500528451,-0.8948429375603592,-1.3161138201364808,-0.42351171780878166,0.06592770706939767,0.06592770706939752,-0.9074033408090657,-0.5019124239907221,-0.7504503290950897,-1.1661254027053516,-0.22654074517991973
1.3191956948493784,0.68028025221795,1.709311435806957,-0.6254103802944573,1.4421101547403625,-1.2645053004571831,-1.2645053004571831,-0.07454799009720055,0.6212482450794252,-0.3904912847325628,-0.24311448324952553,0.4578170015537556
-1.1846865447743538,-0.8169413586070416,-0.9064686267271775,-1.1779731321680762,-1.2499277727576068,0.06592770706939767,0.06592770706939752,-0.7685941156904216,-0.5019124239907221,-0.3904912847325628,-0.5507847897348009,-0.9108984919135951
-0.5169846142080252,0.38618101000514843,-0.6224696485091857,-1.6269303680653915,-1.0321894109746828,0.06592770706939767,0.06592770706939752,-0.35216644033448896,-0.5019124239907221,-0.03053224037003586,-0.5507847897348009,-0.22654074517991973
0.7349565056038408,-0.9157334566771664,-0.9263983795845805,0.20343374751597101,-1.3340539579919184,1.3963607145959784,1.3963607145959784,-0.9074033408090657,-0.5019124239907221,-0.7504503290950897,-0.5507847897348009,-0.9108984919135951
0.48456828164146765,-0.7534235923589632,-0.8416969299406181,-0.38366417634974903,0.7641520737344402,1.3963607145959784,1.3963607145959784,-0.9074033408090657,-0.5019124239907221,-0.7504503290950897,-0.5507847897348009,-0.9108984919135951
0.48456828164146765,0.562273031150765,0.2727084173358291,1.2740240792711075,-0.33443693344304004,0.06592770706939767,0.06592770706939752,1.1747350359705973,-0.5019124239907221,0.689385848355018,1.910577662147402,0.11563812818691793
1.0688074708870052,0.3386026077400783,0.5832803993636915,0.2379689195080722,0.8631240563630419,-1.2645053004571831,-1.2645053004571831,1.1747350359705973,0.6212482450794252,1.049344892717545,1.2952370491768512,0.4578170015537556
-1.0177610621327717,1.02443469009669,0.35242742876544086,-0.6944807242786596,-1.4528203371462405,-1.2645053004571831,-1.2645053004571831,-0.21335721521584475,-0.5019124239907221,-0.3904912847325628,-0.24311448324952553,0.11563812818691793
-1.4350747687367271,0.7042492206134513,0.5301343917439503,-0.6599455522865585,0.4919791215057851,-1.2645053004571831,-1.2645053004571831,0.48068891037737627,1.7444089141495727,-0.3904912847325628,0.6798964362063006,0.7999958749205932
0.06725457503751228,0.4635208813612995,0.5019005751959629,0.5142502954448817,0.3979557380086134,0.06592770706939767,0.06592770706939752,1.1747350359705973,-0.5019124239907221,1.7692629814425989,0.987566742691576,0.11563812818691793
-1.0177610621327717,-1.1088833936642482,-0.8367144917262673,-0.1073828004129396,0.7394090780772896,0.06592770706939767,0.06592770706939752,-0.7685941156904216,-0.5019124239907221,-0.3904912847325628,-0.5507847897348009,-0.9108984919135951
-0.6004473555288163,-0.03471407501985521,-0.049489253858851556,1.204953735286905,1.2788063834031695,0.06592770706939767,0.06592770706939752,0.20307046014008784,-0.5019124239907221,1.409303937080072,-0.5507847897348009,-0.22654074517991973
1.9034348840949158,-0.578370226510485,-0.47963975303113143,-1.0052972722075701,1.5509793356318247,-1.2645053004571831,-1.2645053004571831,-0.21335721521584475,-0.5019124239907221,-0.03053224037003586,0.06455582323574982,-0.5687196185467573
-0.43352187288723415,0.5353878382671443,-0.2404827187422963,0.8596020153658934,-1.155904389260435,0.06592770706939767,0.06592770706939752,0.20307046014008784,-0.5019124239907221,0.3294268039924911,0.6798964362063006,-0.5687196185467573
-0.5169846142080252,-0.31634945366699607,-0.9446673197038665,-1.0743676161917726,-1.3884885484376495,1.3963607145959784,1.3963607145959784,-1.04621256592771,-0.5019124239907221,-0.7504503290950897,-0.8584550962200763,-0.9108984919135951
-0.43352187288723415,-0.8631615193297001,-0.8898604993460084,0.8941371873579945,-0.00782939076865405,0.06592770706939767,0.06592770706939752,-0.9074033408090657,-0.5019124239907221,-0.3904912847325628,-1.1661254027053516,-0.5687196185467573
1.4026584361701695,0.9204093672602143,0.5384384554345348,-1.1089027881838738,0.8037408667858809,-1.2645053004571831,-1.2645053004571831,1.3135442610892414,-0.5019124239907221,0.689385848355018,2.2182479686326775,0.11563812818691793
1.0688074708870052,-0.05352971521032377,0.4205207510282342,1.34309442325531,0.9076614485459128,1.3963607145959784,1.3963607145959784,1.0359258108519531,-0.5019124239907221,0.689385848355018,1.910577662147402,-0.22654074517991973
0.23418005767909442,1.1068879413772148,1.448563835922602,-1.0398324441996714,-1.5122035267234017,-1.2645053004571831,-1.2645053004571831,1.1747350359705973,-0.5019124239907221,0.3294268039924911,-0.24311448324952553,2.853069115121619
1.6530466601325426,-0.6720089963755769,-0.358400423148597,0.44517995146067924,0.13567998404281859,-1.2645053004571831,-1.2645053004571831,0.06426123502144365,-0.5019124239907221,1.049344892717545,-0.24311448324952553,-0.5687196185467573
-1.2681492860951449,-0.791933734914402,-0.9197551286321128,-1.3161138201364808,0.031759402282786675,-1.2645053004571831,-1.2645053004571831,-1.185021791046354,0.6212482450794252,-1.1104093734576166,-0.8584550962200763,-0.9108984919135951
-0.016208166283278792,-0.5543613098343244,-0.7785860458921754,0.8596020153658934,-0.8391940448489094,0.06592770706939767,0.06592770706939752,-0.7685941156904216,-0.5019124239907221,-0.3904912847325628,-0.8584550962200763,-0.5687196185467573
-0.9342983208119806,1.2087960053387548,2.1809822534321595,-0.5908752083023561,1.249114788614589,-1.2645053004571831,-1.2645053004571831,0.7583073606146646,0.6212482450794252,-0.7504503290950897,0.987566742691576,1.4843536216542685
-0.18313364892486095,-1.4226371899613608,-0.8931821248222422,0.9286723593500957,-0.933217428346081,1.3963607145959784,1.3963607145959784,-0.9074033408090657,-0.5019124239907221,-0.3904912847325628,-0.8584550962200763,-0.9108984919135951
0.3176427989998855,-0.9014719204818431,-0.9645970725612694,-1.4887896800969866,0.595899703265817,1.3963607145959784,1.3963607145959784,-1.3238310161649984,-0.5019124239907221,-1.4703684178201437,-0.8584550962200763,-0.9108984919135951
1.4026584361701695,0.14832894696045676,1.2758393111584432,0.44517995146067924,1.5905681286832654,0.06592770706939767,0.06592770706939752,1.0359258108519531,1.7444089141495727,-0.3904912847325628,1.6029073556621267,1.142174748287431
-1.6020002513783091,-0.6731275482340336,-0.9529713833944511,-1.0052972722075701,0.6206426989229675,0.06592770706939767,0.06592770706939752,-1.185021791046354,-0.5019124239907221,-1.1104093734576166,-0.8584550962200763,-0.9108984919135951
-1.4350747687367271,-0.39356948018116955,-0.8400361172025012,-0.21098831638924315,0.8829184528887623,0.06592770706939767,0.06592770706939752,-0.9074033408090657,-0.5019124239907221,-0.3904912847325628,-0.8584550962200763,-0.9108984919135951
-1.1012238034535626,0.6547133525960819,0.36405311793225925,-0.14191797240504078,0.8878670520201924,-1.2645053004571831,-1.2645053004571831,-0.21335721521584475,-0.5019124239907221,-0.7504503290950897,0.06455582323574982,0.11563812818691793
0.3176427989998855,0.22666752533308698,0.5151870771008981,-0.5218048643181538,-1.2350819753633167,0.06592770706939767,0.06592770706939752,1.4523534862078857,0.6212482450794252,1.409303937080072,1.910577662147402,0.11563812818691793
0.901881988245423,-0.6788002040876356,-0.9031470012509437,0.13436340353176865,-1.3835399493062193,1.3963607145959784,1.3963607145959784,-0.7685941156904216,-0.5019124239907221,-0.3904912847325628,-0.8584550962200763,-0.5687196185467573
1.0688074708870052,0.26298051245227155,0.20295428233491888,-0.17645314439714196,-0.4631005108602224,0.06592770706939767,0.06592770706939752,1.0359258108519531,-0.5019124239907221,1.7692629814425989,0.987566742691576,-0.22654074517991973
-0.7673728381703985,-0.23413589207042643,-0.8566442445836702,1.3776295952474111,-1.155904389260435,0.06592770706939767,0.06592770706939752,-0.9074033408090657,-0.5019124239907221,-0.7504503290950897,-0.8584550962200763,-0.5687196185467573
-1.6020002513783091,-0.4989929928407163,-0.5527155135082755,-0.21098831638924315,-1.3686941519119291,0.06592770706939767,0.06592770706939752,-0.35216644033448896,-0.5019124239907221,0.3294268039924911,-0.5507847897348009,-0.5687196185467573
-1.2681492860951449,-1.1290173271164692,-0.8965037502984761,0.6523909834132863,-0.8391940448489094,0.06592770706939767,0.06592770706939752,-0.7685941156904216,-0.5019124239907221,-0.3904912847325628,-0.8584550962200763,-0.5687196185467573
0.6514937642830498,1.1469960151590204,1.0084484603216206,-0.17645314439714196,0.5167221171629356,-1.2645053004571831,-1.2645053004571831,1.3135442610892414,0.6212482450794252,0.689385848355018,0.987566742691576,1.4843536216542685
0.23418005767909442,-1.006695691738094,-0.8284104280356828,0.5142502954448817,1.4619045512660829,-1.2645053004571831,-1.2645053004571831,-0.9074033408090657,0.6212482450794252,-0.3904912847325628,-0.8584550962200763,-0.9108984919135951
1.819972142774125,1.0074566708165433,0.9154429469870736,1.2394889072790063,-1.1756987857861554,-1.2645053004571831,-1.2645053004571831,0.6194981354960204,0.6212482450794252,-0.7504503290950897,1.2952370491768512,0.7999958749205932
0.4011055403206766,0.4738674860520242,-0.09931363600235889,1.5157702832158158,-0.3047453386544595,0.06592770706939767,0.06592770706939752,0.6194981354960204,0.6212482450794252,1.409303937080072,0.06455582323574982,0.11563812818691793
-1.9358512166614734,-0.38222416847396556,-0.6058615211280167,-1.2815786481443796,0.36826414322003287,-1.2645053004571831,-1.2645053004571831,-0.35216644033448896,-0.5019124239907221,-0.03053224037003586,-0.5507847897348009,-0.22654074517991973
-0.6004473555288163,-1.5846274680342907,-0.9180943158939959,1.2740240792711075,-0.9480632257403713,0.06592770706939767,0.06592770706939752,-0.7685941156904216,-0.5019124239907221,-0.3904912847325628,-0.8584550962200763,-0.5687196185467573
0.15071731635830335,-1.185024816600624,-0.9446673197038665,-0.7290158962707608,-0.5422780969631039,2.7267937221225593,2.726793722122559,-1.04621256592771,-0.5019124239907221,-0.7504503290950897,-0.8584550962200763,-0.9108984919135951
-1.6854629926991003,-0.0342147215116156,1.669451930092151,0.6869261554053875,0.18516597535711948,-1.2645053004571831,-1.2645053004571831,1.4523534862078857,1.7444089141495727,0.689385848355018,1.910577662147402,0.7999958749205932
-0.6004473555288163,0.7452361565697586,1.4983882180661092,-0.24552348838134433,0.7641520737344402,-1.2645053004571831,-1.2645053004571831,1.3135442610892414,-0.5019124239907221,0.689385848355018,1.2952370491768512,1.142174748287431
0.23418005767909442,0.07829961096493364,-0.6158263975567182,-1.2470434761522784,-0.7897080535346084,1.3963607145959784,1.3963607145959784,-0.35216644033448896,-0.5019124239907221,-0.3904912847325628,0.06455582323574982,-0.5687196185467573
1.0688074708870052,-0.9347488382709308,-0.9529713833944511,1.2740240792711075,-1.2053903805747361,1.3963607145959784,1.3963607145959784,-1.04621256592771,-0.5019124239907221,-0.7504503290950897,-0.8584550962200763,-0.9108984919135951
-0.266596390245652,-0.4760626797423534,-0.8367144917262673,0.3415744354843757,-0.0919555760029656,1.3963607145959784,1.3963607145959784,-0.9074033408090657,-0.5019124239907221,-0.3904912847325628,-0.8584550962200763,-0.9108984919135951
-1.351612027415936,0.5698632044760071,-0.34013148302931095,-0.6599455522865585,1.635105520866136,0.06592770706939767,0.06592770706939752,0.06426123502144365,-0.5019124239907221,-0.03053224037003586,0.06455582323574982,0.11563812818691793
1.4861211774909606,-0.855091966636548,-0.9596146343469186,-0.556340036310255,-0.027623787294374414,1.3963607145959784,1.3963607145959784,-1.185021791046354,-0.5019124239907221,-1.1104093734576166,-0.8584550962200763,-0.9108984919135951
-0.09967090760406987,-0.0342147215116156,0.741057609484798,0.6178558114211852,-0.21567055428871787,2.7267937221225593,2.726793722122559,0.341879685258732,1.7444089141495727,-0.7504503290950897,1.2952370491768512,0.11563812818691793
-0.18313364892486095,0.5016315411101466,0.12323527090530717,-0.9016917562312667,0.8631240563630419,0.06592770706939767,0.06592770706939752,0.7583073606146646,-0.5019124239907221,-0.3904912847325628,1.910577662147402,0.11563812818691793
-0.43352187288723415,-0.71175753563145,-0.9562930088706849,1.1013482193106017,0.04660519967707695,0.06592770706939767,0.06592770706939752,-1.3238310161649984,-0.5019124239907221,-1.1104093734576166,-1.1661254027053516,-0.9108984919135951
0.3176427989998855,-0.20824940620328497,-0.9729011362518539,-1.4887896800969866,-1.0569324066318333,1.3963607145959784,1.3963607145959784,-1.3238310161649984,-0.5019124239907221,-1.1104093734576166,-1.1661254027053516,-0.9108984919135951
0.6514937642830498,0.48285584920033725,1.1645648577046102,-0.2800586603734455,0.7592034746030101,0.06592770706939767,0.06592770706939752,0.7583073606146646,-0.5019124239907221,2.129222025805126,-0.24311448324952553,0.11563812818691793
1.3191956948493784,-0.4703500756080922,0.040194633999461625,0.9977427033342982,0.8928156511516225,0.06592770706939767,0.06592770706939752,0.7583073606146646,-0.5019124239907221,1.409303937080072,0.6798964362063006,-0.22654074517991973
0.9853447295662141,0.39744642515103407,1.1247053519898045,-0.0037772844366360664,0.026810803151356585,-1.2645053004571831,-1.2645053004571831,0.6194981354960204,-0.5019124239907221,-0.03053224037003586,-0.24311448324952553,1.8265324950211062
-0.6004473555288163,-1.4936252846927038,-0.898164563036593,-0.3491290043576479,0.041656600545646856,0.06592770706939767,0.06592770706939752,-0.9074033408090657,-0.5019124239907221,-0.7504503290950897,-0.5507847897348009,-0.9108984919135951
-1.2681492860951449,-0.9980269148350543,-0.9446673197038665,-1.5923951960732903,-0.5917640882774048,0.06592770706939767,0.06592770706939752,-1.185021791046354,-0.5019124239907221,-1.1104093734576166,-0.8584550962200763,-0.9108984919135951
1.5695839188117515,0.08764750863917917,-0.9430065069657496,-0.4181993483418502,0.30888095364287177,2.7267937221225593,2.726793722122559,-1.185021791046354,-0.5019124239907221,-1.1104093734576166,-0.8584550962200763,-0.9108984919135951
-1.4350747687367271,-0.8884088327062949,-0.7403873529154864,-0.9362269282233678,0.7295118798144294,0.06592770706939767,0.06592770706939752,-0.6297848905717773,-0.5019124239907221,-0.3904912847325628,-0.5507847897348009,-0.5687196185467573
-1.1846865447743538,-1.125182292173189,-0.9679186980375032,1.0322778753263993,0.4226987336657639,0.06592770706939767,0.06592770706939752,-1.3238310161649984,-0.5019124239907221,-1.1104093734576166,-1.1661254027053516,-0.9108984919135951
-1.6854629926991003,-0.7287355549115967,-0.8881996866078915,-0.1073828004129396,-0.3096939377858896,-1.2645053004571831,-1.2645053004571831,-1.04621256592771,-0.5019124239907221,-1.1104093734576166,-0.8584550962200763,-0.5687196185467573
1.0688074708870052,0.5631119450446076,0.9220861979395413,1.1358833913027029,0.487030522374355,0.06592770706939767,0.06592770706939752,0.6194981354960204,0.6212482450794252,1.7692629814425989,-0.24311448324952553,0.11563812818691793
-0.18313364892486095,-0.6815166871724591,-0.9081294394652945,-1.350648992128582,0.8977642502830526,0.06592770706939767,0.06592770706939752,-1.185021791046354,1.7444089141495727,-1.1104093734576166,-1.1661254027053516,-0.5687196185467573
-1.1846865447743538,-1.2075556468923954,-0.9513105706563342,0.06529305954756628,0.05155379880850704,0.06592770706939767,0.06592770706939752,-1.04621256592771,-0.5019124239907221,-0.7504503290950897,-0.8584550962200763,-0.9108984919135951
0.7349565056038408,0.39812554592224,0.5650114592444054,-0.38366417634974903,1.4915961460546634,1.3963607145959784,1.3963607145959784,1.1747350359705973,-0.5019124239907221,-0.03053224037003586,1.910577662147402,0.7999958749205932
0.06725457503751228,0.9369879037337694,1.3887745773503932,-1.350648992128582,1.0709652198831057,-1.2645053004571831,-1.2645053004571831,1.1747350359705973,3.9907302522898678,2.489181070167653,0.06455582323574982,0.4578170015537556
-0.266596390245652,-0.8614037949806967,-0.9031470012509437,-1.2125083041601774,1.189731599037428,0.06592770706939767,0.06592770706939752,-1.185021791046354,-0.5019124239907221,-1.1104093734576166,-0.8584550962200763,-0.9108984919135951
0.3176427989998855,1.2290098353522942,1.7740831325935165,-1.0743676161917726,0.6404370954486879,-1.2645053004571831,-1.2645053004571831,1.1747350359705973,1.7444089141495727,1.049344892717545,0.6798964362063006,1.142174748287431
5.826183726172096,1.2501424758209945,2.0713686127164435,-0.4527345203339514,-0.38392292475734097,-1.2645053004571831,-1.2645053004571831,0.20307046014008784,0.6212482450794252,-0.03053224037003586,-0.5507847897348009,1.142174748287431
-1.6020002513783091,0.6558319044545387,1.5482126002096166,1.5848406272000182,1.6548999173918564,-1.2645053004571831,-1.2645053004571831,1.0359258108519531,-0.5019124239907221,-0.03053224037003586,1.6029073556621267,0.7999958749205932
-1.4350747687367271,-0.43251905382385925,-0.7752644204159416,-1.3161138201364808,-0.7402220622203075,-1.2645053004571831,-1.2645053004571831,-0.7685941156904216,-0.5019124239907221,-0.7504503290950897,-0.5507847897348009,-0.5687196185467573
-0.016208166283278792,0.11880716755333091,0.9569632654399964,0.5487854674369828,1.135297008591697,0.06592770706939767,0.06592770706939752,0.6194981354960204,1.7444089141495727,-0.03053224037003586,1.6029073556621267,-0.22654074517991973
1.5695839188117515,0.2817961526427401,-0.1640853327889184,0.7559964993895899,0.13567998404281859,0.06592770706939767,0.06592770706939752,0.48068891037737627,-0.5019124239907221,-0.3904912847325628,0.6798964362063006,0.7999958749205932
-0.3500591315664431,-1.0006235530779004,-0.9762227617280878,-1.2470434761522784,-0.17608176123727715,0.06592770706939767,0.06592770706939752,-1.3238310161649984,1.7444089141495727,-1.1104093734576166,-1.1661254027053516,-0.9108984919135951
1.4026584361701695,1.21382948870181,0.555046582815704,0.30703926349227456,-0.606609885671695,-1.2645053004571831,-1.2645053004571831,0.341879685258732,-0.5019124239907221,-0.7504503290950897,-0.5507847897348009,2.1687113683879438
0.3176427989998855,-0.3171084709995203,-0.936363256013282,0.5487854674369828,0.08619399272851767,1.3963607145959784,1.3963607145959784,-1.185021791046354,-0.5019124239907221,-1.1104093734576166,-0.8584550962200763,-0.9108984919135951
-0.09967090760406987,1.3021950855198916,0.9702497673449316,-1.696000712049594,-1.685404496323455,-1.2645053004571831,-1.2645053004571831,0.20307046014008784,0.6212482450794252,-0.03053224037003586,0.06455582323574982,0.4578170015537556
-0.18313364892486095,-0.8735081240204249,-0.9330416305370481,-0.556340036310255,0.976941836385934,1.3963607145959784,1.3963607145959784,-1.04621256592771,-0.5019124239907221,-0.7504503290950897,-0.8584550962200763,-0.9108984919135951
-0.6004473555288163,-0.7612934036488194,-0.9795443872043216,1.4121647672395123,-0.87383423876892,0.06592770706939767,0.06592770706939752,-1.3238310161649984,0.6212482450794252,-1.1104093734576166,-1.1661254027053516,-0.9108984919135951
0.9853447295662141,0.7540247783147758,0.3806612453134283,1.5848406272000182,-0.7897080535346084,0.06592770706939767,0.06592770706939752,1.3135442610892414,-0.5019124239907221,0.689385848355018,0.987566742691576,1.4843536216542685
-1.4350747687367271,0.7875413857878185,1.39043539008851,1.5157702832158158,0.8977642502830526,0.06592770706939767,0.06592770706939752,1.0359258108519531,1.7444089141495727,1.409303937080072,0.6798964362063006,0.4578170015537556
0.23418005767909442,0.6999348063022611,0.702858916508109,-0.38366417634974903,-0.5422780969631039,-1.2645053004571831,-1.2645053004571831,0.341879685258732,0.6212482450794252,-0.03053224037003586,-0.24311448324952553,1.142174748287431
-0.43352187288723415,0.7934137830447163,0.9669281418686979,-1.0743676161917726,1.2689091851403094,-1.2645053004571831,-1.2645053004571831,0.6194981354960204,-0.5019124239907221,-0.3904912847325628,1.2952370491768512,0.4578170015537556
-0.6004473555288163,0.31007953534943167,1.114740475561103,0.27250409150017335,0.9917876337802243,0.06592770706939767,0.06592770706939752,0.8971165857333089,-0.5019124239907221,2.489181070167653,-0.24311448324952553,0.11563812818691793
-0.7673728381703985,-0.5430958946884388,-0.9247375668464636,-0.14191797240504078,-0.7006332691688668,1.3963607145959784,1.3963607145959784,-1.04621256592771,-0.5019124239907221,-0.7504503290950897,-0.8584550962200763,-0.9108984919135951
1.1522702122077961,-0.05996138839644997,-0.8416969299406181,0.4106447794685781,0.2989837553800116,0.06592770706939767,0.06592770706939752,-0.9074033408090657,0.6212482450794252,-0.7504503290950897,-0.5507847897348009,-0.9108984919135951
-0.016208166283278792,0.648121886287319,1.7674398816410488,-1.4887896800969866,1.0412736250945251,-1.2645053004571831,-1.2645053004571831,0.20307046014008784,-0.5019124239907221,-0.3904912847325628,0.6798964362063006,0.11563812818691793
2.153823108057289,0.5127371631333956,0.4886140732910275,0.5487854674369828,-0.20082475689442758,-1.2645053004571831,-1.2645053004571831,0.06426123502144365,-0.5019124239907221,0.3294268039924911,-0.24311448324952553,0.11563812818691793
1.7365094014533338,-0.2219916147500391,-0.3002719773145051,0.09982823153966747,-0.44330611433450207,1.3963607145959784,1.3963607145959784,0.20307046014008784,-0.5019124239907221,-0.03053224037003586,-0.5507847897348009,1.142174748287431
0.9853447295662141,1.0538366246618385,2.5696124341515167,1.3085592512632087,1.412418559951782,-1.2645053004571831,-1.2645053004571831,1.1747350359705973,0.6212482450794252,-0.03053224037003586,1.2952370491768512,1.4843536216542685
-0.016208166283278792,0.39744642515103407,0.05015951042816309,-0.38366417634974903,-1.259824971020467,0.06592770706939767,0.06592770706939752,0.7583073606146646,-0.5019124239907221,0.689385848355018,1.2952370491768512,-0.22654074517991973
-0.7673728381703985,-0.9506083056926209,-0.9114510649415283,0.13436340353176865,-1.1311613936032847,1.3963607145959784,1.3963607145959784,-0.7685941156904216,-0.5019124239907221,-0.7504503290950897,-0.5507847897348009,-0.5687196185467573
-0.7673728381703985,-0.5800880025788292,-0.9645970725612694,-0.6254103802944573,1.135297008591697,0.06592770706939767,0.06592770706939752,-1.3238310161649984,-0.5019124239907221,-1.1104093734576166,-1.1661254027053516,-0.9108984919135951
0.15071731635830335,-0.030319764147346634,-0.18567589838443824,0.6178558114211852,0.9620960389916438,1.3963607145959784,1.3963607145959784,0.341879685258732,-0.5019124239907221,0.689385848355018,0.06455582323574982,0.11563812818691793
-0.016208166283278792,0.10246832076373083,0.144825836500827,0.5487854674369828,1.6004653269461255,0.06592770706939767,0.06592770706939752,0.6194981354960204,-0.5019124239907221,0.689385848355018,0.987566742691576,-0.22654074517991973
0.7349565056038408,1.0902694566230005,1.2326581799674037,0.5142502954448817,0.269292160591431,-1.2645053004571831,-1.2645053004571831,1.729971936445174,-0.5019124239907221,-0.03053224037003586,1.6029073556621267,2.5108902417547814
-0.6004473555288163,-0.8238524111610779,-0.9214159413702298,1.1358833913027029,0.5761053067400966,0.06592770706939767,0.06592770706939752,-1.04621256592771,-0.5019124239907221,-0.7504503290950897,-0.8584550962200763,-0.9108984919135951
0.5680310229622587,0.7904576102759379,2.2025728190276794,-0.763551068262862,1.1649886033802774,-1.2645053004571831,-1.2645053004571831,0.341879685258732,-0.5019124239907221,-0.03053224037003586,0.6798964362063006,0.11563812818691793
-0.5169846142080252,0.015021534400810083,0.6380872197215495,0.47971512345278045,1.0957082155402562,0.06592770706939767,0.06592770706939752,0.20307046014008784,-0.5019124239907221,-0.7504503290950897,0.6798964362063006,0.4578170015537556
-1.2681492860951449,-0.6613028571589196,-0.9562930088706849,0.583320639429084,-1.4132315440947998,0.06592770706939767,0.06592770706939752,-1.185021791046354,-0.5019124239907221,-1.1104093734576166,-0.8584550962200763,-0.9108984919135951
-0.5169846142080252,-0.16218903860326322,-0.5842709555324969,0.6869261554053875,1.2639605860088794,1.3963607145959784,1.3963607145959784,-0.35216644033448896,-0.5019124239907221,0.3294268039924911,-0.5507847897348009,-0.5687196185467573
-0.09967090760406987,-0.9064255072835801,-0.9579538216088017,0.09982823153966747,-0.24536214907729842,0.06592770706939767,0.06592770706939752,-1.185021791046354,0.6212482450794252,-1.1104093734576166,-1.1661254027053516,-0.5687196185467573
0.23418005767909442,0.46228248466086524,1.2708568729440926,-0.14191797240504078,1.194680198168858,0.06592770706939767,0.06592770706939752,0.8971165857333089,0.6212482450794252,-0.03053224037003586,1.910577662147402,0.11563812818691793
-0.266596390245652,-0.5456925329312848,-0.8848780611316577,-1.6269303680653915,0.09114259185994776,1.3963607145959784,1.3963607145959784,-0.9074033408090657,0.6212482450794252,-0.3904912847325628,-0.8584550962200763,-0.9108984919135951
-0.5169846142080252,-0.24528146237433454,-0.8068198624401629,1.2740240792711075,1.6153111243404157,1.3963607145959784,1.3963607145959784,-0.7685941156904216,-0.5019124239907221,-0.3904912847325628,-1.1661254027053516,-0.22654074517991973
-0.09967090760406987,-1.1845853855133732,-0.8715915592267224,-0.9016917562312667,0.5662081084772365,-1.2645053004571831,-1.2645053004571831,-1.185021791046354,1.7444089141495727,-1.1104093734576166,-1.1661254027053516,-0.5687196185467573
-1.6854629926991003,-0.8772233141217276,-0.9446673197038665,-1.2470434761522784,0.9521988407287836,0.06592770706939767,0.06592770706939752,-1.185021791046354,-0.5019124239907221,-1.1104093734576166,-0.8584550962200763,-0.9108984919135951
0.6514937642830498,0.5667871868652511,1.280821749372794,-1.2125083041601774,-0.4136145195459215,0.06592770706939767,0.06592770706939752,0.7583073606146646,-0.5019124239907221,-0.3904912847325628,1.2952370491768512,0.7999958749205932
-0.016208166283278792,-0.8555313977237988,-0.9214159413702298,1.4812351112237145,0.1307313849113885,0.06592770706939767,0.06592770706939752,-1.185021791046354,-0.5019124239907221,-1.1104093734576166,-0.8584550962200763,-0.9108984919135951
-0.016208166283278792,-0.7453140913851518,-0.9778835744662047,-0.38366417634974903,0.9076614485459128,1.3963607145959784,1.3963607145959784,-1.3238310161649984,-0.5019124239907221,-1.1104093734576166,-1.1661254027053516,-0.9108984919135951
-1.351612027415936,-1.288410966946553,-0.9695795107756201,0.8596020153658934,-0.6264042821974154,0.06592770706939767,0.06592770706939752,-1.3238310161649984,-0.5019124239907221,-1.4703684178201437,-0.8584550962200763,-0.9108984919135951
1.2357329535285873,-0.9913955002456324,-0.4680140638643131,-1.2125083041601774,1.0412736250945251,-1.2645053004571831,-1.2645053004571831,-0.21335721521584475,-0.5019124239907221,-0.03053224037003586,0.06455582323574982,-0.5687196185467573
-0.3500591315664431,-0.661143064036283,-0.655685903271524,1.550305455207917,1.5955167278146953,2.7267937221225593,2.726793722122559,-0.49097566545313315,-0.5019124239907221,-0.03053224037003586,-0.5507847897348009,-0.5687196185467573
-1.0177610621327717,-0.6429665963363611,-0.9745619489899708,-0.556340036310255,-1.2994137640719077,0.06592770706939767,0.06592770706939752,-1.3238310161649984,-0.5019124239907221,-1.4703684178201437,-1.1661254027053516,-0.5687196185467573
-0.18313364892486095,-1.6775471688475176,-0.9380240687513989,-0.5908752083023561,0.2791893588542912,0.06592770706939767,0.06592770706939752,-1.04621256592771,-0.5019124239907221,-1.1104093734576166,-1.1661254027053516,-0.22654074517991973
0.06725457503751228,-0.33728235273240054,-0.18899752386067206,-1.3161138201364808,-0.48289490738594276,0.06592770706939767,0.06592770706939752,0.20307046014008784,1.7444089141495727,1.049344892717545,-0.5507847897348009,0.11563812818691793
0.7349565056038408,0.4451446722580818,0.6629994107933032,0.9977427033342982,1.3777783660317713,0.06592770706939767,0.06592770706939752,1.3135442610892414,-0.5019124239907221,-0.03053224037003586,2.2182479686326775,0.7999958749205932
1.6530466601325426,-0.5359052041697884,-0.8167847388688644,0.2379689195080722,1.5559279347632546,0.06592770706939767,0.06592770706939752,-0.9074033408090657,-0.5019124239907221,-0.7504503290950897,-0.8584550962200763,-0.5687196185467573
0.06725457503751228,1.2554156488680048,0.9420159507969442,0.27250409150017335,0.31382955277430186,1.3963607145959784,1.3963607145959784,0.48068891037737627,-0.5019124239907221,-0.7504503290950897,1.910577662147402,-0.22654074517991973
-0.8508355794911895,1.5205124393222498,1.8803751478329989,-1.4542545081048857,-0.87383423876892,-1.2645053004571831,-1.2645053004571831,0.8971165857333089,0.6212482450794252,0.3294268039924911,0.6798964362063006,1.142174748287431
-0.8508355794911895,0.40991028871669477,-0.637416963152238,-1.696000712049594,-0.7501192604831677,0.06592770706939767,0.06592770706939752,-0.35216644033448896,-0.5019124239907221,-0.3904912847325628,0.06455582323574982,-0.5687196185467573
-2.0193139579822645,0.881060310810933,0.8656185648435663,0.583320639429084,-1.472614733671961,-1.2645053004571831,-1.2645053004571831,0.341879685258732,-0.5019124239907221,0.3294268039924911,0.06455582323574982,0.4578170015537556
1.9034348840949158,-0.048975611215178516,-0.6590075287477578,1.2740240792711075,0.41280153540290365,-1.2645053004571831,-1.2645053004571831,-0.49097566545313315,-0.5019124239907221,-0.03053224037003586,-0.5507847897348009,-0.5687196185467573
0.06725457503751228,0.740602156013295,0.30094223388381663,1.0668130473185005,-1.1361099927347147,0.06592770706939767,0.06592770706939752,1.0359258108519531,-0.5019124239907221,0.3294268039924911,1.910577662147402,0.11563812818691793
-1.8523884753406823,0.6569105080323362,1.6478613644966313,0.2379689195080722,-0.4334089160716419,-1.2645053004571831,-1.2645053004571831,1.4523534862078857,-0.5019124239907221,-0.03053224037003586,1.2952370491768512,2.1687113683879438
-0.18313364892486095,-0.33612385259328464,-0.6972062217244468,-1.0743676161917726,1.4767503486603732,1.3963607145959784,1.3963607145959784,-0.6297848905717773,-0.5019124239907221,-0.3904912847325628,-0.5507847897348009,-0.5687196185467573
-1.2681492860951449,-1.4738109374857562,-0.9280591923226974,0.06529305954756628,1.5509793356318247,0.06592770706939767,0.06592770706939752,-1.185021791046354,0.6212482450794252,-1.1104093734576166,-1.1661254027053516,-0.5687196185467573
-1.518537510057518,-1.1503497089884656,-0.9612754470850355,0.7559964993895899,0.9818904355173641,0.06592770706939767,0.06592770706939752,-1.185021791046354,-0.5019124239907221,-1.1104093734576166,-0.8584550962200763,-0.9108984919135951
-0.9342983208119806,-1.5069680104328664,-0.8466793681549687,0.7559964993895899,1.2045773964317181,0.06592770706939767,0.06592770706939752,-0.7685941156904216,0.6212482450794252,-0.7504503290950897,-0.8584550962200763,-0.22654074517991973
1.0688074708870052,-0.832641032906095,-0.8998253757747099,1.0668130473185005,0.541465112820086,1.3963607145959784,1.3963607145959784,-0.9074033408090657,-0.5019124239907221,-0.7504503290950897,-0.8584550962200763,-0.5687196185467573
0.3176427989998855,0.920329470698896,0.7211278566273951,-1.6269303680653915,1.4173671590832122,-1.2645053004571831,-1.2645053004571831,1.3135442610892414,-0.5019124239907221,1.7692629814425989,0.987566742691576,0.4578170015537556
-0.43352187288723415,-0.39408880782973876,-0.7354049147011357,1.170418563294804,-0.17608176123727715,1.3963607145959784,1.3963607145959784,-0.6297848905717773,-0.5019124239907221,-0.7504503290950897,-0.24311448324952553,-0.5687196185467573
0.7349565056038408,-0.868115106131437,-0.43645862184009176,-0.6944807242786596,0.6008483023972472,-1.2645053004571831,-1.2645053004571831,-0.35216644033448896,-0.5019124239907221,0.3294268039924911,-0.5507847897348009,-0.5687196185467573
1.1522702122077961,0.1311511862770141,-0.26539490981404995,-1.3161138201364808,-0.5125865021745233,2.7267937221225593,2.726793722122559,0.341879685258732,1.7444089141495727,0.689385848355018,0.06455582323574982,0.11563812818691793
0.3176427989998855,-0.16906014287664026,-0.9380240687513989,0.20343374751597101,-1.6507643024034442,1.3963607145959784,1.3963607145959784,-1.185021791046354,-0.5019124239907221,-1.1104093734576166,-0.8584550962200763,-0.9108984919135951
-0.266596390245652,-0.9997047426227395,-0.8898604993460084,-1.0398324441996714,1.5559279347632546,0.06592770706939767,0.06592770706939752,-0.9074033408090657,0.6212482450794252,-0.7504503290950897,-0.5507847897348009,-0.9108984919135951
-0.18313364892486095,0.5420991494178847,-0.5543763262463924,-1.6614655400574927,-1.6012783110891433,1.3963607145959784,1.3963607145959784,-0.21335721521584475,-0.5019124239907221,0.3294268039924911,-0.24311448324952553,-0.5687196185467573
-0.43352187288723415,-0.8743470379142674,-0.9297200050608143,-1.0398324441996714,0.17032017796282922,0.06592770706939767,0.06592770706939752,-1.04621256592771,-0.5019124239907221,-0.3904912847325628,-1.1661254027053516,-0.9108984919135951
0.48456828164146765,-0.07194587259420064,-0.1923191493369059,-0.7290158962707608,1.3183951764546102,1.3963607145959784,1.3963607145959784,0.48068891037737627,-0.5019124239907221,1.049344892717545,0.6798964362063006,-0.5687196185467573
-1.1012238034535626,-1.14339870815377,-0.8749131847029562,0.9286723593500957,1.1649886033802774,0.06592770706939767,0.06592770706939752,-0.9074033408090657,0.6212482450794252,-0.3904912847325628,-0.8584550962200763,-0.9108984919135951
-0.6004473555288163,0.06471719554081622,0.5135262643627813,0.030757887555465113,1.2045773964317181,0.06592770706939767,0.06592770706939752,0.06426123502144365,-0.5019124239907221,-0.03053224037003586,0.06455582323574982,0.11563812818691793
1.1522702122077961,0.5683451698109587,1.4601895250894203,-1.6614655400574927,0.5068249189000754,0.06592770706939767,0.06592770706939752,2.7016365122756834,0.6212482450794252,2.489181070167653,1.910577662147402,2.1687113683879438
-1.518537510057518,-0.2123241308305202,-0.3932774906490521,1.4121647672395123,1.5955167278146953,0.06592770706939767,0.06592770706939752,0.06426123502144365,-0.5019124239907221,0.3294268039924911,0.3722261297210252,-0.5687196185467573
0.5680310229622587,0.9121800214444256,0.7759346769852531,1.170418563294804,0.8334324615744614,0.06592770706939767,0.06592770706939752,0.6194981354960204,-0.5019124239907221,0.3294268039924911,0.6798964362063006,0.4578170015537556
2.153823108057289,0.9438590080071465,1.056612029727011,0.8250668433737922,-1.3043623632033379,-1.2645053004571831,-1.2645053004571831,0.7583073606146646,-0.5019124239907221,-0.3904912847325628,1.2952370491768512,0.7999958749205932
-0.5169846142080252,-1.2962807782364094,-0.8765739974410731,-0.8671565842391655,-0.6560958769859959,0.06592770706939767,0.06592770706939752,-0.9074033408090657,0.6212482450794252,-0.7504503290950897,-0.8584550962200763,-0.5687196185467573
-2.1027766993030554,1.1143982181411385,1.2824825621109108,-1.3161138201364808,-1.0816754022889838,-1.2645053004571831,-1.2645053004571831,1.0359258108519531,3.9907302522898678,-0.7504503290950897,1.6029073556621267,1.4843536216542685
-1.0177610621327717,1.551072874026514,1.4419205849701344,-0.556340036310255,0.6849744876315587,-1.2645053004571831,-1.2645053004571831,1.729971936445174,2.86756958321972,1.049344892717545,0.987566742691576,2.1687113683879438
-0.18313364892486095,-0.10917767016854607,0.24115297531160784,-1.557860024081189,0.6305398971858277,1.3963607145959784,1.3963607145959784,1.0359258108519531,-0.5019124239907221,2.129222025805126,0.6798964362063006,-0.22654074517991973
-0.3500591315664431,-0.5927116592671265,-0.9263983795845805,-1.2125083041601774,-1.4825119319348212,0.06592770706939767,0.06592770706939752,-1.04621256592771,-0.5019124239907221,-0.7504503290950897,-0.8584550962200763,-0.9108984919135951
-1.1846865447743538,-0.8845338494823555,-0.9313808177989312,-0.6599455522865585,-1.5616895180377026,0.06592770706939767,0.06592770706939752,-1.04621256592771,-0.5019124239907221,-0.7504503290950897,-0.8584550962200763,-0.9108984919135951
-1.1012238034535626,-1.3480936982513516,-0.989509263633023,0.8941371873579945,-1.6309699058777238,0.06592770706939767,0.06592770706939752,-1.3238310161649984,-0.5019124239907221,-1.1104093734576166,-1.1661254027053516,-0.9108984919135951
-0.43352187288723415,1.2122715057561024,1.3771488881835747,-0.7980862402549632,0.1802173762256894,-1.2645053004571831,-1.2645053004571831,0.341879685258732,2.86756958321972,-0.3904912847325628,0.6798964362063006,0.4578170015537556
2.320748590698871,1.6294514006798033,2.513144801055542,0.9632075313421969,0.43754453106005414,-1.2645053004571831,-1.2645053004571831,1.3135442610892414,0.6212482450794252,1.049344892717545,-0.24311448324952553,2.5108902417547814
1.3191956948493784,-0.1418953120284054,-0.9729011362518539,-1.4197193361127844,-0.7253762648260172,2.7267937221225593,2.726793722122559,-1.3238310161649984,-0.5019124239907221,-1.1104093734576166,-1.1661254027053516,-0.9108984919135951
-1.4350747687367271,1.6247774518426805,1.9750414739056628,-0.24552348838134433,-1.42312874235766,-1.2645053004571831,-1.2645053004571831,1.8687811615638181,2.86756958321972,0.689385848355018,2.2182479686326775,1.4843536216542685
-1.6854629926991003,0.9266013507623855,0.9669281418686979,-0.7290158962707608,-1.3291053588604884,0.06592770706939767,0.06592770706939752,0.6194981354960204,1.7444089141495727,-0.7504503290950897,1.2952370491768512,0.7999958749205932
-1.6854629926991003,-1.6711953922227096,-0.934702443275165,0.09982823153966747,-1.472614733671961,0.06592770706939767,0.06592770706939752,-1.04621256592771,-0.5019124239907221,-1.1104093734576166,-0.5507847897348009,-0.9108984919135951
0.06725457503751228,0.3625715761355796,0.6679818490076539,-1.6614655400574927,0.37816134148289304,0.06592770706939767,0.06592770706939752,1.3135442610892414,-0.5019124239907221,0.3294268039924911,1.910577662147402,0.7999958749205932
0.6514937642830498,1.3033935339396667,1.7973345109271532,-1.6614655400574927,0.30888095364287177,-1.2645053004571831,-1.2645053004571831,0.341879685258732,5.1138909213600146,-0.7504503290950897,0.987566742691576,0.4578170015537556
-1.6854629926991003,-0.3935295319005104,0.12987852185777482,-0.24552348838134433,1.2590119868774492,0.06592770706939767,0.06592770706939752,0.48068891037737627,-0.5019124239907221,1.409303937080072,0.3722261297210252,-0.5687196185467573
0.15071731635830335,0.6020615186872973,0.7908819916283053,0.9286723593500957,0.8334324615744614,1.3963607145959784,1.3963607145959784,1.5911627113265299,-0.5019124239907221,1.7692629814425989,0.987566742691576,1.142174748287431
0.4011055403206766,0.9187315394725293,0.7676306132946685,-0.763551068262862,-0.6808388726431464,0.06592770706939767,0.06592770706939752,1.5911627113265299,-0.5019124239907221,1.409303937080072,2.2182479686326775,0.11563812818691793
-0.09967090760406987,-0.8877696602157482,-0.9114510649415283,-0.7290158962707608,-1.0222922127118226,0.06592770706939767,0.06592770706939752,-1.04621256592771,-0.5019124239907221,-1.1104093734576166,-0.5507847897348009,-0.9108984919135951
1.0688074708870052,-0.05173204258066117,-0.9297200050608143,-0.0037772844366360664,0.09609119099137786,0.06592770706939767,0.06592770706939752,-1.185021791046354,-0.5019124239907221,-1.1104093734576166,-0.8584550962200763,-0.9108984919135951
0.23418005767909442,0.600583432302908,0.21125834602550345,-1.2815786481443796,-0.8095024500603287,0.06592770706939767,0.06592770706939752,1.0359258108519531,-0.5019124239907221,0.689385848355018,1.910577662147402,-0.22654074517991973
1.6530466601325426,-0.028322350114388186,-0.23051784231359485,-1.2125083041601774,-0.2898995412601692,0.06592770706939767,0.06592770706939752,0.341879685258732,-0.5019124239907221,1.7692629814425989,-0.24311448324952553,-0.5687196185467573
-0.18313364892486095,-0.808032892020047,-0.8034982369639291,1.3776295952474111,-0.21072195515728778,0.06592770706939767,0.06592770706939752,-0.7685941156904216,-0.5019124239907221,-0.7504503290950897,-0.5507847897348009,-0.5687196185467573
-1.4350747687367271,-1.7872051992569362,-0.9463281324419834,1.6193757991921194,0.7592034746030101,0.06592770706939767,0.06592770706939752,-1.04621256592771,-0.5019124239907221,-0.7504503290950897,-0.8584550962200763,-0.9108984919135951
-1.6854629926991003,-0.9406611838084878,-0.9496497579182173,0.2379689195080722,0.031759402282786675,0.06592770706939767,0.06592770706939752,-1.185021791046354,-0.5019124239907221,-1.1104093734576166,-0.8584550962200763,-0.9108984919135951
1.7365094014533338,0.15919487929975068,-0.7470306038679541,0.790531671381691,-0.8045538509288986,0.06592770706939767,0.06592770706939752,-0.6297848905717773,-0.5019124239907221,-0.7504503290950897,-0.24311448324952553,-0.5687196185467573
1.9034348840949158,-1.3637534242697458,-0.9828660126805554,-1.2125083041601774,-0.13154436905440633,-1.2645053004571831,-1.2645053004571831,-1.3238310161649984,-0.5019124239907221,-1.4703684178201437,-0.8584550962200763,-0.9108984919135951
-1.6854629926991003,-0.8772233141217276,-0.9446673197038665,-1.2470434761522784,0.9521988407287836,0.06592770706939767,0.06592770706939752,-1.185021791046354,-0.5019124239907221,-1.1104093734576166,-0.8584550962200763,-0.9108984919135951
-0.43352187288723415,-1.2826584145316329,-0.9496497579182173,1.7229813151684228,-1.2350819753633167,-1.2645053004571831,-1.2645053004571831,-1.185021791046354,-0.5019124239907221,-1.1104093734576166,-0.8584550962200763,-0.9108984919135951
0.818419246924632,-1.1562221062453633,-0.9729011362518539,0.790531671381691,-0.012777989900084141,-1.2645053004571831,-1.2645053004571831,-1.3238310161649984,-0.5019124239907221,-1.1104093734576166,-1.1661254027053516,-0.9108984919135951
-0.266596390245652,-0.38430147906824236,-0.6872413452957453,1.4812351112237145,-0.44825471346593215,0.06592770706939767,0.06592770706939752,-0.49097566545313315,-0.5019124239907221,0.3294268039924911,-0.5507847897348009,-0.9108984919135951
0.4011055403206766,1.1588207062341345,1.2841433748490279,1.3085592512632087,-0.8490912431117695,-1.2645053004571831,-1.2645053004571831,0.48068891037737627,1.7444089141495727,-0.03053224037003586,0.3722261297210252,0.7999958749205932
-0.6004473555288163,-1.1269799648028516,-0.9263983795845805,-1.4542545081048857,0.15547438056853896,0.06592770706939767,0.06592770706939752,-1.04621256592771,-0.5019124239907221,-0.7504503290950897,-0.8584550962200763,-0.9108984919135951
1.3191956948493784,0.13858156647961953,-0.2952895391001544,1.4466999392316133,-0.8144510491917588,0.06592770706939767,0.06592770706939752,0.20307046014008784,-0.5019124239907221,-0.3904912847325628,0.987566742691576,-0.22654074517991973
1.1522702122077961,0.22854509452406793,0.4354680656712864,0.7559964993895899,0.3435211475628824,0.06592770706939767,0.06592770706939752,1.3135442610892414,-0.5019124239907221,-0.03053224037003586,1.6029073556621267,1.4843536216542685
-0.016208166283278792,0.18208524411745447,0.6563561598408355,-0.8671565842391655,0.7146660824201392,0.06592770706939767,0.06592770706939752,1.5911627113265299,-0.5019124239907221,1.409303937080072,0.3722261297210252,2.1687113683879438
-0.18313364892486095,-0.6394910959190134,-0.9081294394652945,-1.1089027881838738,-0.48784350651737285,0.06592770706939767,0.06592770706939752,-0.9074033408090657,-0.5019124239907221,-0.7504503290950897,-0.5507847897348009,-0.9108984919135951
-0.9342983208119806,0.7426794666075718,-0.29030710088580364,1.3085592512632087,-0.710530467431727,1.3963607145959784,1.3963607145959784,0.20307046014008784,-0.5019124239907221,-0.03053224037003586,0.6798964362063006,-0.22654074517991973
-0.6004473555288163,0.5494096847785126,0.6065317776973282,-0.970762100215469,1.516339141711814,0.06592770706939767,0.06592770706939752,1.5911627113265299,-0.5019124239907221,1.7692629814425989,1.2952370491768512,0.7999958749205932
-0.266596390245652,-0.5293137378610255,-0.4281545581495072,1.4121647672395123,1.6054139260775555,2.7267937221225593,2.726793722122559,-0.07454799009720055,-0.5019124239907221,0.3294268039924911,0.06455582323574982,-0.5687196185467573
0.23418005767909442,1.4914300910023748,2.413496036768527,-0.17645314439714196,1.4767503486603732,-1.2645053004571831,-1.2645053004571831,1.4523534862078857,2.86756958321972,1.049344892717545,0.987566742691576,1.4843536216542685
-1.2681492860951449,-0.4007202224191608,-0.5660020154132108,0.7559964993895899,0.49692772063721524,0.06592770706939767,0.06592770706939752,-0.35216644033448896,1.7444089141495727,-0.03053224037003586,-0.24311448324952553,-0.5687196185467573
1.4026584361701695,-0.07741878704450678,-0.5576979517226263,0.09982823153966747,-1.5765353154319928,0.06592770706939767,0.06592770706939752,-0.21335721521584475,-0.5019124239907221,-0.7504503290950897,0.6798964362063006,-0.5687196185467573
-1.1012238034535626,0.5762948776621333,1.134670228418506,0.9977427033342982,1.4272643573460724,-1.2645053004571831,-1.2645053004571831,0.7583073606146646,-0.5019124239907221,0.3294268039924911,0.06455582323574982,1.4843536216542685
0.4011055403206766,0.33392865890295553,0.4769883841242092,-1.6269303680653915,-0.8639370405060598,0.06592770706939767,0.06592770706939752,-0.07454799009720055,1.7444089141495727,-0.7504503290950897,0.6798964362063006,-0.22654074517991973
1.6530466601325426,0.7161538082498837,0.5317952044820672,0.37610960747647687,-0.3641285282316206,-1.2645053004571831,-1.2645053004571831,1.1747350359705973,-0.5019124239907221,-0.3904912847325628,1.6029073556621267,1.4843536216542685
0.901881988245423,-0.06863016529948962,-0.7819076713684092,-0.8326214122470643,-0.9975492170546723,0.06592770706939767,0.06592770706939752,-0.7685941156904216,-0.5019124239907221,-0.3904912847325628,-0.8584550962200763,-0.5687196185467573
0.48456828164146765,1.1139987353345469,1.4767976524705895,-0.07284762842083842,-1.7348904876377558,-1.2645053004571831,-1.2645053004571831,0.7583073606146646,0.6212482450794252,-0.3904912847325628,0.6798964362063006,1.4843536216542685
-0.5169846142080252,-0.761213507087501,-0.8068198624401629,-0.1073828004129396,-1.1311613936032847,0.06592770706939767,0.06592770706939752,-0.7685941156904216,-0.5019124239907221,-0.03053224037003586,-0.8584550962200763,-0.9108984919135951
-0.016208166283278792,0.5730191186480814,1.133009415680389,1.170418563294804,-1.1658015875232952,-1.2645053004571831,-1.2645053004571831,0.8971165857333089,-0.5019124239907221,-0.7504503290950897,0.987566742691576,1.8265324950211062
1.1522702122077961,0.9197302464890085,1.8886792115235833,-1.1089027881838738,0.3880585397457532,-1.2645053004571831,-1.2645053004571831,0.48068891037737627,2.86756958321972,0.3294268039924911,-0.24311448324952553,1.142174748287431
-0.09967090760406987,-0.8132661167863982,-0.9812051999424385,-1.2470434761522784,1.249114788614589,0.06592770706939767,0.06592770706939752,-1.3238310161649984,-0.5019124239907221,-1.1104093734576166,-1.1661254027053516,-0.9108984919135951
1.4861211774909606,0.06200071245599272,-0.10595688695482652,1.2740240792711075,-1.1806473849175856,1.3963607145959784,1.3963607145959784,0.6194981354960204,-0.5019124239907221,1.049344892717545,0.6798964362063006,-0.22654074517991973
-0.18313364892486095,-0.11860546440410993,0.47200594590985845,1.4812351112237145,1.630156921734706,0.06592770706939767,0.06592770706939752,1.3135442610892414,-0.5019124239907221,1.049344892717545,1.910577662147402,0.11563812818691793
-0.5169846142080252,0.3682442319891816,1.29909068949208,-0.07284762842083842,0.5216707162943657,0.06592770706939767,0.06592770706939752,2.2852088369197507,-0.5019124239907221,0.689385848355018,2.2182479686326775,2.5108902417547814
-0.9342983208119806,-0.5925119178638307,-0.9778835744662047,-1.0743676161917726,-0.45320331259736224,0.06592770706939767,0.06592770706939752,-1.3238310161649984,0.6212482450794252,-1.1104093734576166,-1.1661254027053516,-0.9108984919135951
-1.0177610621327717,0.1877179516903973,0.498578949719729,1.1013482193106017,1.6845915121804371,0.06592770706939767,0.06592770706939752,1.4523534862078857,1.7444089141495727,1.409303937080072,0.987566742691576,1.142174748287431
-0.7673728381703985,-0.5522041026787293,-0.9330416305370481,1.4466999392316133,0.9373530433344933,1.3963607145959784,1.3963607145959784,-1.185021791046354,-0.5019124239907221,-1.1104093734576166,-0.8584550962200763,-0.9108984919135951
-1.6020002513783091,-1.2671584816358754,-0.9645970725612694,0.30703926349227456,-1.5418951215119823,0.06592770706939767,0.06592770706939752,-1.185021791046354,-0.5019124239907221,-1.1104093734576166,-1.1661254027053516,-0.5687196185467573
1.0688074708870052,0.41007008183933147,0.6098534031735621,-0.31459383236554667,0.704768884157279,0.06592770706939767,0.06592770706939752,1.3135442610892414,-0.5019124239907221,1.409303937080072,1.6029073556621267,0.11563812818691793
-0.266596390245652,-0.4232111044302729,-0.954632196132568,0.6178558114211852,-1.4973577293291114,1.3963607145959784,1.3963607145959784,-1.185021791046354,-0.5019124239907221,-1.1104093734576166,-0.8584550962200763,-0.9108984919135951
-0.6839100968496074,0.14397458436860733,-0.1458163926696324,-1.0398324441996714,-1.5666381171691326,0.06592770706939767,0.06592770706939752,0.48068891037737627,-0.5019124239907221,1.049344892717545,0.6798964362063006,-0.5687196185467573
-0.266596390245652,0.3903755794743612,-0.12588663981222944,1.5157702832158158,1.2887035816660297,0.06592770706939767,0.06592770706939752,0.341879685258732,-0.5019124239907221,0.689385848355018,0.3722261297210252,-0.22654074517991973
-0.6839100968496074,-0.4439842103730407,-0.16574614552703532,-0.2800586603734455,1.249114788614589,0.06592770706939767,0.06592770706939752,0.20307046014008784,-0.5019124239907221,1.049344892717545,-0.5507847897348009,0.11563812818691793
-0.3500591315664431,-0.5303923414388231,-0.8898604993460084,0.37610960747647687,-0.8540398422431996,0.06592770706939767,0.06592770706939752,-1.04621256592771,-0.5019124239907221,-0.7504503290950897,-1.1661254027053516,-0.5687196185467573
-0.266596390245652,-0.578370226510485,-0.916433503155879,0.16889857552386983,-0.15628736471155677,0.06592770706939767,0.06592770706939752,-1.04621256592771,-0.5019124239907221,-0.7504503290950897,-0.8584550962200763,-0.9108984919135951
-0.43352187288723415,-0.7991643737137115,-0.5145168205315865,-0.7980862402549632,1.6103625252089857,0.06592770706939767,0.06592770706939752,-0.35216644033448896,1.7444089141495727,0.689385848355018,-1.1661254027053516,-0.22654074517991973
-0.5169846142080252,-0.3667641838588672,-0.5643412026750939,-0.6599455522865585,-0.5521752952259641,0.06592770706939767,0.06592770706939752,-0.21335721521584475,-0.5019124239907221,-0.03053224037003586,-0.24311448324952553,-0.22654074517991973
0.7349565056038408,1.2349221808898512,0.2345097243591402,1.5157702832158158,1.353035370374621,-1.2645053004571831,-1.2645053004571831,0.7583073606146646,-0.5019124239907221,0.3294268039924911,-0.5507847897348009,2.1687113683879438
0.4011055403206766,1.0621059187582864,0.480310009600443,-0.48726969232605255,1.4816989477918032,-1.2645053004571831,-1.2645053004571831,2.146399611801107,0.6212482450794252,0.3294268039924911,2.2182479686326775,2.5108902417547814
-0.6004473555288163,0.5139755598338298,0.7427184222229148,-1.557860024081189,-0.6264042821974154,0.06592770706939767,0.06592770706939752,0.341879685258732,-0.5019124239907221,-0.3904912847325628,0.3722261297210252,0.7999958749205932
-0.43352187288723415,0.3137947254507344,0.21457997150173727,1.4812351112237145,0.0713481953342274,0.06592770706939767,0.06592770706939752,0.8971165857333089,-0.5019124239907221,1.049344892717545,1.2952370491768512,-0.22654074517991973
-0.016208166283278792,-1.5257437023426756,-0.9729011362518539,-0.8671565842391655,-0.9876520187918121,0.06592770706939767,0.06592770706939752,-1.185021791046354,-0.5019124239907221,-1.1104093734576166,-0.8584550962200763,-0.9108984919135951
1.4026584361701695,-0.9500090814827333,-0.6656507797002255,1.6193757991921194,1.2639605860088794,-1.2645053004571831,-1.2645053004571831,-0.49097566545313315,-0.5019124239907221,-0.03053224037003586,-0.5507847897348009,-0.5687196185467573
0.901881988245423,1.0671793504020008,2.4683028571263854,-1.3161138201364808,1.4322129564775024,0.06592770706939767,0.06592770706939752,0.8971165857333089,-0.5019124239907221,-0.7504503290950897,1.910577662147402,0.7999958749205932
-0.6004473555288163,-0.23681242687459075,-0.49292625493606673,1.7229813151684228,1.085811017277396,0.06592770706939767,0.06592770706939752,-0.07454799009720055,-0.5019124239907221,0.689385848355018,-0.24311448324952553,-0.5687196185467573
1.1522702122077961,0.9494517672994301,1.8538021440231283,0.790531671381691,0.6849744876315587,-1.2645053004571831,-1.2645053004571831,1.1747350359705973,0.6212482450794252,-0.3904912847325628,2.2182479686326775,0.7999958749205932
0.4011055403206766,0.24248704447411787,0.4886140732910275,0.9632075313421969,0.8878670520201924,0.06592770706939767,0.06592770706939752,-0.21335721521584475,-0.5019124239907221,-0.7504503290950897,-0.8584550962200763,1.142174748287431
2.070360366736498,0.13486637637831683,0.126556896381541,1.2394889072790063,-0.6907360709060066,-1.2645053004571831,-1.2645053004571831,0.8971165857333089,0.6212482450794252,1.7692629814425989,0.06455582323574982,0.4578170015537556
0.5680310229622587,0.28738891193502375,0.09500145435731969,1.34309442325531,0.43754453106005414,0.06592770706939767,0.06592770706939752,0.8971165857333089,-0.5019124239907221,0.3294268039924911,1.6029073556621267,0.11563812818691793
-0.7673728381703985,0.1328290140646992,-0.934702443275165,-0.9362269282233678,-1.3291053588604884,0.06592770706939767,0.06592770706939752,-1.04621256592771,-0.5019124239907221,-0.7504503290950897,-0.8584550962200763,-0.9108984919135951
-0.18313364892486095,1.0547953833976587,2.009918541406118,1.170418563294804,0.3979557380086134,0.06592770706939767,0.06592770706939752,0.6194981354960204,-0.5019124239907221,-0.03053224037003586,-0.5507847897348009,2.1687113683879438
1.6530466601325426,0.626110383644117,0.6148358413879128,0.47971512345278045,-1.5616895180377026,0.06592770706939767,0.06592770706939752,1.5911627113265299,-0.5019124239907221,0.689385848355018,1.6029073556621267,1.4843536216542685
2.070360366736498,0.5208067158265477,0.23284891162102328,-1.3851841641206832,0.487030522374355,-1.2645053004571831,-1.2645053004571831,1.0359258108519531,-0.5019124239907221,-0.03053224037003586,2.2182479686326775,0.11563812818691793
1.5695839188117515,-1.000104225429331,-0.8998253757747099,1.4812351112237145,1.674694313917577,1.3963607145959784,1.3963607145959784,-1.185021791046354,-0.5019124239907221,-1.1104093734576166,-1.1661254027053516,-0.5687196185467573
0.6514937642830498,-0.15611689994306954,-0.9529713833944511,-1.6269303680653915,-0.6313528813288455,0.06592770706939767,0.06592770706939752,-1.185021791046354,-0.5019124239907221,-1.1104093734576166,-0.8584550962200763,-0.9108984919135951
-1.7689257340198914,-1.1169129980767412,-0.5693236408894446,-1.4887896800969866,0.9571474398602137,-1.2645053004571831,-1.2645053004571831,-0.6297848905717773,-0.5019124239907221,-0.03053224037003586,-0.8584550962200763,-0.5687196185467573
-1.351612027415936,0.4840542976201123,1.3937570155647439,0.583320639429084,1.5856195295518352,0.06592770706939767,0.06592770706939752,0.8971165857333089,-0.5019124239907221,-0.03053224037003586,1.910577662147402,0.11563812818691793
1.0688074708870052,-0.05173204258066117,-0.9297200050608143,-0.0037772844366360664,0.09609119099137786,0.06592770706939767,0.06592770706939752,-1.185021791046354,-0.5019124239907221,-1.1104093734576166,-0.8584550962200763,-0.9108984919135951
1.3191956948493784,0.05652779800568659,1.00346602210727,-0.6944807242786596,1.2144745946945783,-1.2645053004571831,-1.2645053004571831,1.8687811615638181,-0.5019124239907221,2.129222025805126,1.910577662147402,0.4578170015537556
-0.6004473555288163,0.5363865452836236,0.5633506465062885,0.9632075313421969,-0.7154790665631571,0.06592770706939767,0.06592770706939752,1.4523534862078857,-0.5019124239907221,0.3294268039924911,0.6798964362063006,2.5108902417547814
-1.6854629926991003,1.1576622060950186,0.9154429469870736,0.9632075313421969,-0.042469584688664686,-1.2645053004571831,-1.2645053004571831,1.1747350359705973,-0.5019124239907221,-0.3904912847325628,1.6029073556621267,1.4843536216542685
-1.9358512166614734,-0.6912241193726372,-0.7785860458921754,0.7559964993895899,0.09609119099137786,-1.2645053004571831,-1.2645053004571831,-0.7685941156904216,-0.5019124239907221,-0.7504503290950897,-0.5507847897348009,-0.5687196185467573
0.818419246924632,0.36001488617339283,0.2062759078111527,-0.0037772844366360664,1.0214792285688048,0.06592770706939767,0.06592770706939752,0.8971165857333089,-0.5019124239907221,0.3294268039924911,1.910577662147402,-0.22654074517991973
-1.0177610621327717,-0.5022687518547682,-0.6473818395809394,1.6539109711842206,0.22970336753999032,0.06592770706939767,0.06592770706939752,-0.49097566545313315,0.6212482450794252,-0.03053224037003586,-0.8584550962200763,-0.22654074517991973
-0.8508355794911895,0.31615167400962535,0.5600290210300547,-1.4887896800969866,0.5167221171629356,0.06592770706939767,0.06592770706939752,1.3135442610892414,-0.5019124239907221,0.689385848355018,1.910577662147402,0.4578170015537556
0.4011055403206766,-0.13254741435415987,-0.4298153708876241,1.5157702832158158,-0.5026893039116631,1.3963607145959784,1.3963607145959784,0.06426123502144365,0.6212482450794252,0.689385848355018,-0.24311448324952553,-0.22654074517991973
0.818419246924632,1.4733734681444304,2.189286317122744,0.9977427033342982,-1.2350819753633167,-1.2645053004571831,-1.2645053004571831,0.7583073606146646,0.6212482450794252,0.3294268039924911,0.3722261297210252,1.142174748287431
1.9034348840949158,-0.324139368395534,-0.3467747339817786,0.44517995146067924,0.2989837553800116,0.06592770706939767,0.06592770706939752,0.06426123502144365,-0.5019124239907221,0.689385848355018,-0.24311448324952553,-0.22654074517991973
-0.5169846142080252,1.1557446886233784,2.4633204189120343,-0.07284762842083842,0.43259593192862406,-1.2645053004571831,-1.2645053004571831,1.1747350359705973,-0.5019124239907221,0.3294268039924911,0.987566742691576,1.4843536216542685
0.6514937642830498,-0.6309821121386104,-0.7769252331540585,-1.3851841641206832,0.7789978711287304,1.3963607145959784,1.3963607145959784,-0.7685941156904216,-0.5019124239907221,-0.3904912847325628,-0.8584550962200763,-0.5687196185467573
-1.7689257340198914,-1.0443669203996904,-0.936363256013282,0.9632075313421969,0.05155379880850704,0.06592770706939767,0.06592770706939752,-1.185021791046354,-0.5019124239907221,-1.1104093734576166,-0.8584550962200763,-0.9108984919135951
0.818419246924632,0.7641716416022047,0.2843341065026475,-0.8671565842391655,-0.21567055428871787,-1.2645053004571831,-1.2645053004571831,0.48068891037737627,-0.5019124239907221,-0.03053224037003586,0.3722261297210252,0.7999958749205932
2.070360366736498,1.116395632174097,2.1527484368841723,-1.0398324441996714,-1.155904389260435,-1.2645053004571831,-1.2645053004571831,0.8971165857333089,1.7444089141495727,0.689385848355018,1.2952370491768512,0.11563812818691793
0.3176427989998855,-0.8632014676103593,-0.9197551286321128,0.6178558114211852,-0.9926006179232422,1.3963607145959784,1.3963607145959784,-1.04621256592771,-0.5019124239907221,-0.7504503290950897,-0.8584550962200763,-0.9108984919135951
-1.518537510057518,0.8475437033378902,1.7358844396168276,1.5848406272000182,-1.155904389260435,-1.2645053004571831,-1.2645053004571831,-0.07454799009720055,0.6212482450794252,-0.7504503290950897,0.06455582323574982,0.4578170015537556
-1.8523884753406823,-0.38138525458012307,-0.41154643076833813,-0.03831245642873724,-0.18103036036870723,-1.2645053004571831,-1.2645053004571831,-0.07454799009720055,-0.5019124239907221,0.3294268039924911,0.06455582323574982,-0.5687196185467573
1.3191956948493784,0.7296563271126828,1.8621062077137127,0.8250668433737922,1.4025213616889218,-1.2645053004571831,-1.2645053004571831,0.341879685258732,1.7444089141495727,-0.7504503290950897,0.987566742691576,0.4578170015537556
-1.518537510057518,-1.0663384747622333,-0.6573467160096409,-0.48726969232605255,1.5113905425803837,0.06592770706939767,0.06592770706939752,-0.7685941156904216,0.6212482450794252,-0.7504503290950897,-0.8584550962200763,-0.22654074517991973
-1.4350747687367271,-0.7733178361272293,-0.936363256013282,0.9286723593500957,1.0808624181459658,0.06592770706939767,0.06592770706939752,-1.185021791046354,-0.5019124239907221,-1.1104093734576166,-0.8584550962200763,-0.9108984919135951
0.901881988245423,1.023675672764166,1.1379918538947396,-1.0052972722075701,-0.6907360709060066,-1.2645053004571831,-1.2645053004571831,0.8971165857333089,-0.5019124239907221,-0.03053224037003586,1.2952370491768512,0.7999958749205932
-0.6839100968496074,-0.07530152816957082,-0.2720381607665176,0.790531671381691,-1.6458157032720142,-1.2645053004571831,-1.2645053004571831,0.20307046014008784,-0.5019124239907221,-0.03053224037003586,0.06455582323574982,0.4578170015537556
0.4011055403206766,0.3835444234816433,2.141122747717354,-1.0052972722075701,1.6450027191289962,-1.2645053004571831,-1.2645053004571831,0.48068891037737627,-0.5019124239907221,-0.03053224037003586,-0.5507847897348009,1.8265324950211062
0.7349565056038408,-0.12319951667991436,-0.32352335564814183,0.6869261554053875,-0.5719696917516844,1.3963607145959784,1.3963607145959784,0.06426123502144365,-0.5019124239907221,-0.03053224037003586,0.6798964362063006,-0.5687196185467573
-0.5169846142080252,-0.182003385810211,-0.14083395445528166,1.0668130473185005,0.7196146815515693,0.06592770706939767,0.06592770706939752,0.341879685258732,-0.5019124239907221,-0.03053224037003586,0.6798964362063006,0.11563812818691793
-0.016208166283278792,0.8165837858270343,0.9337118871063597,0.5487854674369828,-0.3443341317059002,0.06592770706939767,0.06592770706939752,0.48068891037737627,-0.5019124239907221,-0.03053224037003586,-0.24311448324952553,1.4843536216542685
-0.6839100968496074,0.2283453531207721,-0.18733671112255515,0.09982823153966747,-1.695301694586315,1.3963607145959784,1.3963607145959784,0.48068891037737627,0.6212482450794252,1.409303937080072,0.06455582323574982,-0.22654074517991973
0.5680310229622587,0.5224445953335736,-0.5743060791037954,0.5487854674369828,0.38310994061432313,1.3963607145959784,1.3963607145959784,-0.35216644033448896,-0.5019124239907221,-0.3904912847325628,-0.24311448324952553,-0.22654074517991973
-1.1012238034535626,-0.9456147706102248,-0.9297200050608143,0.27250409150017335,0.11588558751709822,0.06592770706939767,0.06592770706939752,-1.04621256592771,-0.5019124239907221,-0.7504503290950897,-0.8584550962200763,-0.9108984919135951
1.4861211774909606,-0.19518631842773673,-0.4763181275548976,0.7214613273974887,0.4474417293229143,0.06592770706939767,0.06592770706939752,-0.07454799009720055,-0.5019124239907221,0.689385848355018,-0.24311448324952553,-0.5687196185467573
0.15071731635830335,-0.2919011059035847,-0.8466793681549687,-1.696000712049594,-0.9480632257403713,0.06592770706939767,0.06592770706939752,-0.9074033408090657,-0.5019124239907221,-0.7504503290950897,-0.8584550962200763,-0.5687196185467573
0.15071731635830335,0.9884812375034382,0.757665736865967,-1.0398324441996714,-1.0866240014204138,-1.2645053004571831,-1.2645053004571831,0.341879685258732,1.7444089141495727,1.409303937080072,-0.5507847897348009,0.11563812818691793
1.4026584361701695,0.20010191869473964,-0.6208088357710688,0.030757887555465113,-0.1414415673172665,0.06592770706939767,0.06592770706939752,-0.35216644033448896,-0.5019124239907221,-0.7504503290950897,0.3722261297210252,-0.5687196185467573
-1.0177610621327717,-1.1702439527567317,-0.8798956229173069,0.6178558114211852,-0.8193996483231889,0.06592770706939767,0.06592770706939752,-0.9074033408090657,-0.5019124239907221,-0.3904912847325628,-0.8584550962200763,-0.9108984919135951
-0.6839100968496074,-1.075526579313842,-0.916433503155879,-0.1073828004129396,-0.5917640882774048,0.06592770706939767,0.06592770706939752,-0.9074033408090657,-0.5019124239907221,-0.3904912847325628,-0.8584550962200763,-0.9108984919135951
-0.016208166283278792,-0.3435542327958901,-0.6722940306526931,-0.4181993483418502,1.674694313917577,0.06592770706939767,0.06592770706939752,-0.49097566545313315,-0.5019124239907221,-0.03053224037003586,-0.5507847897348009,-0.5687196185467573
-1.2681492860951449,-0.3806262372475988,-0.3318274193387264,-0.38366417634974903,1.1105540129345466,0.06592770706939767,0.06592770706939752,-0.07454799009720055,-0.5019124239907221,-0.03053224037003586,-0.8584550962200763,0.7999958749205932
-1.1012238034535626,1.275589530600885,2.1809822534321595,-1.3851841641206832,-0.13649296818583642,-1.2645053004571831,-1.2645053004571831,0.8971165857333089,2.86756958321972,1.049344892717545,0.06455582323574982,1.142174748287431
-0.6004473555288163,0.07270685167265,0.09334064161920277,0.2379689195080722,0.1802173762256894,0.06592770706939767,0.06592770706939752,0.7583073606146646,-0.5019124239907221,-0.03053224037003586,0.6798964362063006,1.142174748287431
-1.7689257340198914,-1.100773892690437,-0.9380240687513989,1.6884461431763216,-1.1905445831804458,0.06592770706939767,0.06592770706939752,-0.9074033408090657,-0.5019124239907221,-0.7504503290950897,-0.5507847897348009,-0.9108984919135951
0.4011055403206766,1.3335544858373392,1.6511829899728652,0.6523909834132863,-0.8936286352946403,-1.2645053004571831,-1.2645053004571831,0.06426123502144365,0.6212482450794252,-0.3904912847325628,-0.5507847897348009,1.142174748287431
-0.9342983208119806,-0.1752920746594706,-0.7835684841065261,0.790531671381691,-0.7204276656945872,0.06592770706939767,0.06592770706939752,-0.7685941156904216,-0.5019124239907221,-0.3904912847325628,-0.5507847897348009,-0.9108984919135951
0.06725457503751228,-1.307266555417681,-0.8915213120841253,-0.07284762842083842,-0.9876520187918121,1.3963607145959784,1.3963607145959784,-0.9074033408090657,1.7444089141495727,-0.3904912847325628,-1.1661254027053516,-0.5687196185467573
-0.3500591315664431,-1.0018619497783345,-0.971240323513737,-0.556340036310255,-1.2944651649404777,1.3963607145959784,1.3963607145959784,-1.185021791046354,-0.5019124239907221,-1.1104093734576166,-0.8584550962200763,-0.9108984919135951
0.48456828164146765,-0.506942700691891,-0.916433503155879,1.3085592512632087,-1.3043623632033379,1.3963607145959784,1.3963607145959784,-1.04621256592771,-0.5019124239907221,-1.1104093734576166,-0.8584550962200763,-0.5687196185467573
-1.6854629926991003,-1.22896792532571,-0.8549834318455533,-1.696000712049594,-1.3439511562547786,0.06592770706939767,0.06592770706939752,-0.9074033408090657,1.7444089141495727,-0.3904912847325628,-1.1661254027053516,-0.5687196185467573
-0.18313364892486095,0.3302134688016528,-0.1325298907646971,0.8250668433737922,-1.0470352083689731,0.06592770706939767,0.06592770706939752,0.48068891037737627,-0.5019124239907221,0.689385848355018,0.6798964362063006,-0.22654074517991973
0.48456828164146765,-1.1912168001027952,-0.7370657274392526,0.8596020153658934,0.41280153540290365,-1.2645053004571831,-1.2645053004571831,-0.7685941156904216,-0.5019124239907221,-0.3904912847325628,-1.1661254027053516,-0.22654074517991973
1.6530466601325426,1.1768773290920787,0.6679818490076539,-1.557860024081189,-0.5868154891459747,-1.2645053004571831,-1.2645053004571831,1.5911627113265299,0.6212482450794252,-0.3904912847325628,2.2182479686326775,1.8265324950211062
1.4026584361701695,-0.3505851301919038,-0.6075223338661336,0.030757887555465113,1.4915961460546634,1.3963607145959784,1.3963607145959784,-0.35216644033448896,-0.5019124239907221,-0.03053224037003586,-0.24311448324952553,-0.5687196185467573
-0.7673728381703985,0.10554433837448685,0.31422873578875193,0.27250409150017335,0.650334293711548,0.06592770706939767,0.06592770706939752,0.8971165857333089,-0.5019124239907221,0.689385848355018,1.6029073556621267,-0.22654074517991973
-1.1012238034535626,1.1053699067121665,1.9368427809289737,-0.6599455522865585,0.47713332411149484,-1.2645053004571831,-1.2645053004571831,0.7583073606146646,0.6212482450794252,0.3294268039924911,0.3722261297210252,1.142174748287431
-0.09967090760406987,-1.475009385905531,-0.8998253757747099,-0.763551068262862,-0.11669857166011605,-1.2645053004571831,-1.2645053004571831,-0.9074033408090657,-0.5019124239907221,-0.7504503290950897,-0.5507847897348009,-0.9108984919135951
0.818419246924632,1.4194832375352116,2.2440931374806024,0.4106447794685781,0.24454916493428058,0.06592770706939767,0.06592770706939752,0.8971165857333089,5.1138909213600146,0.3294268039924911,-0.5507847897348009,2.5108902417547814
-0.7673728381703985,-0.7669660595024214,-0.8765739974410731,-1.557860024081189,-0.29979673952302943,0.06592770706939767,0.06592770706939752,-0.9074033408090657,-0.5019124239907221,-0.7504503290950897,-0.5507847897348009,-0.9108984919135951
-0.9342983208119806,1.178595105160423,1.6046802333055916,0.8941371873579945,0.12083418664852831,-1.2645053004571831,-1.2645053004571831,0.8971165857333089,-0.5019124239907221,0.689385848355018,0.3722261297210252,1.142174748287431
-0.18313364892486095,0.769444814649215,0.31422873578875193,-1.2815786481443796,0.0762967944656575,0.06592770706939767,0.06592770706939752,1.5911627113265299,-0.5019124239907221,1.409303937080072,2.2182479686326775,0.11563812818691793
-0.09967090760406987,0.40859199545494224,0.47034513317174154,-1.2470434761522784,-0.933217428346081,0.06592770706939767,0.06592770706939752,1.1747350359705973,-0.5019124239907221,0.689385848355018,1.910577662147402,0.11563812818691793
0.48456828164146765,-0.1373811563139193,-0.4563883746974947,-1.3851841641206832,-0.5818668900145446,0.06592770706939767,0.06592770706939752,-0.07454799009720055,-0.5019124239907221,-0.3904912847325628,0.3722261297210252,-0.22654074517991973
1.5695839188117515,-0.00323482986043011,-0.5660020154132108,-0.03831245642873724,-1.640867104140584,0.06592770706939767,0.06592770706939752,-0.35216644033448896,-0.5019124239907221,-0.3904912847325628,-0.24311448324952553,-0.22654074517991973
0.5680310229622587,0.5723399978768756,0.7626481750803178,1.0668130473185005,1.0759138190145359,0.06592770706939767,0.06592770706939752,0.341879685258732,-0.5019124239907221,-0.03053224037003586,0.987566742691576,-0.22654074517991973
1.4861211774909606,-0.9164125774483723,-0.9878484508949061,0.37610960747647687,-0.2898995412601692,1.3963607145959784,1.3963607145959784,-1.3238310161649984,-0.5019124239907221,-1.1104093734576166,-1.1661254027053516,-0.9108984919135951
-0.8508355794911895,-0.18164385128427848,-0.971240323513737,-0.21098831638924315,0.026810803151356585,0.06592770706939767,0.06592770706939752,-1.3238310161649984,-0.5019124239907221,-1.1104093734576166,-1.1661254027053516,-0.9108984919135951
-0.09967090760406987,-0.5607929830204507,-0.9778835744662047,-1.0398324441996714,1.0660166207516757,1.3963607145959784,1.3963607145959784,-1.3238310161649984,-0.5019124239907221,-1.1104093734576166,-1.1661254027053516,-0.9108984919135951
-0.43352187288723415,-0.28958410562535286,-0.3932774906490521,-0.7980862402549632,1.4915961460546634,0.06592770706939767,0.06592770706939752,-0.21335721521584475,-0.5019124239907221,0.3294268039924911,-0.24311448324952553,-0.5687196185467573
0.06725457503751228,-0.5510855508202726,-0.9430065069657496,0.30703926349227456,-0.9926006179232422,1.3963607145959784,1.3963607145959784,-1.185021791046354,-0.5019124239907221,-1.1104093734576166,-0.8584550962200763,-0.9108984919135951
-0.7673728381703985,-0.5450933087213973,-0.712153536367499,-0.24552348838134433,-0.3195911360487498,0.06592770706939767,0.06592770706939752,-0.6297848905717773,-0.5019124239907221,-0.03053224037003586,-0.8584550962200763,-0.5687196185467573
-0.09967090760406987,0.4863712978983441,-0.542750637079574,-0.763551068262862,-0.10680137339725587,0.06592770706939767,0.06592770706939752,-0.21335721521584475,-0.5019124239907221,0.3294268039924911,-0.24311448324952553,-0.5687196185467573
-1.0177610621327717,-0.6103687993184792,-0.9031470012509437,0.2379689195080722,-0.4136145195459215,0.06592770706939767,0.06592770706939752,-1.04621256592771,-0.5019124239907221,-0.7504503290950897,-0.8584550962200763,-0.9108984919135951
-0.6839100968496074,0.3898163035451328,1.036682276869608,-0.763551068262862,0.7938436685230207,0.06592770706939767,0.06592770706939752,0.7583073606146646,3.9907302522898678,0.689385848355018,0.6798964362063006,0.4578170015537556
0.06725457503751228,-0.037989834033907065,-0.7038494726769144,-1.350648992128582,-1.3093109623347678,1.3963607145959784,1.3963607145959784,-0.6297848905717773,-0.5019124239907221,-0.03053224037003586,-0.8584550962200763,-0.5687196185467573
-0.09967090760406987,-1.5571031026601234,-0.9247375668464636,-0.03831245642873724,-0.21567055428871787,1.3963607145959784,1.3963607145959784,-0.9074033408090657,-0.5019124239907221,-0.3904912847325628,-0.8584550962200763,-0.9108984919135951
0.23418005767909442,-0.19039252474863647,-0.8815564356554239,-0.3491290043576479,-0.33443693344304004,1.3963607145959784,1.3963607145959784,-0.9074033408090657,-0.5019124239907221,-0.7504503290950897,-0.5507847897348009,-0.9108984919135951
1.0688074708870052,0.09447866463189705,-0.6291128994616534,1.2394889072790063,0.007016406625636222,1.3963607145959784,1.3963607145959784,-0.35216644033448896,-0.5019124239907221,-0.03053224037003586,-0.5507847897348009,-0.22654074517991973
-0.43352187288723415,-0.28087538044165405,-0.6490426523190563,0.5142502954448817,1.1996287973002882,1.3963607145959784,1.3963607145959784,-0.35216644033448896,0.6212482450794252,-0.3904912847325628,0.06455582323574982,-0.5687196185467573
1.4861211774909606,-0.4613617124597792,-0.2687165352902838,0.6869261554053875,0.5662081084772365,0.06592770706939767,0.06592770706939752,0.06426123502144365,-0.5019124239907221,1.049344892717545,-0.24311448324952553,-0.5687196185467573
0.15071731635830335,-0.17645057479858653,-0.9280591923226974,0.16889857552386983,-0.5026893039116631,1.3963607145959784,1.3963607145959784,-1.185021791046354,-0.5019124239907221,-1.1104093734576166,-0.8584550962200763,-0.9108984919135951
1.4861211774909606,-0.9902370001065165,-0.7686211694634739,0.27250409150017335,0.42764733279719397,-1.2645053004571831,-1.2645053004571831,-0.9074033408090657,-0.5019124239907221,-0.7504503290950897,-0.8584550962200763,-0.5687196185467573
-1.1846865447743538,-0.510737787354512,-0.9147726904177621,0.5142502954448817,-1.319208160597628,0.06592770706939767,0.06592770706939752,-1.04621256592771,-0.5019124239907221,-0.7504503290950897,-0.8584550962200763,-0.9108984919135951
-0.18313364892486095,-1.0142059685020177,-0.9014861885128268,-1.350648992128582,-1.3934371475690794,1.3963607145959784,1.3963607145959784,-0.7685941156904216,-0.5019124239907221,-0.7504503290950897,-0.5507847897348009,-0.5687196185467573
1.1522702122077961,1.101055492400976,2.0946199910500805,0.5487854674369828,1.4371615556089326,-1.2645053004571831,-1.2645053004571831,1.1747350359705973,3.9907302522898678,0.3294268039924911,-0.24311448324952553,2.853069115121619
0.6514937642830498,0.38174675085198073,0.00863919197524032,0.8596020153658934,-0.32453973518017987,0.06592770706939767,0.06592770706939752,0.7583073606146646,-0.5019124239907221,-0.03053224037003586,1.2952370491768512,0.4578170015537556
1.1522702122077961,0.06491693694411206,-0.22055296588489337,-1.557860024081189,-1.536946522380552,0.06592770706939767,0.06592770706939752,0.341879685258732,0.6212482450794252,1.049344892717545,0.3722261297210252,-0.5687196185467573
0.818419246924632,-1.119229998354973,-0.9147726904177621,1.550305455207917,-0.20082475689442758,-1.2645053004571831,-1.2645053004571831,-1.04621256592771,-0.5019124239907221,-1.1104093734576166,-0.8584550962200763,-0.5687196185467573
-1.2681492860951449,-0.501509734522244,-0.8715915592267224,-0.2800586603734455,1.3431381721117608,0.06592770706939767,0.06592770706939752,-1.04621256592771,0.6212482450794252,-0.7504503290950897,-1.1661254027053516,-0.5687196185467573
-0.5169846142080252,1.5949360861902815,2.4583379806976837,-0.8326214122470643,1.0412736250945251,-1.2645053004571831,-1.2645053004571831,1.1747350359705973,2.86756958321972,0.3294268039924911,-0.24311448324952553,2.853069115121619
0.3176427989998855,0.7048484448233389,1.448563835922602,1.550305455207917,-0.606609885671695,-1.2645053004571831,-1.2645053004571831,0.8971165857333089,-0.5019124239907221,-0.3904912847325628,0.987566742691576,1.4843536216542685
-0.6839100968496074,-0.761413248490797,-0.9247375668464636,-1.3851841641206832,-1.0074464153175324,0.06592770706939767,0.06592770706939752,-1.185021791046354,-0.5019124239907221,-1.1104093734576166,-0.8584550962200763,-0.9108984919135951
-0.266596390245652,0.3090009317716341,-0.37168692505353224,-0.07284762842083842,-0.3096939377858896,-1.2645053004571831,-1.2645053004571831,0.20307046014008784,-0.5019124239907221,-0.3904912847325628,0.3722261297210252,0.4578170015537556
-0.5169846142080252,-1.389360272172273,-0.8915213120841253,-1.2815786481443796,-0.3492827308373303,0.06592770706939767,0.06592770706939752,-0.9074033408090657,0.6212482450794252,-0.3904912847325628,-1.1661254027053516,-0.5687196185467573
-0.016208166283278792,-1.1316539136399744,-0.8948429375603592,1.0668130473185005,1.2738577842717396,0.06592770706939767,0.06592770706939752,-1.04621256592771,-0.5019124239907221,-0.7504503290950897,-0.8584550962200763,-0.9108984919135951
-0.016208166283278792,-0.40223825708420924,-0.9562930088706849,-1.0052972722075701,-0.497740704780233,1.3963607145959784,1.3963607145959784,-1.185021791046354,-0.5019124239907221,-1.1104093734576166,-0.8584550962200763,-0.9108984919135951
-0.7673728381703985,-1.0392135921946575,-0.9014861885128268,-0.3491290043576479,0.1802173762256894,0.06592770706939767,0.06592770706939752,-0.9074033408090657,-0.5019124239907221,-0.7504503290950897,-0.8584550962200763,-0.5687196185467573
-1.0177610621327717,-0.8448652067878007,-0.8749131847029562,0.27250409150017335,1.6202597234718459,0.06592770706939767,0.06592770706939752,-0.7685941156904216,-0.5019124239907221,-0.3904912847325628,-0.5507847897348009,-0.9108984919135951
0.6514937642830498,-0.885133073692243,-0.936363256013282,-0.763551068262862,0.6899230867629887,0.06592770706939767,0.06592770706939752,-1.185021791046354,-0.5019124239907221,-1.1104093734576166,-0.8584550962200763,-0.9108984919135951
0.7349565056038408,0.42221435915971883,0.3540882415035578,1.170418563294804,1.5509793356318247,0.06592770706939767,0.06592770706939752,1.0359258108519531,-0.5019124239907221,0.3294268039924911,1.910577662147402,0.11563812818691793
1.1522702122077961,0.8256520455366657,0.9054780705583722,1.0322778753263993,-0.33938553257447013,-1.2645053004571831,-1.2645053004571831,0.48068891037737627,-0.5019124239907221,-0.3904912847325628,0.987566742691576,0.4578170015537556
1.7365094014533338,0.36868366307643247,-0.019594624572747164,0.6869261554053875,1.0561194224888155,1.3963607145959784,1.3963607145959784,0.6194981354960204,-0.5019124239907221,0.3294268039924911,1.2952370491768512,-0.22654074517991973
0.23418005767909442,-0.10466351445405998,-0.7918725477971107,0.9632075313421969,0.8185866641801711,1.3963607145959784,1.3963607145959784,-0.7685941156904216,-0.5019124239907221,-0.3904912847325628,-0.8584550962200763,-0.5687196185467573
-1.4350747687367271,-1.2124293371328139,-0.6523642777952902,-1.1779731321680762,0.9571474398602137,0.06592770706939767,0.06592770706939752,-0.6297848905717773,0.6212482450794252,0.3294268039924911,-1.1661254027053516,-0.5687196185467573
-0.3500591315664431,-0.39185170411282527,-0.8948429375603592,1.7229813151684228,-1.0668296048946935,0.06592770706939767,0.06592770706939752,-1.04621256592771,-0.5019124239907221,-1.1104093734576166,-0.8584550962200763,-0.5687196185467573
1.0688074708870052,-1.042169764963436,-0.9596146343469186,0.4106447794685781,0.6008483023972472,2.7267937221225593,2.726793722122559,-1.185021791046354,-0.5019124239907221,-1.1104093734576166,-0.8584550962200763,-0.9108984919135951
-0.5169846142080252,-0.8563703116176414,-0.9313808177989312,-0.9016917562312667,1.2738577842717396,0.06592770706939767,0.06592770706939752,-1.185021791046354,-0.5019124239907221,-1.1104093734576166,-0.8584550962200763,-0.9108984919135951
0.3176427989998855,1.1557047403427192,0.9752322055592824,1.204953735286905,-1.4874605310662512,-1.2645053004571831,-1.2645053004571831,0.6194981354960204,0.6212482450794252,0.689385848355018,0.3722261297210252,0.4578170015537556
-0.016208166283278792,-1.0131273649242203,-0.5610195771988601,0.8596020153658934,-0.1958761577629975,-1.2645053004571831,-1.2645053004571831,-0.35216644033448896,-0.5019124239907221,-0.3904912847325628,0.06455582323574982,-0.5687196185467573
2.070360366736498,-0.288904984854147,-0.5643412026750939,1.4121647672395123,-0.0375209855572346,-1.2645053004571831,-1.2645053004571831,-0.21335721521584475,-0.5019124239907221,-0.3904912847325628,0.3722261297210252,-0.5687196185467573
-0.3500591315664431,-1.3286788338509954,-0.9446673197038665,-0.2800586603734455,1.0462222242259553,0.06592770706939767,0.06592770706939752,-1.185021791046354,-0.5019124239907221,-1.1104093734576166,-0.8584550962200763,-0.9108984919135951
0.15071731635830335,-1.185024816600624,-0.9446673197038665,-0.7290158962707608,-0.5422780969631039,2.7267937221225593,2.726793722122559,-1.04621256592771,-0.5019124239907221,-0.7504503290950897,-0.8584550962200763,-0.9108984919135951
-0.016208166283278792,-0.15971224520239474,0.45871944400492315,0.8250668433737922,1.2045773964317181,-1.2645053004571831,-1.2645053004571831,1.3135442610892414,0.6212482450794252,0.689385848355018,2.2182479686326775,0.11563812818691793
-0.43352187288723415,-0.25570796362637765,-0.38663423969658445,1.34309442325531,-0.07710977860867532,1.3963607145959784,1.3963607145959784,0.06426123502144365,-0.5019124239907221,0.689385848355018,-0.24311448324952553,-0.22654074517991973
0.3176427989998855,-0.6570283911283885,-0.9479889451801004,1.550305455207917,0.32372675103716203,2.7267937221225593,2.726793722122559,-1.185021791046354,-0.5019124239907221,-1.1104093734576166,-0.8584550962200763,-0.9108984919135951
-0.6004473555288163,4.400663630006351,-0.8284104280356828,-0.6254103802944573,0.18516597535711948,1.3963607145959784,1.3963607145959784,-1.6014494664022867,-0.5019124239907221,-1.4703684178201437,-1.473795709190627,-0.9108984919135951
-0.7673728381703985,0.07686147286120357,-0.936363256013282,-0.6254103802944573,0.5662081084772365,1.3963607145959784,1.3963607145959784,-1.185021791046354,-0.5019124239907221,-1.1104093734576166,-0.8584550962200763,-0.9108984919135951
0.7349565056038408,-0.8675158819215495,-0.4646924383880793,-1.4887896800969866,1.6202597234718459,0.06592770706939767,0.06592770706939752,-0.07454799009720055,-0.5019124239907221,-1.1104093734576166,0.987566742691576,-0.22654074517991973
0.6514937642830498,0.08860626737499921,-0.3351490448149602,-0.9016917562312667,-0.00288079163722396,0.06592770706939767,0.06592770706939752,0.20307046014008784,-0.5019124239907221,0.689385848355018,0.3722261297210252,-0.5687196185467573
-0.18313364892486095,-0.8231732903898721,-0.8483401808930856,1.4812351112237145,-0.017726589031514233,-1.2645053004571831,-1.2645053004571831,-1.04621256592771,-0.5019124239907221,-0.7504503290950897,-1.1661254027053516,-0.5687196185467573
1.6530466601325426,0.801363490895891,0.553385770077587,0.09982823153966747,-1.200441781443306,-1.2645053004571831,-1.2645053004571831,0.06426123502144365,1.7444089141495727,-0.03053224037003586,0.06455582323574982,0.11563812818691793
-0.7673728381703985,-0.6097296268279325,-0.9513105706563342,0.030757887555465113,-0.8441426439803394,0.06592770706939767,0.06592770706939752,-1.185021791046354,-0.5019124239907221,-1.1104093734576166,-0.8584550962200763,-0.9108984919135951
1.1522702122077961,0.8148260614780309,0.6231399050784974,0.16889857552386983,0.18516597535711948,-1.2645053004571831,-1.2645053004571831,1.0359258108519531,0.6212482450794252,0.689385848355018,0.06455582323574982,1.8265324950211062
-0.6004473555288163,-1.542561928500186,-0.9463281324419834,1.5157702832158158,0.8482782589687516,0.06592770706939767,0.06592770706939752,-1.04621256592771,-0.5019124239907221,-0.7504503290950897,-0.8584550962200763,-0.9108984919135951
-0.5169846142080252,1.2766681341786827,1.0483079660364265,0.2379689195080722,0.18516597535711948,0.06592770706939767,0.06592770706939752,0.8971165857333089,-0.5019124239907221,1.409303937080072,0.3722261297210252,0.4578170015537556
0.7349565056038408,0.7483521224611738,2.02486585604917,-0.7290158962707608,1.4470587538717927,0.06592770706939767,0.06592770706939752,2.0075903866824625,0.6212482450794252,2.489181070167653,-0.24311448324952553,2.853069115121619
-0.6839100968496074,-0.7091209491079448,-0.8350536789881504,1.550305455207917,1.521287740843244,1.3963607145959784,1.3963607145959784,-0.9074033408090657,-0.5019124239907221,-0.3904912847325628,-0.8584550962200763,-0.9108984919135951
-0.6839100968496074,-0.9375452179170727,-0.6889021580338622,0.9286723593500957,1.0115820303059446,0.06592770706939767,0.06592770706939752,-0.49097566545313315,-0.5019124239907221,-0.03053224037003586,-0.5507847897348009,-0.5687196185467573
-0.09967090760406987,0.6729697168573221,1.6279316116392284,-0.21098831638924315,-0.6511472778545658,0.06592770706939767,0.06592770706939752,1.4523534862078857,-0.5019124239907221,1.049344892717545,2.2182479686326775,0.11563812818691793
0.901881988245423,0.5293156996069507,0.593245275792393,-0.1073828004129396,-1.6705586989291645,-1.2645053004571831,-1.2645053004571831,0.06426123502144365,-0.5019124239907221,-0.3904912847325628,0.06455582323574982,0.4578170015537556
-0.09967090760406987,0.40859199545494224,0.47034513317174154,-1.2470434761522784,-0.933217428346081,0.06592770706939767,0.06592770706939752,1.1747350359705973,-0.5019124239907221,0.689385848355018,1.910577662147402,0.11563812818691793
0.7349565056038408,-0.7997635979235991,-0.8516618063693194,-0.763551068262862,-1.0866240014204138,-1.2645053004571831,-1.2645053004571831,-0.9074033408090657,1.7444089141495727,-0.7504503290950897,-0.8584550962200763,-0.5687196185467573
-0.3500591315664431,1.2655225638747745,1.6295924243773452,-1.2815786481443796,0.41280153540290365,-1.2645053004571831,-1.2645053004571831,1.0359258108519531,0.6212482450794252,0.689385848355018,0.3722261297210252,1.4843536216542685
0.5680310229622587,-0.24512166925169787,-0.9795443872043216,-1.5923951960732903,-1.200441781443306,2.7267937221225593,2.726793722122559,-1.3238310161649984,-0.5019124239907221,-1.1104093734576166,-1.1661254027053516,-0.9108984919135951
1.4026584361701695,1.2917685842678486,1.2775001238965602,0.790531671381691,0.1802173762256894,-1.2645053004571831,-1.2645053004571831,2.562827287157039,-0.5019124239907221,1.7692629814425989,1.6029073556621267,2.853069115121619
0.5680310229622587,0.1575170515120656,-0.35341798493424625,-1.4887896800969866,0.9076614485459128,0.06592770706939767,0.06592770706939752,0.06426123502144365,-0.5019124239907221,-0.03053224037003586,0.3722261297210252,-0.22654074517991973
1.5695839188117515,0.43471817100603866,1.446903023184485,0.13436340353176865,1.412418559951782,0.06592770706939767,0.06592770706939752,1.1747350359705973,0.6212482450794252,1.409303937080072,0.987566742691576,0.4578170015537556
-0.18313364892486095,0.8570114458541133,0.9519808272256457,0.30703926349227456,-0.5868154891459747,0.06592770706939767,0.06592770706939752,0.48068891037737627,0.6212482450794252,0.689385848355018,0.6798964362063006,-0.22654074517991973
0.7349565056038408,0.4451446722580818,0.6629994107933032,0.9977427033342982,1.3777783660317713,0.06592770706939767,0.06592770706939752,1.3135442610892414,-0.5019124239907221,-0.03053224037003586,2.2182479686326775,0.7999958749205932
1.7365094014533338,0.954844785188418,1.2326581799674037,0.27250409150017335,-1.5171521258548317,-1.2645053004571831,-1.2645053004571831,1.0359258108519531,-0.5019124239907221,0.3294268039924911,0.06455582323574982,2.1687113683879438
0.818419246924632,0.42429166975399557,1.1645648577046102,-0.4181993483418502,0.9521988407287836,0.06592770706939767,0.06592770706939752,0.8971165857333089,-0.5019124239907221,1.7692629814425989,0.06455582323574982,0.4578170015537556
0.4011055403206766,-0.252951532260895,-0.19896240028937354,-1.0052972722075701,0.31877815190573194,0.06592770706939767,0.06592770706939752,0.06426123502144365,0.6212482450794252,0.3294268039924911,-0.5507847897348009,0.4578170015537556
1.819972142774125,1.014447619931898,2.734032895225091,0.8250668433737922,0.6057969015286773,-1.2645053004571831,-1.2645053004571831,-0.07454799009720055,2.86756958321972,-0.03053224037003586,0.06455582323574982,-0.22654074517991973
-0.18313364892486095,-0.2307003399337379,-0.6158263975567182,0.2379689195080722,-0.1909275586315674,1.3963607145959784,1.3963607145959784,-0.35216644033448896,-0.5019124239907221,-0.3904912847325628,0.06455582323574982,-0.5687196185467573
-0.09967090760406987,2.126567805202501,1.857123769499362,-0.4527345203339514,0.8433296598373216,-1.2645053004571831,-1.2645053004571831,2.424018062038395,2.86756958321972,1.7692629814425989,2.2182479686326775,1.8265324950211062
-0.09967090760406987,0.12160354719947274,-0.6158263975567182,-1.3851841641206832,-0.769913657008888,0.06592770706939767,0.06592770706939752,-0.35216644033448896,-0.5019124239907221,-0.3904912847325628,0.06455582323574982,-0.5687196185467573
-0.6839100968496074,1.057511866482482,0.8074901190094744,-0.24552348838134433,-1.5666381171691326,0.06592770706939767,0.06592770706939752,1.729971936445174,-0.5019124239907221,1.049344892717545,1.910577662147402,1.142174748287431
0.901881988245423,0.5851633959684688,-0.01129056088216261,-0.7290158962707608,-0.33443693344304004,0.06592770706939767,0.06592770706939752,0.341879685258732,-0.5019124239907221,1.049344892717545,0.3722261297210252,-0.5687196185467573
0.7349565056038408,1.8591540144700247,2.3287945871245648,-0.9016917562312667,-1.096521199683274,-1.2645053004571831,-1.2645053004571831,0.8971165857333089,0.6212482450794252,-0.03053224037003586,0.987566742691576,1.142174748287431
-1.351612027415936,-0.9242024921769102,-0.9263983795845805,-0.38366417634974903,1.570773732157545,0.06592770706939767,0.06592770706939752,-1.185021791046354,-0.5019124239907221,-1.1104093734576166,-0.8584550962200763,-0.9108984919135951
-0.43352187288723415,0.6074944848569442,0.9436767635350611,0.47971512345278045,1.6450027191289962,0.06592770706939767,0.06592770706939752,2.0075903866824625,-0.5019124239907221,1.7692629814425989,1.910577662147402,1.142174748287431
1.5695839188117515,-0.0647951303562094,-0.8948429375603592,0.7559964993895899,-1.3686941519119291,0.06592770706939767,0.06592770706939752,-0.9074033408090657,-0.5019124239907221,-1.1104093734576166,-0.5507847897348009,-0.5687196185467573
1.1522702122077961,-0.11213384293732456,-0.39992074160151975,-1.3851841641206832,1.689540111311867,0.06592770706939767,0.06592770706939752,0.06426123502144365,-0.5019124239907221,1.049344892717545,-0.24311448324952553,-0.5687196185467573
-0.5169846142080252,4.062181847981212,-0.9961525145854907,1.1013482193106017,-1.0470352083689731,-1.2645053004571831,-1.2645053004571831,-1.7402586915209308,-0.5019124239907221,-1.4703684178201437,-1.7814660156759023,-0.9108984919135951
1.3191956948493784,0.36113343803184955,-0.7320832892249018,1.3085592512632087,-0.8787828379003501,0.06592770706939767,0.06592770706939752,-0.6297848905717773,-0.5019124239907221,-0.3904912847325628,-0.5507847897348009,-0.5687196185467573
0.901881988245423,-1.0285873495393185,-0.6573467160096409,1.4812351112237145,1.4421101547403625,-1.2645053004571831,-1.2645053004571831,-0.49097566545313315,-0.5019124239907221,-0.3904912847325628,-0.24311448324952553,-0.5687196185467573
1.819972142774125,0.8317641324775185,0.8124725572238252,-0.4527345203339514,-0.2552593473401586,0.06592770706939767,0.06592770706939752,1.729971936445174,-0.5019124239907221,1.7692629814425989,2.2182479686326775,0.11563812818691793
0.23418005767909442,-0.21987435587510312,-0.635756150414121,1.2740240792711075,-0.5076379030430932,2.7267937221225593,2.726793722122559,-0.6297848905717773,0.6212482450794252,-0.3904912847325628,-0.8584550962200763,-0.22654074517991973
0.48456828164146765,0.16039332771952575,-0.014612186358396432,1.170418563294804,1.0660166207516757,0.06592770706939767,0.06592770706939752,0.7583073606146646,-0.5019124239907221,1.049344892717545,0.987566742691576,-0.22654074517991973
-1.351612027415936,-1.288410966946553,-0.9695795107756201,0.8596020153658934,-0.6264042821974154,0.06592770706939767,0.06592770706939752,-1.3238310161649984,-0.5019124239907221,-1.4703684178201437,-0.8584550962200763,-0.9108984919135951
-0.5169846142080252,0.2433659066486196,0.7609873623422009,1.3085592512632087,-0.8292968465860492,0.06592770706939767,0.06592770706939752,1.4523534862078857,-0.5019124239907221,0.689385848355018,2.2182479686326775,0.4578170015537556
-0.9342983208119806,-1.0495601968853823,-0.8832172483935408,-0.6944807242786596,1.516339141711814,-1.2645053004571831,-1.2645053004571831,-1.04621256592771,-0.5019124239907221,-0.7504503290950897,-0.8584550962200763,-0.9108984919135951
1.0688074708870052,-1.5011355614566277,-0.9629362598231525,1.34309442325531,0.9423016424659234,-1.2645053004571831,-1.2645053004571831,-1.185021791046354,-0.5019124239907221,-1.1104093734576166,-0.8584550962200763,-0.9108984919135951
0.818419246924632,-1.340183938680836,-0.9064686267271775,0.9632075313421969,0.9620960389916438,-1.2645053004571831,-1.2645053004571831,-1.185021791046354,-0.5019124239907221,-1.1104093734576166,-1.1661254027053516,-0.5687196185467573
-0.43352187288723415,-0.2864281914532785,-0.9729011362518539,-0.8326214122470643,0.2742407597228611,0.06592770706939767,0.06592770706939752,-1.3238310161649984,-0.5019124239907221,-1.1104093734576166,-1.1661254027053516,-0.9108984919135951
-1.518537510057518,-1.2453866686766284,-0.9081294394652945,-0.5218048643181538,-0.3789743256259109,0.06592770706939767,0.06592770706939752,-1.04621256592771,-0.5019124239907221,-0.7504503290950897,-0.8584550962200763,-0.9108984919135951
0.06725457503751228,-0.92084683660154,-0.9496497579182173,-0.21098831638924315,0.30888095364287177,0.06592770706939767,0.06592770706939752,-1.185021791046354,-0.5019124239907221,-1.1104093734576166,-0.8584550962200763,-0.9108984919135951
-0.18313364892486095,0.09795416504924474,-0.6772764688670438,0.9286723593500957,-0.5917640882774048,1.3963607145959784,1.3963607145959784,-0.49097566545313315,-0.5019124239907221,-0.3904912847325628,-0.24311448324952553,-0.5687196185467573
0.4011055403206766,0.2822755320106501,0.7344143585323304,1.1013482193106017,-0.0919555760029656,0.06592770706939767,0.06592770706939752,1.729971936445174,-0.5019124239907221,1.049344892717545,1.2952370491768512,1.8265324950211062
0.5680310229622587,0.2799984800130775,-0.05281087933508538,1.3085592512632087,-0.5967126874088349,1.3963607145959784,1.3963607145959784,0.48068891037737627,-0.5019124239907221,0.3294268039924911,0.987566742691576,-0.22654074517991973
-0.09967090760406987,0.5789714124662976,0.702858916508109,-0.556340036310255,1.4915961460546634,0.06592770706939767,0.06592770706939752,0.06426123502144365,-0.5019124239907221,-0.03053224037003586,0.06455582323574982,0.11563812818691793
-0.9342983208119806,1.0033020496279899,0.10662714352413806,-0.38366417634974903,-0.7847594544031783,0.06592770706939767,0.06592770706939752,0.7583073606146646,-0.5019124239907221,0.689385848355018,0.6798964362063006,0.4578170015537556
-0.5169846142080252,0.015021534400810083,0.6380872197215495,0.47971512345278045,1.0957082155402562,0.06592770706939767,0.06592770706939752,0.20307046014008784,-0.5019124239907221,-0.7504503290950897,0.6798964362063006,0.4578170015537556
-0.43352187288723415,-1.0181608482872755,-0.9878484508949061,-0.7980862402549632,-1.5616895180377026,1.3963607145959784,1.3963607145959784,-1.3238310161649984,-0.5019124239907221,-1.1104093734576166,-1.1661254027053516,-0.9108984919135951
0.48456828164146765,1.1609779133897296,1.0549512169888942,-1.1089027881838738,1.2540633877460192,0.06592770706939767,0.06592770706939752,0.7583073606146646,1.7444089141495727,2.129222025805126,-0.24311448324952553,0.11563812818691793
-0.8508355794911895,0.7230249125232607,-0.049489253858851556,0.8941371873579945,-0.8688856396374899,-1.2645053004571831,-1.2645053004571831,0.48068891037737627,-0.5019124239907221,-0.7504503290950897,1.910577662147402,-0.22654074517991973
-1.351612027415936,-0.6428866997750428,-0.7204576000580836,-1.2470434761522784,0.12083418664852831,0.06592770706939767,0.06592770706939752,-0.6297848905717773,1.7444089141495727,-0.03053224037003586,-0.8584550962200763,-0.5687196185467573
-0.9342983208119806,0.5216056814397311,0.0966622670954366,-1.0398324441996714,-0.8193996483231889,-1.2645053004571831,-1.2645053004571831,0.8971165857333089,-0.5019124239907221,-0.3904912847325628,2.2182479686326775,0.11563812818691793
0.48456828164146765,0.6343796777405649,0.535116829958301,0.06529305954756628,-0.49279210564880294,0.06592770706939767,0.06592770706939752,1.1747350359705973,-0.5019124239907221,1.409303937080072,-0.5507847897348009,2.1687113683879438
0.15071731635830335,0.6593473531525454,2.4384082278402808,1.1013482193106017,1.5559279347632546,-1.2645053004571831,-1.2645053004571831,2.2852088369197507,-0.5019124239907221,2.489181070167653,2.2182479686326775,0.7999958749205932
-1.1012238034535626,-0.4473798142290701,-0.23051784231359485,-0.5908752083023561,-0.07216117947724524,-1.2645053004571831,-1.2645053004571831,0.20307046014008784,-0.5019124239907221,1.409303937080072,-0.24311448324952553,-0.5687196185467573
1.1522702122077961,-0.5309915656487106,-0.5792885173181461,1.204953735286905,-0.5224837004373835,0.06592770706939767,0.06592770706939752,-0.35216644033448896,-0.5019124239907221,-0.3904912847325628,0.06455582323574982,-0.5687196185467573
0.15071731635830335,0.5408607527174505,0.8971740068677876,1.3085592512632087,-0.7996052517974686,-1.2645053004571831,-1.2645053004571831,0.48068891037737627,-0.5019124239907221,-0.7504503290950897,0.06455582323574982,1.8265324950211062
-0.6004473555288163,0.5687846008982096,0.13818258554835935,1.7229813151684228,0.6206426989229675,0.06592770706939767,0.06592770706939752,0.7583073606146646,-0.5019124239907221,0.3294268039924911,1.6029073556621267,-0.22654074517991973
-0.266596390245652,1.382970509012731,2.5048407373649573,1.6193757991921194,1.4915961460546634,-1.2645053004571831,-1.2645053004571831,1.1747350359705973,0.6212482450794252,0.3294268039924911,1.2952370491768512,1.142174748287431
-1.1012238034535626,4.336986070635636,1.8454980803325436,-0.970762100215469,1.6845915121804371,-1.2645053004571831,-1.2645053004571831,2.2852088369197507,-0.5019124239907221,-1.4703684178201437,-1.473795709190627,8.67010996235786
-1.6854629926991003,1.022956603712301,1.2293365544911699,-0.31459383236554667,-1.531997923249122,-1.2645053004571831,-1.2645053004571831,1.0359258108519531,1.7444089141495727,-0.3904912847325628,1.910577662147402,0.7999958749205932
-0.016208166283278792,0.6886294428757163,0.7277711075798627,-1.5923951960732903,-0.4037173212830613,-1.2645053004571831,-1.2645053004571831,0.20307046014008784,-0.5019124239907221,-0.03053224037003586,-0.5507847897348009,1.142174748287431
0.7349565056038408,-0.06499487175950525,-0.18733671112255515,1.6884461431763216,1.3827269651632015,0.06592770706939767,0.06592770706939752,0.48068891037737627,1.7444089141495727,-0.03053224037003586,0.3722261297210252,0.7999958749205932
-0.09967090760406987,0.3583770066663669,0.5832803993636915,0.8250668433737922,-0.22556775255157804,-1.2645053004571831,-1.2645053004571831,-0.07454799009720055,-0.5019124239907221,0.3294268039924911,-0.5507847897348009,0.11563812818691793
0.901881988245423,-0.39640580810797055,-0.5576979517226263,1.4121647672395123,-0.00782939076865405,0.06592770706939767,0.06592770706939752,-0.49097566545313315,-0.5019124239907221,-1.1104093734576166,-0.5507847897348009,0.4578170015537556
1.4026584361701695,-1.564134000056137,-0.9579538216088017,-0.6944807242786596,-0.5670210926202544,-1.2645053004571831,-1.2645053004571831,-1.185021791046354,-0.5019124239907221,-1.1104093734576166,-0.8584550962200763,-0.9108984919135951
1.6530466601325426,-0.18647759324403793,-0.805159049702046,-1.5923951960732903,0.20990897101426995,1.3963607145959784,1.3963607145959784,-0.9074033408090657,0.6212482450794252,-0.7504503290950897,-1.1661254027053516,-0.22654074517991973
0.6514937642830498,0.3869000790570135,-0.7968549860114614,1.550305455207917,-0.07710977860867532,1.3963607145959784,1.3963607145959784,-0.7685941156904216,-0.5019124239907221,-0.7504503290950897,-0.5507847897348009,-0.5687196185467573
-2.186239440623847,-0.6956583785258049,-0.9679186980375032,0.5487854674369828,-1.2796193675461873,-1.2645053004571831,-1.2645053004571831,-1.3238310161649984,-0.5019124239907221,-1.1104093734576166,-1.1661254027053516,-0.9108984919135951
1.6530466601325426,-1.0274687976808619,-0.9114510649415283,-0.556340036310255,0.4622875267172046,1.3963607145959784,1.3963607145959784,-1.04621256592771,0.6212482450794252,-0.7504503290950897,-0.8584550962200763,-0.9108984919135951
0.6514937642830498,-0.2516731872798016,0.05015951042816309,-0.1073828004129396,-0.5719696917516844,-1.2645053004571831,-1.2645053004571831,0.7583073606146646,-0.5019124239907221,1.409303937080072,0.06455582323574982,0.4578170015537556
0.7349565056038408,1.047844382562963,0.6613385980551862,-0.6944807242786596,-1.3488997553862088,-1.2645053004571831,-1.2645053004571831,2.0075903866824625,0.6212482450794252,2.129222025805126,1.2952370491768512,1.4843536216542685
-0.3500591315664431,1.0651419880883832,0.21291915876362036,1.7229813151684228,-0.33938553257447013,0.06592770706939767,0.06592770706939752,0.6194981354960204,-0.5019124239907221,1.7692629814425989,-0.24311448324952553,0.11563812818691793
-0.7673728381703985,0.7665685384417549,0.013621630189591052,-0.7980862402549632,-1.210338979706166,1.3963607145959784,1.3963607145959784,0.7583073606146646,-0.5019124239907221,1.409303937080072,0.6798964362063006,-0.22654074517991973
-0.7673728381703985,0.7503894847747914,1.4070435174696792,-0.6599455522865585,-1.0668296048946935,0.06592770706939767,0.06592770706939752,0.7583073606146646,0.6212482450794252,0.3294268039924911,1.6029073556621267,-0.22654074517991973
-1.6020002513783091,1.5183951804473137,1.6860600574733202,-0.763551068262862,-1.4478717380148105,-1.2645053004571831,-1.2645053004571831,0.20307046014008784,3.9907302522898678,-0.3904912847325628,0.3722261297210252,0.4578170015537556
0.06725457503751228,-0.4355551231539561,-0.6955454089863299,-0.8671565842391655,-0.8342454457174793,0.06592770706939767,0.06592770706939752,-0.49097566545313315,-0.5019124239907221,-0.03053224037003586,-0.5507847897348009,-0.5687196185467573
-1.4350747687367271,0.7875413857878185,1.39043539008851,1.5157702832158158,0.8977642502830526,0.06592770706939767,0.06592770706939752,1.0359258108519531,1.7444089141495727,1.409303937080072,0.6798964362063006,0.4578170015537556
-0.09967090760406987,-0.6613827537202379,-0.9114510649415283,-0.5218048643181538,-1.7398390867691857,0.06592770706939767,0.06592770706939752,-1.04621256592771,-0.5019124239907221,-1.1104093734576166,-0.8584550962200763,-0.5687196185467573
1.4861211774909606,-0.3616508039344936,0.05182032316628,1.34309442325531,0.4523903284543444,0.06592770706939767,0.06592770706939752,0.7583073606146646,-0.5019124239907221,1.7692629814425989,0.06455582323574982,0.11563812818691793
1.7365094014533338,0.5647498245516335,0.5683330847206393,1.6193757991921194,-0.661044476117426,0.06592770706939767,0.06592770706939752,-0.21335721521584475,0.6212482450794252,-0.7504503290950897,-0.24311448324952553,0.4578170015537556
-0.18313364892486095,-0.6815166871724591,-0.9081294394652945,-1.350648992128582,0.8977642502830526,0.06592770706939767,0.06592770706939752,-1.185021791046354,1.7444089141495727,-1.1104093734576166,-1.1661254027053516,-0.5687196185467573
-1.4350747687367271,-1.0780433209953697,-0.9762227617280878,-0.7980862402549632,-0.00782939076865405,0.06592770706939767,0.06592770706939752,-1.3238310161649984,-0.5019124239907221,-1.1104093734576166,-1.1661254027053516,-0.9108984919135951
0.3176427989998855,0.12032520221837933,0.49359651150537825,-0.0037772844366360664,1.29860077992889,0.06592770706939767,0.06592770706939752,1.3135442610892414,-0.5019124239907221,1.049344892717545,1.2952370491768512,0.7999958749205932
-0.5169846142080252,-0.758576920563996,-0.8201063643450982,-1.3161138201364808,0.6948716858944188,0.06592770706939767,0.06592770706939752,-0.9074033408090657,-0.5019124239907221,-0.7504503290950897,-0.8584550962200763,-0.5687196185467573
1.3191956948493784,0.24608238973344307,-0.016272999096513342,-0.17645314439714196,0.28413795798572133,-1.2645053004571831,-1.2645053004571831,0.6194981354960204,-0.5019124239907221,0.3294268039924911,0.6798964362063006,0.4578170015537556
-1.1012238034535626,-0.07853733890296351,-0.6191480230329519,0.8941371873579945,-0.13649296818583642,0.06592770706939767,0.06592770706939752,-0.35216644033448896,-0.5019124239907221,-0.03053224037003586,-0.24311448324952553,-0.5687196185467573
-0.5169846142080252,0.9739400633435007,1.50337065628046,0.5142502954448817,1.0660166207516757,-1.2645053004571831,-1.2645053004571831,-0.35216644033448896,-0.5019124239907221,-0.3904912847325628,-0.24311448324952553,-0.22654074517991973
0.7349565056038408,1.4008673387480388,0.9071388832964891,-1.0398324441996714,1.4371615556089326,-1.2645053004571831,-1.2645053004571831,0.48068891037737627,1.7444089141495727,0.3294268039924911,0.6798964362063006,0.11563812818691793
-0.7673728381703985,-1.0541143008805276,-0.9263983795845805,-0.14191797240504078,0.7394090780772896,0.06592770706939767,0.06592770706939752,-1.04621256592771,-0.5019124239907221,-0.7504503290950897,-0.8584550962200763,-0.9108984919135951
-0.09967090760406987,0.2585462532991038,0.9619457036543472,0.9632075313421969,0.5018763197686453,0.06592770706939767,0.06592770706939752,1.729971936445174,-0.5019124239907221,2.489181070167653,0.987566742691576,0.7999958749205932
0.901881988245423,-0.282752949632635,-0.971240323513737,-1.3851841641206832,-1.2944651649404777,1.3963607145959784,1.3963607145959784,-1.3238310161649984,-0.5019124239907221,-1.1104093734576166,-1.1661254027053516,-0.9108984919135951
0.3176427989998855,0.9015537787890866,0.5965669012686268,-1.6614655400574927,1.0066334311745146,0.06592770706939767,0.06592770706939752,0.20307046014008784,-0.5019124239907221,0.3294268039924911,-0.24311448324952553,0.4578170015537556
1.2357329535285873,0.27456551384343053,0.4371288784094033,1.4121647672395123,0.3435211475628824,-1.2645053004571831,-1.2645053004571831,1.0359258108519531,-0.5019124239907221,2.489181070167653,0.6798964362063006,-0.5687196185467573
-1.2681492860951449,-1.3282793510444038,-0.9795443872043216,-0.21098831638924315,-1.5666381171691326,0.06592770706939767,0.06592770706939752,-1.185021791046354,-0.5019124239907221,-1.1104093734576166,-0.8584550962200763,-0.9108984919135951
0.3176427989998855,0.7970490765847007,2.227485010099433,1.0322778753263993,0.7295118798144294,-1.2645053004571831,-1.2645053004571831,0.341879685258732,-0.5019124239907221,0.3294268039924911,-0.5507847897348009,1.142174748287431
-0.6004473555288163,-1.7872051992569362,-0.8881996866078915,-1.0398324441996714,1.6994373095747273,0.06592770706939767,0.06592770706939752,-0.7685941156904216,1.7444089141495727,-0.03053224037003586,-1.1661254027053516,-0.5687196185467573
0.23418005767909442,-0.2973740203538908,-0.898164563036593,1.7229813151684228,-1.6458157032720142,0.06592770706939767,0.06592770706939752,-1.04621256592771,-0.5019124239907221,-0.7504503290950897,-0.8584550962200763,-0.9108984919135951
1.1522702122077961,1.1248247193931817,1.2858041875871447,0.44517995146067924,-0.6709416743802862,-1.2645053004571831,-1.2645053004571831,1.4523534862078857,0.6212482450794252,0.689385848355018,1.910577662147402,0.7999958749205932
-0.6004473555288163,0.9097831246048754,0.6995372910318752,-0.2800586603734455,-0.982703419660382,-1.2645053004571831,-1.2645053004571831,1.3135442610892414,-0.5019124239907221,-0.3904912847325628,1.6029073556621267,1.8265324950211062
0.3176427989998855,0.1887166587068765,-0.32352335564814183,0.37610960747647687,-0.4581519117287923,2.7267937221225593,2.726793722122559,0.20307046014008784,-0.5019124239907221,0.689385848355018,-0.24311448324952553,0.11563812818691793
-1.8523884753406823,1.5041735925326496,0.38232205805154523,-1.1089027881838738,0.42764733279719397,-1.2645053004571831,-1.2645053004571831,1.729971936445174,0.6212482450794252,2.489181070167653,0.6798964362063006,1.142174748287431
1.6530466601325426,-0.6508364076262173,-0.9878484508949061,-0.8671565842391655,-0.38887152388877105,1.3963607145959784,1.3963607145959784,-1.3238310161649984,-0.5019124239907221,-1.4703684178201437,-0.8584550962200763,-0.9108984919135951
1.3191956948493784,0.05413090116613645,-0.20892727671807498,0.37610960747647687,1.6697457147861468,1.3963607145959784,1.3963607145959784,0.341879685258732,-0.5019124239907221,1.049344892717545,0.06455582323574982,-0.22654074517991973
-0.7673728381703985,0.5646699279903151,0.00033512828465576616,0.27250409150017335,0.14062858317424867,1.3963607145959784,1.3963607145959784,0.48068891037737627,-0.5019124239907221,-0.03053224037003586,1.2952370491768512,-0.22654074517991973
1.7365094014533338,-0.2862683983306419,-0.5344465733889895,0.8596020153658934,-0.48289490738594276,2.7267937221225593,2.726793722122559,-0.21335721521584475,-0.5019124239907221,0.689385848355018,-0.5507847897348009,-0.5687196185467573
-0.3500591315664431,1.4963037812427933,1.4385989594939006,-0.9362269282233678,-0.44825471346593215,1.3963607145959784,1.3963607145959784,-0.21335721521584475,2.86756958321972,-0.03053224037003586,-0.5507847897348009,0.11563812818691793
1.6530466601325426,0.7904576102759379,1.7790655708078673,-0.1073828004129396,-1.4478717380148105,-1.2645053004571831,-1.2645053004571831,1.729971936445174,3.9907302522898678,-0.03053224037003586,2.2182479686326775,1.8265324950211062
-0.3500591315664431,0.606975157208375,1.2110676143718837,0.6869261554053875,0.5117735180315055,0.06592770706939767,0.06592770706939752,0.6194981354960204,-0.5019124239907221,1.409303937080072,-0.5507847897348009,0.7999958749205932
1.4026584361701695,0.7313341549003679,-0.451405936483144,-0.6944807242786596,-1.6210727076148637,0.06592770706939767,0.06592770706939752,-0.07454799009720055,-0.5019124239907221,-0.03053224037003586,0.3722261297210252,-0.5687196185467573
-1.6854629926991003,-1.3882417203138164,-0.9762227617280878,-0.4181993483418502,0.5662081084772365,0.06592770706939767,0.06592770706939752,-1.3238310161649984,-0.5019124239907221,-1.1104093734576166,-1.1661254027053516,-0.9108984919135951
-0.016208166283278792,0.42521048020915647,1.2160500525862346,-0.7980862402549632,1.6598485165232866,0.06592770706939767,0.06592770706939752,0.7583073606146646,-0.5019124239907221,1.049344892717545,0.06455582323574982,0.7999958749205932
1.3191956948493784,0.47418707229729756,0.8191158081762928,-1.4197193361127844,0.541465112820086,0.06592770706939767,0.06592770706939752,1.8687811615638181,-0.5019124239907221,0.689385848355018,1.6029073556621267,2.1687113683879438
1.0688074708870052,-0.6909844296886821,-0.8450185554168518,-0.7980862402549632,0.6255912980543976,1.3963607145959784,1.3963607145959784,-0.9074033408090657,-0.5019124239907221,-0.3904912847325628,-0.8584550962200763,-0.9108984919135951
1.5695839188117515,-0.13865950129501273,-0.9014861885128268,1.0322778753263993,-0.8639370405060598,2.7267937221225593,2.726793722122559,-0.9074033408090657,-0.5019124239907221,-0.7504503290950897,-0.8584550962200763,-0.5687196185467573
-0.7673728381703985,-0.5407389461295479,-0.8250888025594489,0.7559964993895899,-0.10680137339725587,0.06592770706939767,0.06592770706939752,-0.7685941156904216,-0.5019124239907221,-0.3904912847325628,-0.5507847897348009,-0.9108984919135951
0.4011055403206766,1.1978901247188016,0.49193569876726134,1.170418563294804,-0.982703419660382,-1.2645053004571831,-1.2645053004571831,1.0359258108519531,0.6212482450794252,0.689385848355018,-0.24311448324952553,2.1687113683879438
1.4026584361701695,1.2626063393866553,1.6080018587818254,0.27250409150017335,0.2940351562485815,-1.2645053004571831,-1.2645053004571831,0.8971165857333089,0.6212482450794252,-0.03053224037003586,1.6029073556621267,0.4578170015537556
-0.5169846142080252,-1.407576688152854,-0.9430065069657496,-0.4181993483418502,-0.7501192604831677,0.06592770706939767,0.06592770706939752,-0.9074033408090657,-0.5019124239907221,-0.7504503290950897,-0.5507847897348009,-0.9108984919135951
-2.186239440623847,0.7560221923477343,0.5882628375780422,-0.6599455522865585,-1.195493182311876,-1.2645053004571831,-1.2645053004571831,1.4523534862078857,-0.5019124239907221,-0.3904912847325628,1.910577662147402,1.8265324950211062
-0.09967090760406987,-0.7406800908286882,-0.9596146343469186,-0.5218048643181538,-0.32948833431160995,0.06592770706939767,0.06592770706939752,-1.3238310161649984,0.6212482450794252,-1.1104093734576166,-1.1661254027053516,-0.9108984919135951
1.2357329535285873,0.45245520761870966,1.0117700857978544,-1.696000712049594,-1.0024978161861022,-1.2645053004571831,-1.2645053004571831,2.0075903866824625,1.7444089141495727,2.129222025805126,0.3722261297210252,2.5108902417547814
-0.266596390245652,1.2465870788423286,1.4801192779468233,1.3776295952474111,-0.8589884413746297,-1.2645053004571831,-1.2645053004571831,1.1747350359705973,-0.5019124239907221,0.689385848355018,-0.24311448324952553,2.5108902417547814
0.901881988245423,-0.028761781201639046,-0.2604124715996992,1.4812351112237145,-0.4185631186773516,0.06592770706939767,0.06592770706939752,0.341879685258732,-0.5019124239907221,-0.3904912847325628,1.2952370491768512,-0.22654074517991973
-0.5169846142080252,0.2433659066486196,0.7609873623422009,1.3085592512632087,-0.8292968465860492,0.06592770706939767,0.06592770706939752,1.4523534862078857,-0.5019124239907221,0.689385848355018,2.2182479686326775,0.4578170015537556
-0.016208166283278792,1.1470759117203388,1.91193058985722,-1.0052972722075701,0.6552828928429781,-1.2645053004571831,-1.2645053004571831,1.5911627113265299,3.9907302522898678,1.409303937080072,1.6029073556621267,0.7999958749205932
-0.8508355794911895,0.929557523531164,1.3854529518741594,0.2379689195080722,-1.4627175354091007,-1.2645053004571831,-1.2645053004571831,1.0359258108519531,-0.5019124239907221,1.409303937080072,0.06455582323574982,1.142174748287431
-0.7673728381703985,0.4640801572905278,0.6646602235314201,-0.7290158962707608,0.7493062763401499,-1.2645053004571831,-1.2645053004571831,1.4523534862078857,-0.5019124239907221,1.049344892717545,2.2182479686326775,0.11563812818691793
-0.266596390245652,0.39876471841278666,1.0300390259171404,0.20343374751597101,1.6499513182604264,0.06592770706939767,0.06592770706939752,0.7583073606146646,0.6212482450794252,1.049344892717545,-0.24311448324952553,1.142174748287431
0.4011055403206766,0.2506364937285883,0.9386943253207104,-0.8326214122470643,-0.3492827308373303,0.06592770706939767,0.06592770706939752,0.341879685258732,-0.5019124239907221,-0.3904912847325628,0.6798964362063006,0.4578170015537556
-0.8508355794911895,-0.46244031603757674,-0.8533226191074363,-1.696000712049594,0.5810539058715267,0.06592770706939767,0.06592770706939752,-0.9074033408090657,-0.5019124239907221,-0.7504503290950897,-0.8584550962200763,-0.5687196185467573
0.818419246924632,-0.5356655144858333,-0.8416969299406181,1.2740240792711075,-1.3340539579919184,0.06592770706939767,0.06592770706939752,-0.7685941156904216,-0.5019124239907221,-0.3904912847325628,-1.1661254027053516,-0.22654074517991973
-1.0177610621327717,-0.6677345303450458,-0.8965037502984761,-1.4197193361127844,-0.4185631186773516,0.06592770706939767,0.06592770706939752,-0.9074033408090657,-0.5019124239907221,-0.3904912847325628,-0.8584550962200763,-0.9108984919135951
0.15071731635830335,1.0749293168498797,-0.06941900671625449,-0.556340036310255,-1.42312874235766,1.3963607145959784,1.3963607145959784,0.6194981354960204,-0.5019124239907221,1.409303937080072,0.6798964362063006,-0.5687196185467573
-1.6020002513783091,1.0405338472023353,1.3638623862786396,-1.2470434761522784,-0.5422780969631039,-1.2645053004571831,-1.2645053004571831,1.0359258108519531,-0.5019124239907221,0.689385848355018,1.2952370491768512,0.4578170015537556
-0.7673728381703985,-0.823412980073827,-0.8632874955361378,-1.2815786481443796,0.3039323545114417,0.06592770706939767,0.06592770706939752,-1.04621256592771,1.7444089141495727,-0.7504503290950897,-1.1661254027053516,-0.5687196185467573
1.4026584361701695,0.9143771768806799,0.3773396198371945,1.4812351112237145,-1.5616895180377026,-1.2645053004571831,-1.2645053004571831,0.7583073606146646,-0.5019124239907221,-0.7504503290950897,-0.24311448324952553,2.853069115121619
1.1522702122077961,-0.14029738080203866,-0.6042007083898998,1.4121647672395123,0.36826414322003287,0.06592770706939767,0.06592770706939752,-0.49097566545313315,-0.5019124239907221,-0.3904912847325628,-0.5507847897348009,-0.22654074517991973
-0.6839100968496074,0.9087045210270779,2.097941616526314,-1.4197193361127844,1.4965447451860936,-1.2645053004571831,-1.2645053004571831,0.48068891037737627,-0.5019124239907221,-0.3904912847325628,0.3722261297210252,1.142174748287431
-1.518537510057518,0.6068952606470567,1.259231183777274,-1.4887896800969866,1.5262363399746741,-1.2645053004571831,-1.2645053004571831,2.146399611801107,-0.5019124239907221,2.489181070167653,1.910577662147402,0.7999958749205932
0.3176427989998855,-0.2136024758116136,-0.7021886599387975,1.4466999392316133,-0.2602079464715887,0.06592770706939767,0.06592770706939752,-0.7685941156904216,-0.5019124239907221,-0.7504503290950897,-0.5507847897348009,-0.5687196185467573
1.0688074708870052,0.3922930969460013,-0.2587516588615823,0.09982823153966747,0.2247547684085602,0.06592770706939767,0.06592770706939752,0.20307046014008784,-0.5019124239907221,0.689385848355018,0.3722261297210252,-0.5687196185467573
-0.8508355794911895,0.7919756449409863,0.25277866447842623,-1.5923951960732903,0.03670800141421677,0.06592770706939767,0.06592770706939752,0.8971165857333089,-0.5019124239907221,0.3294268039924911,1.910577662147402,-0.22654074517991973
1.4861211774909606,1.0666600227534317,1.4967274053279924,0.27250409150017335,-0.7649650578774579,-1.2645053004571831,-1.2645053004571831,0.8971165857333089,-0.5019124239907221,1.409303937080072,0.06455582323574982,0.7999958749205932
0.3176427989998855,-0.3802267544410071,0.08005413971426749,-1.3851841641206832,0.38310994061432313,1.3963607145959784,1.3963607145959784,0.6194981354960204,0.6212482450794252,1.049344892717545,0.3722261297210252,0.11563812818691793
-0.266596390245652,-0.7436762118781259,-0.8715915592267224,-0.9362269282233678,0.43754453106005414,1.3963607145959784,1.3963607145959784,-0.9074033408090657,-0.5019124239907221,-0.7504503290950897,-0.5507847897348009,-0.9108984919135951
0.9853447295662141,-1.8137708058952835,-0.7785860458921754,0.9286723593500957,1.0610680216202455,0.06592770706939767,0.06592770706939752,-1.6014494664022867,-0.5019124239907221,-1.4703684178201437,-1.473795709190627,-0.9108984919135951
1.3191956948493784,-0.4308811743168333,-0.9795443872043216,1.2740240792711075,0.6255912980543976,1.3963607145959784,1.3963607145959784,-1.3238310161649984,-0.5019124239907221,-1.1104093734576166,-1.1661254027053516,-0.9108984919135951
0.3176427989998855,-0.4585253845329782,-0.8516618063693194,0.5142502954448817,-0.2503107482087285,0.06592770706939767,0.06592770706939752,-0.9074033408090657,-0.5019124239907221,-0.7504503290950897,-0.8584550962200763,-0.5687196185467573
0.901881988245423,0.8793425347425887,0.9171037597251905,1.4121647672395123,-0.9876520187918121,-1.2645053004571831,-1.2645053004571831,0.6194981354960204,-0.5019124239907221,-0.7504503290950897,-0.5507847897348009,2.853069115121619
1.1522702122077961,-0.044501403781351596,-0.934702443275165,1.0322778753263993,-0.7946566526660385,1.3963607145959784,1.3963607145959784,-1.185021791046354,-0.5019124239907221,-1.1104093734576166,-0.8584550962200763,-0.9108984919135951
-0.18313364892486095,0.7997655596695242,1.5266220346140968,-0.7290158962707608,-0.3146425369173197,0.06592770706939767,0.06592770706939752,1.0359258108519531,-0.5019124239907221,0.689385848355018,-0.24311448324952553,2.1687113683879438
-0.43352187288723415,0.7681265213874624,1.036682276869608,1.2740240792711075,-1.3291053588604884,-1.2645053004571831,-1.2645053004571831,0.7583073606146646,-0.5019124239907221,-0.03053224037003586,1.2952370491768512,0.4578170015537556
-0.6004473555288163,-0.6373738370440775,-0.9579538216088017,-0.24552348838134433,-1.373642751043359,1.3963607145959784,1.3963607145959784,-1.185021791046354,-0.5019124239907221,-1.1104093734576166,-0.8584550962200763,-0.9108984919135951
-0.09967090760406987,-1.2644020502703928,-0.9645970725612694,-0.3491290043576479,-1.5072549275919715,0.06592770706939767,0.06592770706939752,-1.185021791046354,-0.5019124239907221,-1.1104093734576166,-1.1661254027053516,-0.5687196185467573
-0.266596390245652,-0.8697130373578038,-0.9662578852993863,-1.4197193361127844,-1.2449791736261768,0.06592770706939767,0.06592770706939752,-1.3238310161649984,-0.5019124239907221,-1.1104093734576166,-1.1661254027053516,-0.9108984919135951
-0.266596390245652,-0.8248511181775572,-0.9430065069657496,-0.31459383236554667,0.11093698838566814,0.06592770706939767,0.06592770706939752,-1.185021791046354,-0.5019124239907221,-1.1104093734576166,-0.8584550962200763,-0.9108984919135951
-1.4350747687367271,-1.270873671737178,-0.9114510649415283,-1.5233248520890879,1.2590119868774492,0.06592770706939767,0.06592770706939752,-1.04621256592771,-0.5019124239907221,-0.7504503290950897,-0.8584550962200763,-0.9108984919135951
0.7349565056038408,-1.4019439805799112,-0.9280591923226974,1.6193757991921194,-1.0866240014204138,1.3963607145959784,1.3963607145959784,-0.7685941156904216,-0.5019124239907221,-0.3904912847325628,-0.5507847897348009,-0.9108984919135951
0.06725457503751228,-0.3864586862238375,0.3441233650748563,-0.7290158962707608,0.9373530433344933,0.06592770706939767,0.06592770706939752,0.7583073606146646,1.7444089141495727,0.689385848355018,-0.5507847897348009,1.8265324950211062
-0.7673728381703985,-0.3377617321003106,0.03853382126134471,-0.9362269282233678,-1.5963297119577131,0.06592770706939767,0.06592770706939752,0.48068891037737627,0.6212482450794252,1.049344892717545,0.6798964362063006,-0.5687196185467573
-0.6004473555288163,-0.4577264189197948,-0.3799909887441168,-0.6599455522865585,1.5113905425803837,0.06592770706939767,0.06592770706939752,0.06426123502144365,-0.5019124239907221,1.049344892717545,-0.24311448324952553,-0.5687196185467573
1.986897625415707,0.4238122903860856,1.6711127428302681,-0.14191797240504078,0.8730212546259021,-1.2645053004571831,-1.2645053004571831,0.06426123502144365,-0.5019124239907221,-0.3904912847325628,-0.5507847897348009,1.142174748287431
0.9853447295662141,1.1896208306223537,0.2046150950730358,0.30703926349227456,1.2144745946945783,-1.2645053004571831,-1.2645053004571831,0.48068891037737627,3.9907302522898678,0.3294268039924911,0.3722261297210252,0.4578170015537556
1.5695839188117515,-1.4151668614780961,-0.9230767541083467,-0.0037772844366360664,-0.042469584688664686,-1.2645053004571831,-1.2645053004571831,-1.04621256592771,0.6212482450794252,-0.7504503290950897,-0.8584550962200763,-0.9108984919135951
-0.7673728381703985,-0.03878879964709044,-0.5576979517226263,-0.4181993483418502,-0.547226696094534,1.3963607145959784,1.3963607145959784,-0.21335721521584475,-0.5019124239907221,-0.3904912847325628,-0.24311448324952553,0.11563812818691793
0.6514937642830498,-0.2282634948135286,-0.712153536367499,0.7214613273974887,0.47713332411149484,0.06592770706939767,0.06592770706939752,-0.7685941156904216,-0.5019124239907221,-1.1104093734576166,-0.24311448324952553,-0.5687196185467573
0.5680310229622587,-0.28183413917747413,-0.48296137850736526,-0.556340036310255,0.8482782589687516,-1.2645053004571831,-1.2645053004571831,-0.07454799009720055,0.6212482450794252,-0.03053224037003586,0.3722261297210252,-0.5687196185467573
1.2357329535285873,0.7263805680986309,0.2677259791214784,1.6884461431763216,-1.744787685900616,0.06592770706939767,0.06592770706939752,1.0359258108519531,-0.5019124239907221,2.129222025805126,0.3722261297210252,0.11563812818691793
0.3176427989998855,0.31651120853555786,0.7726130515090193,-1.1089027881838738,1.2887035816660297,0.06592770706939767,0.06592770706939752,1.4523534862078857,-0.5019124239907221,2.489181070167653,0.6798964362063006,0.4578170015537556
-0.3500591315664431,0.866399291809018,1.617966735210527,0.16889857552386983,0.645385694580118,-1.2645053004571831,-1.2645053004571831,1.4523534862078857,-0.5019124239907221,0.689385848355018,1.910577662147402,0.7999958749205932
0.06725457503751228,-1.3146569873396272,-0.9064686267271775,-0.3491290043576479,-0.7748622561403181,0.06592770706939767,0.06592770706939752,-0.7685941156904216,-0.5019124239907221,-0.03053224037003586,-0.8584550962200763,-0.9108984919135951
-0.09967090760406987,0.3848627167433959,-0.054471692073202294,1.1013482193106017,-0.769913657008888,0.06592770706939767,0.06592770706939752,0.6194981354960204,-0.5019124239907221,-0.03053224037003586,0.987566742691576,0.4578170015537556
1.0688074708870052,-0.2098872857103109,-0.9380240687513989,0.7559964993895899,0.5266193154257958,1.3963607145959784,1.3963607145959784,-1.185021791046354,-0.5019124239907221,-1.1104093734576166,-0.8584550962200763,-0.9108984919135951
1.4861211774909606,-0.6950991025965765,-0.7237792255343174,0.44517995146067924,0.8532268581001817,1.3963607145959784,1.3963607145959784,-0.7685941156904216,-0.5019124239907221,-0.7504503290950897,-0.5507847897348009,-0.5687196185467573
2.070360366736498,1.2175446788031128,0.9320510743682427,-1.4197193361127844,-0.5818668900145446,-1.2645053004571831,-1.2645053004571831,2.0075903866824625,-0.5019124239907221,0.689385848355018,2.2182479686326775,1.8265324950211062
0.901881988245423,-0.16162976267403484,1.5282828473522136,0.9286723593500957,0.47218472498006475,-1.2645053004571831,-1.2645053004571831,1.3135442610892414,3.9907302522898678,-0.7504503290950897,1.910577662147402,1.8265324950211062
-0.6004473555288163,-0.10214677277253234,-0.24546515695664703,0.583320639429084,-0.5769182908831145,1.3963607145959784,1.3963607145959784,0.341879685258732,-0.5019124239907221,1.049344892717545,0.3722261297210252,-0.5687196185467573
-0.18313364892486095,0.1842424512730496,-0.9014861885128268,1.170418563294804,-1.2647735701518972,0.06592770706939767,0.06592770706939752,-1.04621256592771,-0.5019124239907221,-1.1104093734576166,-0.8584550962200763,-0.5687196185467573
0.9853447295662141,0.1210043229895852,-0.3334882320768433,-0.7290158962707608,-0.5076379030430932,0.06592770706939767,0.06592770706939752,0.06426123502144365,-0.5019124239907221,-0.3904912847325628,0.06455582323574982,0.4578170015537556
-0.266596390245652,0.29673680960926924,0.6995372910318752,1.3085592512632087,0.5464137119515161,1.3963607145959784,1.3963607145959784,0.06426123502144365,0.6212482450794252,-0.3904912847325628,0.6798964362063006,-0.22654074517991973
-0.266596390245652,0.8095928367116798,1.448563835922602,-0.21098831638924315,0.47218472498006475,0.06592770706939767,0.06592770706939752,1.0359258108519531,-0.5019124239907221,0.3294268039924911,0.06455582323574982,2.1687113683879438
-1.0177610621327717,-1.013327106327516,-0.8865388738697746,-1.696000712049594,-0.48289490738594276,-1.2645053004571831,-1.2645053004571831,-1.185021791046354,-0.5019124239907221,-1.1104093734576166,-1.1661254027053516,-0.5687196185467573
-0.266596390245652,-1.2335619776015143,-0.9263983795845805,-1.6614655400574927,0.4029043371400435,0.06592770706939767,0.06592770706939752,-1.04621256592771,0.6212482450794252,-0.7504503290950897,-0.8584550962200763,-0.9108984919135951
-0.5169846142080252,0.8361983916306862,0.19963265685868506,-1.6614655400574927,-1.6062269102205733,-1.2645053004571831,-1.2645053004571831,0.341879685258732,-0.5019124239907221,0.3294268039924911,0.06455582323574982,0.4578170015537556
1.1522702122077961,0.020454500570457057,0.42218156376635113,0.790531671381691,0.7740492719973003,0.06592770706939767,0.06592770706939752,1.1747350359705973,-0.5019124239907221,0.3294268039924911,0.987566742691576,1.4843536216542685
-1.4350747687367271,1.5812338259241865,1.4801192779468233,0.790531671381691,-0.6709416743802862,-1.2645053004571831,-1.2645053004571831,1.3135442610892414,-0.5019124239907221,0.3294268039924911,1.910577662147402,0.7999958749205932
-0.09967090760406987,0.5484908743233518,-0.18401508564632132,-1.2815786481443796,-1.5122035267234017,0.06592770706939767,0.06592770706939752,0.48068891037737627,-0.5019124239907221,0.3294268039924911,0.3722261297210252,0.4578170015537556
-0.6004473555288163,-0.8575288117567573,-0.9729011362518539,1.3776295952474111,-1.210338979706166,1.3963607145959784,1.3963607145959784,-1.3238310161649984,-0.5019124239907221,-1.1104093734576166,-1.1661254027053516,-0.9108984919135951
1.2357329535285873,-1.1877013514047883,-0.059454130287553024,0.6178558114211852,1.130348409460267,-1.2645053004571831,-1.2645053004571831,0.48068891037737627,-0.5019124239907221,2.129222025805126,-0.5507847897348009,-0.22654074517991973
-0.266596390245652,0.537185510896807,0.2710476045977122,0.16889857552386983,-1.2944651649404777,0.06592770706939767,0.06592770706939752,1.0359258108519531,-0.5019124239907221,1.7692629814425989,0.987566742691576,-0.22654074517991973
-0.7673728381703985,-1.0559918700715085,-0.9147726904177621,-0.5218048643181538,-0.2602079464715887,0.06592770706939767,0.06592770706939752,-1.04621256592771,-0.5019124239907221,-0.7504503290950897,-0.8584550962200763,-0.9108984919135951
-0.9342983208119806,0.9657107175277119,1.9966320395011825,-1.1779731321680762,0.3286753501685921,-1.2645053004571831,-1.2645053004571831,0.6194981354960204,2.86756958321972,0.3294268039924911,0.6798964362063006,0.4578170015537556
-0.266596390245652,-1.2054383880174593,-0.9147726904177621,-0.21098831638924315,-0.1414415673172665,0.06592770706939767,0.06592770706939752,-1.04621256592771,-0.5019124239907221,-0.7504503290950897,-0.8584550962200763,-0.9108984919135951
0.6514937642830498,0.19386998691190932,-0.047828441120734644,-1.696000712049594,-1.6804558971920247,-1.2645053004571831,-1.2645053004571831,0.6194981354960204,1.7444089141495727,1.049344892717545,0.3722261297210252,0.11563812818691793
0.48456828164146765,-1.1912168001027952,-0.7370657274392526,0.8596020153658934,0.41280153540290365,-1.2645053004571831,-1.2645053004571831,-0.7685941156904216,-0.5019124239907221,-0.3904912847325628,-1.1661254027053516,-0.22654074517991973
0.818419246924632,1.4194832375352116,2.2440931374806024,0.4106447794685781,0.24454916493428058,0.06592770706939767,0.06592770706939752,0.8971165857333089,5.1138909213600146,0.3294268039924911,-0.5507847897348009,2.5108902417547814
0.818419246924632,1.0432503302871587,1.6113234842580593,0.06529305954756628,0.4226987336657639,0.06592770706939767,0.06592770706939752,1.4523534862078857,-0.5019124239907221,2.129222025805126,1.6029073556621267,-0.22654074517991973
1.2357329535285873,1.6445119024883101,1.6777559937827358,1.6539109711842206,0.31877815190573194,2.7267937221225593,2.726793722122559,0.20307046014008784,1.7444089141495727,-0.3904912847325628,0.3722261297210252,0.4578170015537556
0.5680310229622587,-0.5744153467252272,-0.9463281324419834,0.8941371873579945,0.8878670520201924,2.7267937221225593,2.726793722122559,-1.185021791046354,-0.5019124239907221,-1.1104093734576166,-0.8584550962200763,-0.9108984919135951
0.901881988245423,1.148793687788683,1.4552070868750697,1.170418563294804,0.2989837553800116,0.06592770706939767,0.06592770706939752,1.1747350359705973,-0.5019124239907221,1.409303937080072,-0.5507847897348009,2.1687113683879438
-1.2681492860951449,-1.4265121731853,-0.9695795107756201,-0.9016917562312667,-1.155904389260435,0.06592770706939767,0.06592770706939752,-1.185021791046354,-0.5019124239907221,-1.1104093734576166,-0.8584550962200763,-0.9108984919135951
-0.6004473555288163,0.1267968236851647,-0.9014861885128268,0.5487854674369828,-0.6659930752488561,1.3963607145959784,1.3963607145959784,-1.04621256592771,-0.5019124239907221,-0.7504503290950897,-0.8584550962200763,-0.9108984919135951
-1.9358512166614734,-0.137780639120511,0.12323527090530717,1.550305455207917,1.5014933443175236,-1.2645053004571831,-1.2645053004571831,0.6194981354960204,-0.5019124239907221,0.689385848355018,0.3722261297210252,0.4578170015537556
0.15071731635830335,0.17325667409177814,-0.10595688695482652,-0.24552348838134433,0.3286753501685921,1.3963607145959784,1.3963607145959784,0.6194981354960204,-0.5019124239907221,1.049344892717545,0.3722261297210252,0.11563812818691793
-0.9342983208119806,-1.0829170112357884,-0.9230767541083467,-1.350648992128582,-0.4136145195459215,0.06592770706939767,0.06592770706939752,-1.04621256592771,-0.5019124239907221,-0.7504503290950897,-0.8584550962200763,-0.9108984919135951
0.15071731635830335,-0.6710102893590977,-0.9413456942276327,1.550305455207917,0.7245632806829994,1.3963607145959784,1.3963607145959784,-1.185021791046354,-0.5019124239907221,-1.1104093734576166,-0.8584550962200763,-0.9108984919135951
1.0688074708870052,0.7651304003380247,0.7261102948417458,0.030757887555465113,0.5117735180315055,0.06592770706939767,0.06592770706939752,1.4523534862078857,-0.5019124239907221,0.689385848355018,1.910577662147402,0.7999958749205932
-0.266596390245652,-0.10961710125579692,-0.3667044868391815,-0.1073828004129396,0.37816134148289304,0.06592770706939767,0.06592770706939752,-0.07454799009720055,-0.5019124239907221,0.689385848355018,-0.24311448324952553,-0.5687196185467573
-0.9342983208119806,1.1770371222147153,1.7059898103307232,1.6884461431763216,1.4371615556089326,-1.2645053004571831,-1.2645053004571831,1.8687811615638181,-0.5019124239907221,1.049344892717545,1.910577662147402,1.4843536216542685
-0.9342983208119806,-0.25363065303210086,-0.9297200050608143,-0.24552348838134433,0.041656600545646856,0.06592770706939767,0.06592770706939752,-1.185021791046354,-0.5019124239907221,-1.1104093734576166,-0.8584550962200763,-0.9108984919135951
-0.6839100968496074,0.1753739329667141,0.25776110269277697,-0.6599455522865585,-1.254876371889037,0.06592770706939767,0.06592770706939752,0.7583073606146646,0.6212482450794252,1.049344892717545,-0.24311448324952553,1.142174748287431
1.5695839188117515,-0.7275371064918217,-0.8798956229173069,-1.3161138201364808,-0.12659576992297622,1.3963607145959784,1.3963607145959784,-0.9074033408090657,-0.5019124239907221,-0.7504503290950897,-0.8584550962200763,-0.5687196185467573
-0.43352187288723415,-0.4869286120816473,-0.524481696960288,0.4106447794685781,1.1056054138031164,0.06592770706939767,0.06592770706939752,-0.21335721521584475,-0.5019124239907221,-0.3904912847325628,0.06455582323574982,-0.22654074517991973
-1.6020002513783091,-0.7215448643929463,-0.8583050573217871,-1.2815786481443796,-1.5122035267234017,0.06592770706939767,0.06592770706939752,-0.7685941156904216,-0.5019124239907221,-0.3904912847325628,-0.5507847897348009,-0.9108984919135951
-1.0177610621327717,-1.311061642080302,-0.8898604993460084,0.9286723593500957,1.1996287973002882,0.06592770706939767,0.06592770706939752,-0.7685941156904216,-0.5019124239907221,-0.03053224037003586,-0.8584550962200763,-0.9108984919135951
0.7349565056038408,1.209075643303369,0.7643089878184347,-1.6269303680653915,-0.08205837774010541,-1.2645053004571831,-1.2645053004571831,0.48068891037737627,-0.5019124239907221,-0.3904912847325628,0.3722261297210252,1.142174748287431
-0.09967090760406987,1.1571828267271085,2.330455399862682,-0.21098831638924315,-0.9233202300832208,-1.2645053004571831,-1.2645053004571831,0.7583073606146646,3.9907302522898678,0.3294268039924911,0.3722261297210252,1.142174748287431
-1.8523884753406823,0.374715853455967,1.2276757417530528,-0.763551068262862,1.407469960820352,-1.2645053004571831,-1.2645053004571831,0.6194981354960204,-0.5019124239907221,-0.3904912847325628,0.6798964362063006,1.142174748287431
1.0688074708870052,0.12168344376079109,0.26274354090712765,0.37610960747647687,0.9818904355173641,0.06592770706939767,0.06592770706939752,1.0359258108519531,-0.5019124239907221,1.049344892717545,0.6798964362063006,0.7999958749205932
0.48456828164146765,-0.09020223685544083,-0.6822589070813946,1.0322778753263993,-0.5175351013059534,0.06592770706939767,0.06592770706939752,-0.49097566545313315,-0.5019124239907221,-0.3904912847325628,-0.24311448324952553,-0.5687196185467573
-0.9342983208119806,-1.4847168181057093,-0.9180943158939959,1.6193757991921194,0.3039323545114417,1.3963607145959784,1.3963607145959784,-0.7685941156904216,-0.5019124239907221,-0.3904912847325628,-0.8584550962200763,-0.5687196185467573
-0.43352187288723415,-0.12272013731200433,-0.394938303387169,-1.1089027881838738,0.13567998404281859,0.06592770706939767,0.06592770706939752,-0.21335721521584475,-0.5019124239907221,0.3294268039924911,-0.8584550962200763,0.11563812818691793
1.2357329535285873,0.522764181578847,-0.1026352614785927,-1.696000712049594,-0.9134230318203607,0.06592770706939767,0.06592770706939752,0.6194981354960204,-0.5019124239907221,0.689385848355018,0.987566742691576,-0.22654074517991973
0.9853447295662141,1.2028037632398794,2.0713686127164435,-0.38366417634974903,1.2194231938260085,-1.2645053004571831,-1.2645053004571831,1.5911627113265299,1.7444089141495727,1.049344892717545,1.2952370491768512,1.4843536216542685
0.23418005767909442,-0.8546924838299563,-0.9479889451801004,-0.21098831638924315,-1.581483914563423,1.3963607145959784,1.3963607145959784,-1.185021791046354,0.6212482450794252,-1.1104093734576166,-1.1661254027053516,-0.5687196185467573
-0.43352187288723415,-0.23425573691240392,-0.26539490981404995,-1.6614655400574927,-1.2350819753633167,0.06592770706939767,0.06592770706939752,0.341879685258732,2.86756958321972,1.049344892717545,0.3722261297210252,-0.5687196185467573
-0.8508355794911895,0.32901502038187774,0.9536416399637626,-0.8326214122470643,0.49692772063721524,0.06592770706939767,0.06592770706939752,1.5911627113265299,-0.5019124239907221,2.129222025805126,1.910577662147402,-0.22654074517991973
-0.3500591315664431,-0.5457724294926031,-0.9380240687513989,-1.6269303680653915,-1.1707501866547254,0.06592770706939767,0.06592770706939752,-1.185021791046354,-0.5019124239907221,-1.1104093734576166,-0.8584550962200763,-0.9108984919135951
-1.351612027415936,0.12459966824891042,0.20129346959680197,0.583320639429084,0.6998202850258489,1.3963607145959784,1.3963607145959784,0.8971165857333089,-0.5019124239907221,0.689385848355018,1.6029073556621267,-0.22654074517991973
0.23418005767909442,-0.5784501230718033,-0.9396848814895158,-0.0037772844366360664,1.3827269651632015,1.3963607145959784,1.3963607145959784,-1.185021791046354,-0.5019124239907221,-1.1104093734576166,-0.8584550962200763,-0.9108984919135951
-1.6854629926991003,1.3371498310966645,0.757665736865967,-1.5233248520890879,0.3286753501685921,-1.2645053004571831,-1.2645053004571831,1.729971936445174,0.6212482450794252,0.689385848355018,1.2952370491768512,2.1687113683879438
-0.016208166283278792,-1.1588986410495277,-0.9396848814895158,0.7559964993895899,-0.9876520187918121,0.06592770706939767,0.06592770706939752,-1.04621256592771,-0.5019124239907221,-0.7504503290950897,-0.8584550962200763,-0.9108984919135951
-0.016208166283278792,-0.30504409024045126,-0.5211600714840542,-0.48726969232605255,-1.0866240014204138,1.3963607145959784,1.3963607145959784,-0.21335721521584475,-0.5019124239907221,0.689385848355018,-0.5507847897348009,-0.5687196185467573
-1.518537510057518,-1.7872051992569362,-0.9812051999424385,1.550305455207917,0.9027128494144827,-1.2645053004571831,-1.2645053004571831,-1.3238310161649984,-0.5019124239907221,-1.4703684178201437,-0.8584550962200763,-0.9108984919135951
-1.6854629926991003,-0.541497963462072,-0.4397802473163256,1.0668130473185005,1.3827269651632015,0.06592770706939767,0.06592770706939752,-0.21335721521584475,-0.5019124239907221,-0.03053224037003586,0.06455582323574982,-0.5687196185467573
-0.5169846142080252,-0.10881813564261354,-0.3932774906490521,0.4106447794685781,-0.7897080535346084,0.06592770706939767,0.06592770706939752,-0.21335721521584475,-0.5019124239907221,0.689385848355018,-0.5507847897348009,-0.5687196185467573
-0.3500591315664431,0.22642783564913196,-0.34013148302931095,-0.6944807242786596,0.14557718230567876,0.06592770706939767,0.06592770706939752,0.20307046014008784,-0.5019124239907221,-0.03053224037003586,0.6798964362063006,-0.22654074517991973
0.23418005767909442,-0.35082481987585884,-0.35341798493424625,-1.696000712049594,0.5266193154257958,0.06592770706939767,0.06592770706939752,0.20307046014008784,-0.5019124239907221,0.3294268039924911,0.6798964362063006,-0.5687196185467573
-1.4350747687367271,-1.308425055556797,-0.989509263633023,1.0668130473185005,-0.3740257264944808,1.3963607145959784,1.3963607145959784,-1.3238310161649984,-0.5019124239907221,-1.1104093734576166,-1.1661254027053516,-0.9108984919135951
-0.7673728381703985,0.03731267500862634,-0.19896240028937354,0.16889857552386983,0.32372675103716203,0.06592770706939767,0.06592770706939752,0.06426123502144365,-0.5019124239907221,-0.7504503290950897,0.6798964362063006,0.11563812818691793
-0.8508355794911895,-0.8665970714663886,-0.8915213120841253,0.7559964993895899,1.3183951764546102,0.06592770706939767,0.06592770706939752,-1.04621256592771,-0.5019124239907221,-0.7504503290950897,-0.8584550962200763,-0.9108984919135951
-1.1846865447743538,0.7144759804621986,1.8621062077137127,-0.763551068262862,-0.39382012302020114,-1.2645053004571831,-1.2645053004571831,0.48068891037737627,1.7444089141495727,0.3294268039924911,-0.5507847897348009,1.4843536216542685
0.818419246924632,0.4079528229643955,0.646391283412134,0.4106447794685781,-0.8886800361632102,0.06592770706939767,0.06592770706939752,0.20307046014008784,0.6212482450794252,0.3294268039924911,-0.5507847897348009,0.7999958749205932
-0.6004473555288163,-1.220938320913217,-0.9313808177989312,0.20343374751597101,-1.6606615006663044,0.06592770706939767,0.06592770706939752,-0.7685941156904216,-0.5019124239907221,-0.03053224037003586,-0.8584550962200763,-0.9108984919135951
-1.0177610621327717,-0.39320994565523704,-0.7038494726769144,-0.48726969232605255,-1.3241567597290582,1.3963607145959784,1.3963607145959784,-0.6297848905717773,-0.5019124239907221,-0.3904912847325628,-0.5507847897348009,-0.5687196185467573
-0.7673728381703985,0.363849921116673,0.6364264069834326,-0.5218048643181538,-0.4334089160716419,0.06592770706939767,0.06592770706939752,1.3135442610892414,-0.5019124239907221,0.3294268039924911,1.2952370491768512,1.4843536216542685
1.3191956948493784,1.141483152428055,1.7790655708078673,1.5848406272000182,-0.33938553257447013,-1.2645053004571831,-1.2645053004571831,0.6194981354960204,2.86756958321972,-0.03053224037003586,-0.24311448324952553,1.8265324950211062
-0.18313364892486095,-0.3756327021652027,-0.01793381183463025,0.5142502954448817,0.05155379880850704,1.3963607145959784,1.3963607145959784,0.48068891037737627,-0.5019124239907221,0.689385848355018,-0.5507847897348009,1.142174748287431
-1.1846865447743538,-0.49200204372536177,-0.7470306038679541,-0.6599455522865585,0.7245632806829994,0.06592770706939767,0.06592770706939752,-0.7685941156904216,-0.5019124239907221,-0.3904912847325628,-0.5507847897348009,-0.9108984919135951
1.0688074708870052,1.365672903487311,1.0300390259171404,-1.2815786481443796,-1.3291053588604884,-1.2645053004571831,-1.2645053004571831,2.0075903866824625,-0.5019124239907221,0.689385848355018,1.910577662147402,2.1687113683879438
-0.7673728381703985,-1.4030225841577089,-0.7935333605352276,1.6193757991921194,0.8631240563630419,0.06592770706939767,0.06592770706939752,-0.7685941156904216,-0.5019124239907221,-0.3904912847325628,-0.8584550962200763,-0.5687196185467573
-0.266596390245652,-1.0976179785183624,-0.8632874955361378,-1.143437960175975,-1.0618810057632635,0.06592770706939767,0.06592770706939752,-0.9074033408090657,1.7444089141495727,-0.3904912847325628,-1.1661254027053516,-0.5687196185467573
-0.5169846142080252,-0.6567887014444336,-0.8931821248222422,-1.143437960175975,1.3233437755860404,0.06592770706939767,0.06592770706939752,-1.04621256592771,-0.5019124239907221,-0.7504503290950897,-0.8584550962200763,-0.9108984919135951
-0.5169846142080252,-0.6236316284973233,-0.9795443872043216,0.9977427033342982,-0.06226398121438505,1.3963607145959784,1.3963607145959784,-1.3238310161649984,-0.5019124239907221,-1.4703684178201437,-0.8584550962200763,-0.9108984919135951
-1.0177610621327717,-0.045020731429920795,-0.9147726904177621,1.170418563294804,-1.700250293717745,1.3963607145959784,1.3963607145959784,-1.04621256592771,-0.5019124239907221,-0.7504503290950897,-0.8584550962200763,-0.9108984919135951
-0.266596390245652,1.382970509012731,2.5048407373649573,1.6193757991921194,1.4915961460546634,-1.2645053004571831,-1.2645053004571831,1.1747350359705973,0.6212482450794252,0.3294268039924911,1.2952370491768512,1.142174748287431
-0.09967090760406987,1.191817986058608,2.3454027145057337,0.6178558114211852,0.041656600545646856,-1.2645053004571831,-1.2645053004571831,0.7583073606146646,-0.5019124239907221,-0.3904912847325628,2.2182479686326775,-0.22654074517991973
1.3191956948493784,-0.2399683410466651,-0.5693236408894446,1.3085592512632087,1.1204512111974068,2.7267937221225593,2.726793722122559,-0.21335721521584475,-0.5019124239907221,0.689385848355018,-0.5507847897348009,-0.5687196185467573
0.818419246924632,-0.3992820843154307,-0.9147726904177621,-0.5218048643181538,-0.7600164587460279,1.3963607145959784,1.3963607145959784,-1.04621256592771,-0.5019124239907221,-0.7504503290950897,-0.8584550962200763,-0.9108984919135951
0.5680310229622587,-0.04166507585455061,-0.06941900671625449,-0.1073828004129396,0.49692772063721524,1.3963607145959784,1.3963607145959784,0.48068891037737627,-0.5019124239907221,1.7692629814425989,-0.24311448324952553,-0.22654074517991973
-0.7673728381703985,0.6333410224434265,1.1213837265135707,-1.4542545081048857,-0.7847594544031783,-1.2645053004571831,-1.2645053004571831,0.7583073606146646,-0.5019124239907221,-0.7504503290950897,1.2952370491768512,1.142174748287431
-0.3500591315664431,-0.8159027033099033,-0.8682699337504886,0.8250668433737922,0.7493062763401499,0.06592770706939767,0.06592770706939752,-1.04621256592771,0.6212482450794252,-0.7504503290950897,-0.8584550962200763,-0.9108984919135951
0.3176427989998855,-0.033875161126012666,-0.41985049445892264,0.16889857552386983,1.5113905425803837,1.3963607145959784,1.3963607145959784,-0.07454799009720055,-0.5019124239907221,0.3294268039924911,-0.24311448324952553,-0.22654074517991973
-1.1846865447743538,0.9744194427114107,0.6596777853170693,1.5157702832158158,-0.9282688292146509,-1.2645053004571831,-1.2645053004571831,1.5911627113265299,-0.5019124239907221,-0.3904912847325628,1.6029073556621267,2.5108902417547814
-1.8523884753406823,-1.0134868994501527,-0.9828660126805554,0.09982823153966747,-1.4528203371462405,0.06592770706939767,0.06592770706939752,-1.3238310161649984,-0.5019124239907221,-1.1104093734576166,-1.1661254027053516,-0.9108984919135951
2.153823108057289,-0.13142886249570315,0.49193569876726134,0.13436340353176865,0.7888950693915906,-1.2645053004571831,-1.2645053004571831,1.3135442610892414,1.7444089141495727,1.049344892717545,-0.24311448324952553,2.5108902417547814
-0.266596390245652,0.12072468502497102,0.8855483177009692,1.1013482193106017,1.0412736250945251,0.06592770706939767,0.06592770706939752,1.4523534862078857,-0.5019124239907221,1.409303937080072,-0.24311448324952553,2.5108902417547814
1.0688074708870052,0.47346800324543253,0.3175503612649857,-1.4197193361127844,-0.13649296818583642,0.06592770706939767,0.06592770706939752,0.8971165857333089,0.6212482450794252,0.689385848355018,-0.5507847897348009,2.1687113683879438
0.901881988245423,1.042371468112657,1.7142938740213076,1.6539109711842206,-0.9728062213975218,0.06592770706939767,0.06592770706939752,1.4523534862078857,-0.5019124239907221,2.129222025805126,0.3722261297210252,1.142174748287431
-0.43352187288723415,-0.6052554193941057,-0.34013148302931095,0.030757887555465113,-0.15628736471155677,0.06592770706939767,0.06592770706939752,0.20307046014008784,-0.5019124239907221,-0.03053224037003586,0.6798964362063006,-0.22654074517991973
-1.4350747687367271,-1.214107164920499,-0.8666091210123716,-0.38366417634974903,-0.5125865021745233,0.06592770706939767,0.06592770706939752,-0.7685941156904216,-0.5019124239907221,-0.03053224037003586,-0.8584550962200763,-0.9108984919135951
0.901881988245423,1.1617768790029128,0.535116829958301,0.4106447794685781,0.7641520737344402,-1.2645053004571831,-1.2645053004571831,0.6194981354960204,-0.5019124239907221,-0.03053224037003586,1.2952370491768512,0.11563812818691793
-0.09967090760406987,0.07586276584472434,-0.6689724051764593,-0.1073828004129396,-0.18103036036870723,0.06592770706939767,0.06592770706939752,-0.49097566545313315,-0.5019124239907221,-0.03053224037003586,-0.5507847897348009,-0.5687196185467573
0.15071731635830335,0.5827265508482595,0.4188599382901173,0.8250668433737922,-0.017726589031514233,-1.2645053004571831,-1.2645053004571831,0.341879685258732,-0.5019124239907221,-0.03053224037003586,0.06455582323574982,0.7999958749205932
-0.3500591315664431,0.19422952143784183,-0.32684498112437566,-1.0398324441996714,-0.7253762648260172,-1.2645053004571831,-1.2645053004571831,-0.07454799009720055,-0.5019124239907221,-0.3904912847325628,0.06455582323574982,0.11563812818691793
-0.016208166283278792,0.26681554739555174,-0.5377681988652233,-1.350648992128582,0.5365165136886559,2.7267937221225593,2.726793722122559,-0.21335721521584475,-0.5019124239907221,-0.03053224037003586,0.06455582323574982,-0.5687196185467573
-0.6839100968496074,1.3116628280361147,1.357219135326172,1.550305455207917,-1.3488997553862088,-1.2645053004571831,-1.2645053004571831,0.6194981354960204,-0.5019124239907221,-0.3904912847325628,1.2952370491768512,0.4578170015537556
0.6514937642830498,1.365872644890607,1.4004002665172115,-1.350648992128582,-0.661044476117426,-1.2645053004571831,-1.2645053004571831,0.7583073606146646,1.7444089141495727,1.049344892717545,0.3722261297210252,0.4578170015537556
-0.18313364892486095,-0.2618200505672305,-0.9596146343469186,-0.4181993483418502,-0.7154790665631571,0.06592770706939767,0.06592770706939752,-1.3238310161649984,-0.5019124239907221,-1.1104093734576166,-1.1661254027053516,-0.9108984919135951
-0.43352187288723415,-0.17373409171376303,-0.8948429375603592,1.550305455207917,-0.8787828379003501,0.06592770706939767,0.06592770706939752,-1.04621256592771,-0.5019124239907221,-0.7504503290950897,-0.8584550962200763,-0.9108984919135951
-1.4350747687367271,-0.25235230805100745,-0.6756156561289269,-0.9016917562312667,-1.200441781443306,-1.2645053004571831,-1.2645053004571831,-0.49097566545313315,-0.5019124239907221,-0.7504503290950897,0.06455582323574982,-0.5687196185467573
0.23418005767909442,1.0459268650913232,1.4070435174696792,0.8941371873579945,0.05650239793993713,-1.2645053004571831,-1.2645053004571831,1.1747350359705973,-0.5019124239907221,-0.3904912847325628,0.6798964362063006,2.5108902417547814
-1.9358512166614734,0.9138578492321107,1.074880969846297,-0.31459383236554667,-0.5917640882774048,-1.2645053004571831,-1.2645053004571831,0.7583073606146646,-0.5019124239907221,-0.3904912847325628,-0.24311448324952553,2.5108902417547814
0.48456828164146765,0.0015989120993293285,0.9835362692498669,-0.8671565842391655,0.8235352633116012,0.06592770706939767,0.06592770706939752,1.729971936445174,0.6212482450794252,2.129222025805126,1.2952370491768512,0.7999958749205932
-0.266596390245652,-0.6630206332272639,-0.7104927236293821,-1.3161138201364808,-0.017726589031514233,0.06592770706939767,0.06592770706939752,-0.6297848905717773,0.6212482450794252,-0.3904912847325628,-0.5507847897348009,-0.5687196185467573
-2.1027766993030554,1.729401998889044,2.29889995783846,-0.6944807242786596,1.085811017277396,-1.2645053004571831,-1.2645053004571831,0.6194981354960204,1.7444089141495727,1.049344892717545,0.3722261297210252,0.11563812818691793
1.2357329535285873,0.422733686808288,0.6148358413879128,0.06529305954756628,0.2989837553800116,-1.2645053004571831,-1.2645053004571831,0.06426123502144365,-0.5019124239907221,-0.3904912847325628,0.06455582323574982,0.4578170015537556
0.7349565056038408,0.8339213396331137,0.6563561598408355,1.2740240792711075,-0.8342454457174793,-1.2645053004571831,-1.2645053004571831,0.20307046014008784,-0.5019124239907221,-0.3904912847325628,0.3722261297210252,0.4578170015537556
-1.1012238034535626,1.275589530600885,2.1809822534321595,-1.3851841641206832,-0.13649296818583642,-1.2645053004571831,-1.2645053004571831,0.8971165857333089,2.86756958321972,1.049344892717545,0.06455582323574982,1.142174748287431
1.2357329535285873,-0.3847409101554932,-0.4248329326732734,-0.6599455522865585,-0.6412500795917057,0.06592770706939767,0.06592770706939752,-0.07454799009720055,-0.5019124239907221,-0.3904912847325628,0.3722261297210252,-0.22654074517991973
1.2357329535285873,0.8948025193576871,1.7342236268787106,0.8250668433737922,0.26434356146000093,-1.2645053004571831,-1.2645053004571831,1.5911627113265299,0.6212482450794252,0.689385848355018,0.987566742691576,2.1687113683879438
1.1522702122077961,-0.24859716966904558,-0.9297200050608143,-0.8326214122470643,-1.3686941519119291,1.3963607145959784,1.3963607145959784,-1.185021791046354,1.7444089141495727,-1.1104093734576166,-0.8584550962200763,-0.9108984919135951
-2.0193139579822645,0.8036005946128044,1.0333606513933742,0.6178558114211852,0.41775013453433374,-1.2645053004571831,-1.2645053004571831,0.7583073606146646,-0.5019124239907221,-0.7504503290950897,0.06455582323574982,2.5108902417547814
-0.016208166283278792,-0.49455873368754855,-0.8483401808930856,0.6178558114211852,0.8284838624430313,0.06592770706939767,0.06592770706939752,-0.9074033408090657,0.6212482450794252,-0.7504503290950897,-0.5507847897348009,-0.9108984919135951
1.7365094014533338,-0.7098400181598098,-0.9031470012509437,0.30703926349227456,-1.472614733671961,1.3963607145959784,1.3963607145959784,-0.9074033408090657,-0.5019124239907221,-1.1104093734576166,-0.5507847897348009,-0.5687196185467573
-1.4350747687367271,1.2302082837720691,1.9185738408096877,1.1358833913027029,-1.5418951215119823,0.06592770706939767,0.06592770706939752,1.729971936445174,0.6212482450794252,2.489181070167653,1.2952370491768512,0.4578170015537556
-0.8508355794911895,-1.1120393078363224,-0.23051784231359485,1.6884461431763216,1.5509793356318247,-1.2645053004571831,-1.2645053004571831,0.06426123502144365,-0.5019124239907221,0.689385848355018,0.06455582323574982,-0.5687196185467573
-0.7673728381703985,1.0124901541795988,0.9021564450821383,1.5157702832158158,-1.0618810057632635,-1.2645053004571831,-1.2645053004571831,0.7583073606146646,0.6212482450794252,-0.03053224037003586,0.987566742691576,0.7999958749205932
-1.1012238034535626,0.87398946513426,2.401870347601709,0.13436340353176865,-0.8540398422431996,-1.2645053004571831,-1.2645053004571831,0.7583073606146646,0.6212482450794252,-0.03053224037003586,1.2952370491768512,0.4578170015537556
-2.0193139579822645,0.881060310810933,0.8656185648435663,0.583320639429084,-1.472614733671961,-1.2645053004571831,-1.2645053004571831,0.341879685258732,-0.5019124239907221,0.3294268039924911,0.06455582323574982,0.4578170015537556
-0.6004473555288163,0.6455252480444731,1.3455934461593535,-1.4887896800969866,-0.6412500795917057,0.06592770706939767,0.06592770706939752,1.0359258108519531,-0.5019124239907221,0.689385848355018,-0.24311448324952553,2.1687113683879438
-0.43352187288723415,1.0943441812502357,0.8423671865099296,-0.24552348838134433,-1.3439511562547786,-1.2645053004571831,-1.2645053004571831,0.8971165857333089,-0.5019124239907221,0.689385848355018,0.987566742691576,0.4578170015537556
-1.6854629926991003,-0.24492192784840203,-0.7985157987495783,0.9977427033342982,-1.0618810057632635,0.06592770706939767,0.06592770706939752,-0.9074033408090657,-0.5019124239907221,-1.1104093734576166,-0.5507847897348009,-0.5687196185467573
1.4861211774909606,0.5078235246123178,0.5982277140067437,-0.6944807242786596,1.6450027191289962,0.06592770706939767,0.06592770706939752,1.4523534862078857,0.6212482450794252,2.489181070167653,1.2952370491768512,-0.22654074517991973
-1.6854629926991003,-1.0704131993894686,-0.9529713833944511,1.1358833913027029,0.9917876337802243,0.06592770706939767,0.06592770706939752,-1.185021791046354,-0.5019124239907221,-1.1104093734576166,-0.8584550962200763,-0.9108984919135951
1.4026584361701695,0.9143771768806799,0.3773396198371945,1.4812351112237145,-1.5616895180377026,-1.2645053004571831,-1.2645053004571831,0.7583073606146646,-0.5019124239907221,-0.7504503290950897,-0.24311448324952553,2.853069115121619
-0.18313364892486095,-0.7728384567593192,-0.9297200050608143,0.9977427033342982,-1.5765353154319928,0.06592770706939767,0.06592770706939752,-0.9074033408090657,-0.5019124239907221,-0.3904912847325628,-0.8584550962200763,-0.9108984919135951
-0.18313364892486095,0.7813094540049882,0.5882628375780422,0.16889857552386983,-0.5224837004373835,-1.2645053004571831,-1.2645053004571831,0.48068891037737627,-0.5019124239907221,1.7692629814425989,-0.5507847897348009,0.11563812818691793
-0.09967090760406987,0.6111297783969286,2.0315091070016376,-0.14191797240504078,0.24454916493428058,0.06592770706939767,0.06592770706939752,2.0075903866824625,0.6212482450794252,2.489181070167653,1.6029073556621267,0.7999958749205932
-0.18313364892486095,0.11988577113112849,0.28765573197888133,0.3415744354843757,-0.017726589031514233,0.06592770706939767,0.06592770706939752,1.4523534862078857,-0.5019124239907221,1.049344892717545,1.6029073556621267,0.7999958749205932
-0.5169846142080252,0.33221088283461125,0.3408017395986225,-1.4197193361127844,-0.1463901664486966,0.06592770706939767,0.06592770706939752,1.1747350359705973,-0.5019124239907221,1.409303937080072,0.987566742691576,0.4578170015537556
1.4026584361701695,0.5030696792138767,0.853992875676748,0.06529305954756628,0.15052578143710885,1.3963607145959784,1.3963607145959784,0.20307046014008784,-0.5019124239907221,0.689385848355018,-0.24311448324952553,0.11563812818691793
0.5680310229622587,0.15296294751692033,0.19797184412056815,0.06529305954756628,-0.04741818382009478,0.06592770706939767,0.06592770706939752,0.7583073606146646,-0.5019124239907221,1.049344892717545,0.3722261297210252,0.4578170015537556
-1.1846865447743538,1.189940416867627,0.965267329130581,0.9286723593500957,0.21485757014570003,-1.2645053004571831,-1.2645053004571831,-0.21335721521584475,1.7444089141495727,-0.3904912847325628,0.06455582323574982,-0.22654074517991973
1.3191956948493784,1.6836612175342955,2.8170735321309364,0.44517995146067924,0.6354884963172578,-1.2645053004571831,-1.2645053004571831,0.7583073606146646,3.9907302522898678,0.3294268039924911,-0.24311448324952553,1.8265324950211062
-1.4350747687367271,-1.4913482326951313,-0.8965037502984761,1.2740240792711075,0.9917876337802243,-1.2645053004571831,-1.2645053004571831,-0.9074033408090657,-0.5019124239907221,-0.7504503290950897,-0.8584550962200763,-0.5687196185467573
-1.518537510057518,-0.026964108571976446,1.0698985316319463,0.37610960747647687,1.3975727625574919,-1.2645053004571831,-1.2645053004571831,0.7583073606146646,1.7444089141495727,-0.03053224037003586,1.2952370491768512,0.4578170015537556
-1.1012238034535626,0.2276662323495662,0.1282177091196579,0.2379689195080722,-1.091572600551844,0.06592770706939767,0.06592770706939752,0.6194981354960204,-0.5019124239907221,-0.03053224037003586,0.987566742691576,0.4578170015537556
-0.8508355794911895,0.6406116095233952,-0.4995695058885344,1.170418563294804,-0.4037173212830613,1.3963607145959784,1.3963607145959784,-0.21335721521584475,-0.5019124239907221,-0.03053224037003586,-0.24311448324952553,-0.22654074517991973
-0.6839100968496074,-0.4980342341048963,-0.9230767541083467,1.4812351112237145,-0.7352734630888774,0.06592770706939767,0.06592770706939752,-1.04621256592771,-0.5019124239907221,-0.7504503290950897,-0.8584550962200763,-0.9108984919135951
-0.5169846142080252,0.625391314592252,0.646391283412134,-0.6254103802944573,1.3975727625574919,0.06592770706939767,0.06592770706939752,0.20307046014008784,-0.5019124239907221,-0.3904912847325628,0.987566742691576,-0.22654074517991973
-0.8508355794911895,-0.9713814116353887,-0.9380240687513989,1.0668130473185005,-1.5023063284605416,0.06592770706939767,0.06592770706939752,-1.04621256592771,-0.5019124239907221,-0.7504503290950897,-0.8584550962200763,-0.9108984919135951
-0.6004473555288163,-0.0019165365986775359,-0.87823481017919,-0.3491290043576479,-1.4924091301976814,1.3963607145959784,1.3963607145959784,-0.9074033408090657,0.6212482450794252,-0.7504503290950897,-0.8584550962200763,-0.5687196185467573
-0.3500591315664431,-0.3270555928836533,-0.7221184127962005,-1.0052972722075701,0.8037408667858809,1.3963607145959784,1.3963607145959784,-0.6297848905717773,0.6212482450794252,-0.3904912847325628,-0.5507847897348009,-0.5687196185467573
-0.18313364892486095,-0.3783491852500262,-0.7885509223208769,0.13436340353176865,0.2989837553800116,1.3963607145959784,1.3963607145959784,-0.9074033408090657,-0.5019124239907221,-0.3904912847325628,-1.1661254027053516,-0.5687196185467573
-0.6004473555288163,-0.2449618761290612,-0.916433503155879,1.204953735286905,-1.5072549275919715,1.3963607145959784,1.3963607145959784,-1.185021791046354,-0.5019124239907221,-1.1104093734576166,-1.1661254027053516,-0.5687196185467573
-0.6004473555288163,-1.410612757482951,-0.9180943158939959,0.030757887555465113,0.7443576772087198,1.3963607145959784,1.3963607145959784,-0.7685941156904216,-0.5019124239907221,-0.3904912847325628,-0.5507847897348009,-0.9108984919135951
0.3176427989998855,0.30025225830727614,-0.21723134040865955,1.6193757991921194,1.0957082155402562,0.06592770706939767,0.06592770706939752,0.06426123502144365,0.6212482450794252,0.3294268039924911,0.06455582323574982,-0.22654074517991973
1.4026584361701695,0.05840536719666752,0.14648664923894392,1.550305455207917,1.6202597234718459,0.06592770706939767,0.06592770706939752,0.7583073606146646,-0.5019124239907221,0.3294268039924911,0.6798964362063006,0.7999958749205932
-0.3500591315664431,0.2717691341972887,-0.8466793681549687,-0.8326214122470643,-1.4874605310662512,1.3963607145959784,1.3963607145959784,-0.9074033408090657,-0.5019124239907221,-0.7504503290950897,-0.5507847897348009,-0.9108984919135951
0.9853447295662141,0.07985759391064123,-0.4065639925539874,-0.03831245642873724,0.36826414322003287,0.06592770706939767,0.06592770706939752,-0.07454799009720055,-0.5019124239907221,0.3294268039924911,-0.24311448324952553,-0.22654074517991973
0.15071731635830335,0.7354088795276031,0.7858995534139546,0.5487854674369828,1.4470587538717927,0.06592770706939767,0.06592770706939752,1.5911627113265299,-0.5019124239907221,-0.03053224037003586,2.2182479686326775,1.4843536216542685
0.5680310229622587,0.014342413629604213,-0.04616762838261774,0.6869261554053875,-1.4874605310662512,0.06592770706939767,0.06592770706939752,0.6194981354960204,-0.5019124239907221,0.689385848355018,0.6798964362063006,0.11563812818691793
-0.016208166283278792,-0.4480988832809351,-0.8998253757747099,-1.2815786481443796,0.9521988407287836,0.06592770706939767,0.06592770706939752,-1.04621256592771,0.6212482450794252,-0.7504503290950897,-0.8584550962200763,-0.9108984919135951
-0.5169846142080252,-0.47957812844036024,-0.7586562930347724,1.204953735286905,-0.4729977091230826,0.06592770706939767,0.06592770706939752,-0.6297848905717773,-0.5019124239907221,-0.7504503290950897,-0.24311448324952553,-0.5687196185467573
-0.9342983208119806,-0.08209273588162955,-0.6224696485091857,-0.07284762842083842,-1.7299418885063256,1.3963607145959784,1.3963607145959784,-0.35216644033448896,-0.5019124239907221,-0.3904912847325628,0.06455582323574982,-0.5687196185467573
0.818419246924632,0.10047090673077239,0.20295428233491888,1.3085592512632087,-0.3146425369173197,0.06592770706939767,0.06592770706939752,0.7583073606146646,-0.5019124239907221,0.3294268039924911,1.6029073556621267,-0.22654074517991973
-0.3500591315664431,1.6265751244723432,1.9468076573576751,-0.48726969232605255,-0.1958761577629975,-1.2645053004571831,-1.2645053004571831,1.3135442610892414,2.86756958321972,0.689385848355018,0.987566742691576,1.4843536216542685
-0.3500591315664431,-0.7497084022576604,-0.8516618063693194,-0.07284762842083842,1.3431381721117608,0.06592770706939767,0.06592770706939752,-0.7685941156904216,-0.5019124239907221,-0.3904912847325628,-0.5507847897348009,-0.9108984919135951
-0.43352187288723415,-0.7047665865160954,-0.9679186980375032,-0.03831245642873724,0.43754453106005414,0.06592770706939767,0.06592770706939752,-1.3238310161649984,0.6212482450794252,-1.1104093734576166,-1.1661254027053516,-0.9108984919135951
-0.9342983208119806,-0.32869347239067925,0.09334064161920277,-0.1073828004129396,1.3381895729803306,0.06592770706939767,0.06592770706939752,0.7583073606146646,-0.5019124239907221,2.129222025805126,0.06455582323574982,-0.22654074517991973
-1.6020002513783091,1.2775869446338435,0.9835362692498669,-0.763551068262862,-1.0222922127118226,-1.2645053004571831,-1.2645053004571831,0.6194981354960204,-0.5019124239907221,-0.3904912847325628,1.2952370491768512,0.4578170015537556
0.06725457503751228,-0.46068259168857334,-0.8715915592267224,-0.4181993483418502,0.8631240563630419,2.7267937221225593,2.726793722122559,-0.7685941156904216,-0.5019124239907221,-0.3904912847325628,-0.5507847897348009,-0.9108984919135951
-1.6020002513783091,-1.4589901253612045,-0.8533226191074363,-1.4197193361127844,1.189731599037428,0.06592770706939767,0.06592770706939752,-0.7685941156904216,-0.5019124239907221,-0.3904912847325628,-0.5507847897348009,-0.9108984919135951
0.818419246924632,0.27220856528453957,-0.19065833659878897,-0.6944807242786596,-0.6412500795917057,0.06592770706939767,0.06592770706939752,0.341879685258732,-0.5019124239907221,1.049344892717545,0.3722261297210252,-0.5687196185467573
-0.18313364892486095,1.1319355133505138,1.5913937314006563,1.2394889072790063,1.3332409738489006,-1.2645053004571831,-1.2645053004571831,1.4523534862078857,-0.5019124239907221,-0.03053224037003586,2.2182479686326775,1.142174748287431
0.5680310229622587,1.2574530111816224,0.5317952044820672,-1.6269303680653915,-1.0272408118432528,-1.2645053004571831,-1.2645053004571831,1.4523534862078857,-0.5019124239907221,-0.7504503290950897,2.2182479686326775,1.8265324950211062
0.818419246924632,1.211951919510829,2.1660349387891076,0.583320639429084,1.6994373095747273,-1.2645053004571831,-1.2645053004571831,0.7583073606146646,0.6212482450794252,-0.7504503290950897,1.910577662147402,0.4578170015537556
0.3176427989998855,0.1887166587068765,-0.32352335564814183,0.37610960747647687,-0.4581519117287923,2.7267937221225593,2.726793722122559,0.20307046014008784,-0.5019124239907221,0.689385848355018,-0.24311448324952553,0.11563812818691793
1.4026584361701695,-0.6605038915457362,-0.8500009936312025,0.16889857552386983,-0.87383423876892,1.3963607145959784,1.3963607145959784,-0.9074033408090657,-0.5019124239907221,-0.7504503290950897,-0.5507847897348009,-0.9108984919135951
1.2357329535285873,0.034556243643143685,0.795864429842656,0.7214613273974887,-0.3146425369173197,0.06592770706939767,0.06592770706939752,1.4523534862078857,0.6212482450794252,2.129222025805126,0.3722261297210252,1.142174748287431
0.7349565056038408,-0.21807668324544052,-0.9679186980375032,0.20343374751597101,-0.00782939076865405,1.3963607145959784,1.3963607145959784,-1.3238310161649984,-0.5019124239907221,-1.4703684178201437,-1.1661254027053516,-0.5687196185467573
0.3176427989998855,-1.892628711916483,-0.9961525145854907,-1.0052972722075701,-1.7150960911120354,-1.2645053004571831,-1.2645053004571831,-1.7402586915209308,-0.5019124239907221,-1.4703684178201437,-1.7814660156759023,-0.9108984919135951
-0.8508355794911895,-0.750067936783593,-0.916433503155879,0.9977427033342982,-0.13649296818583642,0.06592770706939767,0.06592770706939752,-1.04621256592771,-0.5019124239907221,-0.7504503290950897,-0.8584550962200763,-0.9108984919135951
-0.7673728381703985,0.45760853582374245,0.9038172578202552,0.47971512345278045,-0.4729977091230826,0.06592770706939767,0.06592770706939752,1.8687811615638181,-0.5019124239907221,2.489181070167653,0.987566742691576,1.142174748287431
1.5695839188117515,1.1395256866757557,1.3439326334212367,-1.1089027881838738,-0.17608176123727715,-1.2645053004571831,-1.2645053004571831,1.3135442610892414,2.86756958321972,0.3294268039924911,0.06455582323574982,2.853069115121619
-0.43352187288723415,0.5238827334373037,-0.3334882320768433,-0.21098831638924315,-0.2057733560258577,0.06592770706939767,0.06592770706939752,0.20307046014008784,-0.5019124239907221,-0.03053224037003586,0.6798964362063006,-0.22654074517991973
-0.7673728381703985,1.1957329175632065,2.1627133133128735,-1.2470434761522784,-0.6808388726431464,-1.2645053004571831,-1.2645053004571831,0.7583073606146646,-0.5019124239907221,0.3294268039924911,0.3722261297210252,1.142174748287431
-0.016208166283278792,0.9396244902572746,3.1226630759444483,-0.1073828004129396,-0.5274322995688135,-1.2645053004571831,-1.2645053004571831,1.729971936445174,3.9907302522898678,1.7692629814425989,0.987566742691576,1.4843536216542685
-0.6004473555288163,1.0966212332478085,1.1778513596095455,0.5487854674369828,0.2940351562485815,-1.2645053004571831,-1.2645053004571831,1.8687811615638181,-0.5019124239907221,-0.03053224037003586,2.2182479686326775,2.1687113683879438
1.0688074708870052,-0.6750450657056737,-0.9313808177989312,-1.6614655400574927,-1.749736285032046,1.3963607145959784,1.3963607145959784,-1.04621256592771,-0.5019124239907221,-0.7504503290950897,-0.8584550962200763,-0.9108984919135951
1.2357329535285873,1.3360712275188669,1.9650765974769613,-1.4887896800969866,-1.254876371889037,-1.2645053004571831,-1.2645053004571831,0.48068891037737627,5.1138909213600146,-0.7504503290950897,1.2952370491768512,0.4578170015537556
-0.266596390245652,-1.092744288277944,-0.9745619489899708,-0.5908752083023561,1.1056054138031164,0.06592770706939767,0.06592770706939752,-1.3238310161649984,-0.5019124239907221,-1.4703684178201437,-0.8584550962200763,-0.9108984919135951
-1.0177610621327717,-0.4081506026217662,-0.054471692073202294,-0.5218048643181538,1.5509793356318247,0.06592770706939767,0.06592770706939752,0.6194981354960204,0.6212482450794252,2.129222025805126,0.06455582323574982,-0.5687196185467573
-1.6854629926991003,0.48780943600207416,0.330836863169921,0.7214613273974887,-1.1014697988147042,0.06592770706939767,0.06592770706939752,1.0359258108519531,-0.5019124239907221,0.3294268039924911,1.910577662147402,0.11563812818691793
1.2357329535285873,0.49332229873303945,-0.8267496152975659,-0.0037772844366360664,-1.7150960911120354,1.3963607145959784,1.3963607145959784,-0.9074033408090657,-0.5019124239907221,-1.1104093734576166,-0.5507847897348009,-0.5687196185467573
-2.186239440623847,-0.6956583785258049,-0.9679186980375032,0.5487854674369828,-1.2796193675461873,-1.2645053004571831,-1.2645053004571831,-1.3238310161649984,-0.5019124239907221,-1.1104093734576166,-1.1661254027053516,-0.9108984919135951
-0.7673728381703985,0.9267611438850222,1.4734760269943556,-0.8326214122470643,-0.601661286540265,-1.2645053004571831,-1.2645053004571831,1.3135442610892414,0.6212482450794252,1.409303937080072,1.2952370491768512,0.4578170015537556
0.9853447295662141,-1.044526713522327,-0.8583050573217871,1.204953735286905,-1.1361099927347147,1.3963607145959784,1.3963607145959784,-0.9074033408090657,-0.5019124239907221,-0.7504503290950897,-0.8584550962200763,-0.5687196185467573
-0.3500591315664431,0.0242495872330781,0.5484033318632363,-1.4542545081048857,-0.16618456297441697,0.06592770706939767,0.06592770706939752,1.3135442610892414,0.6212482450794252,1.409303937080072,0.06455582323574982,1.8265324950211062
1.0688074708870052,-0.24576084174224458,-0.43645862184009176,-0.5218048643181538,-0.5719696917516844,0.06592770706939767,0.06592770706939752,-0.07454799009720055,-0.5019124239907221,-0.3904912847325628,0.6798964362063006,-0.5687196185467573
1.0688074708870052,1.0302671390729288,-0.12920826528846327,-0.38366417634974903,1.5014933443175236,0.06592770706939767,0.06592770706939752,0.8971165857333089,2.86756958321972,0.689385848355018,0.987566742691576,0.4578170015537556
-1.518537510057518,1.715020617851743,2.1510876241460553,-1.6614655400574927,-0.44825471346593215,-1.2645053004571831,-1.2645053004571831,-0.21335721521584475,2.86756958321972,-0.03053224037003586,-0.5507847897348009,0.11563812818691793
-1.0177610621327717,0.16374898329489596,0.19631103138245123,-0.8326214122470643,0.5216707162943657,1.3963607145959784,1.3963607145959784,0.6194981354960204,2.86756958321972,1.409303937080072,-0.5507847897348009,0.7999958749205932
-1.518537510057518,-1.1906175758929076,-0.9097902522034114,-0.8326214122470643,0.7295118798144294,0.06592770706939767,0.06592770706939752,-1.04621256592771,-0.5019124239907221,-0.7504503290950897,-0.8584550962200763,-0.9108984919135951
1.2357329535285873,-0.6115272994575951,-0.5128560077934696,0.030757887555465113,0.269292160591431,0.06592770706939767,0.06592770706939752,-0.21335721521584475,-0.5019124239907221,0.3294268039924911,-0.5507847897348009,-0.22654074517991973
1.2357329535285873,-0.6434859239849303,-0.1956407748131397,-0.1073828004129396,0.7839464702601605,0.06592770706939767,0.06592770706939752,0.341879685258732,1.7444089141495727,-0.3904912847325628,-0.5507847897348009,1.8265324950211062
1.3191956948493784,0.5325515103403433,0.4205207510282342,1.6193757991921194,1.2243717929574385,0.06592770706939767,0.06592770706939752,1.1747350359705973,-0.5019124239907221,0.689385848355018,1.2952370491768512,0.7999958749205932
1.4026584361701695,1.2626063393866553,1.6080018587818254,0.27250409150017335,0.2940351562485815,-1.2645053004571831,-1.2645053004571831,0.8971165857333089,0.6212482450794252,-0.03053224037003586,1.6029073556621267,0.4578170015537556
0.06725457503751228,-1.307266555417681,-0.8915213120841253,-0.07284762842083842,-0.9876520187918121,1.3963607145959784,1.3963607145959784,-0.9074033408090657,0.6212482450794252,-0.3904912847325628,-1.1661254027053516,-0.5687196185467573
0.48456828164146765,-0.6192772659054739,-0.9778835744662047,0.09982823153966747,0.3039323545114417,1.3963607145959784,1.3963607145959784,-1.3238310161649984,-0.5019124239907221,-1.1104093734576166,-1.1661254027053516,-0.9108984919135951
-0.8508355794911895,1.0118909299697112,2.6377057564143103,-0.6599455522865585,1.5806709304204052,0.06592770706939767,0.06592770706939752,1.0359258108519531,2.86756958321972,2.129222025805126,0.6798964362063006,-0.22654074517991973
-0.6004473555288163,-0.12188122341816178,-0.8134631133926306,0.47971512345278045,-0.9134230318203607,0.06592770706939767,0.06592770706939752,-0.7685941156904216,-0.5019124239907221,-1.1104093734576166,-0.24311448324952553,-0.5687196185467573
-0.7673728381703985,-0.8816575732748954,-0.542750637079574,0.06529305954756628,0.6206426989229675,0.06592770706939767,0.06592770706939752,-0.21335721521584475,-0.5019124239907221,0.689385848355018,-0.5507847897348009,-0.5687196185467573
0.06725457503751228,-0.7264585029140241,-0.8350536789881504,-1.2125083041601774,1.5014933443175236,0.06592770706939767,0.06592770706939752,-0.9074033408090657,-0.5019124239907221,-0.3904912847325628,-0.8584550962200763,-0.9108984919135951
-0.18313364892486095,-0.5609527761430873,-0.9330416305370481,-1.0052972722075701,-1.3934371475690794,1.3963607145959784,1.3963607145959784,-0.9074033408090657,-0.5019124239907221,-0.7504503290950897,-0.5507847897348009,-0.9108984919135951
1.4861211774909606,0.28658994632184037,-0.3318274193387264,0.2379689195080722,-1.3983857467005096,-1.2645053004571831,-1.2645053004571831,0.20307046014008784,-0.5019124239907221,-0.03053224037003586,0.6798964362063006,-0.22654074517991973
0.3176427989998855,0.7464745532701929,1.2575703710391573,-0.2800586603734455,-1.3390025571233486,-1.2645053004571831,-1.2645053004571831,0.8971165857333089,0.6212482450794252,0.689385848355018,0.3722261297210252,1.142174748287431
-0.016208166283278792,0.07698131770318106,-0.6141655848186013,0.790531671381691,0.21485757014570003,-1.2645053004571831,-1.2645053004571831,-0.35216644033448896,-0.5019124239907221,-0.7504503290950897,0.3722261297210252,-0.5687196185467573
-0.3500591315664431,-0.7964878389095472,-0.9413456942276327,-1.6614655400574927,0.9324044442030632,0.06592770706939767,0.06592770706939752,-1.185021791046354,-0.5019124239907221,-1.1104093734576166,-0.8584550962200763,-0.9108984919135951
-0.6004473555288163,-1.2806610004986745,-0.7785860458921754,-0.763551068262862,0.6948716858944188,-1.2645053004571831,-1.2645053004571831,-0.7685941156904216,-0.5019124239907221,-0.7504503290950897,-0.5507847897348009,-0.5687196185467573
-0.3500591315664431,-0.6901854640754987,-0.8749131847029562,0.9632075313421969,-1.700250293717745,0.06592770706939767,0.06592770706939752,-0.7685941156904216,-0.5019124239907221,-0.3904912847325628,-0.8584550962200763,-0.5687196185467573
-0.43352187288723415,-0.9506882022539392,-0.9014861885128268,1.3085592512632087,0.016913604888496404,0.06592770706939767,0.06592770706939752,-1.04621256592771,-0.5019124239907221,-0.7504503290950897,-0.8584550962200763,-0.9108984919135951
1.3191956948493784,0.4900065914383285,1.1761905468714287,1.1013482193106017,0.6354884963172578,2.7267937221225593,2.726793722122559,0.7583073606146646,0.6212482450794252,2.489181070167653,-0.5507847897348009,0.11563812818691793
0.23418005767909442,-0.7459932121563577,-0.8881996866078915,0.06529305954756628,-1.7249932893748956,0.06592770706939767,0.06592770706939752,-1.04621256592771,-0.5019124239907221,-1.1104093734576166,-0.8584550962200763,-0.5687196185467573
-0.7673728381703985,-1.3939143761674182,-0.9097902522034114,1.0322778753263993,1.2342689912202987,0.06592770706939767,0.06592770706939752,-1.04621256592771,-0.5019124239907221,-0.7504503290950897,-1.1661254027053516,-0.5687196185467573
0.15071731635830335,0.16306986252369007,0.15977315114387922,-1.3161138201364808,0.4622875267172046,0.06592770706939767,0.06592770706939752,0.7583073606146646,-0.5019124239907221,0.3294268039924911,0.987566742691576,0.4578170015537556
-0.7673728381703985,-0.9424189081574913,-0.8500009936312025,0.16889857552386983,-0.2057733560258577,0.06592770706939767,0.06592770706939752,-0.9074033408090657,1.7444089141495727,-0.7504503290950897,-1.1661254027053516,-0.22654074517991973
-1.518537510057518,-1.486075059648121,-0.8732523719648393,1.5157702832158158,0.8037408667858809,0.06592770706939767,0.06592770706939752,-1.04621256592771,-0.5019124239907221,-0.7504503290950897,-1.1661254027053516,-0.5687196185467573
0.901881988245423,-0.8015612705532617,-0.9695795107756201,-1.696000712049594,-0.10680137339725587,0.06592770706939767,0.06592770706939752,-1.185021791046354,-0.5019124239907221,-1.1104093734576166,-0.8584550962200763,-0.9108984919135951
0.4011055403206766,0.6422894373110803,1.0051268348453868,0.16889857552386983,1.2293203920888687,0.06592770706939767,0.06592770706939752,2.0075903866824625,-0.5019124239907221,2.129222025805126,1.2952370491768512,1.4843536216542685
-0.18313364892486095,0.8908476395724293,1.4203300193746144,-0.970762100215469,0.05650239793993713,-1.2645053004571831,-1.2645053004571831,1.1747350359705973,1.7444089141495727,1.409303937080072,-0.24311448324952553,1.8265324950211062
-0.18313364892486095,1.5764400322450862,2.2623620775998883,0.30703926349227456,0.8631240563630419,-1.2645053004571831,-1.2645053004571831,0.8971165857333089,0.6212482450794252,1.409303937080072,-0.24311448324952553,1.142174748287431
-0.016208166283278792,0.6574298356809054,0.8058293062713575,-1.5923951960732903,-1.7299418885063256,-1.2645053004571831,-1.2645053004571831,0.341879685258732,-0.5019124239907221,-0.03053224037003586,0.3722261297210252,0.4578170015537556
-0.6839100968496074,-0.8461835000495533,-0.9147726904177621,1.7229813151684228,0.8383810607058915,0.06592770706939767,0.06592770706939752,-1.185021791046354,-0.5019124239907221,-1.1104093734576166,-0.8584550962200763,-0.9108984919135951
-0.3500591315664431,1.0927861983045282,1.2625528092535079,0.7214613273974887,-1.5122035267234017,-1.2645053004571831,-1.2645053004571831,0.7583073606146646,0.6212482450794252,0.3294268039924911,0.3722261297210252,1.142174748287431
-0.9342983208119806,-0.9654291178171726,-0.4862830039835991,0.5487854674369828,1.5608765338946848,-1.2645053004571831,-1.2645053004571831,-0.21335721521584475,-0.5019124239907221,0.3294268039924911,-0.24311448324952553,-0.5687196185467573
0.901881988245423,-0.595388194071291,-0.9031470012509437,-0.17645314439714196,-1.141058591866145,1.3963607145959784,1.3963607145959784,-0.7685941156904216,-0.5019124239907221,-0.3904912847325628,-0.5507847897348009,-0.9108984919135951
-0.266596390245652,-0.23229827116010465,-0.8533226191074363,-1.4887896800969866,-0.3443341317059002,1.3963607145959784,1.3963607145959784,-0.9074033408090657,-0.5019124239907221,-0.7504503290950897,-0.5507847897348009,-0.9108984919135951
-0.18313364892486095,-0.603697436448398,-0.8865388738697746,-1.3851841641206832,-1.2994137640719077,0.06592770706939767,0.06592770706939752,-1.04621256592771,1.7444089141495727,-1.1104093734576166,-1.1661254027053516,-0.22654074517991973
1.3191956948493784,-0.18116447191636845,0.0817149524523844,1.5848406272000182,0.20990897101426995,0.06592770706939767,0.06592770706939752,0.6194981354960204,-0.5019124239907221,0.689385848355018,0.6798964362063006,0.11563812818691793
0.818419246924632,0.357218506527251,0.163094776620113,0.7214613273974887,-1.41818014322623,0.06592770706939767,0.06592770706939752,0.48068891037737627,0.6212482450794252,0.3294268039924911,0.06455582323574982,0.7999958749205932
1.2357329535285873,-0.5289142550544338,-0.916433503155879,1.4812351112237145,1.2342689912202987,1.3963607145959784,1.3963607145959784,-1.04621256592771,-0.5019124239907221,-0.7504503290950897,-0.8584550962200763,-0.9108984919135951
-1.8523884753406823,-1.766112507068895,-0.7104927236293821,0.44517995146067924,1.4619045512660829,-1.2645053004571831,-1.2645053004571831,-1.6014494664022867,-0.5019124239907221,-1.4703684178201437,-1.7814660156759023,-0.5687196185467573
0.5680310229622587,0.952487836629527,0.7095021674605767,1.2394889072790063,-1.5666381171691326,-1.2645053004571831,-1.2645053004571831,0.06426123502144365,0.6212482450794252,-0.03053224037003586,-0.5507847897348009,0.7999958749205932
-1.4350747687367271,-0.6994934134690851,-0.9463281324419834,-1.6269303680653915,-0.09690417513439568,0.06592770706939767,0.06592770706939752,-1.185021791046354,0.6212482450794252,-1.1104093734576166,-1.1661254027053516,-0.5687196185467573
0.3176427989998855,-0.7618127312973886,-0.8034982369639291,-1.696000712049594,1.3381895729803306,0.06592770706939767,0.06592770706939752,-0.7685941156904216,-0.5019124239907221,-0.7504503290950897,-0.5507847897348009,-0.5687196185467573
0.23418005767909442,-0.7451542982625151,-0.8034982369639291,1.4466999392316133,-0.3789743256259109,0.06592770706939767,0.06592770706939752,-0.9074033408090657,-0.5019124239907221,-0.7504503290950897,-0.5507847897348009,-0.9108984919135951
0.7349565056038408,0.9906783929396924,0.8589753138910986,-1.5923951960732903,-0.4680491099916525,0.06592770706939767,0.06592770706939752,1.8687811615638181,-0.5019124239907221,1.049344892717545,1.910577662147402,1.4843536216542685
-1.2681492860951449,-0.680797618120594,-0.1806934601700875,0.6523909834132863,1.1847829999059978,0.06592770706939767,0.06592770706939752,-0.07454799009720055,0.6212482450794252,0.689385848355018,-0.24311448324952553,-0.5687196185467573
0.23418005767909442,-0.3079603147285706,0.14150421102459318,1.6884461431763216,0.026810803151356585,0.06592770706939767,0.06592770706939752,0.8971165857333089,0.6212482450794252,0.689385848355018,1.6029073556621267,-0.22654074517991973
0.3176427989998855,0.7464745532701929,1.2575703710391573,-0.2800586603734455,-1.3390025571233486,-1.2645053004571831,-1.2645053004571831,0.8971165857333089,0.6212482450794252,0.689385848355018,0.3722261297210252,1.142174748287431
0.23418005767909442,-0.9377449593203685,-0.9861876381567892,-1.143437960175975,-1.6309699058777238,1.3963607145959784,1.3963607145959784,-1.3238310161649984,0.6212482450794252,-1.1104093734576166,-1.1661254027053516,-0.9108984919135951
1.6530466601325426,0.6735289927865504,3.04626568999107,1.1358833913027029,0.7146660824201392,-1.2645053004571831,-1.2645053004571831,1.5911627113265299,-0.5019124239907221,1.049344892717545,0.987566742691576,1.8265324950211062
-0.09967090760406987,-1.0497998865693372,-0.9131118776796452,-1.6614655400574927,0.7245632806829994,1.3963607145959784,1.3963607145959784,-1.04621256592771,0.6212482450794252,-1.1104093734576166,-1.1661254027053516,-0.22654074517991973
-1.1846865447743538,-1.0042188983372256,-0.9446673197038665,0.5142502954448817,0.47713332411149484,0.06592770706939767,0.06592770706939752,-1.185021791046354,-0.5019124239907221,-1.1104093734576166,-0.8584550962200763,-0.9108984919135951
-1.351612027415936,0.7333715172139855,0.6015493394829775,0.6523909834132863,1.3777783660317713,-1.2645053004571831,-1.2645053004571831,1.0359258108519531,-0.5019124239907221,-0.3904912847325628,1.910577662147402,0.7999958749205932
-0.43352187288723415,-0.38673832418845167,-0.5576979517226263,1.6884461431763216,1.5608765338946848,0.06592770706939767,0.06592770706939752,-0.21335721521584475,-0.5019124239907221,0.689385848355018,-0.5507847897348009,-0.5687196185467573
1.4861211774909606,0.042905434300909984,-0.544411449817691,-0.5908752083023561,-0.1463901664486966,-1.2645053004571831,-1.2645053004571831,-0.21335721521584475,-0.5019124239907221,0.3294268039924911,-0.24311448324952553,-0.5687196185467573
1.4026584361701695,0.7985671112497491,1.0698985316319463,1.3085592512632087,1.1155026120659766,-1.2645053004571831,-1.2645053004571831,1.1747350359705973,-0.5019124239907221,0.689385848355018,0.6798964362063006,1.4843536216542685
-1.518537510057518,0.6138862097624113,0.5517249573394701,1.204953735286905,0.5018763197686453,-1.2645053004571831,-1.2645053004571831,0.48068891037737627,-0.5019124239907221,-0.7504503290950897,0.06455582323574982,1.8265324950211062
1.6530466601325426,0.42373239382476724,0.9503200144875288,-1.5923951960732903,1.3975727625574919,1.3963607145959784,1.3963607145959784,0.6194981354960204,0.6212482450794252,-0.3904912847325628,1.2952370491768512,0.4578170015537556
0.901881988245423,0.5176508016544733,0.9121213215108398,-0.5218048643181538,-0.07216117947724524,1.3963607145959784,1.3963607145959784,1.5911627113265299,0.6212482450794252,1.049344892717545,1.6029073556621267,1.142174748287431
-1.518537510057518,-0.4089895165156088,0.07839332697615058,-0.9016917562312667,0.8977642502830526,-1.2645053004571831,-1.2645053004571831,0.7583073606146646,0.6212482450794252,0.3294268039924911,1.6029073556621267,-0.22654074517991973
-0.3500591315664431,-0.6542719597629059,-0.9247375668464636,-0.4181993483418502,-1.5468437206434122,1.3963607145959784,1.3963607145959784,-1.185021791046354,0.6212482450794252,-1.1104093734576166,-1.1661254027053516,-0.5687196185467573
0.4011055403206766,0.5308337342719991,-0.16574614552703532,-0.9362269282233678,-1.358796953649069,0.06592770706939767,0.06592770706939752,0.48068891037737627,-0.5019124239907221,-0.03053224037003586,0.6798964362063006,0.4578170015537556
0.6514937642830498,-1.4132892922871152,-0.9430065069657496,-1.0398324441996714,1.4915961460546634,1.3963607145959784,1.3963607145959784,-1.04621256592771,-0.5019124239907221,-1.1104093734576166,-0.8584550962200763,-0.5687196185467573
-1.9358512166614734,1.2499826826983578,1.7342236268787106,-1.4542545081048857,-1.4577689362776707,-1.2645053004571831,-1.2645053004571831,1.3135442610892414,2.86756958321972,-0.03053224037003586,0.6798964362063006,2.5108902417547814
0.3176427989998855,0.47690355538212104,2.026526668787287,0.09982823153966747,1.689540111311867,0.06592770706939767,0.06592770706939752,1.729971936445174,-0.5019124239907221,1.409303937080072,0.6798964362063006,2.1687113683879438
1.0688074708870052,-1.1958108523785997,-0.9762227617280878,1.4466999392316133,1.6845915121804371,-1.2645053004571831,-1.2645053004571831,-1.3238310161649984,-0.5019124239907221,-1.1104093734576166,-1.1661254027053516,-0.9108984919135951
-0.7673728381703985,0.590636310418775,0.498578949719729,1.5157702832158158,-1.1707501866547254,-1.2645053004571831,-1.2645053004571831,1.4523534862078857,-0.5019124239907221,-0.3904912847325628,2.2182479686326775,1.4843536216542685
-0.18313364892486095,-0.7728384567593192,-0.9297200050608143,0.9977427033342982,-1.5765353154319928,0.06592770706939767,0.06592770706939752,-0.9074033408090657,-0.5019124239907221,-0.3904912847325628,-0.8584550962200763,-0.9108984919135951
0.23418005767909442,0.7380454660511082,1.446903023184485,-0.9016917562312667,1.085811017277396,0.06592770706939767,0.06592770706939752,0.8971165857333089,-0.5019124239907221,0.3294268039924911,0.6798964362063006,1.142174748287431
1.1522702122077961,0.30708341429999403,0.2660651663833615,1.170418563294804,1.1006568146716864,0.06592770706939767,0.06592770706939752,1.0359258108519531,-0.5019124239907221,1.7692629814425989,0.987566742691576,-0.22654074517991973
1.3191956948493784,-0.49999169985719555,-0.9280591923226974,1.4812351112237145,-1.1311613936032847,0.06592770706939767,0.06592770706939752,-1.04621256592771,-0.5019124239907221,-0.7504503290950897,-0.8584550962200763,-0.9108984919135951
0.901881988245423,-0.22482794267684006,-0.23051784231359485,-1.557860024081189,-0.0375209855572346,-1.2645053004571831,-1.2645053004571831,0.06426123502144365,-0.5019124239907221,0.689385848355018,0.06455582323574982,-0.5687196185467573
0.6514937642830498,1.442493447194893,2.508162362841191,-0.5908752083023561,0.03670800141421677,-1.2645053004571831,-1.2645053004571831,1.0359258108519531,0.6212482450794252,-0.03053224037003586,0.987566742691576,1.4843536216542685
-1.0177610621327717,1.3955142691397102,1.149617543061558,-0.763551068262862,0.34846974669431247,-1.2645053004571831,-1.2645053004571831,1.5911627113265299,1.7444089141495727,0.689385848355018,1.6029073556621267,1.4843536216542685
-0.6004473555288163,-1.0119289165044452,-0.9695795107756201,-1.350648992128582,-0.20082475689442758,1.3963607145959784,1.3963607145959784,-1.185021791046354,-0.5019124239907221,-1.1104093734576166,-0.8584550962200763,-0.9108984919135951
0.06725457503751228,-0.08884399531302908,-0.3484355467198955,-1.3851841641206832,-0.9678576222660917,0.06592770706939767,0.06592770706939752,0.06426123502144365,-0.5019124239907221,-0.03053224037003586,0.6798964362063006,-0.5687196185467573
-0.7673728381703985,-0.44837852124554933,-0.9729011362518539,0.5487854674369828,0.3930071388771833,0.06592770706939767,0.06592770706939752,-1.3238310161649984,-0.5019124239907221,-1.1104093734576166,-1.1661254027053516,-0.9108984919135951
0.3176427989998855,0.5615140138182408,0.5998885267448606,0.6523909834132863,-1.2350819753633167,-1.2645053004571831,-1.2645053004571831,-0.07454799009720055,-0.5019124239907221,-0.03053224037003586,-0.24311448324952553,0.11563812818691793
-0.18313364892486095,-0.6201161797993164,-0.41320724350645505,-1.143437960175975,1.1649886033802774,0.06592770706939767,0.06592770706939752,0.06426123502144365,0.6212482450794252,1.049344892717545,-0.5507847897348009,-0.22654074517991973
1.0688074708870052,1.087313283854222,1.3206812550876,-1.2815786481443796,1.5955167278146953,-1.2645053004571831,-1.2645053004571831,0.341879685258732,0.6212482450794252,0.3294268039924911,-0.5507847897348009,1.142174748287431
-1.1012238034535626,-0.46975085139820466,-0.9812051999424385,1.5848406272000182,-0.18597895950013732,0.06592770706939767,0.06592770706939752,-1.3238310161649984,-0.5019124239907221,-1.4703684178201437,-0.8584550962200763,-0.9108984919135951
-0.09967090760406987,0.9230859020643787,2.4599987934358007,-1.143437960175975,0.7839464702601605,-1.2645053004571831,-1.2645053004571831,0.8971165857333089,1.7444089141495727,0.3294268039924911,0.06455582323574982,1.8265324950211062
-0.6839100968496074,0.07969780078800455,0.6231399050784974,-0.1073828004129396,0.7740492719973003,0.06592770706939767,0.06592770706939752,1.3135442610892414,-0.5019124239907221,2.489181070167653,-0.24311448324952553,1.142174748287431
-0.09967090760406987,-1.1215469986332047,-0.9778835744662047,-1.5923951960732903,-0.4631005108602224,1.3963607145959784,1.3963607145959784,-1.185021791046354,-0.5019124239907221,-1.1104093734576166,-0.8584550962200763,-0.9108984919135951
0.901881988245423,1.2872144802727032,-0.13751232897904783,1.0668130473185005,0.9274558450716331,-1.2645053004571831,-1.2645053004571831,1.3135442610892414,5.1138909213600146,1.7692629814425989,-0.5507847897348009,2.1687113683879438
-1.1846865447743538,-0.3380413700649248,-0.9679186980375032,0.9632075313421969,-1.4676661345405309,0.06592770706939767,0.06592770706939752,-1.3238310161649984,-0.5019124239907221,-1.1104093734576166,-1.1661254027053516,-0.9108984919135951
0.901881988245423,0.7771148845357755,0.9735713928211654,-1.696000712049594,-1.2350819753633167,-1.2645053004571831,-1.2645053004571831,0.48068891037737627,0.6212482450794252,-0.03053224037003586,-0.24311448324952553,1.4843536216542685
-0.3500591315664431,1.3425029007049931,2.2457539502187194,0.44517995146067924,-1.5963297119577131,-1.2645053004571831,-1.2645053004571831,0.8971165857333089,0.6212482450794252,0.689385848355018,0.3722261297210252,1.142174748287431
-0.43352187288723415,-0.5212441851678734,-0.785229296844643,1.4466999392316133,-1.4330259406205201,0.06592770706939767,0.06592770706939752,-0.7685941156904216,-0.5019124239907221,-0.7504503290950897,-0.5507847897348009,-0.5687196185467573
0.818419246924632,0.7641716416022047,0.2843341065026475,-0.8671565842391655,-0.21567055428871787,-1.2645053004571831,-1.2645053004571831,0.48068891037737627,-0.5019124239907221,-0.03053224037003586,0.3722261297210252,0.7999958749205932
-0.266596390245652,-0.5456925329312848,-0.8848780611316577,-1.6269303680653915,0.09114259185994776,1.3963607145959784,1.3963607145959784,-0.9074033408090657,-0.5019124239907221,-0.3904912847325628,-0.8584550962200763,-0.9108984919135951
0.3176427989998855,0.1996624876074888,-0.805159049702046,-0.9362269282233678,-1.210338979706166,1.3963607145959784,1.3963607145959784,-0.7685941156904216,-0.5019124239907221,-0.7504503290950897,-0.5507847897348009,-0.5687196185467573
-0.8508355794911895,0.3829851475524149,-0.301932790052622,0.2379689195080722,-0.13649296818583642,0.06592770706939767,0.06592770706939752,0.20307046014008784,-0.5019124239907221,-0.03053224037003586,0.6798964362063006,-0.22654074517991973
0.901881988245423,1.1011753372429536,0.4354680656712864,0.16889857552386983,-1.6161241084834337,0.06592770706939767,0.06592770706939752,-0.07454799009720055,-0.5019124239907221,-0.03053224037003586,-0.24311448324952553,0.11563812818691793
-1.4350747687367271,1.1453980839326536,0.24945703900219238,0.7559964993895899,1.249114788614589,-1.2645053004571831,-1.2645053004571831,0.20307046014008784,-0.5019124239907221,-0.3904912847325628,0.6798964362063006,0.11563812818691793
-1.1012238034535626,-0.9846442408142327,-0.9861876381567892,-0.38366417634974903,0.3880585397457532,0.06592770706939767,0.06592770706939752,-1.3238310161649984,-0.5019124239907221,-1.1104093734576166,-1.1661254027053516,-0.9108984919135951
-0.8508355794911895,0.18124633022361192,0.5500641446013532,0.44517995146067924,0.9373530433344933,0.06592770706939767,0.06592770706939752,1.4523534862078857,-0.5019124239907221,0.3294268039924911,1.2952370491768512,1.8265324950211062
-0.5169846142080252,1.2620071151767678,2.086315927359496,0.9977427033342982,-0.44330611433450207,-1.2645053004571831,-1.2645053004571831,0.6194981354960204,3.9907302522898678,-0.03053224037003586,0.06455582323574982,1.4843536216542685
-0.8508355794911895,0.07877899033284366,-0.3965991161252859,-1.0743676161917726,0.25444636319714076,0.06592770706939767,0.06592770706939752,-0.07454799009720055,-0.5019124239907221,-0.03053224037003586,0.3722261297210252,-0.5687196185467573
-1.4350747687367271,-0.5484889125774266,-0.2703773480284007,1.5848406272000182,-0.11174997252868596,0.06592770706939767,0.06592770706939752,0.20307046014008784,-0.5019124239907221,1.049344892717545,-0.24311448324952553,-0.22654074517991973
-0.09967090760406987,0.03791189921851387,-0.562680389936977,0.583320639429084,-0.5323808987002436,0.06592770706939767,0.06592770706939752,-0.21335721521584475,-0.5019124239907221,-0.03053224037003586,0.06455582323574982,-0.5687196185467573
-0.266596390245652,-0.8874500739704748,-0.9048078139890606,-0.7290158962707608,-1.2697221692833272,0.06592770706939767,0.06592770706939752,-1.04621256592771,-0.5019124239907221,-0.7504503290950897,-0.8584550962200763,-0.9108984919135951
0.7349565056038408,0.9510496985257969,1.1911378615144808,0.9977427033342982,-0.6313528813288455,-1.2645053004571831,-1.2645053004571831,1.0359258108519531,0.6212482450794252,-0.03053224037003586,1.6029073556621267,0.7999958749205932
1.4026584361701695,-0.0546482670687805,-0.9014861885128268,-1.2470434761522784,-1.700250293717745,0.06592770706939767,0.06592770706939752,-1.04621256592771,-0.5019124239907221,-0.7504503290950897,-0.8584550962200763,-0.9108984919135951
-0.09967090760406987,-1.475009385905531,-0.8998253757747099,-0.763551068262862,-0.11669857166011605,-1.2645053004571831,-1.2645053004571831,-0.9074033408090657,-0.5019124239907221,-0.7504503290950897,-0.5507847897348009,-0.9108984919135951
-0.43352187288723415,0.5283169925904715,-0.0727406321924883,-1.1089027881838738,-1.0074464153175324,0.06592770706939767,0.06592770706939752,0.6194981354960204,0.6212482450794252,0.689385848355018,0.987566742691576,-0.22654074517991973
0.3176427989998855,0.5689443940208462,-0.487943816721716,0.7559964993895899,-1.6062269102205733,1.3963607145959784,1.3963607145959784,-0.07454799009720055,-0.5019124239907221,-0.03053224037003586,0.3722261297210252,-0.5687196185467573
1.2357329535285873,0.9801320468456719,0.9137821342489567,1.0322778753263993,0.6701286902372684,-1.2645053004571831,-1.2645053004571831,0.341879685258732,-0.5019124239907221,-0.7504503290950897,1.6029073556621267,-0.22654074517991973
-1.1846865447743538,1.1768773290920787,0.8274198718668774,-1.6614655400574927,0.650334293711548,-1.2645053004571831,-1.2645053004571831,0.341879685258732,1.7444089141495727,1.409303937080072,-0.24311448324952553,-0.22654074517991973
-0.3500591315664431,0.0890057501815909,-0.9795443872043216,0.9977427033342982,-1.0569324066318333,1.3963607145959784,1.3963607145959784,-1.3238310161649984,-0.5019124239907221,-1.1104093734576166,-1.1661254027053516,-0.9108984919135951
0.7349565056038408,1.8591540144700247,2.3287945871245648,-0.9016917562312667,-1.096521199683274,-1.2645053004571831,-1.2645053004571831,0.8971165857333089,0.6212482450794252,-0.03053224037003586,0.987566742691576,1.142174748287431
-1.2681492860951449,-1.4368987261566841,-0.9330416305370481,0.8941371873579945,-0.2503107482087285,0.06592770706939767,0.06592770706939752,-0.9074033408090657,-0.5019124239907221,-0.3904912847325628,-0.8584550962200763,-0.9108984919135951
-0.18313364892486095,0.782228264460149,1.6080018587818254,0.7214613273974887,-0.24041354994586833,0.06592770706939767,0.06592770706939752,-0.21335721521584475,1.7444089141495727,-0.3904912847325628,-0.24311448324952553,0.11563812818691793
-1.1846865447743538,-0.7457934707530619,-0.9014861885128268,-1.350648992128582,-0.48289490738594276,0.06592770706939767,0.06592770706939752,-1.185021791046354,1.7444089141495727,-1.1104093734576166,-1.1661254027053516,-0.5687196185467573
-1.1846865447743538,-0.63821275093792,-0.2986111645763882,-0.8671565842391655,-0.3542313299687604,-1.2645053004571831,-1.2645053004571831,-0.21335721521584475,1.7444089141495727,-0.3904912847325628,-0.8584550962200763,0.7999958749205932
0.23418005767909442,-1.1826279197610738,-0.8466793681549687,-0.07284762842083842,0.868072655494472,-1.2645053004571831,-1.2645053004571831,-1.04621256592771,-0.5019124239907221,-0.7504503290950897,-1.1661254027053516,-0.5687196185467573
-0.7673728381703985,-0.20824940620328497,0.04849869769004618,1.6884461431763216,-0.3146425369173197,0.06592770706939767,0.06592770706939752,0.7583073606146646,-0.5019124239907221,2.489181070167653,0.06455582323574982,-0.5687196185467573
0.06725457503751228,0.7321730687942104,0.2511178517403093,-1.557860024081189,-0.4334089160716419,0.06592770706939767,0.06592770706939752,1.0359258108519531,-0.5019124239907221,0.689385848355018,0.987566742691576,0.7999958749205932
-0.8508355794911895,-0.8242518939676696,-0.7985157987495783,-1.1779731321680762,1.140245607723127,0.06592770706939767,0.06592770706939752,-0.7685941156904216,-0.5019124239907221,-0.7504503290950897,-0.5507847897348009,-0.5687196185467573
-0.3500591315664431,-0.008148468381507887,-0.4547275619593778,0.6178558114211852,0.269292160591431,1.3963607145959784,1.3963607145959784,-0.21335721521584475,-0.5019124239907221,-0.03053224037003586,-0.24311448324952553,-0.22654074517991973
-0.8508355794911895,-0.14828703693387243,-0.7819076713684092,-0.5908752083023561,-0.824348247454619,0.06592770706939767,0.06592770706939752,-0.7685941156904216,-0.5019124239907221,-0.7504503290950897,-0.5507847897348009,-0.5687196185467573
1.2357329535285873,-0.21987435587510312,-0.4580491874356116,-0.31459383236554667,1.1600400042488475,0.06592770706939767,0.06592770706939752,-0.07454799009720055,-0.5019124239907221,0.689385848355018,-0.24311448324952553,-0.5687196185467573
0.5680310229622587,-0.5067829075692543,-0.3683652995772984,0.16889857552386983,1.0115820303059446,1.3963607145959784,1.3963607145959784,0.06426123502144365,0.6212482450794252,0.689385848355018,-0.24311448324952553,-0.22654074517991973
0.23418005767909442,1.3630363169638058,1.8538021440231283,0.9977427033342982,1.6647971156547166,1.3963607145959784,1.3963607145959784,0.20307046014008784,-0.5019124239907221,0.3294268039924911,0.06455582323574982,0.11563812818691793
-0.6839100968496074,-0.21200454458524684,-0.8765739974410731,1.550305455207917,-1.42312874235766,2.7267937221225593,2.726793722122559,-1.04621256592771,-0.5019124239907221,-1.1104093734576166,-0.8584550962200763,-0.5687196185467573
-1.351612027415936,-1.4244348625910233,-0.9662578852993863,0.06529305954756628,0.8878670520201924,-1.2645053004571831,-1.2645053004571831,-1.3238310161649984,-0.5019124239907221,-1.4703684178201437,-0.8584550962200763,-0.9108984919135951
1.4026584361701695,0.469792761424789,0.9337118871063597,-0.24552348838134433,-0.8045538509288986,-1.2645053004571831,-1.2645053004571831,1.5911627113265299,0.6212482450794252,1.049344892717545,1.6029073556621267,1.142174748287431
1.4861211774909606,0.6049377948947574,0.5832803993636915,0.6178558114211852,0.8730212546259021,0.06592770706939767,0.06592770706939752,0.06426123502144365,0.6212482450794252,-0.7504503290950897,0.987566742691576,-0.22654074517991973
0.15071731635830335,-1.050958386708453,-0.9812051999424385,1.3085592512632087,-0.45320331259736224,1.3963607145959784,1.3963607145959784,-1.3238310161649984,-0.5019124239907221,-1.1104093734576166,-1.1661254027053516,-0.9108984919135951
-0.7673728381703985,-0.3813053580188047,-0.9114510649415283,-0.6944807242786596,-1.640867104140584,0.06592770706939767,0.06592770706939752,-1.185021791046354,-0.5019124239907221,-1.1104093734576166,-0.8584550962200763,-0.9108984919135951
-0.6004473555288163,1.3329952099081108,2.2424323247424853,1.3776295952474111,1.189731599037428,0.06592770706939767,0.06592770706939752,1.3135442610892414,0.6212482450794252,0.689385848355018,0.987566742691576,1.4843536216542685
-1.351612027415936,0.8255322006946881,2.3370986508151494,0.8596020153658934,-0.547226696094534,-1.2645053004571831,-1.2645053004571831,1.0359258108519531,3.9907302522898678,1.049344892717545,0.6798964362063006,0.7999958749205932
-0.43352187288723415,-0.10262615214044236,-0.4646924383880793,1.6539109711842206,-1.5715867163005628,0.06592770706939767,0.06592770706939752,-0.07454799009720055,-0.5019124239907221,0.3294268039924911,0.06455582323574982,-0.5687196185467573
0.06725457503751228,-0.6175994381177888,-0.87823481017919,0.47971512345278045,1.679642913049007,1.3963607145959784,1.3963607145959784,-0.9074033408090657,-0.5019124239907221,-0.3904912847325628,-0.8584550962200763,-0.9108984919135951
0.5680310229622587,1.336590555167436,1.1745297341333116,1.34309442325531,0.3385725484314523,-1.2645053004571831,-1.2645053004571831,0.8971165857333089,0.6212482450794252,-0.03053224037003586,0.987566742691576,1.142174748287431
-1.6854629926991003,-1.6482251308436877,-0.9562930088706849,-0.5218048643181538,-1.5616895180377026,-1.2645053004571831,-1.2645053004571831,-0.9074033408090657,-0.5019124239907221,-0.3904912847325628,-0.8584550962200763,-0.9108984919135951
0.6514937642830498,-0.10226661761450985,-0.48296137850736526,1.1013482193106017,0.7839464702601605,0.06592770706939767,0.06592770706939752,-0.07454799009720055,-0.5019124239907221,0.689385848355018,-0.5507847897348009,-0.22654074517991973
1.3191956948493784,0.1554397409177888,0.09001901614296895,0.5487854674369828,0.10103979012280795,0.06592770706939767,0.06592770706939752,0.7583073606146646,-0.5019124239907221,0.689385848355018,1.2952370491768512,-0.22654074517991973
-1.6854629926991003,-0.6025389363092821,-0.8832172483935408,0.06529305954756628,0.7938436685230207,0.06592770706939767,0.06592770706939752,-0.9074033408090657,-0.5019124239907221,-0.7504503290950897,-0.5507847897348009,-0.9108984919135951
-0.7673728381703985,-1.2366379952122704,-0.9297200050608143,0.9286723593500957,-1.5072549275919715,0.06592770706939767,0.06592770706939752,-1.04621256592771,-0.5019124239907221,-0.7504503290950897,-1.1661254027053516,-0.5687196185467573
0.5680310229622587,-0.7517857128519372,-0.8632874955361378,0.9286723593500957,-0.18597895950013732,0.06592770706939767,0.06592770706939752,-0.9074033408090657,-0.5019124239907221,-0.7504503290950897,-0.5507847897348009,-0.9108984919135951
1.986897625415707,0.44130963731480155,0.8257590591287605,1.204953735286905,-0.5818668900145446,-1.2645053004571831,-1.2645053004571831,1.5911627113265299,-0.5019124239907221,0.689385848355018,2.2182479686326775,0.7999958749205932
-0.43352187288723415,-1.2377165987900678,-0.9048078139890606,0.2379689195080722,-0.9629090231346615,0.06592770706939767,0.06592770706939752,-0.7685941156904216,-0.5019124239907221,-0.7504503290950897,-0.5507847897348009,-0.5687196185467573
-1.0177610621327717,-0.4025178950488234,-0.7652995439872401,-0.6254103802944573,-0.6511472778545658,0.06592770706939767,0.06592770706939752,-0.7685941156904216,1.7444089141495727,-0.3904912847325628,-0.8584550962200763,-0.5687196185467573
1.0688074708870052,0.08836657769104421,0.12987852185777482,-1.696000712049594,1.4816989477918032,1.3963607145959784,1.3963607145959784,0.8971165857333089,-0.5019124239907221,1.7692629814425989,0.6798964362063006,-0.22654074517991973
1.2357329535285873,0.2199562141823466,-0.32352335564814183,1.4466999392316133,-0.6165070839345552,0.06592770706939767,0.06592770706939752,0.20307046014008784,-0.5019124239907221,1.7692629814425989,-0.5507847897348009,-0.5687196185467573
-1.4350747687367271,-1.02515179740263,-0.9612754470850355,-0.31459383236554667,1.3381895729803306,0.06592770706939767,0.06592770706939752,-1.3238310161649984,1.7444089141495727,-1.1104093734576166,-1.1661254027053516,-0.9108984919135951
2.153823108057289,0.21072816135007857,0.7543441113897332,0.3415744354843757,0.021862204019926494,-1.2645053004571831,-1.2645053004571831,1.729971936445174,-0.5019124239907221,1.7692629814425989,2.2182479686326775,0.11563812818691793
0.4011055403206766,0.635338436476385,1.4170083938983806,1.6193757991921194,1.5608765338946848,0.06592770706939767,0.06592770706939752,1.1747350359705973,-0.5019124239907221,2.129222025805126,0.3722261297210252,0.4578170015537556
-0.8508355794911895,-1.7872051992569362,-0.9762227617280878,0.4106447794685781,1.5608765338946848,0.06592770706939767,0.06592770706939752,-1.3238310161649984,-0.5019124239907221,-1.1104093734576166,-1.1661254027053516,-0.9108984919135951
-0.43352187288723415,1.2346824912058962,2.038152357954105,-1.2125083041601774,1.4421101547403625,-1.2645053004571831,-1.2645053004571831,1.729971936445174,1.7444089141495727,0.3294268039924911,1.6029073556621267,2.1687113683879438
0.7349565056038408,0.07825966268427448,-0.6125047720804844,-1.143437960175975,-1.319208160597628,0.06592770706939767,0.06592770706939752,-0.35216644033448896,-0.5019124239907221,-1.1104093734576166,0.06455582323574982,0.11563812818691793
0.48456828164146765,-1.1643715554998337,-0.9263983795845805,1.6884461431763216,-1.5913811128262831,1.3963607145959784,1.3963607145959784,-0.9074033408090657,-0.5019124239907221,-0.7504503290950897,-0.8584550962200763,-0.5687196185467573
-0.6004473555288163,-0.24723892812663384,-0.1507988308839831,-1.3161138201364808,-0.052366782951524866,1.3963607145959784,1.3963607145959784,0.48068891037737627,0.6212482450794252,0.3294268039924911,0.987566742691576,-0.22654074517991973
-0.43352187288723415,0.17884943338406178,0.6879116018650568,0.09982823153966747,1.0759138190145359,-1.2645053004571831,-1.2645053004571831,0.20307046014008784,-0.5019124239907221,1.049344892717545,-0.5507847897348009,0.11563812818691793
0.6514937642830498,1.0854756629439002,1.2691960602059755,-1.0398324441996714,-1.5963297119577131,-1.2645053004571831,-1.2645053004571831,-0.35216644033448896,-0.5019124239907221,-0.3904912847325628,-0.24311448324952553,-0.22654074517991973
1.4861211774909606,0.20237897069231228,0.6978764782937583,0.4106447794685781,0.6008483023972472,0.06592770706939767,0.06592770706939752,1.4523534862078857,-0.5019124239907221,1.049344892717545,1.2952370491768512,1.142174748287431
0.3176427989998855,-0.3141123499500826,-0.506212756841002,0.8250668433737922,-1.2647735701518972,0.06592770706939767,0.06592770706939752,-0.21335721521584475,-0.5019124239907221,-0.03053224037003586,0.06455582323574982,-0.5687196185467573
1.0688074708870052,0.08836657769104421,0.12987852185777482,-1.696000712049594,1.4816989477918032,1.3963607145959784,1.3963607145959784,0.8971165857333089,-0.5019124239907221,1.7692629814425989,0.6798964362063006,-0.22654074517991973
0.3176427989998855,0.2938605334018091,-0.1773718346938537,0.8596020153658934,1.30354937906032,0.06592770706939767,0.06592770706939752,0.48068891037737627,0.6212482450794252,1.409303937080072,0.3722261297210252,-0.5687196185467573
-2.1027766993030554,1.1364097207843407,0.6613385980551862,0.20343374751597101,1.5955167278146953,-1.2645053004571831,-1.2645053004571831,1.0359258108519531,-0.5019124239907221,0.689385848355018,1.2952370491768512,0.4578170015537556
-0.43352187288723415,-0.4751438692871925,-0.6440602141047056,-0.03831245642873724,-0.4680491099916525,0.06592770706939767,0.06592770706939752,-0.35216644033448896,-0.5019124239907221,-0.03053224037003586,-0.24311448324952553,-0.5687196185467573
-0.266596390245652,0.4183393759357794,0.00033512828465576616,0.13436340353176865,0.2396005658028505,0.06592770706939767,0.06592770706939752,0.7583073606146646,-0.5019124239907221,-0.03053224037003586,1.910577662147402,-0.22654074517991973
0.06725457503751228,-0.1299507761113139,-0.8815564356554239,-1.2470434761522784,0.026810803151356585,0.06592770706939767,0.06592770706939752,-1.04621256592771,-0.5019124239907221,-1.1104093734576166,-0.8584550962200763,-0.5687196185467573
0.06725457503751228,-0.6757641347575387,-0.8300712407737997,-0.5218048643181538,1.5955167278146953,2.7267937221225593,2.726793722122559,-0.9074033408090657,-0.5019124239907221,-0.7504503290950897,-0.5507847897348009,-0.9108984919135951
1.7365094014533338,0.9948729624089052,0.6380872197215495,0.16889857552386983,0.20990897101426995,-1.2645053004571831,-1.2645053004571831,0.48068891037737627,-0.5019124239907221,-0.03053224037003586,0.6798964362063006,0.4578170015537556
-0.016208166283278792,1.1752394495850529,0.815794182700059,0.6869261554053875,-0.9678576222660917,-1.2645053004571831,-1.2645053004571831,0.341879685258732,-0.5019124239907221,-0.3904912847325628,0.6798964362063006,0.4578170015537556
-2.2697021819446377,-1.5107231488148283,-0.9795443872043216,1.1013482193106017,-1.096521199683274,-1.2645053004571831,-1.2645053004571831,-1.3238310161649984,0.6212482450794252,-1.1104093734576166,-1.1661254027053516,-0.9108984919135951
-0.43352187288723415,-1.2826584145316329,-0.9496497579182173,1.7229813151684228,-1.2350819753633167,-1.2645053004571831,-1.2645053004571831,-1.185021791046354,-0.5019124239907221,-1.1104093734576166,-0.8584550962200763,-0.9108984919135951
-1.7689257340198914,0.8779043966388586,1.8355332039038421,-1.5923951960732903,1.575722331288975,-1.2645053004571831,-1.2645053004571831,0.341879685258732,-0.5019124239907221,1.409303937080072,-0.24311448324952553,-0.22654074517991973
0.9853447295662141,0.5787716710630018,-0.27868141171898525,0.4106447794685781,-0.9183716309517908,1.3963607145959784,1.3963607145959784,0.20307046014008784,0.6212482450794252,1.409303937080072,-0.5507847897348009,-0.22654074517991973
-0.8508355794911895,-1.1390842938425798,-0.8815564356554239,0.5487854674369828,0.9076614485459128,0.06592770706939767,0.06592770706939752,-1.04621256592771,-0.5019124239907221,-0.7504503290950897,-0.8584550962200763,-0.9108984919135951
0.7349565056038408,-0.19514637014707756,-0.6324345249378872,1.5157702832158158,-0.6214556830659853,0.06592770706939767,0.06592770706939752,-0.35216644033448896,-0.5019124239907221,-0.7504503290950897,0.06455582323574982,-0.22654074517991973
1.4026584361701695,-0.750787005835458,-0.9762227617280878,-0.8671565842391655,1.2342689912202987,1.3963607145959784,1.3963607145959784,-1.3238310161649984,-0.5019124239907221,-1.1104093734576166,-1.1661254027053516,-0.9108984919135951
-1.0177610621327717,0.08580988772885739,-0.2255354040992441,-1.4197193361127844,0.269292160591431,0.06592770706939767,0.06592770706939752,0.341879685258732,-0.5019124239907221,-0.3904912847325628,1.2952370491768512,-0.22654074517991973
-1.0177610621327717,-0.9478918226077974,-0.8549834318455533,0.790531671381691,0.43754453106005414,1.3963607145959784,1.3963607145959784,-0.9074033408090657,-0.5019124239907221,-0.7504503290950897,-0.5507847897348009,-0.9108984919135951
-1.8523884753406823,1.5340149581850488,3.1874347727310077,-0.6944807242786596,-1.0767268031575536,-1.2645053004571831,-1.2645053004571831,0.6194981354960204,0.6212482450794252,-0.3904912847325628,1.2952370491768512,0.4578170015537556
1.5695839188117515,-0.16650345291445345,-0.16906777100326914,-0.556340036310255,0.8829184528887623,0.06592770706939767,0.06592770706939752,0.48068891037737627,-0.5019124239907221,1.409303937080072,0.06455582323574982,-0.22654074517991973
0.9853447295662141,-0.3634484765641562,-0.6158263975567182,0.6523909834132863,0.9225072459402031,0.06592770706939767,0.06592770706939752,-0.35216644033448896,-0.5019124239907221,-0.03053224037003586,-0.24311448324952553,-0.5687196185467573
0.6514937642830498,0.10870025254656118,1.0400039023458418,0.20343374751597101,0.8532268581001817,0.06592770706939767,0.06592770706939752,0.7583073606146646,1.7444089141495727,1.7692629814425989,-0.5507847897348009,0.7999958749205932
0.901881988245423,-1.485355990596256,-0.859965870059904,0.9286723593500957,0.3385725484314523,1.3963607145959784,1.3963607145959784,-0.7685941156904216,-0.5019124239907221,-0.7504503290950897,-0.8584550962200763,-0.22654074517991973
-0.18313364892486095,-1.0100513473134642,-0.9778835744662047,-1.1089027881838738,-1.4924091301976814,0.06592770706939767,0.06592770706939752,-1.3238310161649984,-0.5019124239907221,-1.1104093734576166,-1.1661254027053516,-0.9108984919135951
-1.351612027415936,-1.1948920419234388,-0.9662578852993863,1.550305455207917,-0.11174997252868596,0.06592770706939767,0.06592770706939752,-1.185021791046354,-0.5019124239907221,-1.1104093734576166,-0.8584550962200763,-0.9108984919135951
0.3176427989998855,-0.31339328089821755,-0.9064686267271775,1.2740240792711075,-0.21072195515728778,1.3963607145959784,1.3963607145959784,-1.04621256592771,-0.5019124239907221,-1.1104093734576166,-0.5507847897348009,-0.9108984919135951
1.4026584361701695,0.3899760966677695,0.6879116018650568,-0.8326214122470643,-0.22556775255157804,0.06592770706939767,0.06592770706939752,1.729971936445174,0.6212482450794252,0.689385848355018,2.2182479686326775,1.142174748287431
0.5680310229622587,-0.8285663082788598,-0.748691416606071,-0.9362269282233678,1.0709652198831057,0.06592770706939767,0.06592770706939752,-0.6297848905717773,-0.5019124239907221,-0.3904912847325628,-0.5507847897348009,-0.5687196185467573
-0.43352187288723415,-0.253430911628805,-0.9214159413702298,-1.1779731321680762,-1.1460071909975749,1.3963607145959784,1.3963607145959784,-1.185021791046354,-0.5019124239907221,-1.1104093734576166,-0.8584550962200763,-0.9108984919135951
-0.09967090760406987,1.052278641716131,2.0032752904536504,-0.48726969232605255,0.9917876337802243,-1.2645053004571831,-1.2645053004571831,0.341879685258732,0.6212482450794252,0.3294268039924911,-0.5507847897348009,1.142174748287431
-0.016208166283278792,0.6044584155268474,1.4203300193746144,1.1013482193106017,1.1649886033802774,0.06592770706939767,0.06592770706939752,1.1747350359705973,2.86756958321972,1.049344892717545,1.2952370491768512,0.4578170015537556
0.7349565056038408,0.2462022345754206,-0.8466793681549687,0.20343374751597101,-1.4033343458319396,0.06592770706939767,0.06592770706939752,-1.04621256592771,-0.5019124239907221,-1.1104093734576166,-1.1661254027053516,-0.22654074517991973
1.4026584361701695,0.40224021883013433,-0.7403873529154864,1.550305455207917,-1.096521199683274,0.06592770706939767,0.06592770706939752,-0.6297848905717773,-0.5019124239907221,-0.03053224037003586,-0.5507847897348009,-0.9108984919135951
-0.016208166283278792,-0.34343438795391257,-0.7752644204159416,0.030757887555465113,0.3930071388771833,1.3963607145959784,1.3963607145959784,-0.7685941156904216,-0.5019124239907221,-0.7504503290950897,-0.5507847897348009,-0.5687196185467573
0.06725457503751228,0.4635208813612995,0.5019005751959629,0.5142502954448817,0.3979557380086134,0.06592770706939767,0.06592770706939752,1.1747350359705973,-0.5019124239907221,1.7692629814425989,0.987566742691576,0.11563812818691793
0.3176427989998855,-0.2136024758116136,-0.7021886599387975,1.4466999392316133,-0.2602079464715887,0.06592770706939767,0.06592770706939752,-0.7685941156904216,-0.5019124239907221,-0.7504503290950897,-0.5507847897348009,-0.5687196185467573
-0.016208166283278792,0.7131976354811052,0.9220861979395413,-1.3161138201364808,0.5018763197686453,0.06592770706939767,0.06592770706939752,0.6194981354960204,0.6212482450794252,0.3294268039924911,1.2952370491768512,-0.22654074517991973
-0.266596390245652,1.0321447082639097,0.6347655942453156,0.790531671381691,-1.3291053588604884,-1.2645053004571831,-1.2645053004571831,0.06426123502144365,-0.5019124239907221,-0.3904912847325628,-0.24311448324952553,0.7999958749205932
0.6514937642830498,0.2774817383315498,0.7742738642471362,-1.4887896800969866,1.5064419434489538,0.06592770706939767,0.06592770706939752,1.5911627113265299,-0.5019124239907221,0.689385848355018,1.910577662147402,1.142174748287431
-0.6839100968496074,0.10270801044768585,-0.7171359745818497,-1.696000712049594,-0.3096939377858896,1.3963607145959784,1.3963607145959784,-0.6297848905717773,-0.5019124239907221,-0.7504503290950897,-0.24311448324952553,-0.5687196185467573
0.818419246924632,0.23469712974557994,0.25277866447842623,0.583320639429084,0.8235352633116012,0.06592770706939767,0.06592770706939752,0.8971165857333089,-0.5019124239907221,1.7692629814425989,0.6798964362063006,-0.22654074517991973
0.901881988245423,-0.03299629895151095,-0.6822589070813946,-0.24552348838134433,-0.8589884413746297,0.06592770706939767,0.06592770706939752,-0.49097566545313315,-0.5019124239907221,-0.3904912847325628,-0.5507847897348009,-0.22654074517991973
-0.8508355794911895,-1.476127937763988,-0.954632196132568,0.37610960747647687,1.353035370374621,0.06592770706939767,0.06592770706939752,-1.185021791046354,1.7444089141495727,-1.1104093734576166,-1.1661254027053516,-0.5687196185467573
0.9853447295662141,0.5751763258036766,0.7942036171045391,0.5142502954448817,-0.18597895950013732,-1.2645053004571831,-1.2645053004571831,0.48068891037737627,-0.5019124239907221,-0.3904912847325628,0.987566742691576,0.4578170015537556
1.0688074708870052,-0.05085318040615945,0.13153933459589173,1.3085592512632087,0.6948716858944188,0.06592770706939767,0.06592770706939752,0.8971165857333089,0.6212482450794252,2.129222025805126,-0.24311448324952553,0.4578170015537556
0.3176427989998855,1.293526308616852,1.7707615071172826,1.6193757991921194,-0.6659930752488561,-1.2645053004571831,-1.2645053004571831,1.729971936445174,0.6212482450794252,0.689385848355018,1.2952370491768512,2.1687113683879438
-1.7689257340198914,-1.3537264058242944,-0.934702443275165,-1.6614655400574927,-0.547226696094534,-1.2645053004571831,-1.2645053004571831,-1.04621256592771,-0.5019124239907221,-0.7504503290950897,-0.8584550962200763,-0.9108984919135951
0.9853447295662141,-0.4708694032566614,-0.9247375668464636,0.16889857552386983,-1.091572600551844,1.3963607145959784,1.3963607145959784,-1.185021791046354,0.6212482450794252,-1.1104093734576166,-1.1661254027053516,-0.5687196185467573
0.3176427989998855,-0.6360155955016656,-0.785229296844643,0.13436340353176865,0.24454916493428058,0.06592770706939767,0.06592770706939752,-0.7685941156904216,-0.5019124239907221,-0.3904912847325628,-0.5507847897348009,-0.9108984919135951
0.9853447295662141,-0.4004805327352058,-0.40324236707775357,1.6193757991921194,-0.4631005108602224,0.06592770706939767,0.06592770706939752,0.06426123502144365,0.6212482450794252,0.3294268039924911,0.3722261297210252,-0.5687196185467573
1.1522702122077961,0.5397022525783346,-0.10097444874047579,0.30703926349227456,0.42764733279719397,0.06592770706939767,0.06592770706939752,0.48068891037737627,-0.5019124239907221,-0.7504503290950897,1.2952370491768512,0.4578170015537556
-0.266596390245652,0.9909580309043067,0.7626481750803178,-1.2815786481443796,-0.5373294978316737,0.06592770706939767,0.06592770706939752,2.2852088369197507,0.6212482450794252,1.049344892717545,1.6029073556621267,2.853069115121619
-0.016208166283278792,0.9060279862229135,2.3935662839111242,0.9977427033342982,0.595899703265817,-1.2645053004571831,-1.2645053004571831,1.0359258108519531,0.6212482450794252,0.3294268039924911,0.06455582323574982,2.1687113683879438
-0.266596390245652,0.1790891230680168,-0.5145168205315865,0.5142502954448817,1.249114788614589,1.3963607145959784,1.3963607145959784,-0.35216644033448896,-0.5019124239907221,-0.03053224037003586,-0.24311448324952553,-0.5687196185467573
-0.5169846142080252,-0.40259779161014175,-0.7736036076778247,-0.7980862402549632,0.06145099707136722,1.3963607145959784,1.3963607145959784,-0.7685941156904216,0.6212482450794252,-0.7504503290950897,-0.5507847897348009,-0.5687196185467573
0.3176427989998855,0.372358904897076,-0.12588663981222944,-1.4197193361127844,-0.032572386425804505,0.06592770706939767,0.06592770706939752,0.48068891037737627,-0.5019124239907221,-0.03053224037003586,1.2952370491768512,-0.22654074517991973
0.48456828164146765,-0.7433965739135118,-0.7536738548204217,-0.0037772844366360664,1.6647971156547166,1.3963607145959784,1.3963607145959784,-0.6297848905717773,-0.5019124239907221,-0.3904912847325628,-0.5507847897348009,-0.5687196185467573
-1.8523884753406823,0.6569105080323362,1.6478613644966313,0.2379689195080722,-0.4334089160716419,-1.2645053004571831,-1.2645053004571831,1.4523534862078857,-0.5019124239907221,-0.03053224037003586,1.2952370491768512,2.1687113683879438
0.48456828164146765,-0.7135152599804534,-0.8167847388688644,0.20343374751597101,0.8532268581001817,0.06592770706939767,0.06592770706939752,-0.9074033408090657,-0.5019124239907221,-0.7504503290950897,-1.1661254027053516,-0.22654074517991973
-1.4350747687367271,-1.729679675107733,-0.8383753044643842,-0.8326214122470643,1.5955167278146953,0.06592770706939767,0.06592770706939752,-0.7685941156904216,-0.5019124239907221,-0.3904912847325628,-0.8584550962200763,-0.5687196185467573
-0.3500591315664431,-1.0390537990720208,-0.9645970725612694,0.030757887555465113,-0.3641285282316206,0.06592770706939767,0.06592770706939752,-1.3238310161649984,-0.5019124239907221,-1.1104093734576166,-1.1661254027053516,-0.9108984919135951
0.9853447295662141,1.0010649459110763,0.30426385936005046,1.204953735286905,0.8185866641801711,-1.2645053004571831,-1.2645053004571831,1.1747350359705973,0.6212482450794252,0.3294268039924911,0.987566742691576,1.4843536216542685
-1.0177610621327717,-0.48045699061486197,-0.8616266827980209,-0.6599455522865585,-0.09690417513439568,1.3963607145959784,1.3963607145959784,-1.04621256592771,0.6212482450794252,-0.7504503290950897,-1.1661254027053516,-0.5687196185467573
0.901881988245423,-0.751026695519413,-0.8566442445836702,1.1013482193106017,-0.3641285282316206,1.3963607145959784,1.3963607145959784,-0.7685941156904216,-0.5019124239907221,-0.7504503290950897,-0.5507847897348009,-0.5687196185467573
0.818419246924632,0.9105820902180588,1.0117700857978544,0.8596020153658934,0.3633155440886028,0.06592770706939767,0.06592770706939752,0.7583073606146646,-0.5019124239907221,0.3294268039924911,0.987566742691576,0.4578170015537556
1.1522702122077961,0.36137312771580454,0.3408017395986225,0.9286723593500957,-0.4631005108602224,-1.2645053004571831,-1.2645053004571831,1.1747350359705973,0.6212482450794252,2.489181070167653,0.6798964362063006,-0.22654074517991973
-1.4350747687367271,-1.1872619203175376,-0.9048078139890606,-0.4527345203339514,1.29365218079746,0.06592770706939767,0.06592770706939752,-1.04621256592771,1.7444089141495727,-0.7504503290950897,-1.1661254027053516,-0.5687196185467573
-0.5169846142080252,0.0995520962756115,-0.3334882320768433,0.5142502954448817,-0.17608176123727715,0.06592770706939767,0.06592770706939752,0.06426123502144365,-0.5019124239907221,-0.03053224037003586,0.6798964362063006,-0.5687196185467573
1.1522702122077961,-0.55072601629434,-0.8865388738697746,0.44517995146067924,-1.2994137640719077,1.3963607145959784,1.3963607145959784,-0.9074033408090657,-0.5019124239907221,-0.3904912847325628,-0.8584550962200763,-0.9108984919135951
-0.18313364892486095,-0.31227472903976083,-0.6922237835100961,0.13436340353176865,0.7196146815515693,1.3963607145959784,1.3963607145959784,-0.49097566545313315,-0.5019124239907221,0.3294268039924911,-0.5507847897348009,-0.9108984919135951
-1.4350747687367271,-0.5609128278624281,-0.9396848814895158,1.2740240792711075,0.05650239793993713,0.06592770706939767,0.06592770706939752,-1.185021791046354,-0.5019124239907221,-1.1104093734576166,-0.8584550962200763,-0.9108984919135951
-0.7673728381703985,-0.4095487924448371,-0.9014861885128268,-1.1779731321680762,-1.0569324066318333,0.06592770706939767,0.06592770706939752,-0.7685941156904216,-0.5019124239907221,-0.3904912847325628,-0.5507847897348009,-0.9108984919135951
-1.1846865447743538,-0.9512075299025085,-0.9197551286321128,0.6178558114211852,0.5513623110829462,0.06592770706939767,0.06592770706939752,-1.04621256592771,-0.5019124239907221,-0.7504503290950897,-0.8584550962200763,-0.9108984919135951
-0.6004473555288163,-0.5929513489510816,-0.9413456942276327,-0.07284762842083842,-1.4627175354091007,0.06592770706939767,0.06592770706939752,-1.185021791046354,-0.5019124239907221,-1.1104093734576166,-0.8584550962200763,-0.9108984919135951
-0.18313364892486095,0.4987153166220273,0.330836863169921,-0.07284762842083842,-1.581483914563423,0.06592770706939767,0.06592770706939752,1.1747350359705973,-0.5019124239907221,1.409303937080072,1.6029073556621267,-0.22654074517991973
1.0688074708870052,0.12028525393772017,-0.7902117350589938,1.1013482193106017,-1.3884885484376495,0.06592770706939767,0.06592770706939752,-0.7685941156904216,-0.5019124239907221,-0.7504503290950897,-0.5507847897348009,-0.5687196185467573
-0.266596390245652,1.3050314134466927,1.7026681848544893,1.6884461431763216,-0.42351171780878166,-1.2645053004571831,-1.2645053004571831,1.4523534862078857,2.86756958321972,0.3294268039924911,1.910577662147402,1.142174748287431
-1.6854629926991003,-0.9406611838084878,-0.9496497579182173,0.2379689195080722,0.031759402282786675,0.06592770706939767,0.06592770706939752,-1.185021791046354,-0.5019124239907221,-1.1104093734576166,-0.8584550962200763,-0.9108984919135951
1.4026584361701695,-0.32058397141686795,-0.7536738548204217,-0.03831245642873724,-0.7006332691688668,1.3963607145959784,1.3963607145959784,-0.6297848905717773,-0.5019124239907221,-0.7504503290950897,-0.24311448324952553,-0.5687196185467573
-1.2681492860951449,-1.0598668532954478,-0.971240323513737,-1.0743676161917726,-0.9480632257403713,0.06592770706939767,0.06592770706939752,-1.185021791046354,-0.5019124239907221,-1.1104093734576166,-0.8584550962200763,-0.9108984919135951
0.15071731635830335,0.27260804809113126,-0.8881996866078915,0.8596020153658934,-0.4185631186773516,2.7267937221225593,2.726793722122559,-1.04621256592771,-0.5019124239907221,-0.7504503290950897,-0.8584550962200763,-0.9108984919135951
0.5680310229622587,0.9741797530274556,0.4869532605529106,0.6523909834132863,-1.5715867163005628,0.06592770706939767,0.06592770706939752,1.3135442610892414,0.6212482450794252,0.3294268039924911,0.3722261297210252,2.5108902417547814
1.819972142774125,0.5497692193044451,0.1747204657869314,-0.4527345203339514,-1.4033343458319396,-1.2645053004571831,-1.2645053004571831,-0.49097566545313315,-0.5019124239907221,-1.1104093734576166,-0.24311448324952553,0.11563812818691793
-0.7673728381703985,-0.9809290507129301,-0.42317211993515647,1.4121647672395123,1.6845915121804371,0.06592770706939767,0.06592770706939752,-0.07454799009720055,-0.5019124239907221,0.689385848355018,-0.5507847897348009,-0.22654074517991973
-0.18313364892486095,-2.017706778660341,-0.9928308891092569,0.5487854674369828,-1.5418951215119823,-1.2645053004571831,-1.2645053004571831,-1.7402586915209308,-0.5019124239907221,-1.4703684178201437,-1.7814660156759023,-0.9108984919135951
-1.9358512166614734,-1.7872051992569362,-0.8084806751782798,0.47971512345278045,1.085811017277396,0.06592770706939767,0.06592770706939752,-0.7685941156904216,-0.5019124239907221,-0.3904912847325628,-1.1661254027053516,-0.22654074517991973
0.06725457503751228,-0.46807302361051956,-0.971240323513737,1.1358833913027029,0.47713332411149484,1.3963607145959784,1.3963607145959784,-1.3238310161649984,-0.5019124239907221,-1.4703684178201437,-1.1661254027053516,-0.5687196185467573
-0.3500591315664431,-1.2707937751758598,-0.989509263633023,0.47971512345278045,-1.2697221692833272,0.06592770706939767,0.06592770706939752,-1.3238310161649984,-0.5019124239907221,-1.1104093734576166,-1.1661254027053516,-0.9108984919135951
-0.5169846142080252,0.5140554563951482,0.6098534031735621,0.20343374751597101,-1.5715867163005628,0.06592770706939767,0.06592770706939752,1.5911627113265299,0.6212482450794252,1.409303937080072,2.2182479686326775,0.11563812818691793
0.3176427989998855,0.7083239452406865,1.5448909747333828,0.5142502954448817,-0.23546495081443822,-1.2645053004571831,-1.2645053004571831,-0.07454799009720055,2.86756958321972,-0.03053224037003586,0.06455582323574982,-0.22654074517991973
1.4026584361701695,0.6070151054890343,0.6414088451977833,0.06529305954756628,-0.027623787294374414,1.3963607145959784,1.3963607145959784,1.5911627113265299,0.6212482450794252,0.689385848355018,2.2182479686326775,0.7999958749205932
0.15071731635830335,1.0198006895402265,1.5332652855665645,1.6539109711842206,0.6849744876315587,0.06592770706939767,0.06592770706939752,2.7016365122756834,1.7444089141495727,2.489181070167653,1.6029073556621267,2.5108902417547814
-0.266596390245652,0.8979584335297613,0.42218156376635113,1.4812351112237145,-0.3146425369173197,0.06592770706939767,0.06592770706939752,0.341879685258732,-0.5019124239907221,1.049344892717545,-0.24311448324952553,0.11563812818691793
0.48456828164146765,0.6343796777405649,0.535116829958301,0.06529305954756628,-0.49279210564880294,0.06592770706939767,0.06592770706939752,1.1747350359705973,-0.5019124239907221,1.409303937080072,-0.5507847897348009,2.1687113683879438
-0.09967090760406987,0.1166499603977358,-0.31189766648132344,0.790531671381691,1.7093345078375874,1.3963607145959784,1.3963607145959784,0.20307046014008784,0.6212482450794252,1.049344892717545,-0.24311448324952553,-0.22654074517991973
1.1522702122077961,0.42880582546848167,-0.03122031373956554,-0.3491290043576479,1.689540111311867,0.06592770706939767,0.06592770706939752,0.20307046014008784,0.6212482450794252,1.049344892717545,-0.8584550962200763,0.4578170015537556
-0.5169846142080252,0.8769456379030386,0.05846357411874764,-0.0037772844366360664,-1.5122035267234017,0.06592770706939767,0.06592770706939752,0.6194981354960204,-0.5019124239907221,-0.03053224037003586,1.6029073556621267,-0.22654074517991973
-0.6004473555288163,-0.5146127705784513,-0.9679186980375032,-0.970762100215469,-1.2449791736261768,1.3963607145959784,1.3963607145959784,-1.3238310161649984,0.6212482450794252,-1.1104093734576166,-1.1661254027053516,-0.9108984919135951
-0.016208166283278792,0.9753382531665716,2.7788748391542475,1.4466999392316133,-0.18103036036870723,-1.2645053004571831,-1.2645053004571831,1.3135442610892414,1.7444089141495727,-0.03053224037003586,1.6029073556621267,1.4843536216542685
-0.3500591315664431,-0.6542719597629059,-0.9247375668464636,-0.4181993483418502,-1.5468437206434122,1.3963607145959784,1.3963607145959784,-1.185021791046354,0.6212482450794252,-1.1104093734576166,-1.1661254027053516,-0.5687196185467573
-1.1846865447743538,1.535972423937348,1.9484684700957922,1.6884461431763216,0.24454916493428058,-1.2645053004571831,-1.2645053004571831,0.48068891037737627,1.7444089141495727,0.689385848355018,0.6798964362063006,-0.22654074517991973
-1.1012238034535626,0.8473839102152535,1.9899887885487149,1.2394889072790063,-0.7303248639574473,-1.2645053004571831,-1.2645053004571831,1.8687811615638181,1.7444089141495727,1.049344892717545,1.6029073556621267,1.8265324950211062
0.7349565056038408,-0.8302840843472041,-0.9263983795845805,-0.31459383236554667,0.021862204019926494,1.3963607145959784,1.3963607145959784,-1.04621256592771,-0.5019124239907221,-0.7504503290950897,-0.8584550962200763,-0.9108984919135951
1.4026584361701695,-0.20369530220813972,-0.8682699337504886,-1.6269303680653915,-1.1806473849175856,1.3963607145959784,1.3963607145959784,-1.04621256592771,0.6212482450794252,-0.7504503290950897,-1.1661254027053516,-0.5687196185467573
-0.5169846142080252,1.2620071151767678,2.086315927359496,0.9977427033342982,-0.44330611433450207,-1.2645053004571831,-1.2645053004571831,0.6194981354960204,3.9907302522898678,-0.03053224037003586,0.06455582323574982,1.4843536216542685
0.48456828164146765,0.045542020824415136,0.3109071103125181,-0.2800586603734455,1.4322129564775024,1.3963607145959784,1.3963607145959784,0.8971165857333089,0.6212482450794252,1.7692629814425989,0.06455582323574982,0.4578170015537556
-0.09967090760406987,-1.301593899564079,-0.8666091210123716,1.550305455207917,0.75425487547158,0.06592770706939767,0.06592770706939752,-0.9074033408090657,-0.5019124239907221,-0.7504503290950897,-0.8584550962200763,-0.5687196185467573
1.7365094014533338,-0.2660146200364432,-0.7021886599387975,-1.350648992128582,-0.20082475689442758,0.06592770706939767,0.06592770706939752,-0.49097566545313315,-0.5019124239907221,-0.03053224037003586,-0.5507847897348009,-0.5687196185467573
0.901881988245423,1.3281614679483513,1.2907866258014955,0.8250668433737922,-1.7101474919806052,-1.2645053004571831,-1.2645053004571831,0.7583073606146646,-0.5019124239907221,0.689385848355018,0.06455582323574982,1.142174748287431
2.070360366736498,0.1485286883637526,0.6530345343646017,-0.9362269282233678,-1.3390025571233486,-1.2645053004571831,-1.2645053004571831,0.20307046014008784,0.6212482450794252,1.049344892717545,-0.5507847897348009,0.11563812818691793
0.48456828164146765,0.4775027795920086,0.36405311793225925,-0.6599455522865585,0.8383810607058915,0.06592770706939767,0.06592770706939752,1.1747350359705973,-0.5019124239907221,0.3294268039924911,2.2182479686326775,0.11563812818691793
-0.266596390245652,-0.5365044283796759,-0.5975574574374322,-0.970762100215469,1.575722331288975,0.06592770706939767,0.06592770706939752,-0.35216644033448896,1.7444089141495727,0.3294268039924911,-0.5507847897348009,-0.5687196185467573
0.23418005767909442,0.19754522873255284,0.006978379237123409,0.06529305954756628,0.5612595093458064,1.3963607145959784,1.3963607145959784,0.6194981354960204,-0.5019124239907221,1.7692629814425989,0.3722261297210252,-0.5687196185467573
0.06725457503751228,-1.1381255351067598,-0.8798956229173069,1.6539109711842206,1.145194206854557,0.06592770706939767,0.06592770706939752,-0.9074033408090657,-0.5019124239907221,-0.7504503290950897,-0.8584550962200763,-0.5687196185467573
-0.18313364892486095,0.5618735483441734,1.129687790204155,0.2379689195080722,0.6651800911058383,0.06592770706939767,0.06592770706939752,0.7583073606146646,0.6212482450794252,-0.3904912847325628,1.6029073556621267,0.4578170015537556
-0.5169846142080252,-0.5940299525288791,-0.9562930088706849,-1.557860024081189,-0.7847594544031783,0.06592770706939767,0.06592770706939752,-1.3238310161649984,0.6212482450794252,-1.1104093734576166,-1.1661254027053516,-0.9108984919135951
0.4011055403206766,-0.45692745330661144,-0.8416969299406181,0.9632075313421969,0.9423016424659234,2.7267937221225593,2.726793722122559,-0.9074033408090657,-0.5019124239907221,-0.3904912847325628,-0.8584550962200763,-0.9108984919135951
-0.7673728381703985,0.7833468163186058,0.9735713928211654,1.5848406272000182,1.4470587538717927,-1.2645053004571831,-1.2645053004571831,1.3135442610892414,0.6212482450794252,0.689385848355018,0.987566742691576,1.4843536216542685
-0.5169846142080252,-0.24324410006071695,-0.4049031798158705,-0.4527345203339514,-0.7006332691688668,0.06592770706939767,0.06592770706939752,0.06426123502144365,-0.5019124239907221,0.3294268039924911,0.3722261297210252,-0.5687196185467573
-1.1846865447743538,1.0565930560273211,2.531413741174828,-1.2470434761522784,1.6598485165232866,-1.2645053004571831,-1.2645053004571831,0.7583073606146646,1.7444089141495727,-0.03053224037003586,0.6798964362063006,1.142174748287431
-0.18313364892486095,-0.12463765478364444,1.0350214641314912,1.4121647672395123,1.6153111243404157,-1.2645053004571831,-1.2645053004571831,1.8687811615638181,2.86756958321972,1.7692629814425989,1.2952370491768512,1.4843536216542685
0.9853447295662141,-0.5834436581541994,-0.9430065069657496,-0.0037772844366360664,1.4520073530032227,1.3963607145959784,1.3963607145959784,-1.185021791046354,-0.5019124239907221,-1.1104093734576166,-0.8584550962200763,-0.9108984919135951
1.4861211774909606,-0.4981940272275329,-0.20062321302749045,-1.0743676161917726,-0.052366782951524866,-1.2645053004571831,-1.2645053004571831,0.341879685258732,-0.5019124239907221,1.049344892717545,0.3722261297210252,-0.5687196185467573
1.4861211774909606,-1.00833357124512,-0.2853246626714529,1.3776295952474111,1.2243717929574385,-1.2645053004571831,-1.2645053004571831,-0.21335721521584475,-0.5019124239907221,-0.03053224037003586,-0.24311448324952553,-0.22654074517991973
-0.09967090760406987,-0.7291350377181884,-0.9330416305370481,-0.21098831638924315,0.5860025050029568,0.06592770706939767,0.06592770706939752,-1.185021791046354,-0.5019124239907221,-1.1104093734576166,-0.8584550962200763,-0.9108984919135951
-0.266596390245652,0.19386998691190932,-0.1823542729082044,1.1358833913027029,1.135297008591697,0.06592770706939767,0.06592770706939752,0.48068891037737627,1.7444089141495727,1.7692629814425989,-0.24311448324952553,-0.22654074517991973
-0.016208166283278792,-0.21599937265116373,-0.8765739974410731,1.204953735286905,0.16042297969996905,1.3963607145959784,1.3963607145959784,-1.04621256592771,-0.5019124239907221,-1.1104093734576166,-1.1661254027053516,-0.22654074517991973
-0.266596390245652,1.2349221808898512,2.8901492926080805,1.0668130473185005,0.7443576772087198,-1.2645053004571831,-1.2645053004571831,1.3135442610892414,3.9907302522898678,0.3294268039924911,1.2952370491768512,1.4843536216542685
-0.18313364892486095,0.011705827106099064,0.312567923050635,0.6523909834132863,0.9521988407287836,-1.2645053004571831,-1.2645053004571831,0.8971165857333089,-0.5019124239907221,1.049344892717545,1.2952370491768512,-0.22654074517991973
1.0688074708870052,-1.4572723492928603,-0.9778835744662047,-1.2815786481443796,-0.28000234299730903,-1.2645053004571831,-1.2645053004571831,-1.3238310161649984,-0.5019124239907221,-1.1104093734576166,-1.1661254027053516,-0.9108984919135951
-0.18313364892486095,-1.1758367120490152,-0.9629362598231525,0.8941371873579945,-0.10185277426582577,0.06592770706939767,0.06592770706939752,-1.185021791046354,-0.5019124239907221,-0.7504503290950897,-1.1661254027053516,-0.9108984919135951
-0.3500591315664431,-0.3670438218234814,-0.8798956229173069,-1.350648992128582,-1.2400305744947466,0.06592770706939767,0.06592770706939752,-0.9074033408090657,-0.5019124239907221,-0.7504503290950897,-0.5507847897348009,-0.9108984919135951
-0.6839100968496074,-0.36916108069841735,-0.9812051999424385,1.4466999392316133,-0.7402220622203075,1.3963607145959784,1.3963607145959784,-1.3238310161649984,-0.5019124239907221,-1.1104093734576166,-1.1661254027053516,-0.9108984919135951
0.48456828164146765,-0.13262731091547822,-0.9031470012509437,-0.970762100215469,-1.363745552780499,1.3963607145959784,1.3963607145959784,-1.04621256592771,-0.5019124239907221,-1.1104093734576166,-0.5507847897348009,-0.9108984919135951
1.2357329535285873,0.31139782861118426,-0.6772764688670438,-0.7290158962707608,-1.2944651649404777,0.06592770706939767,0.06592770706939752,-0.6297848905717773,-0.5019124239907221,-0.7504503290950897,-0.24311448324952553,-0.5687196185467573
-0.7673728381703985,-0.7268579857206158,-0.9247375668464636,1.6539109711842206,-0.5274322995688135,0.06592770706939767,0.06592770706939752,-1.185021791046354,-0.5019124239907221,-0.7504503290950897,-1.1661254027053516,-0.9108984919135951
0.23418005767909442,0.22263274898651092,0.32585442495557027,-0.0037772844366360664,0.08124539359708759,0.06592770706939767,0.06592770706939752,1.0359258108519531,0.6212482450794252,1.049344892717545,1.6029073556621267,-0.22654074517991973
1.9034348840949158,1.0518791589095393,1.877053522356765,-1.2125083041601774,-1.1064183979461342,-1.2645053004571831,-1.2645053004571831,0.20307046014008784,1.7444089141495727,-0.03053224037003586,-0.5507847897348009,1.142174748287431
-0.7673728381703985,-1.7872051992569362,-0.9114510649415283,-1.5233248520890879,0.9670446381230738,1.3963607145959784,1.3963607145959784,-0.9074033408090657,-0.5019124239907221,-0.7504503290950897,-0.8584550962200763,-0.5687196185467573
-0.18313364892486095,4.214344849011987,-0.9081294394652945,-0.4181993483418502,0.1802173762256894,0.06592770706939767,0.06592770706939752,-1.4626402412836426,-0.5019124239907221,-1.1104093734576166,-1.473795709190627,-0.9108984919135951
1.3191956948493784,1.6836612175342955,2.8170735321309364,0.44517995146067924,0.6354884963172578,-1.2645053004571831,-1.2645053004571831,0.7583073606146646,3.9907302522898678,0.3294268039924911,-0.24311448324952553,1.8265324950211062
-1.351612027415936,-1.1620945035022612,-0.9446673197038665,1.170418563294804,-1.1014697988147042,-1.2645053004571831,-1.2645053004571831,-1.04621256592771,-0.5019124239907221,-0.7504503290950897,-0.8584550962200763,-0.9108984919135951
-0.09967090760406987,-0.3184267642612728,-0.4912654421979498,-0.03831245642873724,0.6701286902372684,1.3963607145959784,1.3963607145959784,-0.21335721521584475,-0.5019124239907221,0.3294268039924911,-0.5507847897348009,-0.22654074517991973
-0.8508355794911895,0.7745182462929294,1.1612432322283763,1.550305455207917,1.244166189483159,-1.2645053004571831,-1.2645053004571831,0.7583073606146646,0.6212482450794252,0.3294268039924911,0.6798964362063006,0.7999958749205932
0.23418005767909442,0.3457932982587287,0.3756788070990776,0.4106447794685781,0.06145099707136722,0.06592770706939767,0.06592770706939752,1.1747350359705973,-0.5019124239907221,2.129222025805126,0.6798964362063006,0.11563812818691793
-0.6004473555288163,-0.08141361511042368,-0.34013148302931095,0.7214613273974887,0.487030522374355,1.3963607145959784,1.3963607145959784,0.06426123502144365,-0.5019124239907221,1.049344892717545,-0.24311448324952553,-0.5687196185467573
0.3176427989998855,1.1510307915055964,1.486762528899291,-0.21098831638924315,-1.5666381171691326,-1.2645053004571831,-1.2645053004571831,1.3135442610892414,1.7444089141495727,0.3294268039924911,1.910577662147402,0.7999958749205932
-1.1012238034535626,0.5165721980766758,0.9685889546068147,-0.9016917562312667,-0.9282688292146509,-1.2645053004571831,-1.2645053004571831,2.0075903866824625,5.1138909213600146,2.129222025805126,2.2182479686326775,0.4578170015537556
-0.266596390245652,0.30480636230242136,0.9768930182973993,-0.4181993483418502,-0.05731538208295496,0.06592770706939767,0.06592770706939752,1.729971936445174,-0.5019124239907221,2.489181070167653,1.910577662147402,-0.22654074517991973
0.7349565056038408,0.5375849937033986,0.0833757651905013,0.030757887555465113,-1.0123950144489624,0.06592770706939767,0.06592770706939752,0.8971165857333089,-0.5019124239907221,0.3294268039924911,1.2952370491768512,0.4578170015537556
1.0688074708870052,0.5041083345110151,1.5515342256858504,0.9977427033342982,1.135297008591697,-1.2645053004571831,-1.2645053004571831,1.3135442610892414,-0.5019124239907221,1.049344892717545,1.2952370491768512,0.7999958749205932
0.3176427989998855,-0.2834320704038409,-0.4896046294598329,0.8596020153658934,-0.23051635168300813,0.06592770706939767,0.06592770706939752,-0.07454799009720055,-0.5019124239907221,0.689385848355018,-0.24311448324952553,-0.5687196185467573
1.1522702122077961,0.9015138305084275,0.3557490542416747,-1.2125083041601774,-0.5868154891459747,0.06592770706939767,0.06592770706939752,1.1747350359705973,-0.5019124239907221,-0.03053224037003586,1.2952370491768512,1.4843536216542685
-1.6854629926991003,0.2725281515298129,-0.5510547007701586,0.9632075313421969,-0.9134230318203607,0.06592770706939767,0.06592770706939752,-0.21335721521584475,-0.5019124239907221,-0.3904912847325628,0.3722261297210252,-0.5687196185467573
0.5680310229622587,-0.9987060356062603,-0.9114510649415283,-0.3491290043576479,0.4029043371400435,1.3963607145959784,1.3963607145959784,-0.9074033408090657,-0.5019124239907221,-0.3904912847325628,-0.8584550962200763,-0.9108984919135951
0.3176427989998855,-0.20888857869383168,-0.2620732843378161,1.3776295952474111,-0.4086659204144914,0.06592770706939767,0.06592770706939752,0.06426123502144365,-0.5019124239907221,-0.3904912847325628,0.6798964362063006,-0.22654074517991973
-0.3500591315664431,-0.24544125549697124,-0.9330416305370481,0.44517995146067924,-1.6557129015348744,1.3963607145959784,1.3963607145959784,-1.185021791046354,-0.5019124239907221,-1.1104093734576166,-0.8584550962200763,-0.9108984919135951
-0.266596390245652,-0.4760626797423534,-0.8367144917262673,0.3415744354843757,-0.0919555760029656,1.3963607145959784,1.3963607145959784,-0.9074033408090657,-0.5019124239907221,-0.3904912847325628,-0.8584550962200763,-0.9108984919135951
-1.2681492860951449,-0.5993430738565486,-0.9048078139890606,0.6523909834132863,-1.0173436135803926,0.06592770706939767,0.06592770706939752,-1.185021791046354,-0.5019124239907221,-1.1104093734576166,-1.1661254027053516,-0.5687196185467573
0.7349565056038408,1.1826698297876583,1.7225979377118923,-1.2470434761522784,0.3930071388771833,-1.2645053004571831,-1.2645053004571831,1.8687811615638181,-0.5019124239907221,0.3294268039924911,1.910577662147402,2.1687113683879438
0.901881988245423,-0.22155218366278823,-0.3467747339817786,-0.4181993483418502,0.17032017796282922,0.06592770706939767,0.06592770706939752,-0.07454799009720055,-0.5019124239907221,0.689385848355018,-0.24311448324952553,-0.5687196185467573
0.06725457503751228,1.0044605497671057,0.8556536884148648,-0.4527345203339514,-0.8936286352946403,0.06592770706939767,0.06592770706939752,1.5911627113265299,0.6212482450794252,0.3294268039924911,1.910577662147402,1.4843536216542685
-0.6839100968496074,-0.5778109505812565,-0.22055296588489337,-0.7290158962707608,1.5361335382375343,1.3963607145959784,1.3963607145959784,-0.07454799009720055,1.7444089141495727,1.049344892717545,-0.8584550962200763,-0.22654074517991973
-0.43352187288723415,-1.3520485780366094,-0.9230767541083467,-1.6269303680653915,-1.2944651649404777,0.06592770706939767,0.06592770706939752,-0.9074033408090657,-0.5019124239907221,-0.3904912847325628,-0.8584550962200763,-0.9108984919135951
0.5680310229622587,0.8225360796452504,1.7807263835459841,-1.1089027881838738,0.7245632806829994,0.06592770706939767,0.06592770706939752,1.3135442610892414,-0.5019124239907221,0.689385848355018,2.2182479686326775,0.11563812818691793
-1.1012238034535626,-1.09965534083198,-0.9097902522034114,1.2740240792711075,-1.3934371475690794,-1.2645053004571831,-1.2645053004571831,-0.9074033408090657,-0.5019124239907221,-0.3904912847325628,-0.8584550962200763,-0.9108984919135951
-0.5169846142080252,-0.26905068936654003,-0.7237792255343174,0.16889857552386983,-0.3789743256259109,0.06592770706939767,0.06592770706939752,-0.6297848905717773,-0.5019124239907221,-0.3904912847325628,-0.5507847897348009,-0.5687196185467573
-1.1012238034535626,-1.824756583076555,-0.38663423969658445,-1.6269303680653915,-0.7649650578774579,-1.2645053004571831,-1.2645053004571831,-1.4626402412836426,-0.5019124239907221,-1.1104093734576166,-1.473795709190627,-0.9108984919135951
1.986897625415707,0.7736393841184277,0.9802146437736331,-1.5923951960732903,-0.6412500795917057,-1.2645053004571831,-1.2645053004571831,0.48068891037737627,1.7444089141495727,1.409303937080072,-0.24311448324952553,0.11563812818691793
-0.8508355794911895,-0.9984663459223052,-0.8383753044643842,1.204953735286905,-1.1855959840490158,0.06592770706939767,0.06592770706939752,-0.9074033408090657,-0.5019124239907221,-0.7504503290950897,-1.1661254027053516,-0.22654074517991973
-0.016208166283278792,-0.13925872550490026,-0.48130056576924835,-1.4197193361127844,1.0412736250945251,1.3963607145959784,1.3963607145959784,-0.07454799009720055,0.6212482450794252,0.689385848355018,-0.24311448324952553,-0.5687196185467573
0.5680310229622587,0.766848176406369,1.319020442349483,-1.557860024081189,-0.3443341317059002,0.06592770706939767,0.06592770706939752,0.7583073606146646,1.7444089141495727,1.049344892717545,0.3722261297210252,0.4578170015537556
1.7365094014533338,1.5421644074395193,1.3588799480642888,0.27250409150017335,-0.0919555760029656,-1.2645053004571831,-1.2645053004571831,1.8687811615638181,-0.5019124239907221,-0.03053224037003586,2.2182479686326775,2.1687113683879438
-0.7673728381703985,1.4325063770301005,0.39560855995648053,-0.8671565842391655,1.6153111243404157,0.06592770706939767,0.06592770706939752,0.8971165857333089,3.9907302522898678,0.689385848355018,0.6798964362063006,0.7999958749205932
-0.5169846142080252,-0.011584020518196413,-0.4896046294598329,0.06529305954756628,-0.33938553257447013,0.06592770706939767,0.06592770706939752,-0.21335721521584475,-0.5019124239907221,0.3294268039924911,-0.5507847897348009,-0.22654074517991973
-1.1012238034535626,0.7835865060025607,0.9021564450821383,-0.6944807242786596,0.31382955277430186,-1.2645053004571831,-1.2645053004571831,0.48068891037737627,-0.5019124239907221,-0.7504503290950897,0.06455582323574982,1.8265324950211062
-1.1846865447743538,-0.6536327872723592,-0.7918725477971107,-1.2470434761522784,-1.4033343458319396,-1.2645053004571831,-1.2645053004571831,-0.7685941156904216,-0.5019124239907221,-0.3904912847325628,-0.8584550962200763,-0.5687196185467573
1.4026584361701695,-0.4869286120816473,-0.9529713833944511,-0.9016917562312667,-0.48289490738594276,0.06592770706939767,0.06592770706939752,-1.185021791046354,-0.5019124239907221,-1.1104093734576166,-0.8584550962200763,-0.9108984919135951
-1.1012238034535626,-0.502468493258064,-0.5095343823172358,-0.4527345203339514,1.6647971156547166,0.06592770706939767,0.06592770706939752,-0.21335721521584475,0.6212482450794252,1.049344892717545,-0.8584550962200763,-0.5687196185467573
0.5680310229622587,-0.084329839598543,-0.47465731481678075,1.34309442325531,-1.5963297119577131,0.06592770706939767,0.06592770706939752,-0.07454799009720055,0.6212482450794252,0.3294268039924911,0.06455582323574982,-0.5687196185467573
-0.6839100968496074,-0.3585348380430784,-0.2736989735046345,-1.6269303680653915,1.145194206854557,0.06592770706939767,0.06592770706939752,0.06426123502144365,-0.5019124239907221,0.3294268039924911,0.06455582323574982,-0.22654074517991973
1.6530466601325426,0.42373239382476724,0.9503200144875288,-1.5923951960732903,1.3975727625574919,1.3963607145959784,1.3963607145959784,0.6194981354960204,1.7444089141495727,-0.3904912847325628,1.2952370491768512,0.4578170015537556
-1.7689257340198914,-1.3306362996032948,-0.8649483082742547,-1.1779731321680762,0.7146660824201392,-1.2645053004571831,-1.2645053004571831,-1.04621256592771,-0.5019124239907221,-1.1104093734576166,-0.5507847897348009,-0.9108984919135951
-1.1012238034535626,-1.1133975493787343,-0.9662578852993863,0.30703926349227456,0.5563109102143763,0.06592770706939767,0.06592770706939752,-1.3238310161649984,-0.5019124239907221,-1.1104093734576166,-1.1661254027053516,-0.9108984919135951
-0.5169846142080252,-0.758576920563996,-0.8201063643450982,-1.3161138201364808,0.6948716858944188,0.06592770706939767,0.06592770706939752,-0.9074033408090657,-0.5019124239907221,-0.7504503290950897,-0.8584550962200763,-0.5687196185467573
0.818419246924632,-1.0127278821176284,-0.9562930088706849,-0.763551068262862,0.7443576772087198,0.06592770706939767,0.06592770706939752,-1.185021791046354,-0.5019124239907221,-1.1104093734576166,-0.8584550962200763,-0.9108984919135951
-1.1846865447743538,-0.08341102914338212,-0.32518416838625874,-0.5908752083023561,0.10103979012280795,-1.2645053004571831,-1.2645053004571831,0.20307046014008784,-0.5019124239907221,0.3294268039924911,0.3722261297210252,-0.22654074517991973
-0.6004473555288163,0.3924129417879788,0.32253279947933644,-1.2815786481443796,-0.2552593473401586,0.06592770706939767,0.06592770706939752,1.1747350359705973,0.6212482450794252,2.129222025805126,0.3722261297210252,0.4578170015537556
0.5680310229622587,1.336590555167436,1.1745297341333116,1.34309442325531,0.3385725484314523,-1.2645053004571831,-1.2645053004571831,0.8971165857333089,0.6212482450794252,-0.03053224037003586,0.987566742691576,1.142174748287431
1.0688074708870052,0.9709039940134039,1.4568678996131865,1.4466999392316133,0.5068249189000754,-1.2645053004571831,-1.2645053004571831,1.3135442610892414,-0.5019124239907221,-0.03053224037003586,1.2952370491768512,1.8265324950211062
-2.0193139579822645,0.7301357064805928,1.0831850335368816,-1.2815786481443796,-0.5076379030430932,-1.2645053004571831,-1.2645053004571831,0.48068891037737627,0.6212482450794252,0.689385848355018,-0.5507847897348009,1.142174748287431
-1.518537510057518,-1.3586799926260313,-0.9596146343469186,-0.970762100215469,1.2095259955631483,0.06592770706939767,0.06592770706939752,-1.3238310161649984,-0.5019124239907221,-1.4703684178201437,-1.1661254027053516,-0.5687196185467573
0.3176427989998855,0.6751668722935764,-0.6291128994616534,-0.9016917562312667,-0.9926006179232422,0.06592770706939767,0.06592770706939752,-0.35216644033448896,-0.5019124239907221,-0.03053224037003586,-0.24311448324952553,-0.5687196185467573
-1.1012238034535626,0.6739684238738013,1.5764464167576042,-1.350648992128582,1.2045773964317181,-1.2645053004571831,-1.2645053004571831,0.8971165857333089,1.7444089141495727,0.689385848355018,0.3722261297210252,1.142174748287431
0.5680310229622587,0.6946616332552508,0.42384237650446804,-0.48726969232605255,0.5711567076086665,0.06592770706939767,0.06592770706939752,1.1747350359705973,-0.5019124239907221,1.409303937080072,1.6029073556621267,-0.22654074517991973
-0.7673728381703985,-0.5633496729826374,-0.8350536789881504,0.6869261554053875,0.3930071388771833,0.06592770706939767,0.06592770706939752,-0.9074033408090657,0.6212482450794252,-0.3904912847325628,-1.1661254027053516,-0.5687196185467573
1.9034348840949158,0.39632787329257735,0.04683788495192927,0.6523909834132863,-1.4429231388833803,-1.2645053004571831,-1.2645053004571831,0.7583073606146646,-0.5019124239907221,0.689385848355018,1.2952370491768512,-0.22654074517991973
0.48456828164146765,1.1368092035909323,2.179321440694043,1.2394889072790063,-0.8490912431117695,-1.2645053004571831,-1.2645053004571831,0.7583073606146646,-0.5019124239907221,0.3294268039924911,-0.24311448324952553,1.8265324950211062
-0.18313364892486095,-0.7559003857598317,-0.7885509223208769,-0.5218048643181538,-0.42351171780878166,1.3963607145959784,1.3963607145959784,-0.7685941156904216,-0.5019124239907221,-0.7504503290950897,-0.5507847897348009,-0.5687196185467573
0.06725457503751228,0.2523143215162734,-0.03288112647768245,0.20343374751597101,1.4223157582146422,1.3963607145959784,1.3963607145959784,0.48068891037737627,-0.5019124239907221,1.409303937080072,0.06455582323574982,-0.22654074517991973
-1.9358512166614734,-1.3974697731460843,-0.9031470012509437,-1.350648992128582,-0.6709416743802862,0.06592770706939767,0.06592770706939752,-1.04621256592771,0.6212482450794252,-0.7504503290950897,-1.1661254027053516,-0.5687196185467573
-0.43352187288723415,0.03179981227766103,-0.26373409707593304,-0.6599455522865585,0.20496037188283986,1.3963607145959784,1.3963607145959784,0.20307046014008784,-0.5019124239907221,0.689385848355018,0.3722261297210252,-0.5687196185467573
1.5695839188117515,-0.00139720895010834,0.553385770077587,-0.4527345203339514,1.7043859087061575,-1.2645053004571831,-1.2645053004571831,1.8687811615638181,-0.5019124239907221,1.409303937080072,1.6029073556621267,1.4843536216542685
-0.6839100968496074,0.2941401713664233,0.3175503612649857,-1.2125083041601774,-0.07216117947724524,0.06592770706939767,0.06592770706939752,-0.21335721521584475,0.6212482450794252,-0.7504503290950897,0.3722261297210252,-0.22654074517991973
0.901881988245423,0.9154557804584774,0.8921915686534369,1.0322778753263993,1.5311849391061043,0.06592770706939767,0.06592770706939752,0.341879685258732,0.6212482450794252,0.689385848355018,0.06455582323574982,0.11563812818691793
-0.6004473555288163,-0.20824940620328497,-0.3168801046956742,0.09982823153966747,-0.5917640882774048,0.06592770706939767,0.06592770706939752,0.20307046014008784,-0.5019124239907221,0.689385848355018,-0.24311448324952553,0.11563812818691793
-0.3500591315664431,-0.5699411392914003,-0.9562930088706849,1.6539109711842206,-0.6808388726431464,0.06592770706939767,0.06592770706939752,-1.185021791046354,-0.5019124239907221,-1.1104093734576166,-0.8584550962200763,-0.9108984919135951
0.06725457503751228,-0.4355551231539561,-0.6955454089863299,-0.8671565842391655,-0.8342454457174793,0.06592770706939767,0.06592770706939752,-0.49097566545313315,-0.5019124239907221,-0.03053224037003586,-0.5507847897348009,-0.5687196185467573
0.901881988245423,0.6003836908996122,-0.5892533937468476,-1.696000712049594,-1.5171521258548317,0.06592770706939767,0.06592770706939752,-0.35216644033448896,-0.5019124239907221,-0.3904912847325628,-0.24311448324952553,-0.22654074517991973
-0.5169846142080252,0.20373721223472402,-0.6125047720804844,1.6193757991921194,-1.4478717380148105,0.06592770706939767,0.06592770706939752,-0.35216644033448896,-0.5019124239907221,-0.03053224037003586,-0.24311448324952553,-0.5687196185467573
0.7349565056038408,-0.06851032045751211,-0.8549834318455533,1.3776295952474111,-0.8292968465860492,1.3963607145959784,1.3963607145959784,-0.9074033408090657,-0.5019124239907221,-0.7504503290950897,-0.5507847897348009,-0.9108984919135951
0.3176427989998855,-0.6570283911283885,-0.9479889451801004,1.550305455207917,0.32372675103716203,2.7267937221225593,2.726793722122559,-1.185021791046354,-0.5019124239907221,-1.1104093734576166,-0.8584550962200763,-0.9108984919135951
0.7349565056038408,-0.06499487175950525,-0.18733671112255515,1.6884461431763216,1.3827269651632015,0.06592770706939767,0.06592770706939752,0.48068891037737627,0.6212482450794252,-0.03053224037003586,0.3722261297210252,0.7999958749205932
-0.016208166283278792,0.1599538966322749,0.6065317776973282,0.790531671381691,0.6404370954486879,0.06592770706939767,0.06592770706939752,1.4523534862078857,-0.5019124239907221,1.409303937080072,1.6029073556621267,0.4578170015537556
0.7349565056038408,-0.13318658684470658,-0.3899558651728183,-1.6614655400574927,1.090759616408826,0.06592770706939767,0.06592770706939752,0.06426123502144365,-0.5019124239907221,1.049344892717545,-0.5507847897348009,-0.22654074517991973
-0.5169846142080252,0.15999384491293406,-0.3484355467198955,-0.7980862402549632,-0.8540398422431996,2.7267937221225593,2.726793722122559,0.20307046014008784,-0.5019124239907221,-0.03053224037003586,0.6798964362063006,-0.22654074517991973
-1.351612027415936,-1.233721770724151,-0.8931821248222422,-1.5233248520890879,-0.20082475689442758,0.06592770706939767,0.06592770706939752,-1.04621256592771,1.7444089141495727,-0.7504503290950897,-1.1661254027053516,-0.5687196185467573
-0.18313364892486095,0.20701297124877588,-0.4713356893405469,-0.9362269282233678,0.0762967944656575,0.06592770706939767,0.06592770706939752,-0.07454799009720055,0.6212482450794252,0.3294268039924911,0.06455582323574982,-0.5687196185467573
-0.09967090760406987,-0.0342147215116156,-0.47963975303113143,-0.3491290043576479,0.49692772063721524,0.06592770706939767,0.06592770706939752,-0.07454799009720055,-0.5019124239907221,-0.03053224037003586,0.06455582323574982,-0.22654074517991973
1.1522702122077961,-0.23361656442185724,-0.637416963152238,0.2379689195080722,-1.477563332803391,0.06592770706939767,0.06592770706939752,-0.49097566545313315,-0.5019124239907221,-0.03053224037003586,-0.8584550962200763,-0.22654074517991973
1.0688074708870052,0.08405216337985397,-0.712153536367499,0.8596020153658934,0.03670800141421677,1.3963607145959784,1.3963607145959784,-0.6297848905717773,-0.5019124239907221,-0.3904912847325628,-0.5507847897348009,-0.5687196185467573
0.901881988245423,-0.0342147215116156,-0.9313808177989312,1.3085592512632087,1.5361335382375343,1.3963607145959784,1.3963607145959784,-1.185021791046354,-0.5019124239907221,-1.1104093734576166,-0.8584550962200763,-0.9108984919135951
0.4011055403206766,-0.0342147215116156,-0.971240323513737,-0.0037772844366360664,-0.9183716309517908,1.3963607145959784,1.3963607145959784,-1.3238310161649984,-0.5019124239907221,-1.1104093734576166,-1.1661254027053516,-0.9108984919135951
-0.3500591315664431,-1.2520979798273686,-0.9313808177989312,-0.8671565842391655,1.3728297669003413,0.06592770706939767,0.06592770706939752,-1.04621256592771,-0.5019124239907221,-0.7504503290950897,-0.8584550962200763,-0.9108984919135951
1.7365094014533338,1.602166724989591,2.1477659986698217,-1.3851841641206832,-0.933217428346081,-1.2645053004571831,-1.2645053004571831,1.0359258108519531,1.7444089141495727,0.3294268039924911,-0.24311448324952553,2.5108902417547814
-0.266596390245652,-0.0342147215116156,-0.936363256013282,-1.1089027881838738,-1.1608529883918652,0.06592770706939767,0.06592770706939752,-1.185021791046354,-0.5019124239907221,-1.1104093734576166,-0.8584550962200763,-0.9108984919135951
-0.6004473555288163,-1.0119289165044452,-0.9695795107756201,-1.350648992128582,-0.20082475689442758,1.3963607145959784,1.3963607145959784,-1.185021791046354,-0.5019124239907221,-1.1104093734576166,-0.8584550962200763,-0.9108984919135951
-0.9342983208119806,-0.2905828126418321,-0.9380240687513989,-0.48726969232605255,1.0214792285688048,1.3963607145959784,1.3963607145959784,-1.185021791046354,-0.5019124239907221,-1.1104093734576166,-0.8584550962200763,-0.9108984919135951
-0.8508355794911895,0.929557523531164,1.3854529518741594,0.2379689195080722,-1.4627175354091007,-1.2645053004571831,-1.2645053004571831,1.0359258108519531,-0.5019124239907221,1.409303937080072,0.06455582323574982,1.142174748287431
-0.266596390245652,0.06084221231687682,-0.4663532511261962,-1.4542545081048857,-0.4581519117287923,1.3963607145959784,1.3963607145959784,-0.21335721521584475,-0.5019124239907221,-0.03053224037003586,-0.8584550962200763,0.4578170015537556
-0.3500591315664431,-1.180710402289434,-0.8483401808930856,0.06529305954756628,-0.4185631186773516,0.06592770706939767,0.06592770706939752,-0.7685941156904216,-0.5019124239907221,-0.7504503290950897,-0.5507847897348009,-0.5687196185467573
-0.266596390245652,-0.5333485142076015,-0.936363256013282,-1.1089027881838738,-1.1608529883918652,0.06592770706939767,0.06592770706939752,-1.185021791046354,-0.5019124239907221,-1.1104093734576166,-0.8584550962200763,-0.9108984919135951
-0.5169846142080252,-0.42265182850104455,-0.8865388738697746,-0.6599455522865585,1.2045773964317181,1.3963607145959784,1.3963607145959784,-1.185021791046354,-0.5019124239907221,-1.1104093734576166,-1.1661254027053516,-0.5687196185467573
-0.266596390245652,-0.8967180750834021,-0.9729011362518539,-0.970762100215469,-1.527049324117692,0.06592770706939767,0.06592770706939752,-1.04621256592771,-0.5019124239907221,-0.7504503290950897,-0.8584550962200763,-0.9108984919135951
1.0688074708870052,0.46647705413007795,0.30426385936005046,-1.6269303680653915,-0.09690417513439568,1.3963607145959784,1.3963607145959784,1.1747350359705973,-0.5019124239907221,0.689385848355018,1.910577662147402,0.11563812818691793
-0.43352187288723415,-0.48904587095658325,-0.9812051999424385,1.2394889072790063,-1.5616895180377026,1.3963607145959784,1.3963607145959784,-1.3238310161649984,-0.5019124239907221,-1.1104093734576166,-1.1661254027053516,-0.9108984919135951
-0.266596390245652,-1.017841262042002,-0.9081294394652945,0.5487854674369828,-1.0470352083689731,0.06592770706939767,0.06592770706939752,-0.9074033408090657,-0.5019124239907221,-0.7504503290950897,-0.8584550962200763,-0.5687196185467573
0.06725457503751228,0.4635208813612995,0.5019005751959629,0.5142502954448817,0.3979557380086134,0.06592770706939767,0.06592770706939752,1.1747350359705973,-0.5019124239907221,1.7692629814425989,0.987566742691576,0.11563812818691793
-0.016208166283278792,-0.04789700763738095,-0.31355847921944036,-1.3161138201364808,1.0511708233573853,1.3963607145959784,1.3963607145959784,-0.07454799009720055,-0.5019124239907221,0.689385848355018,-0.5507847897348009,-0.22654074517991973
0.6514937642830498,0.33181140002801957,-0.5261425096984049,1.4812351112237145,1.5806709304204052,1.3963607145959784,1.3963607145959784,-0.21335721521584475,-0.5019124239907221,0.3294268039924911,-0.24311448324952553,-0.5687196185467573
-0.266596390245652,0.537185510896807,0.2710476045977122,0.16889857552386983,-1.2944651649404777,0.06592770706939767,0.06592770706939752,1.0359258108519531,-0.5019124239907221,1.7692629814425989,0.987566742691576,-0.22654074517991973
1.3191956948493784,-0.5801279508594884,-0.693884596248213,-1.557860024081189,-1.4082829449633698,0.06592770706939767,0.06592770706939752,-0.6297848905717773,-0.5019124239907221,-0.03053224037003586,-0.8584550962200763,-0.5687196185467573
0.9853447295662141,-0.6141638859811003,-0.4181896817208058,0.13436340353176865,1.6400541199975662,0.06592770706939767,0.06592770706939752,-0.21335721521584475,0.6212482450794252,0.3294268039924911,-0.5507847897348009,-0.22654074517991973
-0.09967090760406987,-0.30867938378043563,0.20129346959680197,-0.3491290043576479,1.3431381721117608,0.06592770706939767,0.06592770706939752,1.0359258108519531,-0.5019124239907221,1.409303937080072,0.6798964362063006,0.4578170015537556
0.15071731635830335,-0.6108481786863893,-0.7636387312491232,-0.0037772844366360664,1.6697457147861468,1.3963607145959784,1.3963607145959784,-0.7685941156904216,-0.5019124239907221,-0.3904912847325628,-0.5507847897348009,-0.9108984919135951
1.4861211774909606,-0.19518631842773673,-0.4763181275548976,0.7214613273974887,0.4474417293229143,0.06592770706939767,0.06592770706939752,-0.07454799009720055,-0.5019124239907221,0.689385848355018,-0.24311448324952553,-0.5687196185467573
1.3191956948493784,0.5931930003809618,0.312567923050635,-0.31459383236554667,-0.7897080535346084,0.06592770706939767,0.06592770706939752,1.0359258108519531,-0.5019124239907221,1.049344892717545,0.6798964362063006,0.7999958749205932
1.5695839188117515,0.19203236600158755,-0.25210840790911465,-0.31459383236554667,1.5113905425803837,0.06592770706939767,0.06592770706939752,0.341879685258732,-0.5019124239907221,-0.03053224037003586,0.987566742691576,-0.22654074517991973
1.3191956948493784,-0.6104486958797976,-0.7536738548204217,-0.21098831638924315,1.521287740843244,1.3963607145959784,1.3963607145959784,-0.7685941156904216,0.6212482450794252,-0.3904912847325628,-1.1661254027053516,-0.22654074517991973
-0.6839100968496074,0.6851539424583686,0.3175503612649857,-1.1089027881838738,1.412418559951782,0.06592770706939767,0.06592770706939752,1.1747350359705973,-0.5019124239907221,1.049344892717545,1.910577662147402,-0.22654074517991973
-0.266596390245652,1.1143982181411385,1.800656136403387,-0.31459383236554667,0.25444636319714076,0.06592770706939767,0.06592770706939752,0.20307046014008784,3.9907302522898678,0.3294268039924911,0.06455582323574982,0.11563812818691793
-0.016208166283278792,-0.36336858000283784,-0.9729011362518539,1.204953735286905,-1.1014697988147042,1.3963607145959784,1.3963607145959784,-1.3238310161649984,-0.5019124239907221,-1.1104093734576166,-1.1661254027053516,-0.9108984919135951
2.070360366736498,1.1325746858410604,1.3655231990167565,-0.8326214122470643,-0.9678576222660917,-1.2645053004571831,-1.2645053004571831,1.0359258108519531,1.7444089141495727,0.3294268039924911,-0.24311448324952553,2.5108902417547814
-1.7689257340198914,-0.7121170701573825,-0.6590075287477578,0.44517995146067924,0.7295118798144294,0.06592770706939767,0.06592770706939752,-0.6297848905717773,-0.5019124239907221,0.3294268039924911,-0.8584550962200763,-0.9108984919135951
-0.8508355794911895,0.21168692008589865,-0.10097444874047579,1.170418563294804,0.15052578143710885,0.06592770706939767,0.06592770706939752,0.341879685258732,-0.5019124239907221,-0.03053224037003586,0.6798964362063006,0.11563812818691793
0.23418005767909442,-1.1826279197610738,-0.8466793681549687,-0.07284762842083842,0.868072655494472,-1.2645053004571831,-1.2645053004571831,-1.04621256592771,-0.5019124239907221,-0.7504503290950897,-1.1661254027053516,-0.5687196185467573
1.7365094014533338,-0.03687128217545033,-0.637416963152238,-0.14191797240504078,-1.1262127944718545,-1.2645053004571831,-1.2645053004571831,-0.49097566545313315,-0.5019124239907221,-0.7504503290950897,-0.24311448324952553,-0.22654074517991973
-0.266596390245652,-0.6476405451734838,-0.9048078139890606,-0.5218048643181538,-1.2301333762318865,2.7267937221225593,2.726793722122559,-1.04621256592771,-0.5019124239907221,-0.7504503290950897,-0.8584550962200763,-0.9108984919135951
-0.3500591315664431,-1.1025316170394404,-0.9330416305370481,-1.5923951960732903,-0.9975492170546723,1.3963607145959784,1.3963607145959784,-0.9074033408090657,-0.5019124239907221,-0.7504503290950897,-0.5507847897348009,-0.9108984919135951
-0.266596390245652,-0.7054856555679604,-0.9928308891092569,-1.6614655400574927,-1.358796953649069,2.7267937221225593,2.726793722122559,-1.3238310161649984,-0.5019124239907221,-1.1104093734576166,-1.1661254027053516,-0.9108984919135951
-0.266596390245652,0.5379445282293311,0.35076661602732395,-1.0743676161917726,-0.4680491099916525,-1.2645053004571831,-1.2645053004571831,1.3135442610892414,-0.5019124239907221,-0.7504503290950897,1.2952370491768512,2.5108902417547814
0.23418005767909442,0.46228248466086524,1.2708568729440926,-0.14191797240504078,1.194680198168858,0.06592770706939767,0.06592770706939752,0.8971165857333089,0.6212482450794252,-0.03053224037003586,1.910577662147402,0.11563812818691793
-0.016208166283278792,0.07566302444142849,-0.936363256013282,1.1013482193106017,-1.091572600551844,0.06592770706939767,0.06592770706939752,-1.185021791046354,-0.5019124239907221,-1.1104093734576166,-0.8584550962200763,-0.9108984919135951
0.818419246924632,-1.340183938680836,-0.9064686267271775,0.9632075313421969,0.9620960389916438,-1.2645053004571831,-1.2645053004571831,-1.185021791046354,-0.5019124239907221,-1.1104093734576166,-1.1661254027053516,-0.5687196185467573
-0.09967090760406987,-0.9617139277158698,-0.8765739974410731,-0.9016917562312667,0.3336239493000222,0.06592770706939767,0.06592770706939752,-0.9074033408090657,-0.5019124239907221,-0.7504503290950897,-0.5507847897348009,-0.9108984919135951
-0.43352187288723415,-0.7047665865160954,-0.9679186980375032,-0.03831245642873724,0.43754453106005414,0.06592770706939767,0.06592770706939752,-1.3238310161649984,-0.5019124239907221,-1.1104093734576166,-1.1661254027053516,-0.9108984919135951
-0.266596390245652,-0.3582951483591234,-0.9745619489899708,0.4106447794685781,-0.33443693344304004,0.06592770706939767,0.06592770706939752,-1.3238310161649984,-0.5019124239907221,-1.1104093734576166,-1.1661254027053516,-0.9108984919135951
0.901881988245423,-0.5391809631838402,-0.9048078139890606,0.37610960747647687,-1.2994137640719077,1.3963607145959784,1.3963607145959784,-1.04621256592771,-0.5019124239907221,-0.7504503290950897,-0.8584550962200763,-0.9108984919135951
-0.266596390245652,-0.8121875132086006,-0.2604124715996992,0.8941371873579945,0.6354884963172578,-1.2645053004571831,-1.2645053004571831,0.06426123502144365,-0.5019124239907221,0.689385848355018,0.06455582323574982,-0.5687196185467573
-1.1846865447743538,-1.0042188983372256,-0.9446673197038665,0.5142502954448817,0.47713332411149484,0.06592770706939767,0.06592770706939752,-1.185021791046354,-0.5019124239907221,-1.1104093734576166,-0.8584550962200763,-0.9108984919135951
-0.3500591315664431,-0.8419090340190223,-0.9430065069657496,0.16889857552386983,-1.0767268031575536,0.06592770706939767,0.06592770706939752,-1.185021791046354,-0.5019124239907221,-1.1104093734576166,-0.8584550962200763,-0.9108984919135951
-1.351612027415936,1.609716950034174,0.8722618157960339,1.204953735286905,-0.7996052517974686,-1.2645053004571831,-1.2645053004571831,1.3135442610892414,1.7444089141495727,0.689385848355018,1.6029073556621267,0.7999958749205932
-0.3500591315664431,-0.694499878386689,-0.9496497579182173,0.8941371873579945,-0.8193996483231889,1.3963607145959784,1.3963607145959784,-1.04621256592771,-0.5019124239907221,-0.7504503290950897,-0.8584550962200763,-0.9108984919135951
0.15071731635830335,0.7432786908174593,-0.5178384460078204,-1.143437960175975,-0.5521752952259641,1.3963607145959784,1.3963607145959784,-0.07454799009720055,-0.5019124239907221,0.689385848355018,-0.24311448324952553,-0.5687196185467573
-0.8508355794911895,-0.8449850516297783,-0.9263983795845805,1.0322778753263993,0.3336239493000222,1.3963607145959784,1.3963607145959784,-1.185021791046354,0.6212482450794252,-1.1104093734576166,-1.1661254027053516,-0.5687196185467573
0.6514937642830498,0.33181140002801957,-0.5261425096984049,1.4812351112237145,1.5806709304204052,1.3963607145959784,1.3963607145959784,-0.21335721521584475,-0.5019124239907221,0.3294268039924911,-0.24311448324952553,-0.5687196185467573
-1.4350747687367271,-1.2682370852136728,-0.9562930088706849,-1.143437960175975,0.8235352633116012,-1.2645053004571831,-1.2645053004571831,-1.3238310161649984,-0.5019124239907221,-1.4703684178201437,-1.1661254027053516,-0.5687196185467573
0.4011055403206766,-0.38809656573086343,-0.7985157987495783,1.6193757991921194,-1.41818014322623,-1.2645053004571831,-1.2645053004571831,-0.9074033408090657,-0.5019124239907221,-1.1104093734576166,-0.5507847897348009,-0.5687196185467573
-1.1846865447743538,-0.49200204372536177,-0.7470306038679541,-0.6599455522865585,0.7245632806829994,0.06592770706939767,0.06592770706939752,-0.7685941156904216,-0.5019124239907221,-0.3904912847325628,-0.5507847897348009,-0.9108984919135951
1.4026584361701695,-0.7524648336231431,-0.8898604993460084,0.37610960747647687,-0.0375209855572346,1.3963607145959784,1.3963607145959784,-0.9074033408090657,-0.5019124239907221,-0.7504503290950897,-0.8584550962200763,-0.5687196185467573
1.6530466601325426,-0.6323803019616813,-0.9695795107756201,-1.3161138201364808,-0.3591799291001905,1.3963607145959784,1.3963607145959784,-1.3238310161649984,-0.5019124239907221,-1.1104093734576166,-1.1661254027053516,-0.9108984919135951
-0.8508355794911895,-1.222136769332992,-0.898164563036593,0.8941371873579945,1.5361335382375343,0.06592770706939767,0.06592770706939752,-0.9074033408090657,0.6212482450794252,-0.3904912847325628,-0.8584550962200763,-0.9108984919135951
1.7365094014533338,1.0462065030559373,2.199251193551446,-0.4527345203339514,1.2837549825345997,-1.2645053004571831,-1.2645053004571831,1.0359258108519531,1.7444089141495727,-0.3904912847325628,1.2952370491768512,1.4843536216542685
1.9034348840949158,1.2151877302442218,2.785518090106715,0.7559964993895899,-0.38887152388877105,-1.2645053004571831,-1.2645053004571831,1.3135442610892414,1.7444089141495727,1.049344892717545,1.2952370491768512,0.7999958749205932
0.901881988245423,-0.014460296725656574,-0.4912654421979498,1.34309442325531,-0.4779463082545127,-1.2645053004571831,-1.2645053004571831,-0.07454799009720055,-0.5019124239907221,-0.7504503290950897,0.6798964362063006,-0.22654074517991973
-0.18313364892486095,1.030786466721498,1.184494610562013,1.5157702832158158,1.0214792285688048,-1.2645053004571831,-1.2645053004571831,0.6194981354960204,-0.5019124239907221,-0.03053224037003586,0.987566742691576,0.4578170015537556
0.9853447295662141,0.024529225197692284,0.4537370057905724,1.5157702832158158,1.0957082155402562,0.06592770706939767,0.06592770706939752,1.3135442610892414,0.6212482450794252,2.129222025805126,-0.24311448324952553,1.4843536216542685
-1.1012238034535626,0.7110803766061692,1.0599336552032448,0.16889857552386983,-0.5274322995688135,-1.2645053004571831,-1.2645053004571831,0.48068891037737627,-0.5019124239907221,-0.03053224037003586,0.6798964362063006,0.4578170015537556
-0.3500591315664431,0.6856333218262787,0.13984339828647627,-0.2800586603734455,-1.2647735701518972,0.06592770706939767,0.06592770706939752,0.06426123502144365,-0.5019124239907221,-0.03053224037003586,-0.24311448324952553,0.4578170015537556
-0.266596390245652,-0.24707913500399714,-0.6590075287477578,-0.1073828004129396,0.7097174832887091,0.06592770706939767,0.06592770706939752,-0.49097566545313315,-0.5019124239907221,-0.3904912847325628,-0.5507847897348009,-0.22654074517991973
0.3176427989998855,1.0029025668213982,0.8772442540103846,-0.7290158962707608,-1.6507643024034442,-1.2645053004571831,-1.2645053004571831,0.48068891037737627,-0.5019124239907221,-0.3904912847325628,0.987566742691576,0.4578170015537556
1.3191956948493784,0.8650410502666062,1.4967274053279924,-0.31459383236554667,-0.6214556830659853,-1.2645053004571831,-1.2645053004571831,1.3135442610892414,0.6212482450794252,-0.3904912847325628,0.6798964362063006,2.853069115121619
0.15071731635830335,-0.47674180051355924,-0.9114510649415283,1.1358833913027029,-0.4037173212830613,0.06592770706939767,0.06592770706939752,-1.04621256592771,-0.5019124239907221,-0.7504503290950897,-0.8584550962200763,-0.9108984919135951
0.3176427989998855,-0.7794299230680821,-0.12754745255034636,-0.38366417634974903,1.5658251330261148,-1.2645053004571831,-1.2645053004571831,0.341879685258732,-0.5019124239907221,1.049344892717545,-0.24311448324952553,0.11563812818691793
-0.016208166283278792,0.6574298356809054,0.8058293062713575,-1.5923951960732903,-1.7299418885063256,-1.2645053004571831,-1.2645053004571831,0.341879685258732,-0.5019124239907221,-0.03053224037003586,0.3722261297210252,0.4578170015537556
-0.18313364892486095,-0.35705675165868916,-0.7071710981531483,1.3085592512632087,1.3381895729803306,0.06592770706939767,0.06592770706939752,-0.6297848905717773,0.6212482450794252,-0.03053224037003586,-0.5507847897348009,-0.9108984919135951
-0.266596390245652,-1.0365770056711523,-0.87823481017919,-0.0037772844366360664,0.8878670520201924,1.3963607145959784,1.3963607145959784,-0.9074033408090657,-0.5019124239907221,-0.7504503290950897,-0.5507847897348009,-0.9108984919135951
-0.09967090760406987,1.6599319388227491,2.895131730822431,-1.143437960175975,-1.0717782040261237,-1.2645053004571831,-1.2645053004571831,1.729971936445174,3.9907302522898678,0.689385848355018,1.910577662147402,1.4843536216542685
-0.43352187288723415,-0.5524038440820251,-0.11924338885976181,0.5487854674369828,1.4816989477918032,-1.2645053004571831,-1.2645053004571831,0.48068891037737627,0.6212482450794252,0.3294268039924911,0.987566742691576,-0.22654074517991973
1.5695839188117515,0.5044678690369476,-0.08270550862118978,-1.3851841641206832,-0.9876520187918121,0.06592770706939767,0.06592770706939752,0.6194981354960204,0.6212482450794252,1.049344892717545,0.3722261297210252,0.11563812818691793
0.818419246924632,0.22846519796274958,0.05182032316628,-0.8671565842391655,-0.1958761577629975,0.06592770706939767,0.06592770706939752,0.7583073606146646,-0.5019124239907221,-0.03053224037003586,0.6798964362063006,1.142174748287431
1.1522702122077961,-0.24859716966904558,-0.9297200050608143,-0.8326214122470643,-1.3686941519119291,1.3963607145959784,1.3963607145959784,-1.185021791046354,1.7444089141495727,-1.1104093734576166,-0.8584550962200763,-0.9108984919135951
-0.7673728381703985,-1.4264322766239819,-0.9330416305370481,-0.21098831638924315,-1.695301694586315,0.06592770706939767,0.06592770706939752,-0.9074033408090657,-0.5019124239907221,-0.3904912847325628,-0.8584550962200763,-0.9108984919135951
-1.4350747687367271,-0.9653891695365133,-0.9280591923226974,-1.350648992128582,0.011965005757066313,0.06592770706939767,0.06592770706939752,-1.185021791046354,-0.5019124239907221,-1.1104093734576166,-0.8584550962200763,-0.9108984919135951
0.48456828164146765,-0.11033617030766196,0.31422873578875193,-0.6944807242786596,0.10103979012280795,0.06592770706939767,0.06592770706939752,0.7583073606146646,-0.5019124239907221,-0.7504503290950897,-0.24311448324952553,2.853069115121619
1.3191956948493784,-0.06044076776435999,-0.03288112647768245,-0.14191797240504078,0.7295118798144294,0.06592770706939767,0.06592770706939752,0.6194981354960204,-0.5019124239907221,1.409303937080072,0.6798964362063006,-0.5687196185467573
1.4026584361701695,1.2626063393866553,1.6080018587818254,0.27250409150017335,0.2940351562485815,-1.2645053004571831,-1.2645053004571831,0.8971165857333089,0.6212482450794252,-0.03053224037003586,1.6029073556621267,0.4578170015537556
1.5695839188117515,-0.4431452964791982,-0.9845268254186723,-1.0052972722075701,-1.0519838075004033,1.3963607145959784,1.3963607145959784,-1.3238310161649984,-0.5019124239907221,-1.4703684178201437,-0.8584550962200763,-0.9108984919135951
-0.09967090760406987,0.6064558295598058,1.4369381467557836,-0.6944807242786596,0.868072655494472,0.06592770706939767,0.06592770706939752,1.1747350359705973,-0.5019124239907221,1.7692629814425989,0.6798964362063006,0.4578170015537556
-0.09967090760406987,-1.1615352275730328,-0.898164563036593,1.1358833913027029,-0.8095024500603287,1.3963607145959784,1.3963607145959784,-1.04621256592771,-0.5019124239907221,-1.1104093734576166,-0.8584550962200763,-0.5687196185467573
-0.6839100968496074,-0.7133954151384759,-0.7154751618437328,0.6523909834132863,0.3435211475628824,0.06592770706939767,0.06592770706939752,-0.6297848905717773,-0.5019124239907221,-0.03053224037003586,-0.8584550962200763,-0.5687196185467573
0.23418005767909442,-0.7004521722049052,-0.9396848814895158,0.5487854674369828,0.36826414322003287,0.06592770706939767,0.06592770706939752,-1.185021791046354,-0.5019124239907221,-1.1104093734576166,-0.8584550962200763,-0.9108984919135951
-0.016208166283278792,1.7031160302153108,0.7842387406758377,1.7229813151684228,1.5460307365003945,1.3963607145959784,1.3963607145959784,0.6194981354960204,2.86756958321972,1.409303937080072,-0.5507847897348009,0.7999958749205932
0.901881988245423,0.5157332841828333,0.8456888119861634,-1.3851841641206832,1.1699372025117076,0.06592770706939767,0.06592770706939752,0.8971165857333089,-0.5019124239907221,0.689385848355018,0.3722261297210252,1.142174748287431
1.2357329535285873,-0.4929608024611818,-0.7835684841065261,-1.0052972722075701,0.7344604789458595,0.06592770706939767,0.06592770706939752,-0.7685941156904216,-0.5019124239907221,-0.3904912847325628,-0.5507847897348009,-0.9108984919135951
1.0688074708870052,0.5041083345110151,1.5515342256858504,0.9977427033342982,1.135297008591697,-1.2645053004571831,-1.2645053004571831,1.3135442610892414,-0.5019124239907221,1.049344892717545,1.2952370491768512,0.7999958749205932
-0.09967090760406987,0.30576512103824144,-0.8616266827980209,-0.7980862402549632,-0.5670210926202544,0.06592770706939767,0.06592770706939752,-0.9074033408090657,-0.5019124239907221,-0.7504503290950897,-0.8584550962200763,-0.5687196185467573
-1.518537510057518,-0.4481388315615943,-0.6457210268428225,0.6523909834132863,-0.5422780969631039,-1.2645053004571831,-1.2645053004571831,-0.49097566545313315,-0.5019124239907221,-0.3904912847325628,-0.5507847897348009,-0.22654074517991973
0.6514937642830498,0.1931109695793851,0.7111629801986936,1.0322778753263993,-0.9777548205289519,0.06592770706939767,0.06592770706939752,1.729971936445174,0.6212482450794252,1.049344892717545,2.2182479686326775,0.7999958749205932
-0.8508355794911895,0.32901502038187774,0.9536416399637626,-0.8326214122470643,0.49692772063721524,0.06592770706939767,0.06592770706939752,1.5911627113265299,-0.5019124239907221,2.129222025805126,1.910577662147402,-0.22654074517991973
0.7349565056038408,0.42221435915971883,0.3540882415035578,1.170418563294804,1.5509793356318247,0.06592770706939767,0.06592770706939752,1.0359258108519531,-0.5019124239907221,0.3294268039924911,1.910577662147402,0.11563812818691793
-1.0177610621327717,-1.3112613834835978,-0.9529713833944511,-0.5908752083023561,-0.48289490738594276,0.06592770706939767,0.06592770706939752,-1.185021791046354,-0.5019124239907221,-1.1104093734576166,-0.8584550962200763,-0.9108984919135951
-0.9342983208119806,-1.3235255056459627,-0.9297200050608143,-0.0037772844366360664,-0.21072195515728778,0.06592770706939767,0.06592770706939752,-1.185021791046354,-0.5019124239907221,-1.1104093734576166,-0.8584550962200763,-0.9108984919135951
-0.6004473555288163,0.9286387130760031,0.9187645724633074,0.030757887555465113,1.6944887104432973,0.06592770706939767,0.06592770706939752,0.48068891037737627,-0.5019124239907221,1.049344892717545,0.06455582323574982,0.11563812818691793
-0.6004473555288163,0.7247027403109458,0.42218156376635113,1.204953735286905,0.6404370954486879,0.06592770706939767,0.06592770706939752,1.3135442610892414,-0.5019124239907221,0.689385848355018,2.2182479686326775,0.11563812818691793
-0.09967090760406987,1.0858351974698328,1.7026681848544893,1.6193757991921194,-1.7150960911120354,-1.2645053004571831,-1.2645053004571831,0.20307046014008784,-0.5019124239907221,-0.03053224037003586,-0.5507847897348009,1.142174748287431
1.9034348840949158,0.47043193391533566,-0.2687165352902838,0.2379689195080722,-1.6557129015348744,2.7267937221225593,2.726793722122559,0.341879685258732,0.6212482450794252,1.409303937080072,-0.24311448324952553,-0.22654074517991973
1.1522702122077961,0.9891204099939849,2.1660349387891076,1.2394889072790063,0.8928156511516225,0.06592770706939767,0.06592770706939752,2.0075903866824625,0.6212482450794252,2.489181070167653,0.6798964362063006,1.8265324950211062
-0.266596390245652,-0.09523572021849612,-0.37500855052976606,0.47971512345278045,-0.606609885671695,0.06592770706939767,0.06592770706939752,0.06426123502144365,-0.5019124239907221,0.689385848355018,-0.24311448324952553,-0.22654074517991973
-0.18313364892486095,0.3334492795350455,0.21624078423985418,-1.1089027881838738,0.08124539359708759,1.3963607145959784,1.3963607145959784,1.0359258108519531,0.6212482450794252,1.049344892717545,0.987566742691576,0.4578170015537556
1.5695839188117515,-0.3741146675001543,-0.5593587644607432,-1.3161138201364808,0.8433296598373216,1.3963607145959784,1.3963607145959784,-0.21335721521584475,-0.5019124239907221,0.689385848355018,-0.5507847897348009,-0.5687196185467573
-1.6020002513783091,1.415807995714568,3.1857739599928907,0.44517995146067924,-0.08205837774010541,-1.2645053004571831,-1.2645053004571831,2.146399611801107,3.9907302522898678,1.049344892717545,1.2952370491768512,2.853069115121619
-0.7673728381703985,0.22486985270342438,0.01030000471335723,-0.03831245642873724,-0.4086659204144914,0.06592770706939767,0.06592770706939752,0.7583073606146646,-0.5019124239907221,1.049344892717545,0.987566742691576,-0.22654074517991973
-1.7689257340198914,-0.6580670464255269,-0.8815564356554239,1.2740240792711075,-0.7600164587460279,0.06592770706939767,0.06592770706939752,-0.9074033408090657,-0.5019124239907221,-0.7504503290950897,-0.5507847897348009,-0.9108984919135951
0.818419246924632,0.5294754927295874,0.7294319203179797,0.8250668433737922,-0.9876520187918121,-1.2645053004571831,-1.2645053004571831,1.5911627113265299,-0.5019124239907221,-0.03053224037003586,2.2182479686326775,1.4843536216542685
-0.6839100968496074,-0.770441559919769,-0.9147726904177621,-0.4527345203339514,-0.710530467431727,0.06592770706939767,0.06592770706939752,-1.04621256592771,-0.5019124239907221,-0.7504503290950897,-0.8584550962200763,-0.9108984919135951
-0.016208166283278792,0.04538222770177846,0.7609873623422009,-0.5218048643181538,1.6252083226032759,0.06592770706939767,0.06592770706939752,0.341879685258732,1.7444089141495727,-0.03053224037003586,0.987566742691576,-0.22654074517991973
0.818419246924632,0.7777141087456629,1.39043539008851,-1.143437960175975,1.1847829999059978,0.06592770706939767,0.06592770706939752,1.1747350359705973,-0.5019124239907221,1.7692629814425989,0.3722261297210252,0.7999958749205932
-1.6020002513783091,0.6491205933037982,1.2625528092535079,-0.03831245642873724,0.8829184528887623,-1.2645053004571831,-1.2645053004571831,2.2852088369197507,-0.5019124239907221,1.7692629814425989,2.2182479686326775,1.4843536216542685
-0.5169846142080252,0.04054848574201902,-0.2820030371952191,0.4106447794685781,0.7394090780772896,1.3963607145959784,1.3963607145959784,-0.07454799009720055,-0.5019124239907221,-0.03053224037003586,-0.24311448324952553,0.11563812818691793
-0.3500591315664431,-0.8419090340190223,-0.9430065069657496,0.16889857552386983,-1.0767268031575536,0.06592770706939767,0.06592770706939752,-1.185021791046354,-0.5019124239907221,-1.1104093734576166,-0.8584550962200763,-0.9108984919135951
-0.6839100968496074,-0.4084302405863804,-0.2820030371952191,0.2379689195080722,1.6202597234718459,0.06592770706939767,0.06592770706939752,0.20307046014008784,0.6212482450794252,1.049344892717545,0.06455582323574982,-0.5687196185467573
-0.3500591315664431,0.07470426570560844,0.2345097243591402,0.8596020153658934,1.2243717929574385,1.3963607145959784,1.3963607145959784,0.8971165857333089,-0.5019124239907221,1.409303937080072,0.987566742691576,-0.22654074517991973
1.1522702122077961,-0.1027060487017607,1.3123771913970153,-0.48726969232605255,1.6054139260775555,-1.2645053004571831,-1.2645053004571831,1.0359258108519531,1.7444089141495727,0.3294268039924911,-0.24311448324952553,2.5108902417547814
-0.43352187288723415,0.4381537231427272,0.535116829958301,0.5487854674369828,-1.2499277727576068,-1.2645053004571831,-1.2645053004571831,0.06426123502144365,0.6212482450794252,-0.03053224037003586,0.06455582323574982,0.11563812818691793
-0.266596390245652,0.19566765954157192,0.06012438685686455,-0.03831245642873724,0.007016406625636222,1.3963607145959784,1.3963607145959784,0.6194981354960204,-0.5019124239907221,0.3294268039924911,1.2952370491768512,-0.22654074517991973
-0.5169846142080252,-0.21835632121005472,0.7344143585323304,1.34309442325531,1.2144745946945783,0.06592770706939767,0.06592770706939752,1.5911627113265299,0.6212482450794252,2.489181070167653,-0.24311448324952553,1.8265324950211062
-0.18313364892486095,1.0663404365081584,0.5600290210300547,-1.0398324441996714,-0.5274322995688135,-1.2645053004571831,-1.2645053004571831,1.4523534862078857,-0.5019124239907221,-0.7504503290950897,2.2182479686326775,1.8265324950211062
0.901881988245423,0.06947104093925731,0.500239762457846,-0.970762100215469,0.16042297969996905,0.06592770706939767,0.06592770706939752,1.3135442610892414,-0.5019124239907221,0.3294268039924911,1.910577662147402,0.7999958749205932
-1.6020002513783091,1.2775869446338435,0.9835362692498669,-0.763551068262862,-1.0222922127118226,-1.2645053004571831,-1.2645053004571831,0.6194981354960204,-0.5019124239907221,-0.3904912847325628,1.2952370491768512,0.4578170015537556
-0.5169846142080252,-0.24528146237433454,-0.8068198624401629,1.2740240792711075,1.6153111243404157,1.3963607145959784,1.3963607145959784,-0.7685941156904216,-0.5019124239907221,-0.3904912847325628,-1.1661254027053516,-0.22654074517991973
0.3176427989998855,0.8508993589132604,1.7475101287836459,1.4812351112237145,1.1253998103288367,0.06592770706939767,0.06592770706939752,1.4523534862078857,-0.5019124239907221,2.129222025805126,0.987566742691576,0.4578170015537556
-1.4350747687367271,1.0902295083423414,1.7142938740213076,-1.6614655400574927,-1.4379745397519503,-1.2645053004571831,-1.2645053004571831,1.1747350359705973,-0.5019124239907221,-0.03053224037003586,0.987566742691576,1.8265324950211062
-0.6839100968496074,-1.2486624276906801,-0.8848780611316577,-1.2125083041601774,0.3534183458257426,-1.2645053004571831,-1.2645053004571831,-0.9074033408090657,0.6212482450794252,-0.3904912847325628,-1.1661254027053516,-0.5687196185467573
-0.9342983208119806,-0.018854607598165155,-0.5493938880320417,0.8596020153658934,-1.2053903805747361,0.06592770706939767,0.06592770706939752,-0.35216644033448896,-0.5019124239907221,-0.03053224037003586,-0.5507847897348009,-0.22654074517991973
0.5680310229622587,0.14065887707389632,0.41221668733764966,1.204953735286905,1.1105540129345466,0.06592770706939767,0.06592770706939752,1.1747350359705973,-0.5019124239907221,2.129222025805126,0.6798964362063006,0.11563812818691793
-0.7673728381703985,-0.7669660595024214,-0.8765739974410731,-1.557860024081189,-0.29979673952302943,0.06592770706939767,0.06592770706939752,-0.9074033408090657,-0.5019124239907221,-0.7504503290950897,-0.5507847897348009,-0.9108984919135951
-0.266596390245652,-0.5772916229326874,-0.8300712407737997,0.030757887555465113,-0.3542313299687604,0.06592770706939767,0.06592770706939752,-0.9074033408090657,-0.5019124239907221,-0.3904912847325628,-0.8584550962200763,-0.9108984919135951
-0.09967090760406987,-0.9985462424836236,-0.8300712407737997,-1.6269303680653915,1.194680198168858,0.06592770706939767,0.06592770706939752,-1.04621256592771,0.6212482450794252,-0.7504503290950897,-0.8584550962200763,-0.9108984919135951
-1.1846865447743538,1.396193389910916,2.187625504384627,0.8250668433737922,0.18516597535711948,-1.2645053004571831,-1.2645053004571831,0.7583073606146646,0.6212482450794252,2.129222025805126,0.06455582323574982,-0.22654074517991973
-0.18313364892486095,0.706765962294979,1.7541533797361135,-0.970762100215469,0.2247547684085602,-1.2645053004571831,-1.2645053004571831,1.1747350359705973,-0.5019124239907221,-0.03053224037003586,1.910577662147402,0.7999958749205932
-0.6004473555288163,-0.5808869681920126,-0.8666091210123716,1.1358833913027029,-1.0470352083689731,0.06592770706939767,0.06592770706939752,-0.9074033408090657,-0.5019124239907221,-0.7504503290950897,-0.8584550962200763,-0.5687196185467573
-0.3500591315664431,-0.5927116592671265,-0.9263983795845805,-1.2125083041601774,-1.4825119319348212,0.06592770706939767,0.06592770706939752,-1.04621256592771,-0.5019124239907221,-0.7504503290950897,-0.8584550962200763,-0.9108984919135951
-0.3500591315664431,-1.9469184253322935,-0.9978133273236076,0.2379689195080722,0.43754453106005414,0.06592770706939767,0.06592770706939752,-1.7402586915209308,-0.5019124239907221,-1.4703684178201437,-1.7814660156759023,-0.9108984919135951
-0.6004473555288163,0.2540320975846177,0.21125834602550345,-1.0052972722075701,1.1501428059859873,1.3963607145959784,1.3963607145959784,1.0359258108519531,-0.5019124239907221,1.049344892717545,0.987566742691576,0.4578170015537556
1.7365094014533338,1.1902200548322412,1.0433255278220757,0.16889857552386983,-1.3291053588604884,-1.2645053004571831,-1.2645053004571831,0.6194981354960204,-0.5019124239907221,-0.03053224037003586,0.3722261297210252,1.142174748287431
0.901881988245423,-0.9647899453266259,-0.8201063643450982,0.9632075313421969,1.0462222242259553,1.3963607145959784,1.3963607145959784,-0.9074033408090657,-0.5019124239907221,-0.7504503290950897,-1.1661254027053516,-0.22654074517991973
-1.518537510057518,0.8695152577004331,1.7475101287836459,-1.5233248520890879,-1.1311613936032847,-1.2645053004571831,-1.2645053004571831,0.20307046014008784,2.86756958321972,-0.03053224037003586,-0.5507847897348009,1.142174748287431
0.7349565056038408,-1.2982382439887088,-0.9147726904177621,0.5487854674369828,0.5365165136886559,0.06592770706939767,0.06592770706939752,-1.04621256592771,-0.5019124239907221,-1.1104093734576166,-0.8584550962200763,-0.5687196185467573
-0.5169846142080252,0.191672831475655,1.506692281756694,-0.556340036310255,1.0462222242259553,0.06592770706939767,0.06592770706939752,1.3135442610892414,0.6212482450794252,0.689385848355018,2.2182479686326775,0.11563812818691793
0.901881988245423,0.03375727802996031,-0.5560371389845093,0.5487854674369828,0.2791893588542912,1.3963607145959784,1.3963607145959784,-0.21335721521584475,0.6212482450794252,0.3294268039924911,-0.24311448324952553,-0.5687196185467573
-0.5169846142080252,0.6809194247084966,0.49525732424349517,-0.2800586603734455,-1.6755072980605947,0.06592770706939767,0.06592770706939752,1.4523534862078857,-0.5019124239907221,1.049344892717545,2.2182479686326775,0.11563812818691793
-0.5169846142080252,-0.24528146237433454,-0.8068198624401629,1.2740240792711075,1.6153111243404157,1.3963607145959784,1.3963607145959784,-0.7685941156904216,0.6212482450794252,-0.3904912847325628,-1.1661254027053516,-0.22654074517991973
-1.6020002513783091,-1.1547839681416332,-0.8350536789881504,1.4812351112237145,1.5311849391061043,0.06592770706939767,0.06592770706939752,-0.9074033408090657,-0.5019124239907221,-0.3904912847325628,-0.8584550962200763,-0.9108984919135951
-1.6020002513783091,-1.1547839681416332,-0.5593587644607432,1.6539109711842206,1.3777783660317713,0.06592770706939767,0.06592770706939752,-0.21335721521584475,-0.5019124239907221,0.3294268039924911,-0.24311448324952553,-0.5687196185467573
-1.6854629926991003,-1.717095966700095,-0.9695795107756201,1.4466999392316133,-0.8045538509288986,0.06592770706939767,0.06592770706939752,-1.185021791046354,-0.5019124239907221,-1.1104093734576166,-1.1661254027053516,-0.5687196185467573
0.818419246924632,0.6211168485617208,0.9137821342489567,-1.696000712049594,-0.7402220622203075,-1.2645053004571831,-1.2645053004571831,0.341879685258732,0.6212482450794252,-0.3904912847325628,0.06455582323574982,1.142174748287431
-0.18313364892486095,0.7882205065590244,0.797525242580773,0.3415744354843757,1.3233437755860404,0.06592770706939767,0.06592770706939752,0.48068891037737627,0.6212482450794252,-0.3904912847325628,0.987566742691576,0.4578170015537556
0.15071731635830335,0.27951910064516744,0.8672793775816832,-1.557860024081189,0.8878670520201924,0.06592770706939767,0.06592770706939752,1.729971936445174,-0.5019124239907221,2.489181070167653,1.910577662147402,-0.22654074517991973
-1.6854629926991003,-0.811348599314758,-0.8865388738697746,-1.5233248520890879,-1.2895165658090475,0.06592770706939767,0.06592770706939752,-0.7685941156904216,-0.5019124239907221,-0.3904912847325628,-0.5507847897348009,-0.9108984919135951
0.6514937642830498,0.9045498998385243,0.5949060885305099,-0.03831245642873724,0.6156940997915374,1.3963607145959784,1.3963607145959784,1.4523534862078857,-0.5019124239907221,1.7692629814425989,1.910577662147402,-0.22654074517991973
-0.7673728381703985,0.5425385805051356,1.2907866258014955,1.7229813151684228,1.1056054138031164,-1.2645053004571831,-1.2645053004571831,0.8971165857333089,-0.5019124239907221,0.3294268039924911,1.2952370491768512,0.4578170015537556
1.3191956948493784,-0.03303624723217012,-0.9762227617280878,1.1013482193106017,0.2247547684085602,2.7267937221225593,2.726793722122559,-1.3238310161649984,-0.5019124239907221,-1.4703684178201437,-0.8584550962200763,-0.9108984919135951
0.4011055403206766,-0.0101858306951255,0.3109071103125181,1.5848406272000182,1.5509793356318247,0.06592770706939767,0.06592770706939752,1.1747350359705973,-0.5019124239907221,1.7692629814425989,1.2952370491768512,-0.22654074517991973
-1.4350747687367271,-0.39356948018116955,-0.8400361172025012,-0.21098831638924315,0.8829184528887623,0.06592770706939767,0.06592770706939752,-0.9074033408090657,-0.5019124239907221,-0.3904912847325628,-0.8584550962200763,-0.9108984919135951
-1.518537510057518,-0.8727890549685599,-0.8732523719648393,-1.5233248520890879,-0.26515654560301877,-1.2645053004571831,-1.2645053004571831,-1.04621256592771,-0.5019124239907221,-0.7504503290950897,-0.8584550962200763,-0.9108984919135951
0.48456828164146765,-0.8490997245376727,-0.7287616637486681,0.030757887555465113,1.2045773964317181,-1.2645053004571831,-1.2645053004571831,-0.7685941156904216,0.6212482450794252,-0.03053224037003586,-0.8584550962200763,-0.9108984919135951
0.9853447295662141,0.5510875125661977,0.11825283269095643,0.9286723593500957,0.8482782589687516,0.06592770706939767,0.06592770706939752,0.7583073606146646,-0.5019124239907221,1.409303937080072,0.3722261297210252,0.11563812818691793
-0.5169846142080252,-0.5973856081042493,-0.9679186980375032,-0.1073828004129396,0.5117735180315055,1.3963607145959784,1.3963607145959784,-1.3238310161649984,-0.5019124239907221,-1.4703684178201437,-0.8584550962200763,-0.9108984919135951
1.4861211774909606,0.21140728212128446,-0.8533226191074363,0.6523909834132863,-0.4631005108602224,0.06592770706939767,0.06592770706939752,-0.9074033408090657,-0.5019124239907221,-1.1104093734576166,-0.5507847897348009,-0.5687196185467573
0.3176427989998855,0.9812106504234694,0.05846357411874764,-0.556340036310255,-1.1905445831804458,-1.2645053004571831,-1.2645053004571831,0.341879685258732,-0.5019124239907221,-0.03053224037003586,0.3722261297210252,0.4578170015537556
1.0688074708870052,0.4675956059885347,0.8307414973431112,0.030757887555465113,1.5410821373689645,0.06592770706939767,0.06592770706939752,0.48068891037737627,-0.5019124239907221,0.689385848355018,0.06455582323574982,0.4578170015537556
0.5680310229622587,0.952487836629527,0.7095021674605767,1.2394889072790063,-1.5666381171691326,-1.2645053004571831,-1.2645053004571831,0.06426123502144365,0.6212482450794252,-0.03053224037003586,-0.5507847897348009,0.7999958749205932
-0.43352187288723415,0.6074944848569442,0.9436767635350611,0.47971512345278045,1.6450027191289962,0.06592770706939767,0.06592770706939752,2.0075903866824625,-0.5019124239907221,1.7692629814425989,1.910577662147402,1.142174748287431
0.15071731635830335,-0.6065737126558582,-0.9645970725612694,1.3776295952474111,-0.32948833431160995,1.3963607145959784,1.3963607145959784,-1.185021791046354,-0.5019124239907221,-1.1104093734576166,-0.8584550962200763,-0.9108984919135951
0.5680310229622587,-0.20225716410440964,-0.6075223338661336,1.1013482193106017,1.2639605860088794,1.3963607145959784,1.3963607145959784,-0.35216644033448896,1.7444089141495727,-0.03053224037003586,-0.5507847897348009,-0.22654074517991973
-0.6004473555288163,-0.8141050306802408,-0.9729011362518539,0.9632075313421969,0.1307313849113885,0.06592770706939767,0.06592770706939752,-1.3238310161649984,-0.5019124239907221,-1.1104093734576166,-1.1661254027053516,-0.9108984919135951
0.6514937642830498,-0.9996248460614211,-0.8367144917262673,0.030757887555465113,0.8334324615744614,2.7267937221225593,2.726793722122559,-0.7685941156904216,-0.5019124239907221,-0.7504503290950897,-0.5507847897348009,-0.5687196185467573
-0.6004473555288163,0.7167130841791121,0.7111629801986936,-1.350648992128582,-0.052366782951524866,0.06592770706939767,0.06592770706939752,1.4523534862078857,-0.5019124239907221,1.049344892717545,2.2182479686326775,0.11563812818691793
-1.1846865447743538,-0.49200204372536177,-0.7470306038679541,-0.6599455522865585,0.7245632806829994,0.06592770706939767,0.06592770706939752,-0.7685941156904216,-0.5019124239907221,-0.3904912847325628,-0.5507847897348009,-0.9108984919135951
-0.6004473555288163,-0.10214677277253234,-0.24546515695664703,0.583320639429084,-0.5769182908831145,1.3963607145959784,1.3963607145959784,0.341879685258732,-0.5019124239907221,1.049344892717545,0.3722261297210252,-0.5687196185467573
-1.6020002513783091,-1.1022919273554852,-0.9778835744662047,-1.143437960175975,1.244166189483159,0.06592770706939767,0.06592770706939752,-1.3238310161649984,-0.5019124239907221,-1.1104093734576166,-1.1661254027053516,-0.9108984919135951
1.2357329535285873,1.103652130643822,0.3092462975744012,-1.2815786481443796,-1.695301694586315,0.06592770706939767,0.06592770706939752,1.0359258108519531,-0.5019124239907221,0.3294268039924911,-0.24311448324952553,2.5108902417547814
-1.351612027415936,-0.31622960882501855,-0.8533226191074363,-0.6599455522865585,-1.685404496323455,0.06592770706939767,0.06592770706939752,-0.9074033408090657,-0.5019124239907221,-0.3904912847325628,-0.8584550962200763,-0.9108984919135951
1.4026584361701695,-0.17097766034828038,-0.3301666066006095,-1.4197193361127844,0.8532268581001817,0.06592770706939767,0.06592770706939752,0.20307046014008784,-0.5019124239907221,0.689385848355018,-0.24311448324952553,0.11563812818691793
0.4011055403206766,0.4687541061276506,1.1014539736561677,1.5157702832158158,1.090759616408826,0.06592770706939767,0.06592770706939752,0.8971165857333089,0.6212482450794252,0.3294268039924911,1.2952370491768512,0.4578170015537556
1.2357329535285873,0.9218874536446036,0.3906261217421298,-1.2125083041601774,-1.3785913501747893,0.06592770706939767,0.06592770706939752,1.1747350359705973,-0.5019124239907221,0.3294268039924911,1.910577662147402,0.4578170015537556
1.5695839188117515,0.13099139315437744,0.045177072213812355,0.13436340353176865,1.4173671590832122,1.3963607145959784,1.3963607145959784,0.7583073606146646,0.6212482450794252,2.489181070167653,0.06455582323574982,-0.5687196185467573
0.9853447295662141,0.9206091086635102,0.6862507891269399,-0.7980862402549632,0.5216707162943657,2.7267937221225593,2.726793722122559,0.20307046014008784,-0.5019124239907221,0.689385848355018,-0.24311448324952553,0.11563812818691793
1.9034348840949158,1.220900334378483,1.1778513596095455,-0.9016917562312667,1.130348409460267,-1.2645053004571831,-1.2645053004571831,1.729971936445174,2.86756958321972,1.049344892717545,1.910577662147402,1.142174748287431
1.2357329535285873,-0.5289142550544338,-0.916433503155879,1.4812351112237145,1.2342689912202987,1.3963607145959784,1.3963607145959784,-1.04621256592771,-0.5019124239907221,-0.7504503290950897,-0.8584550962200763,-0.9108984919135951
-1.8523884753406823,1.5340149581850488,3.1874347727310077,-0.6944807242786596,-1.0767268031575536,-1.2645053004571831,-1.2645053004571831,0.6194981354960204,1.7444089141495727,-0.3904912847325628,1.2952370491768512,0.4578170015537556
-1.4350747687367271,-1.0017820532170163,-0.9197551286321128,-0.2800586603734455,-0.5422780969631039,0.06592770706939767,0.06592770706939752,-1.185021791046354,-0.5019124239907221,-1.1104093734576166,-0.8584550962200763,-0.9108984919135951
-0.6839100968496074,-0.4084302405863804,-0.2820030371952191,0.2379689195080722,1.6202597234718459,0.06592770706939767,0.06592770706939752,0.20307046014008784,0.6212482450794252,1.049344892717545,0.06455582323574982,-0.5687196185467573
0.7349565056038408,-0.5607530347397914,-0.5610195771988601,-1.0398324441996714,0.5117735180315055,0.06592770706939767,0.06592770706939752,-0.21335721521584475,-0.5019124239907221,0.3294268039924911,-0.24311448324952553,-0.5687196185467573
-1.1012238034535626,-0.28103517356429075,-0.7619779185110063,-1.557860024081189,-1.2647735701518972,1.3963607145959784,1.3963607145959784,-0.7685941156904216,0.6212482450794252,-0.3904912847325628,-0.8584550962200763,-0.5687196185467573
1.819972142774125,1.171923742290342,1.9800239121200134,1.3776295952474111,-1.4429231388833803,-1.2645053004571831,-1.2645053004571831,0.6194981354960204,1.7444089141495727,-0.03053224037003586,0.6798964362063006,0.7999958749205932
-1.9358512166614734,-0.6912241193726372,-0.7785860458921754,0.7559964993895899,0.09609119099137786,-1.2645053004571831,-1.2645053004571831,-0.7685941156904216,-0.5019124239907221,-0.7504503290950897,-0.5507847897348009,-0.5687196185467573
-0.6004473555288163,0.3293346066271511,-0.1640853327889184,1.1013482193106017,0.8334324615744614,0.06592770706939767,0.06592770706939752,0.48068891037737627,-0.5019124239907221,1.049344892717545,0.3722261297210252,-0.22654074517991973
1.0688074708870052,-0.7032885001317062,-0.9812051999424385,-0.6254103802944573,-0.9728062213975218,2.7267937221225593,2.726793722122559,-1.3238310161649984,-0.5019124239907221,-1.1104093734576166,-1.1661254027053516,-0.9108984919135951
1.819972142774125,1.0328637773157747,0.8290806846049943,0.13436340353176865,-0.7600164587460279,-1.2645053004571831,-1.2645053004571831,0.48068891037737627,-0.5019124239907221,-0.03053224037003586,-0.24311448324952553,1.4843536216542685
1.5695839188117515,1.2073179189543655,0.611514215911679,0.9977427033342982,-0.7154790665631571,-1.2645053004571831,-1.2645053004571831,0.20307046014008784,-0.5019124239907221,0.3294268039924911,0.06455582323574982,0.11563812818691793
0.23418005767909442,-0.2530713771028725,-0.8965037502984761,1.0668130473185005,-1.41818014322623,0.06592770706939767,0.06592770706939752,-0.9074033408090657,-0.5019124239907221,-0.7504503290950897,-0.8584550962200763,-0.5687196185467573
-1.518537510057518,1.1634147585099388,0.2859949192407644,-1.0743676161917726,-1.1361099927347147,-1.2645053004571831,-1.2645053004571831,1.8687811615638181,0.6212482450794252,-0.3904912847325628,2.2182479686326775,2.5108902417547814
-0.3500591315664431,-0.6542719597629059,-0.9247375668464636,-0.4181993483418502,-1.5468437206434122,1.3963607145959784,1.3963607145959784,-1.185021791046354,1.7444089141495727,-1.1104093734576166,-1.1661254027053516,-0.5687196185467573
1.4026584361701695,-0.47122893778259395,-0.7254400382724343,0.09982823153966747,1.6103625252089857,1.3963607145959784,1.3963607145959784,-0.6297848905717773,0.6212482450794252,-0.3904912847325628,-0.5507847897348009,-0.5687196185467573
0.3176427989998855,0.36928288728632,-0.5095343823172358,-0.3491290043576479,-1.7398390867691857,-1.2645053004571831,-1.2645053004571831,-0.21335721521584475,-0.5019124239907221,-0.3904912847325628,0.06455582323574982,-0.22654074517991973
-0.9342983208119806,-0.6899058261108846,-0.6390777758903549,-1.3161138201364808,0.4523903284543444,0.06592770706939767,0.06592770706939752,-0.35216644033448896,-0.5019124239907221,-0.3904912847325628,-0.24311448324952553,-0.22654074517991973
-1.518537510057518,0.9410226800803455,1.7873696344984518,-0.556340036310255,-0.824348247454619,-1.2645053004571831,-1.2645053004571831,1.5911627113265299,0.6212482450794252,1.049344892717545,1.910577662147402,0.7999958749205932
0.5680310229622587,-0.8285663082788598,-0.748691416606071,-0.9362269282233678,1.0709652198831057,0.06592770706939767,0.06592770706939752,-0.6297848905717773,-0.5019124239907221,-0.3904912847325628,-0.5507847897348009,-0.5687196185467573
1.1522702122077961,0.8800616037944538,0.4753275713860923,1.170418563294804,0.7245632806829994,-1.2645053004571831,-1.2645053004571831,-0.07454799009720055,-0.5019124239907221,-0.03053224037003586,-0.24311448324952553,0.11563812818691793
-1.6020002513783091,-1.538567100434269,-0.9097902522034114,-0.21098831638924315,1.5509793356318247,0.06592770706939767,0.06592770706939752,-1.185021791046354,0.6212482450794252,-0.7504503290950897,-1.1661254027053516,-0.9108984919135951
0.3176427989998855,-0.2834320704038409,-0.4896046294598329,0.8596020153658934,-0.23051635168300813,0.06592770706939767,0.06592770706939752,-0.07454799009720055,-0.5019124239907221,0.689385848355018,-0.24311448324952553,-0.5687196185467573
0.15071731635830335,0.013223861771147483,-0.8483401808930856,0.16889857552386983,-1.3291053588604884,0.06592770706939767,0.06592770706939752,-0.9074033408090657,-0.5019124239907221,-0.7504503290950897,-0.5507847897348009,-0.9108984919135951
-0.3500591315664431,-0.1520421753158343,-0.301932790052622,-1.5923951960732903,1.3134465773231803,0.06592770706939767,0.06592770706939752,0.20307046014008784,0.6212482450794252,1.049344892717545,0.06455582323574982,-0.5687196185467573
0.7349565056038408,-1.4019439805799112,-0.9280591923226974,1.6193757991921194,-1.0866240014204138,1.3963607145959784,1.3963607145959784,-0.7685941156904216,-0.5019124239907221,-0.3904912847325628,-0.5507847897348009,-0.9108984919135951
-1.2681492860951449,-0.644364786159432,-0.4431018727925594,0.6523909834132863,-0.4779463082545127,0.06592770706939767,0.06592770706939752,-0.07454799009720055,0.6212482450794252,1.049344892717545,-0.5507847897348009,-0.5687196185467573
-0.18313364892486095,0.9670290107894645,1.335628569730652,-1.6269303680653915,1.412418559951782,0.06592770706939767,0.06592770706939752,1.0359258108519531,-0.5019124239907221,-0.7504503290950897,2.2182479686326775,0.7999958749205932
-0.5169846142080252,-0.6221934903935933,-0.9479889451801004,-0.31459383236554667,-1.4280773414890902,0.06592770706939767,0.06592770706939752,-1.04621256592771,-0.5019124239907221,-1.1104093734576166,-0.8584550962200763,-0.5687196185467573
0.3176427989998855,0.06411797133092868,-0.0727406321924883,0.5142502954448817,0.06639959620279731,0.06592770706939767,0.06592770706939752,0.48068891037737627,-0.5019124239907221,1.409303937080072,-0.8584550962200763,0.7999958749205932
1.0688074708870052,1.5175562665534712,2.900114169036782,-0.7980862402549632,1.4223157582146422,-1.2645053004571831,-1.2645053004571831,1.4523534862078857,0.6212482450794252,-0.03053224037003586,1.910577662147402,1.4843536216542685
1.1522702122077961,0.7350493450016705,1.209406801633767,0.6869261554053875,0.19506317361997969,-1.2645053004571831,-1.2645053004571831,0.8971165857333089,0.6212482450794252,-0.03053224037003586,1.2952370491768512,0.7999958749205932
0.7349565056038408,-0.30863943549977646,-0.9529713833944511,0.27250409150017335,-0.2503107482087285,1.3963607145959784,1.3963607145959784,-1.185021791046354,-0.5019124239907221,-1.1104093734576166,-0.8584550962200763,-0.9108984919135951
0.6514937642830498,-1.0035797258466788,-0.9380240687513989,0.9977427033342982,-1.1608529883918652,1.3963607145959784,1.3963607145959784,-1.04621256592771,-0.5019124239907221,-0.7504503290950897,-0.8584550962200763,-0.9108984919135951
0.48456828164146765,0.07326612760187835,-0.9413456942276327,0.7559964993895899,-0.08205837774010541,1.3963607145959784,1.3963607145959784,-1.185021791046354,-0.5019124239907221,-0.7504503290950897,-1.1661254027053516,-0.9108984919135951
-0.6839100968496074,0.7836664025638791,0.888869943177203,0.3415744354843757,0.868072655494472,0.06592770706939767,0.06592770706939752,1.1747350359705973,-0.5019124239907221,0.3294268039924911,1.6029073556621267,0.7999958749205932
-1.7689257340198914,-0.03946792041829631,0.1730596530488145,-0.7290158962707608,0.5068249189000754,0.06592770706939767,0.06592770706939752,0.8971165857333089,0.6212482450794252,2.129222025805126,-0.5507847897348009,0.7999958749205932
-0.3500591315664431,0.32733719259419264,-0.34013148302931095,0.4106447794685781,-1.195493182311876,0.06592770706939767,0.06592770706939752,0.20307046014008784,-0.5019124239907221,1.049344892717545,-0.24311448324952553,-0.22654074517991973
0.4011055403206766,0.5308337342719991,-0.16574614552703532,-0.9362269282233678,-1.358796953649069,0.06592770706939767,0.06592770706939752,0.48068891037737627,-0.5019124239907221,-0.03053224037003586,0.6798964362063006,0.4578170015537556
-1.6020002513783091,0.6558319044545387,1.5482126002096166,1.5848406272000182,1.6548999173918564,-1.2645053004571831,-1.2645053004571831,1.0359258108519531,-0.5019124239907221,-0.03053224037003586,1.6029073556621267,0.7999958749205932
-0.7673728381703985,-1.5917382619916227,-0.9114510649415283,-0.38366417634974903,1.0808624181459658,-1.2645053004571831,-1.2645053004571831,-1.04621256592771,-0.5019124239907221,-0.7504503290950897,-0.8584550962200763,-0.9108984919135951
-1.7689257340198914,0.4902063328416243,1.8538021440231283,-1.0398324441996714,-0.18597895950013732,-1.2645053004571831,-1.2645053004571831,0.7583073606146646,1.7444089141495727,0.689385848355018,0.987566742691576,0.11563812818691793
-0.5169846142080252,-0.7303734344186227,-0.5576979517226263,1.4812351112237145,-0.1463901664486966,0.06592770706939767,0.06592770706939752,-0.21335721521584475,-0.5019124239907221,0.3294268039924911,-0.24311448324952553,-0.5687196185467573
-0.6839100968496074,-0.8343188606937801,-0.954632196132568,-0.8671565842391655,-0.8490912431117695,1.3963607145959784,1.3963607145959784,-1.185021791046354,0.6212482450794252,-1.1104093734576166,-1.1661254027053516,-0.5687196185467573
-1.2681492860951449,0.1276756858596664,0.45871944400492315,-0.970762100215469,-0.42846031694021175,0.06592770706939767,0.06592770706939752,1.1747350359705973,-0.5019124239907221,0.3294268039924911,2.2182479686326775,0.11563812818691793
-1.1846865447743538,-0.9539240129873319,-0.9795443872043216,-0.48726969232605255,-0.5373294978316737,0.06592770706939767,0.06592770706939752,-1.3238310161649984,-0.5019124239907221,-1.1104093734576166,-1.1661254027053516,-0.9108984919135951
-1.518537510057518,0.19422952143784183,-0.4896046294598329,-1.3851841641206832,-1.5418951215119823,0.06592770706939767,0.06592770706939752,-0.07454799009720055,-0.5019124239907221,-0.3904912847325628,0.3722261297210252,-0.22654074517991973
0.3176427989998855,0.6751668722935764,-0.6291128994616534,-0.9016917562312667,-0.9926006179232422,0.06592770706939767,0.06592770706939752,-0.35216644033448896,-0.5019124239907221,-0.03053224037003586,-0.24311448324952553,-0.5687196185467573
1.0688074708870052,0.029362967157451722,0.9071388832964891,1.4812351112237145,1.2095259955631483,0.06592770706939767,0.06592770706939752,1.5911627113265299,-0.5019124239907221,1.7692629814425989,0.987566742691576,1.142174748287431
0.3176427989998855,-0.020812073350464432,-0.8034982369639291,0.20343374751597101,-0.20082475689442758,0.06592770706939767,0.06592770706939752,-0.7685941156904216,0.6212482450794252,-0.3904912847325628,-0.5507847897348009,-0.9108984919135951
-0.18313364892486095,-1.3360692657729418,-0.87823481017919,-1.2125083041601774,0.8878670520201924,0.06592770706939767,0.06592770706939752,-0.9074033408090657,-0.5019124239907221,-0.7504503290950897,-0.5507847897348009,-0.9108984919135951
-1.1012238034535626,0.5762948776621333,1.134670228418506,0.9977427033342982,1.4272643573460724,-1.2645053004571831,-1.2645053004571831,0.7583073606146646,-0.5019124239907221,0.3294268039924911,0.06455582323574982,1.4843536216542685
0.818419246924632,-0.06287761288456929,-0.07440144493060522,0.5142502954448817,0.868072655494472,1.3963607145959784,1.3963607145959784,0.341879685258732,-0.5019124239907221,1.409303937080072,0.06455582323574982,-0.5687196185467573
0.48456828164146765,0.08692843958731412,-0.655685903271524,-0.0037772844366360664,0.8334324615744614,1.3963607145959784,1.3963607145959784,-0.49097566545313315,-0.5019124239907221,-0.3904912847325628,-0.24311448324952553,-0.5687196185467573
1.4026584361701695,0.09232145747630192,-0.6191480230329519,-1.4197193361127844,-1.1658015875232952,0.06592770706939767,0.06592770706939752,-0.35216644033448896,-0.5019124239907221,0.3294268039924911,-0.5507847897348009,-0.5687196185467573
-0.18313364892486095,-0.20481385406659644,0.8074901190094744,-0.48726969232605255,1.5113905425803837,0.06592770706939767,0.06592770706939752,0.341879685258732,-0.5019124239907221,-0.3904912847325628,1.2952370491768512,-0.22654074517991973
0.48456828164146765,-0.44881795233280014,-0.007968935405928787,-1.3161138201364808,0.5711567076086665,-1.2645053004571831,-1.2645053004571831,0.48068891037737627,-0.5019124239907221,0.689385848355018,0.6798964362063006,-0.22654074517991973
-1.1012238034535626,-1.3100629350638227,-0.916433503155879,-1.4197193361127844,-1.1212641953404245,0.06592770706939767,0.06592770706939752,-0.7685941156904216,0.6212482450794252,-0.03053224037003586,-1.1661254027053516,-0.5687196185467573
-0.6004473555288163,-0.6366547679922124,-0.8765739974410731,0.13436340353176865,-0.5274322995688135,0.06592770706939767,0.06592770706939752,-0.9074033408090657,-0.5019124239907221,-0.3904912847325628,-0.8584550962200763,-0.9108984919135951
1.819972142774125,0.8317641324775185,0.8124725572238252,-0.4527345203339514,-0.2552593473401586,0.06592770706939767,0.06592770706939752,1.729971936445174,-0.5019124239907221,1.7692629814425989,2.2182479686326775,0.11563812818691793
-0.016208166283278792,-0.37978732335375626,-0.600879082913666,0.5142502954448817,-0.5076379030430932,0.06592770706939767,0.06592770706939752,-0.35216644033448896,-0.5019124239907221,-0.03053224037003586,-0.24311448324952553,-0.5687196185467573
0.818419246924632,0.024609121759010623,-0.8134631133926306,-0.21098831638924315,-1.2697221692833272,1.3963607145959784,1.3963607145959784,-0.7685941156904216,-0.5019124239907221,-0.7504503290950897,-0.5507847897348009,-0.5687196185467573
-0.7673728381703985,-1.176995212188131,-0.9812051999424385,-0.31459383236554667,0.10598838925423804,0.06592770706939767,0.06592770706939752,-1.3238310161649984,-0.5019124239907221,-1.1104093734576166,-1.1661254027053516,-0.9108984919135951
1.7365094014533338,-0.2219916147500391,-0.3002719773145051,0.09982823153966747,-0.44330611433450207,1.3963607145959784,1.3963607145959784,0.20307046014008784,-0.5019124239907221,-0.03053224037003586,-0.5507847897348009,1.142174748287431
1.1522702122077961,0.30292879311144044,0.21291915876362036,-1.3161138201364808,0.44249313019148423,0.06592770706939767,0.06592770706939752,1.0359258108519531,-0.5019124239907221,2.489181070167653,0.3722261297210252,-0.22654074517991973
1.2357329535285873,-0.08932337468093912,0.05348113590439691,-0.970762100215469,0.11588558751709822,0.06592770706939767,0.06592770706939752,0.6194981354960204,-0.5019124239907221,1.409303937080072,0.3722261297210252,-0.22654074517991973
1.986897625415707,0.6997750131796244,0.4786491968623261,-0.9016917562312667,-0.4136145195459215,-1.2645053004571831,-1.2645053004571831,1.1747350359705973,-0.5019124239907221,-0.3904912847325628,1.910577662147402,1.142174748287431
-0.016208166283278792,-0.3259769893058558,-0.9380240687513989,-1.1089027881838738,-1.700250293717745,1.3963607145959784,1.3963607145959784,-1.04621256592771,-0.5019124239907221,-0.7504503290950897,-0.8584550962200763,-0.9108984919135951
-0.6004473555288163,-0.8659978472565011,-0.954632196132568,-1.4887896800969866,0.06639959620279731,0.06592770706939767,0.06592770706939752,-1.185021791046354,-0.5019124239907221,-1.1104093734576166,-0.8584550962200763,-0.9108984919135951
-0.016208166283278792,-0.651715269800719,-0.9496497579182173,0.2379689195080722,-1.2647735701518972,1.3963607145959784,1.3963607145959784,-1.185021791046354,-0.5019124239907221,-1.1104093734576166,-0.8584550962200763,-0.9108984919135951
0.4011055403206766,0.475465417278391,1.9003049006904018,0.7559964993895899,-0.3690771273630507,1.3963607145959784,1.3963607145959784,0.06426123502144365,3.9907302522898678,-0.7504503290950897,0.06455582323574982,0.7999958749205932
-1.0177610621327717,0.16570644904719523,0.01030000471335723,0.06529305954756628,1.2689091851403094,1.3963607145959784,1.3963607145959784,0.6194981354960204,-0.5019124239907221,1.7692629814425989,0.3722261297210252,-0.5687196185467573
-0.8508355794911895,-1.1043292896691028,-0.9579538216088017,1.550305455207917,-0.7550678596145978,0.06592770706939767,0.06592770706939752,-1.185021791046354,-0.5019124239907221,-1.1104093734576166,-0.8584550962200763,-0.9108984919135951
-1.0177610621327717,0.9402237144671621,0.3607314924560254,-0.763551068262862,-1.4627175354091007,0.06592770706939767,0.06592770706939752,1.0359258108519531,-0.5019124239907221,1.049344892717545,0.6798964362063006,0.7999958749205932
0.7349565056038408,-0.519726150502825,-0.9729011362518539,-1.6614655400574927,0.3039323545114417,-1.2645053004571831,-1.2645053004571831,-1.3238310161649984,-0.5019124239907221,-1.4703684178201437,-0.8584550962200763,-0.9108984919135951
-0.43352187288723415,0.2499174246767233,-0.3484355467198955,0.2379689195080722,-0.7649650578774579,0.06592770706939767,0.06592770706939752,0.20307046014008784,-0.5019124239907221,0.689385848355018,0.06455582323574982,-0.22654074517991973
-1.0177610621327717,0.2575075980019654,0.3441233650748563,0.7559964993895899,-1.685404496323455,-1.2645053004571831,-1.2645053004571831,1.0359258108519531,0.6212482450794252,0.3294268039924911,1.910577662147402,0.11563812818691793
0.15071731635830335,0.19566765954157192,0.9519808272256457,-1.0743676161917726,0.26434356146000093,-1.2645053004571831,-1.2645053004571831,0.8971165857333089,0.6212482450794252,1.049344892717545,0.3722261297210252,0.7999958749205932
1.5695839188117515,0.1722979153559581,-0.7769252331540585,-0.03831245642873724,-1.4874605310662512,1.3963607145959784,1.3963607145959784,-0.7685941156904216,-0.5019124239907221,-0.7504503290950897,-0.5507847897348009,-0.5687196185467573
-1.1012238034535626,-1.1900582999636793,-0.9147726904177621,1.2740240792711075,-1.141058591866145,0.06592770706939767,0.06592770706939752,-0.9074033408090657,-0.5019124239907221,-0.7504503290950897,-0.8584550962200763,-0.5687196185467573
0.6514937642830498,1.1895009857803762,1.50337065628046,-0.03831245642873724,1.6054139260775555,-1.2645053004571831,-1.2645053004571831,1.1747350359705973,0.6212482450794252,-0.3904912847325628,1.910577662147402,1.142174748287431
0.48456828164146765,-0.7200667780085571,-0.8118023006545136,-1.6269303680653915,1.516339141711814,1.3963607145959784,1.3963607145959784,-0.9074033408090657,0.6212482450794252,-0.3904912847325628,-1.1661254027053516,-0.5687196185467573
-0.6839100968496074,4.190895208265054,1.8670886459280636,-1.2470434761522784,0.3583669449571727,-1.2645053004571831,-1.2645053004571831,2.146399611801107,-0.5019124239907221,-1.4703684178201437,-1.7814660156759023,8.67010996235786
1.819972142774125,-1.0738088032454978,-0.9529713833944511,0.27250409150017335,-0.05731538208295496,0.06592770706939767,0.06592770706939752,-1.185021791046354,-0.5019124239907221,-1.1104093734576166,-0.8584550962200763,-0.9108984919135951
-0.7673728381703985,-0.6668956164512032,-0.8948429375603592,0.9632075313421969,-1.1905445831804458,0.06592770706939767,0.06592770706939752,-1.04621256592771,-0.5019124239907221,-0.7504503290950897,-0.8584550962200763,-0.9108984919135951
1.2357329535285873,-0.6233519905327092,-0.44974512374502706,-1.696000712049594,0.21485757014570003,0.06592770706939767,0.06592770706939752,-0.07454799009720055,-0.5019124239907221,0.3294268039924911,-0.24311448324952553,-0.22654074517991973
1.2357329535285873,0.41674144470941266,0.36405311793225925,0.27250409150017335,-1.0222922127118226,0.06592770706939767,0.06592770706939752,1.1747350359705973,-0.5019124239907221,0.3294268039924911,2.2182479686326775,0.11563812818691793
-0.266596390245652,-0.07606054550209504,0.14648664923894392,-0.8671565842391655,-0.06721258034581513,0.06592770706939767,0.06592770706939752,0.6194981354960204,-0.5019124239907221,1.049344892717545,0.06455582323574982,0.4578170015537556
-1.0177610621327717,0.7920954897829637,1.970059035691312,0.20343374751597101,-1.7200446902434654,-1.2645053004571831,-1.2645053004571831,0.48068891037737627,2.86756958321972,-0.03053224037003586,0.06455582323574982,1.142174748287431
0.901881988245423,-0.060280974641723314,-0.1823542729082044,0.44517995146067924,0.3435211475628824,1.3963607145959784,1.3963607145959784,0.341879685258732,-0.5019124239907221,0.689385848355018,0.3722261297210252,-0.22654074517991973
0.06725457503751228,-0.6919831367051613,-0.6224696485091857,1.3776295952474111,0.2791893588542912,1.3963607145959784,1.3963607145959784,-0.49097566545313315,-0.5019124239907221,0.3294268039924911,-0.8584550962200763,-0.5687196185467573
-0.6004473555288163,0.505506524334086,0.49193569876726134,0.9632075313421969,-1.5963297119577131,0.06592770706939767,0.06592770706939752,1.3135442610892414,-0.5019124239907221,0.689385848355018,1.910577662147402,0.4578170015537556
0.23418005767909442,-0.34499237089962015,-0.8931821248222422,-0.14191797240504078,-0.9084744326889306,1.3963607145959784,1.3963607145959784,-0.9074033408090657,-0.5019124239907221,-0.3904912847325628,-1.1661254027053516,-0.5687196185467573
-1.6854629926991003,-0.7287355549115967,-0.8881996866078915,-0.1073828004129396,-0.3096939377858896,-1.2645053004571831,-1.2645053004571831,-1.04621256592771,-0.5019124239907221,-1.1104093734576166,-0.8584550962200763,-0.5687196185467573
-1.351612027415936,-0.43004226042299076,-0.8798956229173069,1.0668130473185005,0.10598838925423804,0.06592770706939767,0.06592770706939752,-1.04621256592771,-0.5019124239907221,-0.7504503290950897,-0.8584550962200763,-0.9108984919135951
0.15071731635830335,0.43975165436909397,0.27603004281206295,0.37610960747647687,-0.20082475689442758,1.3963607145959784,1.3963607145959784,1.1747350359705973,-0.5019124239907221,0.689385848355018,1.910577662147402,0.11563812818691793
0.818419246924632,-0.6194370590281106,-0.9280591923226974,0.7559964993895899,-0.8490912431117695,1.3963607145959784,1.3963607145959784,-0.9074033408090657,-0.5019124239907221,-1.1104093734576166,-0.5507847897348009,-0.5687196185467573
-0.09967090760406987,0.6729697168573221,1.6279316116392284,-0.21098831638924315,-0.6511472778545658,0.06592770706939767,0.06592770706939752,1.4523534862078857,-0.5019124239907221,1.049344892717545,2.2182479686326775,0.11563812818691793
0.15071731635830335,1.0198006895402265,1.5332652855665645,1.6539109711842206,0.6849744876315587,0.06592770706939767,0.06592770706939752,2.7016365122756834,1.7444089141495727,2.489181070167653,1.6029073556621267,2.5108902417547814
-1.351612027415936,-0.5716189670790854,-0.5660020154132108,-0.0037772844366360664,-0.09690417513439568,-1.2645053004571831,-1.2645053004571831,-0.21335721521584475,2.86756958321972,-0.03053224037003586,-0.24311448324952553,-0.22654074517991973
1.4861211774909606,1.3731032836899164,1.6561654281872158,0.583320639429084,-0.28000234299730903,-1.2645053004571831,-1.2645053004571831,0.6194981354960204,-0.5019124239907221,0.3294268039924911,0.06455582323574982,1.142174748287431
-1.4350747687367271,1.1146778561057527,2.4666420443882684,-1.0052972722075701,0.8928156511516225,-1.2645053004571831,-1.2645053004571831,1.1747350359705973,1.7444089141495727,1.049344892717545,1.2952370491768512,0.4578170015537556
1.1522702122077961,0.8148260614780309,0.6231399050784974,0.16889857552386983,0.18516597535711948,-1.2645053004571831,-1.2645053004571831,1.0359258108519531,0.6212482450794252,0.689385848355018,0.06455582323574982,1.8265324950211062
-0.09967090760406987,0.6702532337724986,1.5399085365190321,0.4106447794685781,1.140245607723127,0.06592770706939767,0.06592770706939752,2.424018062038395,-0.5019124239907221,1.409303937080072,2.2182479686326775,2.1687113683879438
-1.8523884753406823,-1.2801416728501052,-0.8699307464886055,-1.0743676161917726,1.1105540129345466,-1.2645053004571831,-1.2645053004571831,-0.9074033408090657,-0.5019124239907221,-1.1104093734576166,-0.5507847897348009,-0.5687196185467573
-0.5169846142080252,-0.9853233615854387,-0.600879082913666,-0.14191797240504078,0.5315679145572259,0.06592770706939767,0.06592770706939752,-0.35216644033448896,-0.5019124239907221,0.3294268039924911,-0.5507847897348009,-0.5687196185467573
-0.8508355794911895,-1.4531576763849658,-0.9463281324419834,-0.7980862402549632,0.06639959620279731,0.06592770706939767,0.06592770706939752,-1.185021791046354,-0.5019124239907221,-1.1104093734576166,-0.8584550962200763,-0.9108984919135951
-0.6004473555288163,-0.10761968722283848,-0.3351490448149602,-1.696000712049594,0.7344604789458595,0.06592770706939767,0.06592770706939752,0.20307046014008784,-0.5019124239907221,0.3294268039924911,0.6798964362063006,-0.5687196185467573
-0.9342983208119806,-0.7594158344578384,-0.8881996866078915,-0.7290158962707608,-0.9728062213975218,0.06592770706939767,0.06592770706939752,-1.04621256592771,-0.5019124239907221,-0.7504503290950897,-0.8584550962200763,-0.9108984919135951
-0.7673728381703985,0.7271395854311551,1.6046802333055916,-0.0037772844366360664,-0.44330611433450207,-1.2645053004571831,-1.2645053004571831,1.3135442610892414,0.6212482450794252,0.3294268039924911,0.3722261297210252,2.5108902417547814
-0.18313364892486095,-0.5595146380393572,-0.8034982369639291,1.204953735286905,-0.9431146266089412,1.3963607145959784,1.3963607145959784,-0.7685941156904216,-0.5019124239907221,-0.3904912847325628,-0.8584550962200763,-0.5687196185467573
1.1522702122077961,-1.1858237822138074,-0.9380240687513989,-0.38366417634974903,1.2342689912202987,1.3963607145959784,1.3963607145959784,-0.9074033408090657,-0.5019124239907221,-0.7504503290950897,-0.5507847897348009,-0.9108984919135951
-1.1846865447743538,-1.1465945706065035,-0.989509263633023,0.13436340353176865,-1.6260213067462939,0.06592770706939767,0.06592770706939752,-1.3238310161649984,-0.5019124239907221,-1.4703684178201437,-0.8584550962200763,-0.9108984919135951
1.4026584361701695,-0.1128529119891896,-0.5012303186266513,1.34309442325531,-0.5274322995688135,0.06592770706939767,0.06592770706939752,-0.21335721521584475,-0.5019124239907221,-0.03053224037003586,-0.24311448324952553,-0.22654074517991973
-0.016208166283278792,-0.39976146368334076,-0.9446673197038665,1.7229813151684228,-1.2746707684147573,1.3963607145959784,1.3963607145959784,-1.185021791046354,-0.5019124239907221,-1.1104093734576166,-0.8584550962200763,-0.9108984919135951
-0.9342983208119806,1.0606677806545564,1.9069481516428695,-1.2815786481443796,1.6647971156547166,-1.2645053004571831,-1.2645053004571831,0.341879685258732,0.6212482450794252,-0.03053224037003586,-0.24311448324952553,1.142174748287431
0.06725457503751228,0.1716187945847522,0.3474449905510901,-0.48726969232605255,-0.06226398121438505,0.06592770706939767,0.06592770706939752,1.1747350359705973,2.86756958321972,2.129222025805126,0.3722261297210252,0.4578170015537556
-0.18313364892486095,0.24416487226180297,0.6563561598408355,-1.5233248520890879,0.9274558450716331,0.06592770706939767,0.06592770706939752,1.4523534862078857,-0.5019124239907221,1.409303937080072,1.910577662147402,0.11563812818691793
-1.6854629926991003,1.1576622060950186,0.9154429469870736,0.9632075313421969,-0.042469584688664686,-1.2645053004571831,-1.2645053004571831,1.1747350359705973,-0.5019124239907221,-0.3904912847325628,1.6029073556621267,1.4843536216542685
1.4861211774909606,-0.12575620664210116,0.13652177281024244,-0.14191797240504078,-0.042469584688664686,0.06592770706939767,0.06592770706939752,0.7583073606146646,-0.5019124239907221,1.049344892717545,0.987566742691576,-0.22654074517991973
-1.518537510057518,0.3814671128873665,1.184494610562013,0.7559964993895899,0.021862204019926494,-1.2645053004571831,-1.2645053004571831,0.7583073606146646,-0.5019124239907221,1.409303937080072,0.06455582323574982,0.4578170015537556
-1.351612027415936,-1.3609969929042631,-0.971240323513737,-0.31459383236554667,0.6998202850258489,0.06592770706939767,0.06592770706939752,-1.3238310161649984,-0.5019124239907221,-1.1104093734576166,-1.1661254027053516,-0.9108984919135951
-1.0177610621327717,-1.1146359460791684,-0.954632196132568,1.1358833913027029,1.570773732157545,0.06592770706939767,0.06592770706939752,-1.3238310161649984,-0.5019124239907221,-1.1104093734576166,-1.1661254027053516,-0.9108984919135951
-1.7689257340198914,-1.3588797340293273,-0.8948429375603592,0.7214613273974887,0.9472502415973535,-1.2645053004571831,-1.2645053004571831,-1.04621256592771,-0.5019124239907221,-0.7504503290950897,-0.8584550962200763,-0.9108984919135951
1.4026584361701695,0.4033587706885911,0.16973802757258066,1.3085592512632087,0.2396005658028505,0.06592770706939767,0.06592770706939752,0.8971165857333089,-0.5019124239907221,-0.3904912847325628,2.2182479686326775,0.11563812818691793
-0.18313364892486095,-0.4076712232538562,-0.9645970725612694,1.5848406272000182,1.456955952134653,1.3963607145959784,1.3963607145959784,-1.3238310161649984,-0.5019124239907221,-1.1104093734576166,-1.1661254027053516,-0.9108984919135951
-1.1846865447743538,1.3719048352701413,0.23284891162102328,0.790531671381691,0.6602314919744082,-1.2645053004571831,-1.2645053004571831,-0.21335721521584475,0.6212482450794252,-0.03053224037003586,-0.24311448324952553,-0.22654074517991973
0.9853447295662141,-0.4314803985267209,-0.9529713833944511,-1.5233248520890879,1.4421101547403625,1.3963607145959784,1.3963607145959784,-1.185021791046354,-0.5019124239907221,-1.1104093734576166,-0.8584550962200763,-0.9108984919135951
1.4861211774909606,0.8575707217833416,1.8089602000939717,1.2740240792711075,-1.1756987857861554,1.3963607145959784,1.3963607145959784,1.4523534862078857,-0.5019124239907221,1.7692629814425989,0.6798964362063006,1.142174748287431
-0.6004473555288163,0.3525845059707874,0.7875603661520715,1.0668130473185005,1.5509793356318247,0.06592770706939767,0.06592770706939752,1.4523534862078857,-0.5019124239907221,1.409303937080072,1.6029073556621267,0.4578170015537556
1.1522702122077961,-0.55072601629434,-0.8865388738697746,0.44517995146067924,-1.2994137640719077,1.3963607145959784,1.3963607145959784,-0.9074033408090657,-0.5019124239907221,-0.3904912847325628,-0.8584550962200763,-0.9108984919135951
-1.6854629926991003,-1.3534467678596802,-0.9114510649415283,-0.0037772844366360664,-0.6560958769859959,0.06592770706939767,0.06592770706939752,-0.7685941156904216,-0.5019124239907221,-0.3904912847325628,-0.5507847897348009,-0.9108984919135951
-0.3500591315664431,0.11081751142149714,0.09001901614296895,1.2394889072790063,-1.254876371889037,0.06592770706939767,0.06592770706939752,0.8971165857333089,-0.5019124239907221,1.409303937080072,0.987566742691576,-0.22654074517991973
-0.3500591315664431,-1.698440119632263,-0.8350536789881504,-1.4542545081048857,1.3926241634260617,0.06592770706939767,0.06592770706939752,-0.7685941156904216,0.6212482450794252,-0.3904912847325628,-0.8584550962200763,-0.5687196185467573
-1.2681492860951449,-0.5617916900369299,-0.7520130420823048,-1.4887896800969866,-0.3690771273630507,0.06592770706939767,0.06592770706939752,-0.6297848905717773,-0.5019124239907221,-0.3904912847325628,-0.5507847897348009,-0.5687196185467573
1.0688074708870052,0.25638904614350866,1.020074149488439,-0.8326214122470643,1.4520073530032227,0.06592770706939767,0.06592770706939752,2.146399611801107,0.6212482450794252,1.049344892717545,2.2182479686326775,1.8265324950211062
0.3176427989998855,-0.004832761086796866,-0.542750637079574,0.20343374751597101,1.6252083226032759,0.06592770706939767,0.06592770706939752,-0.21335721521584475,-0.5019124239907221,0.3294268039924911,-0.5507847897348009,-0.22654074517991973
-0.7673728381703985,0.5023506101620117,0.23118809888290637,1.1013482193106017,-0.8688856396374899,0.06592770706939767,0.06592770706939752,0.8971165857333089,-0.5019124239907221,1.049344892717545,1.2952370491768512,-0.22654074517991973
-0.3500591315664431,0.0792583697007537,-0.5676628281513277,1.6884461431763216,-1.155904389260435,0.06592770706939767,0.06592770706939752,-0.21335721521584475,-0.5019124239907221,-0.3904912847325628,-0.24311448324952553,0.11563812818691793
-1.4350747687367271,1.2493435102078112,2.5762556851039844,-0.6254103802944573,-1.6903530954548849,-1.2645053004571831,-1.2645053004571831,1.1747350359705973,5.1138909213600146,-0.03053224037003586,1.2952370491768512,1.4843536216542685
0.818419246924632,1.009973412498071,1.5282828473522136,-0.6599455522865585,-0.24041354994586833,0.06592770706939767,0.06592770706939752,1.3135442610892414,3.9907302522898678,1.409303937080072,0.3722261297210252,1.4843536216542685
-0.7673728381703985,-0.44278576195326563,-0.8915213120841253,1.6884461431763216,0.4573389275857745,0.06592770706939767,0.06592770706939752,-1.04621256592771,-0.5019124239907221,-1.1104093734576166,-0.5507847897348009,-0.9108984919135951
0.23418005767909442,1.1249445642351592,1.6462005517585143,1.4812351112237145,1.1996287973002882,-1.2645053004571831,-1.2645053004571831,1.729971936445174,0.6212482450794252,0.3294268039924911,1.910577662147402,1.8265324950211062
-1.9358512166614734,-1.3379468349639227,-0.8998253757747099,-0.2800586603734455,-1.5963297119577131,0.06592770706939767,0.06592770706939752,-0.9074033408090657,-0.5019124239907221,-0.3904912847325628,-0.8584550962200763,-0.9108984919135951
-1.2681492860951449,-0.680797618120594,-0.1806934601700875,0.6523909834132863,1.1847829999059978,0.06592770706939767,0.06592770706939752,-0.07454799009720055,-0.5019124239907221,0.689385848355018,-0.24311448324952553,-0.5687196185467573
1.0688074708870052,0.3192676399010405,0.7659698005565516,0.9977427033342982,0.25444636319714076,0.06592770706939767,0.06592770706939752,0.341879685258732,-0.5019124239907221,0.689385848355018,0.06455582323574982,0.11563812818691793
-0.6839100968496074,-1.2036407153877968,-0.954632196132568,-0.1073828004129396,-1.4924091301976814,1.3963607145959784,1.3963607145959784,-1.04621256592771,-0.5019124239907221,-0.7504503290950897,-0.8584550962200763,-0.9108984919135951
-0.43352187288723415,-0.3134332291788767,-0.655685903271524,0.7559964993895899,-0.28000234299730903,1.3963607145959784,1.3963607145959784,-0.49097566545313315,-0.5019124239907221,-0.03053224037003586,-0.5507847897348009,-0.5687196185467573
-0.6004473555288163,0.12727620305307472,0.4504153803143386,-1.4887896800969866,1.1253998103288367,0.06592770706939767,0.06592770706939752,1.1747350359705973,1.7444089141495727,1.049344892717545,0.987566742691576,0.7999958749205932
-0.8508355794911895,-1.3802121159013234,-0.9878484508949061,1.1358833913027029,0.8829184528887623,0.06592770706939767,0.06592770706939752,-1.3238310161649984,-0.5019124239907221,-1.1104093734576166,-1.1661254027053516,-0.9108984919135951
-1.1846865447743538,1.608039122246489,2.3719757183156043,0.7559964993895899,0.34846974669431247,-1.2645053004571831,-1.2645053004571831,1.5911627113265299,3.9907302522898678,1.049344892717545,1.910577662147402,0.7999958749205932
-1.8523884753406823,1.5194338357444521,2.300560770576577,-0.5908752083023561,-0.7748622561403181,-1.2645053004571831,-1.2645053004571831,0.7583073606146646,3.9907302522898678,0.3294268039924911,0.3722261297210252,1.142174748287431
0.5680310229622587,1.211752178107533,1.7940128854509194,-0.7290158962707608,-1.314259561466198,-1.2645053004571831,-1.2645053004571831,1.5911627113265299,0.6212482450794252,0.689385848355018,2.2182479686326775,0.7999958749205932
-1.1012238034535626,-0.5482891711741308,-0.4680140638643131,-1.0052972722075701,-0.9975492170546723,0.06592770706939767,0.06592770706939752,-0.07454799009720055,0.6212482450794252,0.689385848355018,-0.24311448324952553,-0.5687196185467573
-0.8508355794911895,-1.4215585863835631,-0.8915213120841253,-1.350648992128582,-1.3934371475690794,0.06592770706939767,0.06592770706939752,-0.9074033408090657,0.6212482450794252,-0.7504503290950897,-0.8584550962200763,-0.5687196185467573
1.1522702122077961,-0.3855798240493358,-0.5875925810087307,-1.4542545081048857,1.2590119868774492,1.3963607145959784,1.3963607145959784,-0.21335721521584475,0.6212482450794252,-0.03053224037003586,0.06455582323574982,-0.5687196185467573
0.3176427989998855,-1.1468742085711177,-0.916433503155879,0.6178558114211852,0.9126100476773429,0.06592770706939767,0.06592770706939752,-1.185021791046354,-0.5019124239907221,-1.1104093734576166,-1.1661254027053516,-0.5687196185467573
0.6514937642830498,0.9045498998385243,0.5949060885305099,-0.03831245642873724,0.6156940997915374,1.3963607145959784,1.3963607145959784,1.4523534862078857,-0.5019124239907221,1.7692629814425989,1.910577662147402,-0.22654074517991973
1.4861211774909606,0.7537850886308208,1.1977811124669484,0.4106447794685781,0.7097174832887091,0.06592770706939767,0.06592770706939752,1.8687811615638181,-0.5019124239907221,1.049344892717545,2.2182479686326775,1.142174748287431
0.4011055403206766,-0.2128434584790894,-0.8931821248222422,-0.4527345203339514,-1.2647735701518972,1.3963607145959784,1.3963607145959784,-1.04621256592771,-0.5019124239907221,-0.7504503290950897,-0.8584550962200763,-0.9108984919135951
0.818419246924632,-1.340183938680836,-0.9064686267271775,0.9632075313421969,0.9620960389916438,-1.2645053004571831,-1.2645053004571831,-1.185021791046354,-0.5019124239907221,-1.1104093734576166,-1.1661254027053516,-0.5687196185467573
1.1522702122077961,-0.5989835393306161,-0.9147726904177621,1.4121647672395123,0.36826414322003287,1.3963607145959784,1.3963607145959784,-1.185021791046354,0.6212482450794252,-1.1104093734576166,-1.1661254027053516,-0.5687196185467573
0.23418005767909442,1.2059996256926129,1.41202595568403,-0.48726969232605255,-1.210338979706166,-1.2645053004571831,-1.2645053004571831,1.0359258108519531,0.6212482450794252,-0.3904912847325628,1.910577662147402,0.7999958749205932
0.901881988245423,0.9229660572224011,-0.0710798194543714,-0.38366417634974903,0.32372675103716203,0.06592770706939767,0.06592770706939752,0.6194981354960204,-0.5019124239907221,0.3294268039924911,1.2952370491768512,-0.22654074517991973
1.2357329535285873,0.7113200662901242,1.4917449671136416,-0.1073828004129396,0.704768884157279,0.06592770706939767,0.06592770706939752,1.3135442610892414,-0.5019124239907221,1.049344892717545,-0.24311448324952553,2.5108902417547814
0.15071731635830335,1.0749293168498797,-0.06941900671625449,-0.556340036310255,-1.42312874235766,1.3963607145959784,1.3963607145959784,0.6194981354960204,-0.5019124239907221,1.409303937080072,0.6798964362063006,-0.5687196185467573
0.48456828164146765,1.00665770520336,0.8622969393673324,0.7214613273974887,-0.6857874717745766,-1.2645053004571831,-1.2645053004571831,1.3135442610892414,0.6212482450794252,-0.03053224037003586,2.2182479686326775,0.7999958749205932
0.818419246924632,0.1096989595630404,-0.41154643076833813,0.06529305954756628,-1.5715867163005628,0.06592770706939767,0.06592770706939752,0.06426123502144365,0.6212482450794252,0.689385848355018,0.06455582323574982,-0.5687196185467573
-0.18313364892486095,-0.3928903594099637,-0.936363256013282,-1.0743676161917726,-0.7600164587460279,0.06592770706939767,0.06592770706939752,-1.185021791046354,-0.5019124239907221,-1.1104093734576166,-0.8584550962200763,-0.9108984919135951
0.4011055403206766,0.14073877363521464,-0.7005278472006806,1.6539109711842206,-1.42312874235766,0.06592770706939767,0.06592770706939752,-0.6297848905717773,0.6212482450794252,-0.03053224037003586,-0.8584550962200763,-0.5687196185467573
-1.1846865447743538,-0.597066021858976,-0.2421435314804132,-0.5908752083023561,0.41280153540290365,0.06592770706939767,0.06592770706939752,0.20307046014008784,-0.5019124239907221,0.689385848355018,-0.24311448324952553,0.11563812818691793
1.986897625415707,-0.26613446487842074,-0.7652995439872401,-1.3851841641206832,-1.5913811128262831,-1.2645053004571831,-1.2645053004571831,-0.7685941156904216,0.6212482450794252,-0.3904912847325628,-0.8584550962200763,-0.5687196185467573
1.819972142774125,0.722385740032714,1.279160936634677,-1.4887896800969866,0.868072655494472,-1.2645053004571831,-1.2645053004571831,1.5911627113265299,0.6212482450794252,0.689385848355018,2.2182479686326775,0.7999958749205932
-0.016208166283278792,0.23361852616778236,0.3092462975744012,1.0668130473185005,0.8482782589687516,0.06592770706939767,0.06592770706939752,1.1747350359705973,-0.5019124239907221,2.489181070167653,0.3722261297210252,0.11563812818691793
1.4026584361701695,1.1807523123160182,1.2891258130633785,0.8596020153658934,1.2738577842717396,-1.2645053004571831,-1.2645053004571831,1.3135442610892414,-0.5019124239907221,-0.03053224037003586,0.3722261297210252,2.853069115121619
1.819972142774125,-0.9527255645675569,-0.9596146343469186,-0.0037772844366360664,1.1501428059859873,-1.2645053004571831,-1.2645053004571831,-1.3238310161649984,-0.5019124239907221,-1.1104093734576166,-1.1661254027053516,-0.9108984919135951
1.9034348840949158,0.5831260336548512,0.7095021674605767,-0.970762100215469,-0.39382012302020114,-1.2645053004571831,-1.2645053004571831,1.4523534862078857,-0.5019124239907221,0.689385848355018,2.2182479686326775,0.4578170015537556
-0.016208166283278792,0.7056074621558631,0.45871944400492315,1.5848406272000182,0.20990897101426995,0.06592770706939767,0.06592770706939752,1.0359258108519531,-0.5019124239907221,1.049344892717545,1.2952370491768512,0.11563812818691793
1.6530466601325426,1.1234265295701107,2.6991558277246357,0.2379689195080722,0.6404370954486879,-1.2645053004571831,-1.2645053004571831,0.06426123502144365,2.86756958321972,-0.03053224037003586,-0.24311448324952553,0.4578170015537556
0.6514937642830498,0.44358668931237416,0.8224374336525266,-0.03831245642873724,1.3233437755860404,0.06592770706939767,0.06592770706939752,0.48068891037737627,1.7444089141495727,1.409303937080072,-0.24311448324952553,0.11563812818691793
-0.43352187288723415,-0.28958410562535286,-0.3932774906490521,-0.7980862402549632,1.4915961460546634,0.06592770706939767,0.06592770706939752,-0.21335721521584475,-0.5019124239907221,0.3294268039924911,-0.24311448324952553,-0.5687196185467573
-0.9342983208119806,-0.8141050306802408,-0.9263983795845805,-1.5923951960732903,-1.1460071909975749,0.06592770706939767,0.06592770706939752,-1.185021791046354,-0.5019124239907221,-1.1104093734576166,-0.8584550962200763,-0.9108984919135951
1.6530466601325426,-0.02672441888802143,-0.23051784231359485,-0.3491290043576479,0.7344604789458595,0.06592770706939767,0.06592770706939752,0.341879685258732,1.7444089141495727,1.049344892717545,0.3722261297210252,-0.5687196185467573
-0.18313364892486095,-0.8735081240204249,-0.9330416305370481,-0.556340036310255,0.976941836385934,1.3963607145959784,1.3963607145959784,-1.04621256592771,-0.5019124239907221,-0.7504503290950897,-0.8584550962200763,-0.9108984919135951
-0.8508355794911895,-1.4470855377247722,-0.9430065069657496,-0.24552348838134433,0.5711567076086665,1.3963607145959784,1.3963607145959784,-0.9074033408090657,-0.5019124239907221,-1.1104093734576166,-0.5507847897348009,-0.5687196185467573
0.06725457503751228,-0.4441440034956774,-0.8715915592267224,1.0668130473185005,-0.5868154891459747,1.3963607145959784,1.3963607145959784,-0.9074033408090657,-0.5019124239907221,-0.7504503290950897,-0.8584550962200763,-0.5687196185467573
-0.18313364892486095,-0.4983538203501696,-0.7287616637486681,-1.3851841641206832,-0.12164717079154615,0.06592770706939767,0.06592770706939752,-0.6297848905717773,0.6212482450794252,0.3294268039924911,-1.1661254027053516,-0.5687196185467573
1.1522702122077961,-0.5398201356743869,-0.9313808177989312,0.09982823153966747,-1.5023063284605416,1.3963607145959784,1.3963607145959784,-1.04621256592771,-0.5019124239907221,-1.1104093734576166,-0.5507847897348009,-0.9108984919135951
-0.266596390245652,1.0283895698819479,0.0966622670954366,0.9977427033342982,0.2247547684085602,0.06592770706939767,0.06592770706939752,0.7583073606146646,-0.5019124239907221,1.049344892717545,0.3722261297210252,0.4578170015537556
0.4011055403206766,0.4261292906643174,0.02690813209452634,0.6523909834132863,-0.3047453386544595,0.06592770706939767,0.06592770706939752,0.6194981354960204,-0.5019124239907221,1.049344892717545,0.6798964362063006,-0.22654074517991973
-0.8508355794911895,-1.5461972220401703,-0.9263983795845805,-0.14191797240504078,0.6057969015286773,0.06592770706939767,0.06592770706939752,-1.04621256592771,-0.5019124239907221,-0.7504503290950897,-0.8584550962200763,-0.9108984919135951
-0.5169846142080252,0.289346377687323,-0.2404827187422963,-0.07284762842083842,-0.5175351013059534,0.06592770706939767,0.06592770706939752,0.20307046014008784,-0.5019124239907221,-0.3904912847325628,0.6798964362063006,0.11563812818691793
-0.6839100968496074,0.7941328520965814,0.7759346769852531,-0.5218048643181538,-0.20082475689442758,0.06592770706939767,0.06592770706939752,1.729971936445174,-0.5019124239907221,1.7692629814425989,0.987566742691576,1.4843536216542685
-1.4350747687367271,-1.2097528023286497,-0.9147726904177621,1.1013482193106017,-0.2898995412601692,0.06592770706939767,0.06592770706939752,-0.9074033408090657,-0.5019124239907221,-0.7504503290950897,-0.8584550962200763,-0.5687196185467573
1.0688074708870052,0.5949507247299652,0.6148358413879128,0.790531671381691,0.5266193154257958,0.06592770706939767,0.06592770706939752,1.4523534862078857,-0.5019124239907221,1.7692629814425989,1.910577662147402,-0.22654074517991973
-0.9342983208119806,-0.6166406793819688,-0.9729011362518539,-0.9016917562312667,-1.685404496323455,0.06592770706939767,0.06592770706939752,-1.185021791046354,-0.5019124239907221,-1.1104093734576166,-0.8584550962200763,-0.9108984919135951
-1.1012238034535626,0.7835865060025607,0.9021564450821383,-0.6944807242786596,0.31382955277430186,-1.2645053004571831,-1.2645053004571831,0.48068891037737627,-0.5019124239907221,-0.7504503290950897,0.06455582323574982,1.8265324950211062
0.6514937642830498,-0.9583183238598405,-0.934702443275165,1.0668130473185005,-1.6804558971920247,-1.2645053004571831,-1.2645053004571831,-1.04621256592771,-0.5019124239907221,-0.7504503290950897,-0.8584550962200763,-0.9108984919135951
-0.5169846142080252,-0.1769699024471557,-0.6340953376760041,-0.6599455522865585,-0.5026893039116631,0.06592770706939767,0.06592770706939752,-0.6297848905717773,0.6212482450794252,-0.3904912847325628,-0.8584550962200763,-0.22654074517991973
-0.43352187288723415,-1.0677766128659634,-0.8383753044643842,-1.1779731321680762,1.4619045512660829,0.06592770706939767,0.06592770706939752,-0.9074033408090657,0.6212482450794252,-0.3904912847325628,-0.8584550962200763,-0.9108984919135951
1.9034348840949158,-0.048975611215178516,-0.6590075287477578,1.2740240792711075,0.41280153540290365,-1.2645053004571831,-1.2645053004571831,-0.49097566545313315,-0.5019124239907221,-0.03053224037003586,-0.5507847897348009,-0.5687196185467573
-1.351612027415936,0.7333715172139855,0.6015493394829775,0.6523909834132863,1.3777783660317713,-1.2645053004571831,-1.2645053004571831,1.0359258108519531,-0.5019124239907221,-0.3904912847325628,1.910577662147402,0.7999958749205932
1.4026584361701695,1.3260042607927562,0.9287294488920089,0.16889857552386983,0.16042297969996905,-1.2645053004571831,-1.2645053004571831,0.48068891037737627,-0.5019124239907221,-0.7504503290950897,0.3722261297210252,1.4843536216542685
0.15071731635830335,-0.3824638581579206,-0.9662578852993863,-0.17645314439714196,-1.2400305744947466,0.06592770706939767,0.06592770706939752,-1.185021791046354,-0.5019124239907221,-1.1104093734576166,-0.8584550962200763,-0.9108984919135951
1.1522702122077961,-0.3855798240493358,-0.5875925810087307,-1.4542545081048857,1.2590119868774492,1.3963607145959784,1.3963607145959784,-0.21335721521584475,0.6212482450794252,-0.03053224037003586,0.06455582323574982,-0.5687196185467573
-1.351612027415936,-0.8979564717838363,-0.7320832892249018,1.3085592512632087,1.5608765338946848,0.06592770706939767,0.06592770706939752,-0.6297848905717773,-0.5019124239907221,-0.3904912847325628,-0.5507847897348009,-0.5687196185467573
-0.6839100968496074,-0.9293957686626022,-0.5593587644607432,0.3415744354843757,1.3381895729803306,-1.2645053004571831,-1.2645053004571831,-0.21335721521584475,-0.5019124239907221,0.3294268039924911,-0.24311448324952553,-0.5687196185467573
-0.3500591315664431,-0.5114568564063771,-0.8367144917262673,-1.143437960175975,-0.13154436905440633,0.06592770706939767,0.06592770706939752,-0.9074033408090657,-0.5019124239907221,-0.3904912847325628,-1.1661254027053516,-0.5687196185467573
-1.2681492860951449,0.5246018024891688,-0.2404827187422963,-1.6614655400574927,-0.10680137339725587,-1.2645053004571831,-1.2645053004571831,0.7583073606146646,-0.5019124239907221,-0.7504503290950897,2.2182479686326775,0.11563812818691793
-0.8508355794911895,-1.2801017245694462,-0.9280591923226974,0.5142502954448817,1.0165306294373748,0.06592770706939767,0.06592770706939752,-1.04621256592771,-0.5019124239907221,-0.7504503290950897,-0.8584550962200763,-0.9108984919135951
-0.6004473555288163,-0.3900939797638219,-0.766960356725357,0.790531671381691,-1.096521199683274,1.3963607145959784,1.3963607145959784,-0.7685941156904216,-0.5019124239907221,-0.7504503290950897,-0.5507847897348009,-0.5687196185467573
0.06725457503751228,0.493442143575017,1.2160500525862346,1.6884461431763216,1.3332409738489006,-1.2645053004571831,-1.2645053004571831,1.4523534862078857,-0.5019124239907221,1.7692629814425989,1.2952370491768512,0.4578170015537556
0.818419246924632,0.7587786237132169,0.516847889839015,1.4466999392316133,-0.6956846700374367,0.06592770706939767,0.06592770706939752,1.4523534862078857,-0.5019124239907221,2.489181070167653,1.2952370491768512,-0.22654074517991973
-0.18313364892486095,-0.7046067933934587,-0.4779789402930145,-1.4197193361127844,0.9423016424659234,1.3963607145959784,1.3963607145959784,-0.07454799009720055,0.6212482450794252,0.3294268039924911,-0.24311448324952553,-0.22654074517991973
0.15071731635830335,-0.2130831481630444,-0.5859317682706138,-1.0052972722075701,1.2342689912202987,1.3963607145959784,1.3963607145959784,-0.35216644033448896,-0.5019124239907221,0.3294268039924911,-0.5507847897348009,-0.5687196185467573
-0.3500591315664431,-0.1255964135194645,-0.17238939647950297,-1.4887896800969866,1.4470587538717927,0.06592770706939767,0.06592770706939752,0.341879685258732,-0.5019124239907221,0.689385848355018,0.06455582323574982,0.11563812818691793
-1.1846865447743538,-0.6456830794211845,-0.8084806751782798,0.16889857552386983,-0.7501192604831677,0.06592770706939767,0.06592770706939752,-0.9074033408090657,-0.5019124239907221,-0.7504503290950897,-0.5507847897348009,-0.9108984919135951
-0.8508355794911895,0.3435961428224744,1.0698985316319463,0.790531671381691,1.5658251330261148,1.3963607145959784,1.3963607145959784,0.48068891037737627,-0.5019124239907221,-0.7504503290950897,1.910577662147402,-0.22654074517991973
-0.8508355794911895,1.0011048941917355,0.6032101522210944,-0.1073828004129396,-0.5670210926202544,0.06592770706939767,0.06592770706939752,1.4523534862078857,-0.5019124239907221,0.689385848355018,1.6029073556621267,1.142174748287431
1.5695839188117515,-0.7275371064918217,-0.8798956229173069,-1.3161138201364808,-0.12659576992297622,1.3963607145959784,1.3963607145959784,-0.9074033408090657,-0.5019124239907221,-0.7504503290950897,-0.8584550962200763,-0.5687196185467573
0.48456828164146765,-0.13262731091547822,-0.9031470012509437,-0.970762100215469,-1.363745552780499,1.3963607145959784,1.3963607145959784,-1.04621256592771,-0.5019124239907221,-1.1104093734576166,-0.5507847897348009,-0.9108984919135951
0.5680310229622587,1.1938154000915664,1.2891258130633785,1.3776295952474111,-0.17608176123727715,-1.2645053004571831,-1.2645053004571831,1.729971936445174,0.6212482450794252,-0.3904912847325628,2.2182479686326775,2.1687113683879438
-0.6004473555288163,-0.5808869681920126,-0.8666091210123716,1.1358833913027029,-1.0470352083689731,0.06592770706939767,0.06592770706939752,-0.9074033408090657,-0.5019124239907221,-0.7504503290950897,-0.8584550962200763,-0.5687196185467573
1.4026584361701695,-0.7256195890201815,-0.58261014279438,0.6869261554053875,-0.012777989900084141,1.3963607145959784,1.3963607145959784,-0.49097566545313315,0.6212482450794252,-0.3904912847325628,-0.8584550962200763,0.11563812818691793
0.7349565056038408,-0.9474923398012057,-0.934702443275165,0.20343374751597101,0.1307313849113885,1.3963607145959784,1.3963607145959784,-1.185021791046354,-0.5019124239907221,-1.1104093734576166,-1.1661254027053516,-0.5687196185467573
1.1522702122077961,0.4113484268204249,-0.3451139212436617,-1.2470434761522784,-0.4185631186773516,0.06592770706939767,0.06592770706939752,0.06426123502144365,-0.5019124239907221,-0.3904912847325628,0.6798964362063006,-0.22654074517991973
-0.6839100968496074,-0.6377733198506691,-0.8798956229173069,1.0668130473185005,-1.3835399493062193,0.06592770706939767,0.06592770706939752,-0.9074033408090657,-0.5019124239907221,-0.3904912847325628,-0.8584550962200763,-0.9108984919135951
0.4011055403206766,0.44606348271324264,0.49193569876726134,1.6539109711842206,-1.635918505009154,1.3963607145959784,1.3963607145959784,0.06426123502144365,0.6212482450794252,0.689385848355018,-0.5507847897348009,0.11563812818691793
-1.0177610621327717,0.9402237144671621,0.3607314924560254,-0.763551068262862,-1.4627175354091007,0.06592770706939767,0.06592770706939752,1.0359258108519531,-0.5019124239907221,1.049344892717545,0.6798964362063006,0.7999958749205932
-0.6004473555288163,1.0457670719686865,0.9519808272256457,1.7229813151684228,-1.7398390867691857,0.06592770706939767,0.06592770706939752,1.5911627113265299,-0.5019124239907221,1.049344892717545,1.2952370491768512,1.4843536216542685
-0.43352187288723415,0.9373474382597019,2.1843038789083935,1.3085592512632087,1.3332409738489006,0.06592770706939767,0.06592770706939752,2.146399611801107,0.6212482450794252,2.129222025805126,2.2182479686326775,0.7999958749205932
1.4861211774909606,0.2855113427440428,-0.6988670344625637,1.2394889072790063,0.3633155440886028,1.3963607145959784,1.3963607145959784,-0.6297848905717773,-0.5019124239907221,-0.3904912847325628,-0.5507847897348009,-0.5687196185467573
0.23418005767909442,-0.6059345401653115,-0.2869854754095698,-0.6599455522865585,0.5563109102143763,1.3963607145959784,1.3963607145959784,0.20307046014008784,0.6212482450794252,0.3294268039924911,0.6798964362063006,-0.5687196185467573
1.4861211774909606,-0.30156858982310353,-0.9496497579182173,1.1358833913027029,-0.9084744326889306,1.3963607145959784,1.3963607145959784,-1.185021791046354,0.6212482450794252,-1.1104093734576166,-1.1661254027053516,-0.5687196185467573
0.901881988245423,0.06947104093925731,0.500239762457846,-0.970762100215469,0.16042297969996905,0.06592770706939767,0.06592770706939752,1.3135442610892414,-0.5019124239907221,0.3294268039924911,1.910577662147402,0.7999958749205932
0.23418005767909442,-1.8014267871716003,-0.31521929195755727,1.4812351112237145,-0.7402220622203075,1.3963607145959784,1.3963607145959784,1.729971936445174,-0.5019124239907221,6.808689602517975,-1.473795709190627,-0.5687196185467573
0.4011055403206766,-1.3397445075935852,-0.9330416305370481,1.5848406272000182,0.1802173762256894,1.3963607145959784,1.3963607145959784,-0.9074033408090657,-0.5019124239907221,-0.7504503290950897,-0.5507847897348009,-0.9108984919135951
1.0688074708870052,1.5232688706877324,1.6312532371154622,-1.6269303680653915,-1.4429231388833803,-1.2645053004571831,-1.2645053004571831,0.48068891037737627,0.6212482450794252,-0.03053224037003586,0.06455582323574982,1.142174748287431
-0.43352187288723415,0.4362761539517463,1.9783630993818966,0.8596020153658934,1.2243717929574385,-1.2645053004571831,-1.2645053004571831,0.48068891037737627,0.6212482450794252,-0.3904912847325628,0.6798964362063006,0.7999958749205932
0.23418005767909442,-0.5784501230718033,-0.9396848814895158,-0.0037772844366360664,1.3827269651632015,1.3963607145959784,1.3963607145959784,-1.185021791046354,-0.5019124239907221,-1.1104093734576166,-0.8584550962200763,-0.9108984919135951
0.48456828164146765,-0.21895554541994225,0.8921915686534369,0.7559964993895899,1.1699372025117076,0.06592770706939767,0.06592770706939752,0.341879685258732,-0.5019124239907221,-0.03053224037003586,0.3722261297210252,0.4578170015537556
-0.016208166283278792,1.098418905877471,0.5118654516246643,0.790531671381691,-1.744787685900616,-1.2645053004571831,-1.2645053004571831,0.06426123502144365,0.6212482450794252,-0.03053224037003586,0.06455582323574982,0.11563812818691793
-1.9358512166614734,0.4381936714233864,1.4884233416374077,0.6523909834132863,0.8482782589687516,-1.2645053004571831,-1.2645053004571831,-0.21335721521584475,0.6212482450794252,-0.7504503290950897,0.06455582323574982,0.11563812818691793
1.2357329535285873,0.7922952311862597,1.2160500525862346,-1.557860024081189,0.7245632806829994,0.06592770706939767,0.06592770706939752,0.6194981354960204,-0.5019124239907221,0.3294268039924911,0.6798964362063006,0.4578170015537556
-1.1846865447743538,-1.214346854604454,-0.9612754470850355,1.0668130473185005,-0.052366782951524866,0.06592770706939767,0.06592770706939752,-1.185021791046354,-0.5019124239907221,-1.1104093734576166,-0.8584550962200763,-0.9108984919135951
-1.1012238034535626,0.25343287337473014,0.26108272816901074,-1.1779731321680762,-0.39382012302020114,0.06592770706939767,0.06592770706939752,1.0359258108519531,0.6212482450794252,1.7692629814425989,0.987566742691576,-0.22654074517991973
1.4861211774909606,0.8007243184053443,1.204424363419416,0.7214613273974887,-0.042469584688664686,-1.2645053004571831,-1.2645053004571831,1.1747350359705973,0.6212482450794252,0.3294268039924911,0.987566742691576,1.4843536216542685
1.0688074708870052,-0.07394328662715909,-0.134190703502814,1.4466999392316133,-0.2552593473401586,1.3963607145959784,1.3963607145959784,0.48068891037737627,-0.5019124239907221,0.689385848355018,0.6798964362063006,-0.22654074517991973
0.6514937642830498,-0.7851824754830025,-0.99117007637114,-1.350648992128582,-1.6804558971920247,1.3963607145959784,1.3963607145959784,-1.3238310161649984,-0.5019124239907221,-1.1104093734576166,-1.1661254027053516,-0.9108984919135951
0.5680310229622587,0.4126667200821774,0.5766371484112238,1.7229813151684228,-1.3390025571233486,0.06592770706939767,0.06592770706939752,0.06426123502144365,0.6212482450794252,0.3294268039924911,-0.24311448324952553,0.11563812818691793
-0.18313364892486095,-0.30372579697869867,-0.8931821248222422,-0.8326214122470643,-0.4581519117287923,1.3963607145959784,1.3963607145959784,-1.04621256592771,-0.5019124239907221,-0.7504503290950897,-0.8584550962200763,-0.9108984919135951
-0.18313364892486095,-0.7559003857598317,-0.7885509223208769,-0.5218048643181538,-0.42351171780878166,1.3963607145959784,1.3963607145959784,-0.7685941156904216,-0.5019124239907221,-0.7504503290950897,-0.5507847897348009,-0.5687196185467573
0.06725457503751228,0.46855436472435474,0.45871944400492315,0.27250409150017335,-0.1463901664486966,0.06592770706939767,0.06592770706939752,1.0359258108519531,-0.5019124239907221,-0.03053224037003586,1.910577662147402,0.4578170015537556
-0.7673728381703985,0.010986758054234023,0.9021564450821383,1.204953735286905,1.5311849391061043,-1.2645053004571831,-1.2645053004571831,1.4523534862078857,-0.5019124239907221,1.7692629814425989,0.987566742691576,0.7999958749205932
-0.016208166283278792,-1.0764054414883437,-0.9446673197038665,0.06529305954756628,-0.32948833431160995,0.06592770706939767,0.06592770706939752,-1.185021791046354,-0.5019124239907221,-1.1104093734576166,-1.1661254027053516,-0.5687196185467573
0.3176427989998855,0.07482411054758595,-0.3617220486248308,1.6539109711842206,-0.22556775255157804,0.06592770706939767,0.06592770706939752,0.06426123502144365,-0.5019124239907221,0.3294268039924911,0.06455582323574982,-0.22654074517991973
-1.4350747687367271,1.0448882097941847,1.3655231990167565,-1.2470434761522784,0.7196146815515693,-1.2645053004571831,-1.2645053004571831,0.341879685258732,0.6212482450794252,-0.03053224037003586,-0.24311448324952553,1.142174748287431
0.901881988245423,1.1385669279399357,1.7059898103307232,1.4812351112237145,0.2396005658028505,-1.2645053004571831,-1.2645053004571831,1.4523534862078857,-0.5019124239907221,-0.3904912847325628,0.987566742691576,2.853069115121619
-0.5169846142080252,-1.181229729938003,-0.7187967873199667,-0.6599455522865585,0.24454916493428058,0.06592770706939767,0.06592770706939752,-0.7685941156904216,0.6212482450794252,-0.03053224037003586,-1.1661254027053516,-0.5687196185467573
-1.518537510057518,-0.9188893708492407,-0.8416969299406181,-0.6599455522865585,-0.44330611433450207,0.06592770706939767,0.06592770706939752,-0.7685941156904216,-0.5019124239907221,-0.03053224037003586,-0.8584550962200763,-0.9108984919135951
0.818419246924632,-0.2927000715167681,-0.6490426523190563,-1.3161138201364808,0.5810539058715267,0.06592770706939767,0.06592770706939752,-0.49097566545313315,-0.5019124239907221,-0.03053224037003586,-0.5507847897348009,-0.5687196185467573
0.5680310229622587,0.09807400989122225,0.5367776426964179,0.790531671381691,0.7097174832887091,0.06592770706939767,0.06592770706939752,1.4523534862078857,-0.5019124239907221,0.689385848355018,2.2182479686326775,0.4578170015537556
-0.43352187288723415,-0.16186945235798986,-0.6423994013665887,-0.3491290043576479,-1.2499277727576068,0.06592770706939767,0.06592770706939752,-0.49097566545313315,-0.5019124239907221,-0.03053224037003586,-0.5507847897348009,-0.5687196185467573
-0.6839100968496074,0.10270801044768585,-0.7171359745818497,-1.696000712049594,-0.3096939377858896,1.3963607145959784,1.3963607145959784,-0.6297848905717773,0.6212482450794252,-0.7504503290950897,-0.24311448324952553,-0.5687196185467573
-0.7673728381703985,-0.4257677943924597,-0.8533226191074363,-1.1779731321680762,1.0511708233573853,1.3963607145959784,1.3963607145959784,-0.9074033408090657,-0.5019124239907221,-0.7504503290950897,-0.8584550962200763,-0.5687196185467573
-0.09967090760406987,1.1224677708342907,0.741057609484798,-1.2815786481443796,-0.29979673952302943,-1.2645053004571831,-1.2645053004571831,1.5911627113265299,-0.5019124239907221,-0.7504503290950897,2.2182479686326775,2.1687113683879438
0.9853447295662141,-0.1795665406900017,-0.5493938880320417,0.2379689195080722,0.5464137119515161,0.06592770706939767,0.06592770706939752,-0.21335721521584475,0.6212482450794252,-0.03053224037003586,0.06455582323574982,-0.5687196185467573
1.1522702122077961,0.42880582546848167,-0.03122031373956554,-0.3491290043576479,1.689540111311867,0.06592770706939767,0.06592770706939752,0.20307046014008784,-0.5019124239907221,1.049344892717545,-0.8584550962200763,0.4578170015537556
1.2357329535285873,0.20353747083142817,1.7541533797361135,0.20343374751597101,1.4421101547403625,0.06592770706939767,0.06592770706939752,1.3135442610892414,0.6212482450794252,1.409303937080072,0.987566742691576,0.7999958749205932
-1.1012238034535626,-0.795968511260978,-0.7420481656536033,0.37610960747647687,0.7394090780772896,0.06592770706939767,0.06592770706939752,-0.6297848905717773,-0.5019124239907221,-0.03053224037003586,-0.5507847897348009,-0.9108984919135951
1.3191956948493784,1.3069089826376736,0.6945548528175245,0.8250668433737922,0.18516597535711948,-1.2645053004571831,-1.2645053004571831,0.6194981354960204,3.9907302522898678,-0.3904912847325628,-0.5507847897348009,2.5108902417547814
0.06725457503751228,-1.0053773984763414,-0.9479889451801004,1.4121647672395123,-1.41818014322623,0.06592770706939767,0.06592770706939752,-1.04621256592771,-0.5019124239907221,-0.7504503290950897,-0.8584550962200763,-0.9108984919135951
0.9853447295662141,0.6355781261603399,0.7244494821036289,1.2740240792711075,-0.2552593473401586,-1.2645053004571831,-1.2645053004571831,0.20307046014008784,-0.5019124239907221,-0.03053224037003586,0.06455582323574982,0.4578170015537556
0.3176427989998855,0.5391829249297654,-0.35009635945801243,-0.4181993483418502,-0.7402220622203075,1.3963607145959784,1.3963607145959784,0.20307046014008784,-0.5019124239907221,0.689385848355018,0.06455582323574982,-0.22654074517991973
-0.5169846142080252,1.3821315951188886,-0.08104469588307286,-1.4542545081048857,1.4915961460546634,-1.2645053004571831,-1.2645053004571831,1.3135442610892414,3.9907302522898678,0.689385848355018,0.06455582323574982,2.5108902417547814
0.48456828164146765,-1.9261053711088665,-0.99117007637114,-0.6944807242786596,-1.7200446902434654,1.3963607145959784,1.3963607145959784,-1.7402586915209308,-0.5019124239907221,-1.4703684178201437,-1.7814660156759023,-0.9108984919135951
-1.7689257340198914,-0.884653694324333,-0.8915213120841253,-1.0398324441996714,0.011965005757066313,-1.2645053004571831,-1.2645053004571831,-1.04621256592771,-0.5019124239907221,-0.7504503290950897,-0.8584550962200763,-0.9108984919135951
0.23418005767909442,0.218398231236639,-0.19896240028937354,-1.2125083041601774,-0.9134230318203607,0.06592770706939767,0.06592770706939752,0.341879685258732,-0.5019124239907221,1.409303937080072,0.06455582323574982,-0.5687196185467573
-1.6020002513783091,-1.087790701476207,-0.9496497579182173,0.790531671381691,-1.0222922127118226,0.06592770706939767,0.06592770706939752,-1.185021791046354,-0.5019124239907221,-1.1104093734576166,-0.8584550962200763,-0.9108984919135951
-2.186239440623847,1.239156698639723,1.260891996515391,0.2379689195080722,1.4619045512660829,-1.2645053004571831,-1.2645053004571831,2.0075903866824625,2.86756958321972,0.3294268039924911,1.910577662147402,2.5108902417547814
-0.5169846142080252,-1.1967696111144197,-0.9845268254186723,1.2394889072790063,0.25939496232857084,0.06592770706939767,0.06592770706939752,-1.3238310161649984,-0.5019124239907221,-1.1104093734576166,-1.1661254027053516,-0.9108984919135951
-0.7673728381703985,0.7958106798842665,1.3206812550876,0.44517995146067924,1.2590119868774492,-1.2645053004571831,-1.2645053004571831,1.0359258108519531,-0.5019124239907221,-0.03053224037003586,1.2952370491768512,1.142174748287431
0.6514937642830498,0.48025921095749124,1.6080018587818254,-1.6614655400574927,0.8928156511516225,-1.2645053004571831,-1.2645053004571831,0.06426123502144365,0.6212482450794252,-0.03053224037003586,-0.5507847897348009,0.7999958749205932
-1.2681492860951449,1.2182237995743186,1.1911378615144808,-0.7290158962707608,-0.3047453386544595,-1.2645053004571831,-1.2645053004571831,0.8971165857333089,0.6212482450794252,1.409303937080072,0.3722261297210252,0.4578170015537556
-0.18313364892486095,0.8809404659689555,1.0150917112740883,0.7214613273974887,-0.16123596384298686,0.06592770706939767,0.06592770706939752,2.146399611801107,1.7444089141495727,2.129222025805126,1.2952370491768512,1.8265324950211062
1.4861211774909606,0.2388517509341335,-0.8350536789881504,1.204953735286905,1.1649886033802774,2.7267937221225593,2.726793722122559,-0.9074033408090657,-0.5019124239907221,-0.7504503290950897,-0.5507847897348009,-0.9108984919135951
-0.6004473555288163,-1.246944651622336,-0.8666091210123716,1.3776295952474111,0.031759402282786675,-1.2645053004571831,-1.2645053004571831,-0.9074033408090657,-0.5019124239907221,-0.7504503290950897,-0.5507847897348009,-0.9108984919135951
-0.266596390245652,0.7141963424975843,1.5448909747333828,0.8250668433737922,0.8185866641801711,-1.2645053004571831,-1.2645053004571831,1.3135442610892414,-0.5019124239907221,-0.7504503290950897,1.910577662147402,1.8265324950211062
-1.351612027415936,0.07062954107837321,-0.041185190168267,-0.24552348838134433,1.4619045512660829,0.06592770706939767,0.06592770706939752,0.48068891037737627,-0.5019124239907221,1.409303937080072,0.3722261297210252,-0.5687196185467573
0.23418005767909442,0.6721308029634795,0.535116829958301,-1.143437960175975,1.2144745946945783,0.06592770706939767,0.06592770706939752,0.06426123502144365,-0.5019124239907221,0.3294268039924911,-0.24311448324952553,0.11563812818691793
-0.5169846142080252,-1.6294893872145373,-0.9828660126805554,-1.143437960175975,-0.7798108552717482,-1.2645053004571831,-1.2645053004571831,-1.3238310161649984,-0.5019124239907221,-1.1104093734576166,-1.1661254027053516,-0.9108984919135951
-0.8508355794911895,0.3829851475524149,-0.301932790052622,0.2379689195080722,-0.13649296818583642,0.06592770706939767,0.06592770706939752,0.20307046014008784,-0.5019124239907221,-0.03053224037003586,0.6798964362063006,-0.22654074517991973
-0.18313364892486095,0.7449565186051444,0.5882628375780422,0.5487854674369828,-0.4729977091230826,0.06592770706939767,0.06592770706939752,0.06426123502144365,-0.5019124239907221,0.3294268039924911,-0.5507847897348009,0.4578170015537556
-1.1012238034535626,0.6739684238738013,1.5764464167576042,-1.350648992128582,1.2045773964317181,-1.2645053004571831,-1.2645053004571831,0.8971165857333089,1.7444089141495727,0.689385848355018,0.3722261297210252,1.142174748287431
-0.3500591315664431,0.3183887777265388,0.0833757651905013,-1.2470434761522784,1.367881167768911,1.3963607145959784,1.3963607145959784,0.7583073606146646,1.7444089141495727,1.409303937080072,0.3722261297210252,0.11563812818691793
0.06725457503751228,-0.7729583016012967,-0.9147726904177621,0.9977427033342982,-0.2849509421287391,1.3963607145959784,1.3963607145959784,-0.9074033408090657,-0.5019124239907221,-0.7504503290950897,-0.8584550962200763,-0.5687196185467573
-1.2681492860951449,-0.6990939306624934,-0.9729011362518539,0.06529305954756628,-1.5072549275919715,0.06592770706939767,0.06592770706939752,-1.185021791046354,-0.5019124239907221,-1.1104093734576166,-0.8584550962200763,-0.9108984919135951
-0.18313364892486095,-0.8668767094310028,-0.3965991161252859,-0.763551068262862,1.3975727625574919,0.06592770706939767,0.06592770706939752,0.06426123502144365,-0.5019124239907221,1.7692629814425989,-0.5507847897348009,-0.9108984919135951
-0.6839100968496074,1.2019648493460369,2.7423369589156756,-0.6599455522865585,-1.200441781443306,-1.2645053004571831,-1.2645053004571831,1.1747350359705973,3.9907302522898678,0.3294268039924911,0.06455582323574982,2.5108902417547814
0.15071731635830335,-1.022515210879125,-0.936363256013282,0.7559964993895899,-1.155904389260435,0.06592770706939767,0.06592770706939752,-1.04621256592771,-0.5019124239907221,-0.7504503290950897,-0.8584550962200763,-0.9108984919135951
0.4011055403206766,0.7068458588562974,0.7360751712704473,1.6539109711842206,0.14062858317424867,0.06592770706939767,0.06592770706939752,1.5911627113265299,-0.5019124239907221,1.049344892717545,1.6029073556621267,1.142174748287431
-0.266596390245652,-0.308998970025709,-0.9263983795845805,1.170418563294804,-1.3835399493062193,1.3963607145959784,1.3963607145959784,-1.04621256592771,-0.5019124239907221,-0.7504503290950897,-0.8584550962200763,-0.9108984919135951
1.7365094014533338,0.31806919148126545,0.13153933459589173,-1.5923951960732903,0.9373530433344933,0.06592770706939767,0.06592770706939752,0.8971165857333089,-0.5019124239907221,0.689385848355018,1.6029073556621267,-0.22654074517991973
1.4026584361701695,-0.1038645488408766,-0.9413456942276327,0.7559964993895899,-1.3983857467005096,0.06592770706939767,0.06592770706939752,-1.185021791046354,-0.5019124239907221,-1.1104093734576166,-0.8584550962200763,-0.9108984919135951
-1.518537510057518,-1.1348497760927079,-0.934702443275165,-1.5923951960732903,-1.0470352083689731,-1.2645053004571831,-1.2645053004571831,-1.185021791046354,-0.5019124239907221,-1.1104093734576166,-0.8584550962200763,-0.9108984919135951
0.818419246924632,-0.7664866801345114,0.3806612453134283,-1.1779731321680762,1.6252083226032759,-1.2645053004571831,-1.2645053004571831,0.7583073606146646,0.6212482450794252,1.7692629814425989,0.6798964362063006,-0.5687196185467573
0.901881988245423,0.8256120972560065,1.5100139072329277,0.09982823153966747,-0.9629090231346615,-1.2645053004571831,-1.2645053004571831,0.8971165857333089,0.6212482450794252,-0.3904912847325628,0.987566742691576,1.4843536216542685
1.4861211774909606,0.6976577543046885,0.7194670438892782,-1.4197193361127844,0.6998202850258489,0.06592770706939767,0.06592770706939752,1.5911627113265299,-0.5019124239907221,1.049344892717545,1.2952370491768512,1.4843536216542685
-0.5169846142080252,0.7215468261388714,1.6445397390203975,1.3776295952474111,-0.022675188162944324,0.06592770706939767,0.06592770706939752,1.4523534862078857,-0.5019124239907221,0.3294268039924911,2.2182479686326775,0.7999958749205932
-1.2681492860951449,0.7352490864049664,2.029848294263521,0.583320639429084,1.3282923747174704,-1.2645053004571831,-1.2645053004571831,0.6194981354960204,0.6212482450794252,0.3294268039924911,-0.5507847897348009,1.8265324950211062
-0.016208166283278792,-0.8725493652846048,-0.9496497579182173,-0.9362269282233678,-1.4528203371462405,0.06592770706939767,0.06592770706939752,-1.185021791046354,1.7444089141495727,-1.1104093734576166,-1.1661254027053516,-0.5687196185467573
0.06725457503751228,-0.0647951303562094,-0.7586562930347724,0.2379689195080722,-1.3934371475690794,0.06592770706939767,0.06592770706939752,-0.6297848905717773,-0.5019124239907221,-0.03053224037003586,-0.5507847897348009,-0.9108984919135951
-0.016208166283278792,0.4208161693366479,0.5650114592444054,0.8596020153658934,0.25939496232857084,0.06592770706939767,0.06592770706939752,1.3135442610892414,0.6212482450794252,0.3294268039924911,1.6029073556621267,1.142174748287431
-1.351612027415936,-0.8764642967892033,-0.9596146343469186,-0.03831245642873724,-1.5468437206434122,-1.2645053004571831,-1.2645053004571831,-1.04621256592771,-0.5019124239907221,-1.1104093734576166,-0.8584550962200763,-0.5687196185467573
-1.2681492860951449,0.006991929988317132,-0.2587516588615823,0.6178558114211852,1.2342689912202987,0.06592770706939767,0.06592770706939752,0.341879685258732,-0.5019124239907221,1.049344892717545,0.3722261297210252,-0.5687196185467573
0.9853447295662141,-0.32290097169509974,-0.9297200050608143,-0.8671565842391655,-0.9530118248718014,1.3963607145959784,1.3963607145959784,-1.185021791046354,-0.5019124239907221,-1.1104093734576166,-1.1661254027053516,-0.5687196185467573
-0.18313364892486095,1.3878441992531498,1.82058588926079,0.6178558114211852,-0.5917640882774048,-1.2645053004571831,-1.2645053004571831,0.341879685258732,1.7444089141495727,0.3294268039924911,-0.24311448324952553,0.7999958749205932
-0.5169846142080252,0.9705045112068121,0.3557490542416747,-0.38366417634974903,-0.29979673952302943,1.3963607145959784,1.3963607145959784,1.1747350359705973,-0.5019124239907221,1.7692629814425989,0.3722261297210252,0.7999958749205932
-1.1012238034535626,-0.4057537057822161,-0.37168692505353224,1.2740240792711075,0.6651800911058383,0.06592770706939767,0.06592770706939752,0.06426123502144365,0.6212482450794252,0.689385848355018,-0.5507847897348009,0.11563812818691793
-1.6020002513783091,0.6115292612035202,2.52477049022236,1.4121647672395123,1.5509793356318247,-1.2645053004571831,-1.2645053004571831,0.8971165857333089,-0.5019124239907221,-0.03053224037003586,-0.24311448324952553,2.5108902417547814
-1.6854629926991003,1.4454096716830123,2.430104164149696,1.3085592512632087,-1.4627175354091007,-1.2645053004571831,-1.2645053004571831,0.8971165857333089,2.86756958321972,-0.03053224037003586,0.6798964362063006,1.4843536216542685
-1.351612027415936,-0.8421087754223181,-0.8865388738697746,0.44517995146067924,0.813638065048741,0.06592770706939767,0.06592770706939752,-1.04621256592771,-0.5019124239907221,-0.7504503290950897,-0.8584550962200763,-0.9108984919135951
0.06725457503751228,0.37683311233090294,0.20959753328738653,-0.9016917562312667,-1.6210727076148637,0.06592770706939767,0.06592770706939752,1.0359258108519531,1.7444089141495727,2.129222025805126,0.06455582323574982,0.4578170015537556
-0.43352187288723415,0.6983368750758944,0.32419361221745335,1.7229813151684228,-1.581483914563423,-1.2645053004571831,-1.2645053004571831,-0.35216644033448896,-0.5019124239907221,-0.7504503290950897,-0.24311448324952553,0.11563812818691793
1.6530466601325426,-0.12295982699595934,-0.6141655848186013,-0.6944807242786596,-0.5026893039116631,0.06592770706939767,0.06592770706939752,-0.35216644033448896,-0.5019124239907221,-0.3904912847325628,0.06455582323574982,-0.5687196185467573
-0.7673728381703985,-1.0928241848392621,-0.8732523719648393,0.09982823153966747,1.5064419434489538,0.06592770706939767,0.06592770706939752,-1.185021791046354,0.6212482450794252,-1.1104093734576166,-1.1661254027053516,-0.5687196185467573
1.2357329535285873,1.5457997009795037,1.7923520727128026,1.4121647672395123,-1.3043623632033379,-1.2645053004571831,-1.2645053004571831,0.20307046014008784,0.6212482450794252,-0.03053224037003586,-0.5507847897348009,1.142174748287431
1.986897625415707,2.456660448289214,-0.5460722625558079,-1.3851841641206832,-1.5913811128262831,-1.2645053004571831,-1.2645053004571831,2.0075903866824625,-0.5019124239907221,8.248525779968084,-1.7814660156759023,-0.9108984919135951
1.5695839188117515,0.2817961526427401,-0.1640853327889184,0.7559964993895899,0.13567998404281859,0.06592770706939767,0.06592770706939752,0.48068891037737627,-0.5019124239907221,-0.3904912847325628,0.6798964362063006,0.7999958749205932
0.4011055403206766,-0.2588239295177928,-0.8931821248222422,-1.2470434761522784,0.6800258885001286,1.3963607145959784,1.3963607145959784,-1.04621256592771,-0.5019124239907221,-0.7504503290950897,-0.8584550962200763,-0.9108984919135951
-1.1846865447743538,-1.20204278416143,-0.9247375668464636,-1.143437960175975,-1.3686941519119291,-1.2645053004571831,-1.2645053004571831,-1.185021791046354,-0.5019124239907221,-1.1104093734576166,-0.8584550962200763,-0.9108984919135951
-1.518537510057518,0.8451867547789993,-0.3467747339817786,1.550305455207917,-1.2400305744947466,-1.2645053004571831,-1.2645053004571831,0.20307046014008784,-0.5019124239907221,-0.03053224037003586,0.06455582323574982,0.4578170015537556
-0.18313364892486095,-0.8955995232249453,-0.9413456942276327,0.9632075313421969,-0.5224837004373835,0.06592770706939767,0.06592770706939752,-0.9074033408090657,-0.5019124239907221,-0.3904912847325628,-0.8584550962200763,-0.9108984919135951
0.06725457503751228,-0.2616602574445938,-0.49790869315041747,-1.0052972722075701,-0.982703419660382,0.06592770706939767,0.06592770706939752,-0.07454799009720055,0.6212482450794252,-0.3904912847325628,0.6798964362063006,-0.5687196185467573
1.2357329535285873,0.422733686808288,0.6148358413879128,0.06529305954756628,0.2989837553800116,-1.2645053004571831,-1.2645053004571831,0.06426123502144365,-0.5019124239907221,-0.3904912847325628,0.06455582323574982,0.4578170015537556
-0.18313364892486095,0.3296941411530836,0.7011981037699921,1.1013482193106017,-0.2849509421287391,0.06592770706939767,0.06592770706939752,1.5911627113265299,-0.5019124239907221,0.689385848355018,0.3722261297210252,2.853069115121619
-1.4350747687367271,-0.7591361964932243,-0.8898604993460084,0.7559964993895899,-1.037138010106113,0.06592770706939767,0.06592770706939752,-0.9074033408090657,-0.5019124239907221,-0.3904912847325628,-0.8584550962200763,-0.9108984919135951
0.818419246924632,-0.6606237363877138,-0.9297200050608143,-0.4527345203339514,0.5612595093458064,-1.2645053004571831,-1.2645053004571831,-1.185021791046354,-0.5019124239907221,-1.1104093734576166,-0.8584550962200763,-0.9108984919135951
-0.9342983208119806,-0.8270482736138114,-0.9214159413702298,1.5848406272000182,-0.38392292475734097,0.06592770706939767,0.06592770706939752,-1.185021791046354,0.6212482450794252,-1.1104093734576166,-1.1661254027053516,-0.5687196185467573
0.7349565056038408,1.6106357604893349,1.0914890972274662,-0.5908752083023561,-1.4033343458319396,-1.2645053004571831,-1.2645053004571831,1.1747350359705973,-0.5019124239907221,-0.3904912847325628,2.2182479686326775,0.7999958749205932
-0.09967090760406987,0.6050576397367349,1.468493588780005,-0.5908752083023561,1.1996287973002882,0.06592770706939767,0.06592770706939752,1.0359258108519531,0.6212482450794252,1.049344892717545,-0.24311448324952553,1.8265324950211062
-0.18313364892486095,1.1319355133505138,1.5913937314006563,1.2394889072790063,1.3332409738489006,-1.2645053004571831,-1.2645053004571831,1.4523534862078857,-0.5019124239907221,-0.03053224037003586,2.2182479686326775,1.142174748287431
0.15071731635830335,1.0239553107287802,2.008257728668001,1.5157702832158158,1.5955167278146953,0.06592770706939767,0.06592770706939752,0.341879685258732,2.86756958321972,0.3294268039924911,-0.24311448324952553,0.7999958749205932
0.48456828164146765,0.0015989120993293285,0.9835362692498669,-0.8671565842391655,0.8235352633116012,0.06592770706939767,0.06592770706939752,1.729971936445174,-0.5019124239907221,2.129222025805126,1.2952370491768512,0.7999958749205932
0.06725457503751228,0.194509159402456,-0.31521929195755727,-0.17645314439714196,1.5856195295518352,0.06592770706939767,0.06592770706939752,0.48068891037737627,2.86756958321972,-0.03053224037003586,0.6798964362063006,0.4578170015537556
-1.7689257340198914,-1.3306362996032948,-0.8649483082742547,-1.1779731321680762,0.7146660824201392,-1.2645053004571831,-1.2645053004571831,-1.04621256592771,-0.5019124239907221,-1.1104093734576166,-0.5507847897348009,-0.9108984919135951
-1.0177610621327717,-0.6471611658055738,-0.9280591923226974,1.1358833913027029,0.20001177275140977,0.06592770706939767,0.06592770706939752,-0.9074033408090657,-0.5019124239907221,-0.3904912847325628,-0.8584550962200763,-0.9108984919135951
-0.6004473555288163,-1.2806610004986745,-0.7785860458921754,-0.763551068262862,0.6948716858944188,-1.2645053004571831,-1.2645053004571831,-0.7685941156904216,-0.5019124239907221,-0.7504503290950897,-0.5507847897348009,-0.5687196185467573
0.3176427989998855,-0.7193876572373512,-0.971240323513737,0.790531671381691,0.9719932372545039,1.3963607145959784,1.3963607145959784,-1.3238310161649984,-0.5019124239907221,-1.1104093734576166,-1.1661254027053516,-0.9108984919135951
-0.6839100968496074,-0.8133460133477165,-0.8898604993460084,-1.4542545081048857,-1.7150960911120354,0.06592770706939767,0.06592770706939752,-1.04621256592771,-0.5019124239907221,-1.1104093734576166,-0.5507847897348009,-0.9108984919135951
-0.266596390245652,0.7467941395154662,0.5035613879340798,0.27250409150017335,-0.9530118248718014,0.06592770706939767,0.06592770706939752,1.0359258108519531,-0.5019124239907221,0.689385848355018,1.910577662147402,-0.22654074517991973
1.0688074708870052,1.558423357667801,1.7774047580697503,1.204953735286905,1.30354937906032,-1.2645053004571831,-1.2645053004571831,1.3135442610892414,5.1138909213600146,1.049344892717545,0.06455582323574982,2.1687113683879438
2.153823108057289,1.013089378389486,1.875392709618648,0.13436340353176865,-0.4086659204144914,-1.2645053004571831,-1.2645053004571831,1.729971936445174,0.6212482450794252,1.049344892717545,2.2182479686326775,0.7999958749205932
0.818419246924632,1.1482743601401137,0.9719105800830485,-0.03831245642873724,0.9076614485459128,1.3963607145959784,1.3963607145959784,2.0075903866824625,-0.5019124239907221,2.489181070167653,1.6029073556621267,0.7999958749205932
-0.6839100968496074,-1.1799513849569097,-0.9662578852993863,-1.6269303680653915,-0.28000234299730903,0.06592770706939767,0.06592770706939752,-1.185021791046354,-0.5019124239907221,-1.1104093734576166,-0.8584550962200763,-0.9108984919135951
-0.016208166283278792,0.11880716755333091,0.9569632654399964,0.5487854674369828,1.135297008591697,0.06592770706939767,0.06592770706939752,0.6194981354960204,1.7444089141495727,-0.03053224037003586,1.6029073556621267,-0.22654074517991973
-0.09967090760406987,0.734210431107828,1.1197229137754536,-0.14191797240504078,0.08619399272851767,-1.2645053004571831,-1.2645053004571831,0.06426123502144365,-0.5019124239907221,-0.3904912847325628,0.3722261297210252,0.11563812818691793
0.9853447295662141,0.5037887482657417,1.2127284271100007,-0.24552348838134433,1.1847829999059978,-1.2645053004571831,-1.2645053004571831,0.7583073606146646,0.6212482450794252,1.7692629814425989,0.06455582323574982,0.11563812818691793
0.3176427989998855,0.41770020344523273,0.23783134983537402,-0.6944807242786596,0.11588558751709822,1.3963607145959784,1.3963607145959784,0.8971165857333089,-0.5019124239907221,1.7692629814425989,0.3722261297210252,0.11563812818691793
-0.43352187288723415,0.38666038937305847,-0.8549834318455533,1.170418563294804,-0.6560958769859959,1.3963607145959784,1.3963607145959784,-0.9074033408090657,-0.5019124239907221,-0.7504503290950897,-0.5507847897348009,-0.9108984919135951
1.819972142774125,0.6085730884347418,-0.3185409174337911,1.5157702832158158,-0.39382012302020114,0.06592770706939767,0.06592770706939752,0.06426123502144365,-0.5019124239907221,-0.03053224037003586,0.3722261297210252,-0.22654074517991973
-1.1012238034535626,-1.2455464617992649,-0.9330416305370481,-0.31459383236554667,-0.8936286352946403,0.06592770706939767,0.06592770706939752,-0.9074033408090657,-0.5019124239907221,-0.3904912847325628,-0.8584550962200763,-0.9108984919135951
0.06725457503751228,-0.9066252486868759,-0.9014861885128268,-0.07284762842083842,-1.3093109623347678,1.3963607145959784,1.3963607145959784,-0.9074033408090657,-0.5019124239907221,-0.3904912847325628,-1.1661254027053516,-0.5687196185467573
1.4861211774909606,0.9453770426721949,0.49027488602914443,0.030757887555465113,0.4622875267172046,0.06592770706939767,0.06592770706939752,1.1747350359705973,-0.5019124239907221,0.689385848355018,0.987566742691576,1.142174748287431
-0.5169846142080252,-0.6892666536203379,-0.9430065069657496,-0.31459383236554667,1.521287740843244,1.3963607145959784,1.3963607145959784,-1.185021791046354,-0.5019124239907221,-1.1104093734576166,-0.8584550962200763,-0.9108984919135951
1.0688074708870052,0.11025823549226878,-0.25044759517099774,-1.5923951960732903,0.6057969015286773,0.06592770706939767,0.06592770706939752,0.341879685258732,0.6212482450794252,-0.03053224037003586,0.987566742691576,-0.22654074517991973
1.6530466601325426,0.08461143930908233,0.2810124810264137,0.44517995146067924,1.1550914051174173,0.06592770706939767,0.06592770706939752,1.1747350359705973,0.6212482450794252,2.489181070167653,0.6798964362063006,-0.22654074517991973
0.818419246924632,-0.7189082778694412,-0.9812051999424385,-0.8326214122470643,-1.2647735701518972,0.06592770706939767,0.06592770706939752,-1.3238310161649984,-0.5019124239907221,-1.4703684178201437,-0.8584550962200763,-0.9108984919135951
-0.3500591315664431,-1.071731492651221,-0.9430065069657496,-0.03831245642873724,-0.2552593473401586,0.06592770706939767,0.06592770706939752,-1.04621256592771,-0.5019124239907221,-1.1104093734576166,-0.5507847897348009,-0.9108984919135951
-1.2681492860951449,0.8436287718332917,1.5050314690185769,0.2379689195080722,-1.0420866092375431,-1.2645053004571831,-1.2645053004571831,1.1747350359705973,3.9907302522898678,0.3294268039924911,-0.24311448324952553,2.853069115121619
1.5695839188117515,-0.9554819959330395,-0.934702443275165,0.6523909834132863,0.8779698537573322,0.06592770706939767,0.06592770706939752,-1.185021791046354,-0.5019124239907221,-1.1104093734576166,-0.8584550962200763,-0.9108984919135951
-0.6839100968496074,-1.1375263108968723,-0.936363256013282,0.5142502954448817,1.6697457147861468,0.06592770706939767,0.06592770706939752,-1.185021791046354,-0.5019124239907221,-1.1104093734576166,-0.8584550962200763,-0.9108984919135951
-1.2681492860951449,0.8122294232351849,0.8025076807951237,0.6178558114211852,-1.4280773414890902,-1.2645053004571831,-1.2645053004571831,1.3135442610892414,-0.5019124239907221,-0.03053224037003586,1.910577662147402,1.142174748287431
-0.6004473555288163,-0.7074431213202597,-0.7370657274392526,1.550305455207917,1.4816989477918032,0.06592770706939767,0.06592770706939752,-0.7685941156904216,-0.5019124239907221,-0.7504503290950897,-0.8584550962200763,-0.22654074517991973
1.4861211774909606,0.7412013802231826,1.1064364118705183,1.1358833913027029,0.7641520737344402,-1.2645053004571831,-1.2645053004571831,0.6194981354960204,-0.5019124239907221,-0.3904912847325628,1.2952370491768512,0.4578170015537556
-1.1012238034535626,0.43835346454602303,0.9420159507969442,-1.5923951960732903,1.2392175903517288,-1.2645053004571831,-1.2645053004571831,0.7583073606146646,0.6212482450794252,-0.3904912847325628,0.3722261297210252,1.8265324950211062
-0.43352187288723415,1.2644839085776363,0.34910580328920704,-0.8671565842391655,-1.7051988928491753,0.06592770706939767,0.06592770706939752,1.1747350359705973,-0.5019124239907221,-0.03053224037003586,1.2952370491768512,1.4843536216542685
0.06725457503751228,-0.6460825622277763,-0.8832172483935408,0.16889857552386983,0.5018763197686453,1.3963607145959784,1.3963607145959784,-0.9074033408090657,-0.5019124239907221,-0.3904912847325628,-0.8584550962200763,-0.9108984919135951
1.2357329535285873,-0.4929608024611818,-0.7835684841065261,-1.0052972722075701,0.7344604789458595,0.06592770706939767,0.06592770706939752,-0.7685941156904216,-0.5019124239907221,-0.3904912847325628,-0.5507847897348009,-0.9108984919135951
2.4042113320196625,-0.04382228301014573,-0.7453697911298371,1.6193757991921194,0.011965005757066313,-1.2645053004571831,-1.2645053004571831,-0.6297848905717773,-0.5019124239907221,-0.3904912847325628,-0.5507847897348009,-0.5687196185467573
-0.6004473555288163,0.18779784825171564,-0.07440144493060522,-1.0398324441996714,-0.3443341317059002,0.06592770706939767,0.06592770706939752,0.48068891037737627,-0.5019124239907221,-0.3904912847325628,1.2952370491768512,0.11563812818691793
1.4861211774909606,1.1438800492676053,1.2127284271100007,0.37610960747647687,-1.5122035267234017,-1.2645053004571831,-1.2645053004571831,0.7583073606146646,-0.5019124239907221,-0.03053224037003586,1.2952370491768512,0.4578170015537556
-0.6004473555288163,0.8028415772802803,2.4683028571263854,-1.6269303680653915,1.6400541199975662,-1.2645053004571831,-1.2645053004571831,1.3135442610892414,0.6212482450794252,2.129222025805126,0.6798964362063006,0.4578170015537556
0.4011055403206766,0.3819065439746174,-0.23716109326606247,-1.2470434761522784,-0.6709416743802862,-1.2645053004571831,-1.2645053004571831,0.341879685258732,-0.5019124239907221,-0.03053224037003586,0.987566742691576,-0.22654074517991973
1.5695839188117515,0.9828884782111545,0.870601003057917,-0.4181993483418502,-1.4676661345405309,-1.2645053004571831,-1.2645053004571831,0.48068891037737627,-0.5019124239907221,-1.1104093734576166,0.3722261297210252,1.8265324950211062
-0.6004473555288163,-0.9092218869297218,-0.9729011362518539,0.3415744354843757,-0.9431146266089412,0.06592770706939767,0.06592770706939752,-1.185021791046354,-0.5019124239907221,-1.1104093734576166,-0.8584550962200763,-0.9108984919135951
1.0688074708870052,-0.20932800978108254,-0.3799909887441168,0.20343374751597101,1.29365218079746,0.06592770706939767,0.06592770706939752,0.06426123502144365,0.6212482450794252,0.3294268039924911,-0.24311448324952553,0.11563812818691793
-1.7689257340198914,1.7818940396751919,1.558177476638318,0.37610960747647687,0.3880585397457532,-1.2645053004571831,-1.2645053004571831,2.0075903866824625,1.7444089141495727,0.689385848355018,1.2952370491768512,2.853069115121619
1.5695839188117515,0.1722979153559581,-0.7769252331540585,-0.03831245642873724,-1.4874605310662512,1.3963607145959784,1.3963607145959784,-0.7685941156904216,-0.5019124239907221,-0.7504503290950897,-0.5507847897348009,-0.5687196185467573
0.3176427989998855,0.7116796008160567,0.6746250999601215,-0.38366417634974903,0.03670800141421677,0.06592770706939767,0.06592770706939752,1.4523534862078857,-0.5019124239907221,1.409303937080072,1.2952370491768512,0.7999958749205932
0.5680310229622587,0.7762759706419329,1.9268779045002724,-1.4197193361127844,0.007016406625636222,-1.2645053004571831,-1.2645053004571831,0.20307046014008784,3.9907302522898678,0.3294268039924911,0.06455582323574982,0.11563812818691793
-0.7673728381703985,-0.3147515224406293,-0.9313808177989312,-1.0398324441996714,-1.6903530954548849,1.3963607145959784,1.3963607145959784,-0.9074033408090657,-0.5019124239907221,-0.7504503290950897,-0.5507847897348009,-0.9108984919135951
1.4026584361701695,-0.45345195288926377,-0.7387265401773695,-0.5908752083023561,0.32372675103716203,1.3963607145959784,1.3963607145959784,-0.7685941156904216,0.6212482450794252,-0.3904912847325628,-0.8584550962200763,-0.5687196185467573
0.23418005767909442,-0.13426519042250415,-0.766960356725357,-0.763551068262862,-0.8837314370317801,0.06592770706939767,0.06592770706939752,-0.7685941156904216,-0.5019124239907221,-0.3904912847325628,-0.5507847897348009,-0.9108984919135951
1.819972142774125,0.8887303806974933,1.8737318968805312,0.30703926349227456,-0.22061915342014796,-1.2645053004571831,-1.2645053004571831,1.729971936445174,-0.5019124239907221,0.689385848355018,1.910577662147402,1.4843536216542685
-0.266596390245652,0.4888081430185534,0.3607314924560254,0.3415744354843757,-0.5125865021745233,0.06592770706939767,0.06592770706939752,1.0359258108519531,-0.5019124239907221,1.409303937080072,1.2952370491768512,-0.22654074517991973
0.48456828164146765,0.9982286179842754,0.8838875049628523,-0.6944807242786596,-1.150955790129005,0.06592770706939767,0.06592770706939752,1.8687811615638181,-0.5019124239907221,0.689385848355018,1.910577662147402,1.8265324950211062
1.6530466601325426,0.8151456477233042,1.3671840117548733,0.37610960747647687,0.6602314919744082,-1.2645053004571831,-1.2645053004571831,1.0359258108519531,1.7444089141495727,-0.3904912847325628,0.3722261297210252,2.5108902417547814
-0.7673728381703985,1.3382683829551212,1.2708568729440926,-0.2800586603734455,-0.9728062213975218,-1.2645053004571831,-1.2645053004571831,1.0359258108519531,1.7444089141495727,-0.3904912847325628,1.6029073556621267,1.142174748287431
0.23418005767909442,0.13774265258577698,0.6248007178166143,-0.763551068262862,0.7245632806829994,0.06592770706939767,0.06592770706939752,0.20307046014008784,0.6212482450794252,0.689385848355018,-0.24311448324952553,0.11563812818691793
-1.1846865447743538,-0.5263575650922471,-0.9330416305370481,-0.7290158962707608,-1.2746707684147573,0.06592770706939767,0.06592770706939752,-1.185021791046354,0.6212482450794252,-1.1104093734576166,-0.8584550962200763,-0.9108984919135951
-0.18313364892486095,-0.7046067933934587,-0.4779789402930145,-1.4197193361127844,0.9423016424659234,1.3963607145959784,1.3963607145959784,-0.07454799009720055,0.6212482450794252,0.3294268039924911,-0.24311448324952553,-0.22654074517991973
-0.5169846142080252,-0.4571671429905665,-0.2853246626714529,-1.0743676161917726,0.46723612584863466,0.06592770706939767,0.06592770706939752,0.20307046014008784,-0.5019124239907221,0.689385848355018,-0.24311448324952553,0.11563812818691793
-0.18313364892486095,0.09795416504924474,-0.6772764688670438,0.9286723593500957,-0.5917640882774048,1.3963607145959784,1.3963607145959784,-0.49097566545313315,-0.5019124239907221,-0.3904912847325628,-0.24311448324952553,-0.5687196185467573
-0.016208166283278792,-1.9099263174419032,-0.4098856180302212,-1.696000712049594,-0.42846031694021175,0.06592770706939767,0.06592770706939752,1.729971936445174,-0.5019124239907221,7.528607691243029,-1.7814660156759023,-0.9108984919135951
0.48456828164146765,-0.7832250097307031,-0.049489253858851556,-0.5908752083023561,1.6944887104432973,-1.2645053004571831,-1.2645053004571831,0.48068891037737627,-0.5019124239907221,-0.03053224037003586,0.6798964362063006,0.4578170015537556
0.06725457503751228,-0.5593548449167205,-0.859965870059904,-1.6269303680653915,-0.3542313299687604,1.3963607145959784,1.3963607145959784,-0.7685941156904216,-0.5019124239907221,-0.3904912847325628,-0.5507847897348009,-0.9108984919135951
-0.8508355794911895,-0.6174795932758114,-0.9014861885128268,-1.143437960175975,-1.3538483545176387,0.06592770706939767,0.06592770706939752,-1.04621256592771,0.6212482450794252,-0.7504503290950897,-1.1661254027053516,-0.5687196185467573
-1.2681492860951449,-0.8330405157126868,-0.9612754470850355,0.2379689195080722,1.0759138190145359,0.06592770706939767,0.06592770706939752,-1.3238310161649984,1.7444089141495727,-1.1104093734576166,-1.1661254027053516,-0.9108984919135951
-1.2681492860951449,-1.105288048404923,-0.6855805325576284,1.6539109711842206,0.6602314919744082,0.06592770706939767,0.06592770706939752,-0.6297848905717773,-0.5019124239907221,-0.03053224037003586,-0.5507847897348009,-0.9108984919135951
-0.43352187288723415,-1.0677766128659634,-0.8383753044643842,-1.1779731321680762,1.4619045512660829,0.06592770706939767,0.06592770706939752,-0.9074033408090657,0.6212482450794252,-0.3904912847325628,-0.8584550962200763,-0.9108984919135951
1.4861211774909606,1.693967873944361,2.6659395729622974,-0.48726969232605255,-1.0717782040261237,-1.2645053004571831,-1.2645053004571831,1.1747350359705973,1.7444089141495727,0.3294268039924911,0.987566742691576,1.4843536216542685
0.5680310229622587,0.25598956333691697,-0.7736036076778247,-1.5923951960732903,0.15052578143710885,0.06592770706939767,0.06592770706939752,-0.7685941156904216,-0.5019124239907221,-0.7504503290950897,-0.5507847897348009,-0.5687196185467573
-0.5169846142080252,0.03847117514774224,-0.3168801046956742,-0.0037772844366360664,0.7344604789458595,1.3963607145959784,1.3963607145959784,0.20307046014008784,-0.5019124239907221,0.689385848355018,-0.24311448324952553,0.11563812818691793
0.9853447295662141,-1.208194819382942,-0.9695795107756201,-1.557860024081189,0.9818904355173641,0.06592770706939767,0.06592770706939752,-1.3238310161649984,-0.5019124239907221,-1.4703684178201437,-0.8584550962200763,-0.9108984919135951
-0.7673728381703985,0.19474884908641102,-0.5693236408894446,-0.14191797240504078,0.7641520737344402,1.3963607145959784,1.3963607145959784,-0.35216644033448896,-0.5019124239907221,-0.03053224037003586,-0.24311448324952553,-0.5687196185467573
-1.8523884753406823,-0.034554281897218535,-0.35341798493424625,-0.4181993483418502,0.09114259185994776,-1.2645053004571831,-1.2645053004571831,-0.21335721521584475,-0.5019124239907221,-0.3904912847325628,-0.8584550962200763,0.7999958749205932
-1.4350747687367271,-1.1489515191653945,-0.7619779185110063,-0.3491290043576479,-0.5076379030430932,0.06592770706939767,0.06592770706939752,-0.7685941156904216,-0.5019124239907221,-0.3904912847325628,-0.5507847897348009,-0.9108984919135951
1.0688074708870052,0.23481697458755743,-0.2703773480284007,-0.38366417634974903,-1.3686941519119291,0.06592770706939767,0.06592770706939752,0.20307046014008784,-0.5019124239907221,-0.3904912847325628,0.6798964362063006,0.11563812818691793
0.48456828164146765,0.8281288389375341,2.2457539502187194,-1.4197193361127844,-0.7847594544031783,-1.2645053004571831,-1.2645053004571831,0.7583073606146646,1.7444089141495727,0.3294268039924911,0.6798964362063006,0.7999958749205932
-0.18313364892486095,-0.4972352684917129,-0.7171359745818497,1.3776295952474111,0.5167221171629356,0.06592770706939767,0.06592770706939752,-0.6297848905717773,-0.5019124239907221,-0.3904912847325628,-0.5507847897348009,-0.5687196185467573
1.819972142774125,1.5769194116129963,2.675904449390999,-0.07284762842083842,-0.48784350651737285,-1.2645053004571831,-1.2645053004571831,2.0075903866824625,1.7444089141495727,1.7692629814425989,1.6029073556621267,1.4843536216542685
0.901881988245423,1.6871766662323024,1.802316949141504,0.8941371873579945,-1.319208160597628,0.06592770706939767,0.06592770706939752,0.341879685258732,1.7444089141495727,0.3294268039924911,-0.24311448324952553,0.7999958749205932
0.7349565056038408,-1.5406444110285458,-0.9645970725612694,1.2740240792711075,0.41775013453433374,1.3963607145959784,1.3963607145959784,-1.185021791046354,-0.5019124239907221,-1.1104093734576166,-0.8584550962200763,-0.9108984919135951
-0.9342983208119806,1.770069348600078,0.33748011412238865,-1.557860024081189,-1.5666381171691326,-1.2645053004571831,-1.2645053004571831,1.1747350359705973,3.9907302522898678,1.049344892717545,0.6798964362063006,1.142174748287431
-0.5169846142080252,1.0772862654087707,0.480310009600443,0.8250668433737922,1.5608765338946848,-1.2645053004571831,-1.2645053004571831,0.341879685258732,1.7444089141495727,0.689385848355018,-0.5507847897348009,0.7999958749205932
-0.5169846142080252,0.17261750160123143,-0.20228402576560736,-0.1073828004129396,0.976941836385934,0.06592770706939767,0.06592770706939752,0.341879685258732,-0.5019124239907221,-0.03053224037003586,0.6798964362063006,0.11563812818691793
-0.3500591315664431,-0.7827456303627931,-0.320201730171908,-0.38366417634974903,0.868072655494472,0.06592770706939767,0.06592770706939752,0.20307046014008784,0.6212482450794252,1.049344892717545,0.06455582323574982,-0.5687196185467573
-0.9342983208119806,0.6099313299771535,-0.4563883746974947,0.8250668433737922,-0.8688856396374899,0.06592770706939767,0.06592770706939752,-0.21335721521584475,-0.5019124239907221,-0.03053224037003586,0.06455582323574982,-0.5687196185467573
-0.09967090760406987,-1.1198292225648605,-0.9645970725612694,0.583320639429084,0.6156940997915374,0.06592770706939767,0.06592770706939752,-1.185021791046354,-0.5019124239907221,-1.1104093734576166,-0.8584550962200763,-0.9108984919135951
0.15071731635830335,-0.9514871678671226,-0.9845268254186723,-0.4527345203339514,-0.824348247454619,0.06592770706939767,0.06592770706939752,-1.3238310161649984,-0.5019124239907221,-1.1104093734576166,-1.1661254027053516,-0.9108984919135951
-0.09967090760406987,-1.1688457629336606,-0.8151239261307475,-0.6944807242786596,1.521287740843244,0.06592770706939767,0.06592770706939752,-0.7685941156904216,0.6212482450794252,-0.3904912847325628,-1.1661254027053516,-0.22654074517991973
0.23418005767909442,-0.7573784721442208,-0.9795443872043216,-0.6944807242786596,-1.6656100997977346,-1.2645053004571831,-1.2645053004571831,-1.3238310161649984,-0.5019124239907221,-1.4703684178201437,-0.8584550962200763,-0.9108984919135951
-0.266596390245652,-0.23229827116010465,-0.8533226191074363,-1.4887896800969866,-0.3443341317059002,1.3963607145959784,1.3963607145959784,-0.9074033408090657,-0.5019124239907221,-0.7504503290950897,-0.5507847897348009,-0.9108984919135951
-0.6839100968496074,-0.8736679171430616,-0.9197551286321128,1.6539109711842206,-0.5917640882774048,0.06592770706939767,0.06592770706939752,-1.04621256592771,-0.5019124239907221,-0.7504503290950897,-0.8584550962200763,-0.9108984919135951
-0.09967090760406987,0.45724900129780993,1.4253124575889653,0.4106447794685781,1.1204512111974068,0.06592770706939767,0.06592770706939752,1.0359258108519531,-0.5019124239907221,1.409303937080072,0.6798964362063006,0.4578170015537556
0.4011055403206766,-0.4234507941142279,-0.2736989735046345,0.6523909834132863,0.7295118798144294,0.06592770706939767,0.06592770706939752,0.06426123502144365,0.6212482450794252,0.3294268039924911,-0.8584550962200763,0.7999958749205932
0.818419246924632,0.6618241465534139,-0.5361073861271064,0.8250668433737922,-0.33938553257447013,0.06592770706939767,0.06592770706939752,-0.21335721521584475,-0.5019124239907221,-0.3904912847325628,0.3722261297210252,-0.5687196185467573
0.23418005767909442,0.5423388391018398,0.2345097243591402,1.4121647672395123,-1.1608529883918652,0.06592770706939767,0.06592770706939752,1.0359258108519531,-0.5019124239907221,1.409303937080072,1.2952370491768512,-0.22654074517991973
0.901881988245423,0.7880207651557285,2.099602429264431,1.1013482193106017,0.25444636319714076,-1.2645053004571831,-1.2645053004571831,0.48068891037737627,-0.5019124239907221,0.3294268039924911,-0.24311448324952553,1.142174748287431
-1.4350747687367271,-0.5230019095168769,-0.7320832892249018,-1.6614655400574927,0.7245632806829994,0.06592770706939767,0.06592770706939752,-0.6297848905717773,-0.5019124239907221,-0.03053224037003586,-0.5507847897348009,-0.9108984919135951
-0.6839100968496074,1.7832123329369445,2.2175201336707318,1.0322778753263993,-0.13154436905440633,-1.2645053004571831,-1.2645053004571831,1.4523534862078857,3.9907302522898678,1.049344892717545,0.987566742691576,1.4843536216542685
-1.0177610621327717,-0.7107987768956299,0.38730449626589597,1.4812351112237145,0.813638065048741,-1.2645053004571831,-1.2645053004571831,1.1747350359705973,-0.5019124239907221,2.489181070167653,0.6798964362063006,-0.22654074517991973
0.901881988245423,0.6408912474880094,1.7425276905692952,-0.6254103802944573,1.6697457147861468,-1.2645053004571831,-1.2645053004571831,1.5911627113265299,0.6212482450794252,-0.7504503290950897,2.2182479686326775,2.1687113683879438
-0.5169846142080252,-0.5973856081042493,-0.9679186980375032,-0.1073828004129396,0.5117735180315055,1.3963607145959784,1.3963607145959784,-1.3238310161649984,-0.5019124239907221,-1.4703684178201437,-0.8584550962200763,-0.9108984919135951
-1.1846865447743538,-0.6171200587498787,-0.8965037502984761,-1.2125083041601774,0.650334293711548,-1.2645053004571831,-1.2645053004571831,-1.04621256592771,0.6212482450794252,-0.7504503290950897,-1.1661254027053516,-0.5687196185467573
0.15071731635830335,-0.9705424977415462,-0.9446673197038665,1.3776295952474111,0.42764733279719397,1.3963607145959784,1.3963607145959784,-1.04621256592771,-0.5019124239907221,-0.7504503290950897,-0.8584550962200763,-0.9108984919135951
1.4861211774909606,-1.1974487318856255,-0.971240323513737,-0.6254103802944573,-1.2994137640719077,1.3963607145959784,1.3963607145959784,-1.185021791046354,-0.5019124239907221,-1.1104093734576166,-0.8584550962200763,-0.9108984919135951
-0.266596390245652,-0.8779423831735926,-0.9695795107756201,0.8941371873579945,1.4272643573460724,2.7267937221225593,2.726793722122559,-1.3238310161649984,-0.5019124239907221,-1.4703684178201437,-0.8584550962200763,-0.9108984919135951
-0.7673728381703985,-0.9448158049970414,-0.8765739974410731,-0.24552348838134433,-1.0717782040261237,0.06592770706939767,0.06592770706939752,-0.9074033408090657,-0.5019124239907221,-0.7504503290950897,-0.5507847897348009,-0.9108984919135951
-1.1012238034535626,-0.33648338711921716,-0.8749131847029562,0.13436340353176865,0.47713332411149484,0.06592770706939767,0.06592770706939752,-1.04621256592771,-0.5019124239907221,-0.7504503290950897,-0.8584550962200763,-0.9108984919135951
1.0688074708870052,-0.16150991783205734,-0.5660020154132108,0.13436340353176865,-0.9629090231346615,1.3963607145959784,1.3963607145959784,-0.21335721521584475,-0.5019124239907221,-0.03053224037003586,-0.24311448324952553,-0.22654074517991973
1.4026584361701695,0.9902789101331008,0.945337576273178,-0.9016917562312667,-1.037138010106113,0.06592770706939767,0.06592770706939752,0.6194981354960204,-0.5019124239907221,1.409303937080072,0.06455582323574982,0.11563812818691793
0.3176427989998855,0.7623739689725421,1.1612432322283763,0.27250409150017335,0.7146660824201392,0.06592770706939767,0.06592770706939752,1.8687811615638181,-0.5019124239907221,1.409303937080072,2.2182479686326775,0.7999958749205932
-0.8508355794911895,-0.7779118884030337,-0.9297200050608143,-0.0037772844366360664,-1.1262127944718545,0.06592770706939767,0.06592770706939752,-0.9074033408090657,-0.5019124239907221,-0.7504503290950897,-0.5507847897348009,-0.9108984919135951
0.3176427989998855,-0.9014719204818431,-0.9645970725612694,-1.4887896800969866,0.595899703265817,1.3963607145959784,1.3963607145959784,-1.3238310161649984,-0.5019124239907221,-1.4703684178201437,-0.8584550962200763,-0.9108984919135951
1.3191956948493784,-1.1571409167005242,-0.9297200050608143,-0.6944807242786596,-0.48784350651737285,-1.2645053004571831,-1.2645053004571831,-1.185021791046354,-0.5019124239907221,-1.1104093734576166,-0.8584550962200763,-0.9108984919135951
1.6530466601325426,-0.09291871994026432,0.44543294209998785,-1.5233248520890879,1.516339141711814,0.06592770706939767,0.06592770706939752,1.3135442610892414,1.7444089141495727,2.129222025805126,0.3722261297210252,0.7999958749205932
-1.351612027415936,-1.7872051992569362,-0.8400361172025012,1.6884461431763216,1.6994373095747273,0.06592770706939767,0.06592770706939752,-0.9074033408090657,-0.5019124239907221,-0.7504503290950897,-0.8584550962200763,-0.5687196185467573
1.819972142774125,0.6343397294599057,0.5384384554345348,1.0668130473185005,0.6057969015286773,0.06592770706939767,0.06592770706939752,1.4523534862078857,1.7444089141495727,2.489181070167653,-0.5507847897348009,1.8265324950211062
1.1522702122077961,0.5987058631119271,0.4354680656712864,-1.557860024081189,-0.6857874717745766,0.06592770706939767,0.06592770706939752,1.0359258108519531,-0.5019124239907221,1.049344892717545,1.6029073556621267,-0.22654074517991973
-0.6004473555288163,-1.381770098847031,-0.9313808177989312,0.7214613273974887,-0.6165070839345552,0.06592770706939767,0.06592770706939752,-0.9074033408090657,-0.5019124239907221,-0.3904912847325628,-0.8584550962200763,-0.9108984919135951
-0.5169846142080252,0.1468508605760675,1.0865066590131154,-0.5908752083023561,0.3583669449571727,0.06592770706939767,0.06592770706939752,1.729971936445174,-0.5019124239907221,2.489181070167653,0.6798964362063006,1.142174748287431
-1.2681492860951449,-0.4865291292750556,-0.3185409174337911,1.1358833913027029,-0.39382012302020114,0.06592770706939767,0.06592770706939752,-0.21335721521584475,0.6212482450794252,0.689385848355018,-0.8584550962200763,-0.22654074517991973
1.5695839188117515,0.34623272934597954,-0.35507879767236317,-0.763551068262862,-0.7303248639574473,0.06592770706939767,0.06592770706939752,0.06426123502144365,-0.5019124239907221,-0.3904912847325628,0.3722261297210252,0.11563812818691793
-0.6839100968496074,0.9224866778544911,0.8357239355574619,1.550305455207917,1.3827269651632015,1.3963607145959784,1.3963607145959784,1.729971936445174,-0.5019124239907221,2.129222025805126,1.910577662147402,0.11563812818691793
1.4861211774909606,0.3376039007235991,0.05514194864251382,-0.9016917562312667,0.19506317361997969,0.06592770706939767,0.06592770706939752,0.7583073606146646,-0.5019124239907221,-0.03053224037003586,1.2952370491768512,0.4578170015537556
-1.2681492860951449,-0.5416178083040496,-0.8749131847029562,1.6539109711842206,0.5167221171629356,0.06592770706939767,0.06592770706939752,-1.04621256592771,-0.5019124239907221,-0.7504503290950897,-0.8584550962200763,-0.9108984919135951
-1.1012238034535626,0.36664630076281485,1.7591358179504644,-0.8326214122470643,0.75425487547158,-1.2645053004571831,-1.2645053004571831,1.4523534862078857,0.6212482450794252,2.129222025805126,1.2952370491768512,0.11563812818691793
-1.8523884753406823,-0.09871122063584381,0.1431650237627101,1.4812351112237145,0.3435211475628824,-1.2645053004571831,-1.2645053004571831,0.6194981354960204,-0.5019124239907221,0.3294268039924911,0.6798964362063006,0.4578170015537556
-0.09967090760406987,1.2397958711302697,1.3057339404445476,1.6884461431763216,1.4272643573460724,2.7267937221225593,2.726793722122559,0.8971165857333089,-0.5019124239907221,-0.03053224037003586,0.987566742691576,1.142174748287431
-1.0177610621327717,-0.9279576305588721,-0.9330416305370481,-1.0398324441996714,-0.7006332691688668,0.06592770706939767,0.06592770706939752,-1.04621256592771,-0.5019124239907221,-0.7504503290950897,-0.8584550962200763,-0.9108984919135951
-0.8508355794911895,-0.2868676225405294,-0.9230767541083467,1.0668130473185005,-0.710530467431727,0.06592770706939767,0.06592770706939752,-1.04621256592771,-0.5019124239907221,-0.7504503290950897,-0.8584550962200763,-0.9108984919135951
-0.18313364892486095,-0.6027386777125779,-0.23051784231359485,1.0668130473185005,1.4965447451860936,0.06592770706939767,0.06592770706939752,0.06426123502144365,-0.5019124239907221,-0.03053224037003586,0.06455582323574982,0.11563812818691793
-0.09967090760406987,-0.36824227024325645,-0.635756150414121,1.0322778753263993,-0.7055818683002969,0.06592770706939767,0.06592770706939752,-0.49097566545313315,-0.5019124239907221,-0.03053224037003586,-0.5507847897348009,-0.5687196185467573
0.818419246924632,0.036593605956761296,-0.7437089783917202,0.030757887555465113,-1.6507643024034442,0.06592770706939767,0.06592770706939752,-0.6297848905717773,-0.5019124239907221,-0.3904912847325628,-0.5507847897348009,-0.5687196185467573
-0.3500591315664431,0.5221250090883003,1.0051268348453868,0.37610960747647687,-0.3096939377858896,-1.2645053004571831,-1.2645053004571831,2.0075903866824625,1.7444089141495727,1.049344892717545,1.910577662147402,1.8265324950211062
-0.09967090760406987,0.9679078729639662,1.6096626715199422,-0.17645314439714196,1.6202597234718459,0.06592770706939767,0.06592770706939752,-0.07454799009720055,0.6212482450794252,-0.7504503290950897,-0.24311448324952553,0.7999958749205932
1.819972142774125,1.1507511535409822,1.0001443966310362,-1.696000712049594,-0.8391940448489094,-1.2645053004571831,-1.2645053004571831,1.1747350359705973,-0.5019124239907221,0.3294268039924911,1.2952370491768512,1.142174748287431
1.4861211774909606,-0.7736773706531618,-0.934702443275165,-0.7290158962707608,0.6107455006601074,1.3963607145959784,1.3963607145959784,-1.185021791046354,-0.5019124239907221,-1.1104093734576166,-0.8584550962200763,-0.9108984919135951
-0.5169846142080252,0.1423367048615814,-0.13086907802658018,-0.48726969232605255,-0.3641285282316206,1.3963607145959784,1.3963607145959784,0.341879685258732,0.6212482450794252,1.049344892717545,0.06455582323574982,-0.22654074517991973
0.818419246924632,0.9620354757070684,0.5417600809107687,-0.0037772844366360664,-1.7150960911120354,0.06592770706939767,0.06592770706939752,0.06426123502144365,-0.5019124239907221,0.689385848355018,-0.5507847897348009,0.11563812818691793
1.1522702122077961,-0.6116471442995727,-0.8881996866078915,-0.1073828004129396,-1.6161241084834337,1.3963607145959784,1.3963607145959784,-0.9074033408090657,-0.5019124239907221,-0.3904912847325628,-0.8584550962200763,-0.9108984919135951
1.3191956948493784,-0.13758089771721516,-0.916433503155879,1.6539109711842206,-1.7348904876377558,1.3963607145959784,1.3963607145959784,-1.185021791046354,-0.5019124239907221,-1.1104093734576166,-0.8584550962200763,-0.9108984919135951
0.3176427989998855,-1.1489115708847353,-0.7918725477971107,0.06529305954756628,0.5612595093458064,-1.2645053004571831,-1.2645053004571831,-0.9074033408090657,-0.5019124239907221,-0.3904912847325628,-0.8584550962200763,-0.9108984919135951
-0.3500591315664431,0.7546240025246633,1.6760951810446187,1.0668130473185005,1.3728297669003413,0.06592770706939767,0.06592770706939752,1.5911627113265299,-0.5019124239907221,-0.7504503290950897,1.910577662147402,2.5108902417547814
-0.6004473555288163,0.7167130841791121,0.7111629801986936,-1.350648992128582,-0.052366782951524866,0.06592770706939767,0.06592770706939752,1.4523534862078857,-0.5019124239907221,1.049344892717545,2.2182479686326775,0.11563812818691793
1.5695839188117515,0.2885873603547988,0.8008468680570068,-0.6944807242786596,0.9225072459402031,0.06592770706939767,0.06592770706939752,1.4523534862078857,-0.5019124239907221,1.7692629814425989,1.910577662147402,-0.22654074517991973
-0.016208166283278792,-0.0342147215116156,0.1913285931681005,0.09982823153966747,0.26434356146000093,1.3963607145959784,1.3963607145959784,0.7583073606146646,-0.5019124239907221,-0.03053224037003586,-0.5507847897348009,2.5108902417547814
-0.016208166283278792,-0.5543613098343244,-0.7785860458921754,0.8596020153658934,-0.8391940448489094,0.06592770706939767,0.06592770706939752,-0.7685941156904216,-0.5019124239907221,-0.3904912847325628,-0.8584550962200763,-0.5687196185467573
-1.0177610621327717,-0.0342147215116156,-0.9280591923226974,1.1358833913027029,0.20001177275140977,0.06592770706939767,0.06592770706939752,-0.9074033408090657,-0.5019124239907221,-0.3904912847325628,-0.8584550962200763,-0.9108984919135951
-1.1012238034535626,0.7110803766061692,1.0599336552032448,0.16889857552386983,-0.5274322995688135,-1.2645053004571831,-1.2645053004571831,0.48068891037737627,-0.5019124239907221,-0.03053224037003586,0.6798964362063006,0.4578170015537556
-0.7673728381703985,-0.3868581690304292,-0.9380240687513989,1.5157702832158158,0.8878670520201924,1.3963607145959784,1.3963607145959784,-1.04621256592771,-0.5019124239907221,-0.7504503290950897,-0.8584550962200763,-0.9108984919135951
-0.43352187288723415,0.6074944848569442,0.9436767635350611,0.47971512345278045,1.6450027191289962,0.06592770706939767,0.06592770706939752,2.0075903866824625,-0.5019124239907221,1.7692629814425989,1.910577662147402,1.142174748287431
1.4861211774909606,0.5915551208739358,0.6430696579359002,1.4812351112237145,0.917558646808773,0.06592770706939767,0.06592770706939752,0.06426123502144365,-0.5019124239907221,-0.03053224037003586,-0.5507847897348009,0.7999958749205932
1.7365094014533338,-0.40131944662904834,-0.8400361172025012,-0.31459383236554667,-0.2849509421287391,-1.2645053004571831,-1.2645053004571831,-0.9074033408090657,-0.5019124239907221,-0.7504503290950897,-0.8584550962200763,-0.5687196185467573
1.4026584361701695,1.0135687577573962,1.784048009022218,0.7214613273974887,1.2590119868774492,0.06592770706939767,0.06592770706939752,0.341879685258732,-0.5019124239907221,-0.03053224037003586,-0.5507847897348009,1.4843536216542685
-1.2681492860951449,-0.8180199621848393,-0.843357742678735,1.6193757991921194,-1.3291053588604884,0.06592770706939767,0.06592770706939752,-0.7685941156904216,-0.5019124239907221,-0.3904912847325628,-0.5507847897348009,-0.9108984919135951
-0.8508355794911895,-0.7145938635582509,-0.9263983795845805,1.1013482193106017,-0.497740704780233,0.06592770706939767,0.06592770706939752,-1.185021791046354,-0.5019124239907221,-1.1104093734576166,-0.8584550962200763,-0.9108984919135951
1.6530466601325426,0.09399928526398703,-0.14415557993151548,0.47971512345278045,-0.12659576992297622,0.06592770706939767,0.06592770706939752,0.48068891037737627,-0.5019124239907221,0.689385848355018,0.6798964362063006,-0.22654074517991973
1.0688074708870052,0.78410583365113,0.18136371673939905,1.2394889072790063,-0.8292968465860492,0.06592770706939767,0.06592770706939752,0.8971165857333089,-0.5019124239907221,0.689385848355018,1.2952370491768512,0.11563812818691793
-0.016208166283278792,-1.0764054414883437,-0.9446673197038665,0.06529305954756628,-0.32948833431160995,0.06592770706939767,0.06592770706939752,-1.185021791046354,-0.5019124239907221,-1.1104093734576166,-1.1661254027053516,-0.5687196185467573
-1.518537510057518,-0.4089895165156088,0.07839332697615058,-0.9016917562312667,0.8977642502830526,-1.2645053004571831,-1.2645053004571831,0.7583073606146646,0.6212482450794252,0.3294268039924911,1.6029073556621267,-0.22654074517991973
-1.1846865447743538,0.6903871672247197,1.410365142945913,1.5848406272000182,0.016913604888496404,-1.2645053004571831,-1.2645053004571831,1.0359258108519531,-0.5019124239907221,1.7692629814425989,-0.24311448324952553,1.142174748287431
-0.09967090760406987,0.49835578209609477,-0.006308122667811877,-1.3161138201364808,-1.0470352083689731,0.06592770706939767,0.06592770706939752,0.6194981354960204,0.6212482450794252,0.3294268039924911,0.3722261297210252,0.7999958749205932
-0.6839100968496074,-0.9726997048971413,-0.9629362598231525,-0.24552348838134433,0.026810803151356585,0.06592770706939767,0.06592770706939752,-1.185021791046354,-0.5019124239907221,-1.1104093734576166,-1.1661254027053516,-0.5687196185467573
0.7349565056038408,-1.2030414911779093,-0.8367144917262673,0.9632075313421969,-1.2845679666776175,-1.2645053004571831,-1.2645053004571831,-0.9074033408090657,-0.5019124239907221,-0.7504503290950897,-0.8584550962200763,-0.5687196185467573
-0.18313364892486095,-0.0342147215116156,-0.8450185554168518,1.1358833913027029,0.6404370954486879,1.3963607145959784,1.3963607145959784,-0.9074033408090657,-0.5019124239907221,-0.7504503290950897,-0.8584550962200763,-0.5687196185467573
1.2357329535285873,-0.0342147215116156,-0.6623291542239916,1.170418563294804,0.08619399272851767,0.06592770706939767,0.06592770706939752,-0.49097566545313315,-0.5019124239907221,-0.03053224037003586,-0.5507847897348009,-0.5687196185467573
-0.3500591315664431,-0.9761352570338299,-0.7138143491056159,-0.31459383236554667,1.575722331288975,0.06592770706939767,0.06592770706939752,-0.7685941156904216,-0.5019124239907221,-0.3904912847325628,-0.5507847897348009,-0.9108984919135951
1.1522702122077961,-0.0342147215116156,-0.2587516588615823,1.5848406272000182,-0.49279210564880294,0.06592770706939767,0.06592770706939752,-0.07454799009720055,-0.5019124239907221,0.689385848355018,-0.24311448324952553,-0.5687196185467573
0.7349565056038408,-0.02344865987396958,-0.2869854754095698,-0.5908752083023561,1.2144745946945783,0.06592770706939767,0.06592770706939752,0.06426123502144365,-0.5019124239907221,0.689385848355018,-0.24311448324952553,-0.22654074517991973
-1.6020002513783091,0.6491205933037982,1.2625528092535079,-0.03831245642873724,0.8829184528887623,-1.2645053004571831,-1.2645053004571831,2.2852088369197507,-0.5019124239907221,1.7692629814425989,2.2182479686326775,1.4843536216542685
2.153823108057289,-0.0342147215116156,1.5913937314006563,0.8941371873579945,-0.5521752952259641,-1.2645053004571831,-1.2645053004571831,1.1747350359705973,1.7444089141495727,0.3294268039924911,1.6029073556621267,0.7999958749205932
-0.016208166283278792,0.18208524411745447,0.6563561598408355,-0.8671565842391655,0.7146660824201392,0.06592770706939767,0.06592770706939752,1.5911627113265299,-0.5019124239907221,1.409303937080072,0.3722261297210252,2.1687113683879438
-1.9358512166614734,1.3886831131469923,0.5899236503161591,0.4106447794685781,1.026427827700235,-1.2645053004571831,-1.2645053004571831,0.6194981354960204,-0.5019124239907221,-0.03053224037003586,0.3722261297210252,1.142174748287431
0.818419246924632,1.101974302856137,1.5149963454472783,-1.4887896800969866,-1.3043623632033379,0.06592770706939767,0.06592770706939752,1.3135442610892414,0.6212482450794252,0.689385848355018,0.3722261297210252,2.1687113683879438
-0.9342983208119806,-0.8552917080398439,-0.9131118776796452,-1.143437960175975,-0.42351171780878166,0.06592770706939767,0.06592770706939752,-0.9074033408090657,-0.5019124239907221,-1.1104093734576166,-0.5507847897348009,-0.5687196185467573
-0.18313364892486095,-0.7242213991971107,-0.9695795107756201,-0.3491290043576479,-0.5868154891459747,0.06592770706939767,0.06592770706939752,-1.3238310161649984,-0.5019124239907221,-1.4703684178201437,-0.8584550962200763,-0.9108984919135951
-0.43352187288723415,0.04510258973716427,-0.34179229576742787,-1.6269303680653915,-0.2552593473401586,1.3963607145959784,1.3963607145959784,0.20307046014008784,0.6212482450794252,0.3294268039924911,0.6798964362063006,-0.5687196185467573
-0.016208166283278792,-1.192375300241911,-0.9629362598231525,-0.0037772844366360664,-0.5076379030430932,-1.2645053004571831,-1.2645053004571831,-1.3238310161649984,-0.5019124239907221,-1.1104093734576166,-1.1661254027053516,-0.9108984919135951
-0.6004473555288163,0.7623739689725421,-0.4248329326732734,-0.6254103802944573,-1.4627175354091007,0.06592770706939767,0.06592770706939752,-0.07454799009720055,-0.5019124239907221,-0.03053224037003586,0.3722261297210252,-0.5687196185467573
-2.0193139579822645,1.0788442483544782,1.0134308985359715,0.30703926349227456,1.0066334311745146,-1.2645053004571831,-1.2645053004571831,1.1747350359705973,2.86756958321972,-0.03053224037003586,0.3722261297210252,2.5108902417547814
1.6530466601325426,-0.09291871994026432,0.44543294209998785,-1.5233248520890879,1.516339141711814,0.06592770706939767,0.06592770706939752,1.3135442610892414,1.7444089141495727,2.129222025805126,0.3722261297210252,0.7999958749205932
1.5695839188117515,-0.1413759843798362,-0.9396848814895158,1.4121647672395123,0.24949776406571067,1.3963607145959784,1.3963607145959784,-1.185021791046354,-0.5019124239907221,-1.1104093734576166,-0.8584550962200763,-0.9108984919135951
-0.5169846142080252,1.1147977009477303,1.264213621991625,-0.07284762842083842,-0.4037173212830613,-1.2645053004571831,-1.2645053004571831,0.7583073606146646,-0.5019124239907221,-0.3904912847325628,0.6798964362063006,1.4843536216542685
1.0688074708870052,0.08045681812052877,-0.5676628281513277,-0.8326214122470643,0.21485757014570003,1.3963607145959784,1.3963607145959784,-0.35216644033448896,-0.5019124239907221,-0.03053224037003586,-0.24311448324952553,-0.5687196185467573
-0.6004473555288163,1.1861053819243468,2.4035311603398255,0.37610960747647687,1.407469960820352,0.06592770706939767,0.06592770706939752,0.7583073606146646,2.86756958321972,-0.03053224037003586,1.2952370491768512,0.4578170015537556
-0.5169846142080252,0.9519685089809578,1.279160936634677,0.6178558114211852,1.1056054138031164,0.06592770706939767,0.06592770706939752,-0.49097566545313315,1.7444089141495727,-0.7504503290950897,-0.5507847897348009,0.11563812818691793
-0.6004473555288163,0.03859101998971974,-0.9313808177989312,-0.31459383236554667,-1.2499277727576068,1.3963607145959784,1.3963607145959784,-1.185021791046354,-0.5019124239907221,-1.1104093734576166,-0.8584550962200763,-0.9108984919135951
1.6530466601325426,0.626110383644117,0.6148358413879128,0.47971512345278045,-1.5616895180377026,0.06592770706939767,0.06592770706939752,1.5911627113265299,-0.5019124239907221,0.689385848355018,1.6029073556621267,1.4843536216542685
-1.2681492860951449,-1.49574254356764,-0.9214159413702298,-1.6614655400574927,1.466853150397513,0.06592770706939767,0.06592770706939752,-1.185021791046354,0.6212482450794252,-1.1104093734576166,-0.8584550962200763,-0.9108984919135951
-0.43352187288723415,1.0342619671388458,1.093149909965583,1.3776295952474111,-1.1064183979461342,0.06592770706939767,0.06592770706939752,0.7583073606146646,1.7444089141495727,1.409303937080072,0.06455582323574982,0.4578170015537556
-0.266596390245652,-1.5200310982084146,-0.8815564356554239,-0.31459383236554667,0.6552828928429781,-1.2645053004571831,-1.2645053004571831,-0.9074033408090657,-0.5019124239907221,-0.7504503290950897,-0.5507847897348009,-0.9108984919135951
-1.4350747687367271,-1.270873671737178,-0.9114510649415283,-1.5233248520890879,1.2590119868774492,0.06592770706939767,0.06592770706939752,-1.04621256592771,-0.5019124239907221,-0.7504503290950897,-0.8584550962200763,-0.9108984919135951
0.5680310229622587,0.25598956333691697,-0.7736036076778247,-1.5923951960732903,0.15052578143710885,0.06592770706939767,0.06592770706939752,-0.7685941156904216,-0.5019124239907221,-0.7504503290950897,-0.5507847897348009,-0.5687196185467573
-0.09967090760406987,0.828088890656875,-0.1806934601700875,-1.6614655400574927,1.026427827700235,0.06592770706939767,0.06592770706939752,0.6194981354960204,1.7444089141495727,1.049344892717545,0.6798964362063006,-0.22654074517991973
1.6530466601325426,-0.16330759046171994,-0.5643412026750939,-0.8671565842391655,0.16042297969996905,0.06592770706939767,0.06592770706939752,-0.35216644033448896,-0.5019124239907221,0.3294268039924911,-0.5507847897348009,-0.5687196185467573
0.6514937642830498,1.2022045390299918,2.3254729616483307,1.3776295952474111,1.466853150397513,-1.2645053004571831,-1.2645053004571831,1.0359258108519531,1.7444089141495727,0.3294268039924911,1.910577662147402,0.11563812818691793
1.1522702122077961,0.2411687512123653,0.015282442927707963,-0.03831245642873724,0.19011457448854957,1.3963607145959784,1.3963607145959784,0.6194981354960204,-0.5019124239907221,1.409303937080072,0.3722261297210252,-0.22654074517991973
-1.0177610621327717,-0.291022243729083,0.6895724146031738,-0.6254103802944573,0.9967362329116544,-1.2645053004571831,-1.2645053004571831,1.4523534862078857,0.6212482450794252,1.049344892717545,2.2182479686326775,0.11563812818691793
1.3191956948493784,-0.7051261210420279,-0.9695795107756201,0.6523909834132863,-1.531997923249122,1.3963607145959784,1.3963607145959784,-1.185021791046354,-0.5019124239907221,-1.1104093734576166,-0.8584550962200763,-0.9108984919135951
-0.43352187288723415,-0.3683221668045748,-0.785229296844643,-0.1073828004129396,-0.5620724934888243,0.06592770706939767,0.06592770706939752,-0.9074033408090657,-0.5019124239907221,-0.7504503290950897,-1.1661254027053516,-0.22654074517991973
1.2357329535285873,-0.2597427399729537,-0.28034222445710216,1.4812351112237145,-0.06721258034581513,0.06592770706939767,0.06592770706939752,0.20307046014008784,-0.5019124239907221,1.049344892717545,0.06455582323574982,-0.5687196185467573
-0.016208166283278792,0.5687846008982096,0.6762859126982385,1.0668130473185005,-0.7253762648260172,0.06592770706939767,0.06592770706939752,1.5911627113265299,-0.5019124239907221,0.689385848355018,1.2952370491768512,1.8265324950211062
-1.0177610621327717,-0.9789316366799716,-0.9114510649415283,-1.143437960175975,-0.23051635168300813,0.06592770706939767,0.06592770706939752,-1.04621256592771,-0.5019124239907221,-0.7504503290950897,-0.8584550962200763,-0.9108984919135951
1.4026584361701695,0.7017724272125828,0.7178062311511613,0.030757887555465113,-0.9629090231346615,0.06592770706939767,0.06592770706939752,1.729971936445174,-0.5019124239907221,0.689385848355018,1.6029073556621267,1.8265324950211062
0.5680310229622587,0.7981276801624982,1.6063410460437084,1.5157702832158158,0.4523903284543444,-1.2645053004571831,-1.2645053004571831,1.1747350359705973,-0.5019124239907221,-0.3904912847325628,0.6798964362063006,2.5108902417547814
-0.18313364892486095,-1.0554325941422802,-0.9596146343469186,0.06529305954756628,1.3134465773231803,0.06592770706939767,0.06592770706939752,-1.3238310161649984,-0.5019124239907221,-1.4703684178201437,-1.1661254027053516,-0.5687196185467573
-0.6004473555288163,-0.5883972449559364,-0.8018374242258122,-0.8671565842391655,1.4915961460546634,0.06592770706939767,0.06592770706939752,-0.7685941156904216,-0.5019124239907221,-0.3904912847325628,-0.5507847897348009,-0.9108984919135951
-0.6004473555288163,-1.0810793903254665,-0.9845268254186723,1.0322778753263993,-0.15133876558012668,1.3963607145959784,1.3963607145959784,-1.3238310161649984,-0.5019124239907221,-1.1104093734576166,-1.1661254027053516,-0.9108984919135951
-0.9342983208119806,-0.3456315433901669,-0.78689010958276,-0.7980862402549632,1.5559279347632546,0.06592770706939767,0.06592770706939752,-0.7685941156904216,-0.5019124239907221,-0.3904912847325628,-0.5507847897348009,-0.9108984919135951
1.0688074708870052,0.03962967528685813,0.20959753328738653,1.2740240792711075,1.689540111311867,0.06592770706939767,0.06592770706939752,0.8971165857333089,-0.5019124239907221,0.3294268039924911,1.910577662147402,-0.22654074517991973
0.9853447295662141,-0.08476927068579386,-0.8965037502984761,0.6523909834132863,-1.7051988928491753,1.3963607145959784,1.3963607145959784,-1.04621256592771,0.6212482450794252,-1.1104093734576166,-0.5507847897348009,-0.9108984919135951
-0.266596390245652,1.3050314134466927,1.7026681848544893,1.6884461431763216,-0.42351171780878166,-1.2645053004571831,-1.2645053004571831,1.4523534862078857,2.86756958321972,0.3294268039924911,1.910577662147402,1.142174748287431
0.23418005767909442,0.3614530242771229,0.003656753760889588,-0.5218048643181538,-0.11174997252868596,0.06592770706939767,0.06592770706939752,0.48068891037737627,-0.5019124239907221,1.049344892717545,0.6798964362063006,-0.5687196185467573
-1.4350747687367271,1.202244487310651,2.0198834178348193,0.37610960747647687,0.5068249189000754,-1.2645053004571831,-1.2645053004571831,0.6194981354960204,1.7444089141495727,-0.03053224037003586,1.2952370491768512,0.11563812818691793
0.3176427989998855,0.5186095603902934,1.1230445392516875,-1.5923951960732903,1.5361335382375343,-1.2645053004571831,-1.2645053004571831,0.8971165857333089,0.6212482450794252,1.409303937080072,0.3722261297210252,0.4578170015537556
-0.43352187288723415,-0.7449545568592193,-0.9928308891092569,0.5487854674369828,-0.5719696917516844,2.7267937221225593,2.726793722122559,-1.3238310161649984,-0.5019124239907221,-1.1104093734576166,-1.1661254027053516,-0.9108984919135951
-0.6004473555288163,-0.8487401900117402,-0.934702443275165,1.170418563294804,0.3930071388771833,0.06592770706939767,0.06592770706939752,-1.185021791046354,-0.5019124239907221,-1.1104093734576166,-0.8584550962200763,-0.9108984919135951
-0.6004473555288163,0.8018029219831418,2.2009120062895624,0.5142502954448817,0.6008483023972472,-1.2645053004571831,-1.2645053004571831,0.8971165857333089,1.7444089141495727,0.3294268039924911,0.6798964362063006,1.142174748287431
1.6530466601325426,4.182026689958719,-0.9928308891092569,1.2394889072790063,-0.24536214907729842,-1.2645053004571831,-1.2645053004571831,-1.7402586915209308,-0.5019124239907221,-1.4703684178201437,-1.7814660156759023,-0.9108984919135951
-0.9342983208119806,-1.4474450722507046,-0.8350536789881504,0.6869261554053875,1.635105520866136,0.06592770706939767,0.06592770706939752,-1.04621256592771,-0.5019124239907221,-0.7504503290950897,-1.1661254027053516,-0.5687196185467573
0.9853447295662141,0.5292757513262915,0.9353726998444766,-0.03831245642873724,-0.9084744326889306,-1.2645053004571831,-1.2645053004571831,0.20307046014008784,-0.5019124239907221,-0.3904912847325628,0.06455582323574982,0.7999958749205932
0.3176427989998855,0.2578271842472387,-0.35009635945801243,-0.970762100215469,-1.3340539579919184,0.06592770706939767,0.06592770706939752,0.20307046014008784,-0.5019124239907221,1.409303937080072,-0.5507847897348009,-0.22654074517991973
-0.016208166283278792,-0.4653165922450369,-0.5776277045800292,-0.6599455522865585,-0.4136145195459215,1.3963607145959784,1.3963607145959784,-0.35216644033448896,0.6212482450794252,-0.3904912847325628,-0.8584550962200763,0.4578170015537556
-0.09967090760406987,-1.2644020502703928,-0.9645970725612694,-0.3491290043576479,-1.5072549275919715,0.06592770706939767,0.06592770706939752,-1.185021791046354,-0.5019124239907221,-1.1104093734576166,-1.1661254027053516,-0.5687196185467573
1.2357329535285873,0.4154231514476601,-0.6988670344625637,0.9286723593500957,-1.155904389260435,0.06592770706939767,0.06592770706939752,-0.49097566545313315,-0.5019124239907221,-0.7504503290950897,-0.24311448324952553,-0.22654074517991973
0.23418005767909442,-0.9109396629980662,-0.7071710981531483,-1.3161138201364808,1.674694313917577,1.3963607145959784,1.3963607145959784,-0.7685941156904216,0.6212482450794252,-0.3904912847325628,-1.1661254027053516,-0.22654074517991973
-0.43352187288723415,-1.3139778665684214,-0.9695795107756201,-0.7980862402549632,-1.0074464153175324,0.06592770706939767,0.06592770706939752,-1.185021791046354,-0.5019124239907221,-1.1104093734576166,-0.8584550962200763,-0.9108984919135951
-0.18313364892486095,-0.6571482359703661,-0.9330416305370481,-0.5218048643181538,-0.9728062213975218,1.3963607145959784,1.3963607145959784,-1.04621256592771,-0.5019124239907221,-0.7504503290950897,-0.8584550962200763,-0.9108984919135951
0.06725457503751228,-0.6088507646534308,-0.8500009936312025,0.790531671381691,0.7888950693915906,1.3963607145959784,1.3963607145959784,-0.7685941156904216,-0.5019124239907221,-0.7504503290950897,-0.5507847897348009,-0.5687196185467573
0.9853447295662141,-1.146474725764526,-0.8715915592267224,-1.2470434761522784,-1.150955790129005,-1.2645053004571831,-1.2645053004571831,-0.9074033408090657,-0.5019124239907221,-0.7504503290950897,-0.5507847897348009,-0.9108984919135951
-0.3500591315664431,0.5231237161047795,0.3192111740031026,0.30703926349227456,-0.9431146266089412,0.06592770706939767,0.06592770706939752,1.1747350359705973,1.7444089141495727,1.7692629814425989,0.6798964362063006,0.4578170015537556
0.9853447295662141,1.0490827792633974,1.209406801633767,-1.2815786481443796,-0.6709416743802862,-1.2645053004571831,-1.2645053004571831,0.7583073606146646,1.7444089141495727,2.489181070167653,-0.5507847897348009,0.11563812818691793
-0.18313364892486095,-0.899075023642293,-0.9430065069657496,-0.9016917562312667,-1.2746707684147573,0.06592770706939767,0.06592770706939752,-1.185021791046354,-0.5019124239907221,-0.7504503290950897,-1.1661254027053516,-0.9108984919135951
0.7349565056038408,-0.43795201999350625,-0.9048078139890606,-0.556340036310255,-1.2697221692833272,2.7267937221225593,2.726793722122559,-0.7685941156904216,-0.5019124239907221,-0.3904912847325628,-0.8584550962200763,-0.5687196185467573
-0.3500591315664431,0.45053769014706957,-0.5078735695791189,-0.6599455522865585,0.021862204019926494,1.3963607145959784,1.3963607145959784,-0.07454799009720055,-0.5019124239907221,-0.03053224037003586,0.3722261297210252,-0.5687196185467573
0.5680310229622587,-0.37826928868870785,-0.859965870059904,-1.1779731321680762,-0.4631005108602224,0.06592770706939767,0.06592770706939752,-0.9074033408090657,-0.5019124239907221,-1.1104093734576166,-0.5507847897348009,-0.5687196185467573
0.901881988245423,-0.10650113536438174,-0.916433503155879,-0.8326214122470643,-0.7798108552717482,1.3963607145959784,1.3963607145959784,-1.04621256592771,-0.5019124239907221,-0.7504503290950897,-0.8584550962200763,-0.9108984919135951
-0.266596390245652,0.6779632519397182,1.9534509083101428,-1.557860024081189,1.466853150397513,-1.2645053004571831,-1.2645053004571831,0.20307046014008784,0.6212482450794252,0.3294268039924911,0.06455582323574982,0.11563812818691793
-0.6004473555288163,-1.4017841874572745,-0.8931821248222422,1.0668130473185005,-0.9975492170546723,0.06592770706939767,0.06592770706939752,-0.7685941156904216,-0.5019124239907221,-0.3904912847325628,-0.8584550962200763,-0.5687196185467573
-0.016208166283278792,-0.4653165922450369,-0.5776277045800292,-0.6599455522865585,-0.4136145195459215,1.3963607145959784,1.3963607145959784,-0.35216644033448896,0.6212482450794252,-0.3904912847325628,-0.8584550962200763,0.4578170015537556
-0.6004473555288163,-0.8659978472565011,-0.954632196132568,-1.4887896800969866,0.06639959620279731,0.06592770706939767,0.06592770706939752,-1.185021791046354,-0.5019124239907221,-1.1104093734576166,-0.8584550962200763,-0.9108984919135951
-1.1846865447743538,-0.8026398741310592,-0.8965037502984761,-1.143437960175975,-1.5122035267234017,0.06592770706939767,0.06592770706939752,-0.9074033408090657,-0.5019124239907221,-0.7504503290950897,-0.5507847897348009,-0.9108984919135951
0.4011055403206766,-0.42045467306479023,-0.7171359745818497,0.27250409150017335,-1.4478717380148105,1.3963607145959784,1.3963607145959784,-0.6297848905717773,-0.5019124239907221,-0.3904912847325628,-0.5507847897348009,-0.5687196185467573
-0.5169846142080252,-0.7215448643929463,-0.9596146343469186,-1.3851841641206832,-0.9678576222660917,0.06592770706939767,0.06592770706939752,-1.185021791046354,-0.5019124239907221,-1.1104093734576166,-0.8584550962200763,-0.9108984919135951
1.1522702122077961,0.24943804530881328,0.20793672054926962,0.3415744354843757,-1.210338979706166,0.06592770706939767,0.06592770706939752,1.0359258108519531,0.6212482450794252,1.049344892717545,0.987566742691576,0.4578170015537556
0.3176427989998855,0.2975357752224526,-0.5510547007701586,0.9977427033342982,-0.982703419660382,0.06592770706939767,0.06592770706939752,-0.21335721521584475,-0.5019124239907221,-0.03053224037003586,0.06455582323574982,-0.5687196185467573
0.4011055403206766,0.345873194820047,1.818925076522673,1.4121647672395123,1.3480867712431908,0.06592770706939767,0.06592770706939752,1.4523534862078857,0.6212482450794252,1.7692629814425989,-0.5507847897348009,2.5108902417547814
-0.9342983208119806,0.4296846876429834,-0.487943816721716,0.8596020153658934,-1.1707501866547254,0.06592770706939767,0.06592770706939752,-0.07454799009720055,-0.5019124239907221,0.689385848355018,-0.5507847897348009,-0.22654074517991973
0.9853447295662141,-0.19646466340883015,-0.3185409174337911,-1.350648992128582,-0.10680137339725587,0.06592770706939767,0.06592770706939752,0.20307046014008784,-0.5019124239907221,0.3294268039924911,0.6798964362063006,-0.5687196185467573
1.6530466601325426,0.9036710376640226,1.5930545441387731,0.47971512345278045,0.18516597535711948,-1.2645053004571831,-1.2645053004571831,1.3135442610892414,0.6212482450794252,0.689385848355018,1.6029073556621267,0.7999958749205932
-1.9358512166614734,-1.4774861793063996,-0.9579538216088017,-1.2470434761522784,-0.5422780969631039,0.06592770706939767,0.06592770706939752,-1.185021791046354,-0.5019124239907221,-1.1104093734576166,-0.8584550962200763,-0.9108984919135951
-0.43352187288723415,-0.8260495665973322,-0.8500009936312025,1.6884461431763216,0.08124539359708759,0.06592770706939767,0.06592770706939752,-0.9074033408090657,-0.5019124239907221,-0.7504503290950897,-0.8584550962200763,-0.5687196185467573
1.2357329535285873,0.7922952311862597,1.2160500525862346,-1.557860024081189,0.7245632806829994,0.06592770706939767,0.06592770706939752,0.6194981354960204,-0.5019124239907221,0.3294268039924911,0.6798964362063006,0.4578170015537556
-1.7689257340198914,1.555347340057045,0.8074901190094744,1.550305455207917,0.5216707162943657,-1.2645053004571831,-1.2645053004571831,0.20307046014008784,5.1138909213600146,-0.03053224037003586,0.3722261297210252,0.11563812818691793
-1.2681492860951449,1.508527955124499,1.4502246486607189,1.4466999392316133,-0.8193996483231889,-1.2645053004571831,-1.2645053004571831,0.6194981354960204,2.86756958321972,-0.03053224037003586,-0.24311448324952553,1.8265324950211062
-1.0177610621327717,-0.4103078097773613,-0.916433503155879,0.583320639429084,-0.6709416743802862,1.3963607145959784,1.3963607145959784,-1.185021791046354,-0.5019124239907221,-1.1104093734576166,-0.8584550962200763,-0.9108984919135951
0.3176427989998855,0.6801204590953133,-0.06277575576378684,-1.2125083041601774,-1.1756987857861554,0.06592770706939767,0.06592770706939752,0.6194981354960204,0.6212482450794252,1.7692629814425989,0.3722261297210252,-0.5687196185467573
-0.09967090760406987,0.5380244247906495,0.9851970819879838,0.9632075313421969,0.06145099707136722,-1.2645053004571831,-1.2645053004571831,1.8687811615638181,3.9907302522898678,2.489181070167653,1.910577662147402,0.11563812818691793
-0.5169846142080252,0.34739122948509543,0.44377212936187094,-0.2800586603734455,-0.9431146266089412,0.06592770706939767,0.06592770706939752,1.1747350359705973,-0.5019124239907221,0.689385848355018,1.6029073556621267,0.4578170015537556
1.4861211774909606,0.7880607134363877,1.0084484603216206,-0.970762100215469,-0.0919555760029656,0.06592770706939767,0.06592770706939752,0.20307046014008784,-0.5019124239907221,0.689385848355018,-0.24311448324952553,0.11563812818691793
1.1522702122077961,0.5182100775837017,0.20793672054926962,-0.8326214122470643,-1.200441781443306,0.06592770706939767,0.06592770706939752,1.0359258108519531,1.7444089141495727,1.7692629814425989,0.6798964362063006,0.11563812818691793
-0.5169846142080252,1.0760478687083364,2.3869230329586566,-1.6269303680653915,0.8928156511516225,-1.2645053004571831,-1.2645053004571831,0.7583073606146646,2.86756958321972,0.3294268039924911,0.3722261297210252,1.142174748287431
0.15071731635830335,1.164173775842463,2.13780112224112,0.06529305954756628,0.9917876337802243,-1.2645053004571831,-1.2645053004571831,0.48068891037737627,-0.5019124239907221,-0.03053224037003586,1.2952370491768512,-0.22654074517991973
-0.3500591315664431,-0.1520421753158343,-0.301932790052622,-1.5923951960732903,1.3134465773231803,0.06592770706939767,0.06592770706939752,0.20307046014008784,-0.5019124239907221,1.049344892717545,0.06455582323574982,-0.5687196185467573
-0.18313364892486095,0.027006018598560756,-0.05115006659696847,-0.5908752083023561,0.9126100476773429,0.06592770706939767,0.06592770706939752,0.06426123502144365,0.6212482450794252,1.049344892717545,-0.8584550962200763,0.11563812818691793
1.1522702122077961,-0.5309915656487106,-0.5792885173181461,1.204953735286905,-0.5224837004373835,0.06592770706939767,0.06592770706939752,-0.35216644033448896,-0.5019124239907221,-0.3904912847325628,0.06455582323574982,-0.5687196185467573
-0.43352187288723415,-1.045485472258147,-0.9131118776796452,-0.0037772844366360664,-0.5769182908831145,0.06592770706939767,0.06592770706939752,-0.9074033408090657,-0.5019124239907221,-0.3904912847325628,-0.8584550962200763,-0.9108984919135951
-0.266596390245652,-0.316109763983041,-0.10595688695482652,0.6869261554053875,0.6206426989229675,0.06592770706939767,0.06592770706939752,0.6194981354960204,0.6212482450794252,1.409303937080072,0.3722261297210252,-0.22654074517991973
0.4011055403206766,-0.38809656573086343,-0.7985157987495783,1.6193757991921194,-1.41818014322623,-1.2645053004571831,-1.2645053004571831,-0.9074033408090657,-0.5019124239907221,-1.1104093734576166,-0.5507847897348009,-0.5687196185467573
-0.7673728381703985,-1.0287071943812962,-0.8915213120841253,-0.9016917562312667,0.25444636319714076,0.06592770706939767,0.06592770706939752,-0.9074033408090657,-0.5019124239907221,-0.7504503290950897,-0.8584550962200763,-0.5687196185467573
0.9853447295662141,0.03974952012883564,-0.9396848814895158,-1.0743676161917726,-1.2400305744947466,0.06592770706939767,0.06592770706939752,-1.185021791046354,-0.5019124239907221,-1.1104093734576166,-0.8584550962200763,-0.9108984919135951
0.7349565056038408,0.618320468915579,0.6812683509125892,-1.4197193361127844,0.8977642502830526,0.06592770706939767,0.06592770706939752,1.5911627113265299,0.6212482450794252,1.049344892717545,2.2182479686326775,0.4578170015537556
-0.266596390245652,0.9585999235703798,0.500239762457846,-0.970762100215469,-1.0420866092375431,0.06592770706939767,0.06592770706939752,1.3135442610892414,0.6212482450794252,1.409303937080072,1.6029073556621267,0.11563812818691793
1.0688074708870052,1.2735122200066082,1.5947153568768901,0.37610960747647687,-1.5072549275919715,-1.2645053004571831,-1.2645053004571831,1.4523534862078857,0.6212482450794252,1.049344892717545,0.06455582323574982,2.5108902417547814
0.9853447295662141,0.5292757513262915,0.9353726998444766,-0.03831245642873724,-0.9084744326889306,-1.2645053004571831,-1.2645053004571831,0.20307046014008784,-0.5019124239907221,-0.3904912847325628,0.06455582323574982,0.7999958749205932
-0.266596390245652,-1.0791618728538264,-0.9297200050608143,-0.4527345203339514,-1.2301333762318865,0.06592770706939767,0.06592770706939752,-1.04621256592771,-0.5019124239907221,-1.1104093734576166,-0.8584550962200763,-0.5687196185467573
-1.1846865447743538,1.4931878153513782,1.724258750450009,-0.4527345203339514,0.6701286902372684,-1.2645053004571831,-1.2645053004571831,1.5911627113265299,0.6212482450794252,1.049344892717545,1.910577662147402,0.7999958749205932
-0.18313364892486095,-0.4548900909929938,-0.9081294394652945,0.47971512345278045,0.6899230867629887,1.3963607145959784,1.3963607145959784,-1.185021791046354,-0.5019124239907221,-1.1104093734576166,-1.1661254027053516,-0.5687196185467573
1.819972142774125,-0.9894779827739922,-0.9778835744662047,-1.6269303680653915,1.6944887104432973,-1.2645053004571831,-1.2645053004571831,-1.3238310161649984,-0.5019124239907221,-1.4703684178201437,-0.8584550962200763,-0.9108984919135951
0.9853447295662141,1.2028037632398794,2.0713686127164435,-0.38366417634974903,1.2194231938260085,-1.2645053004571831,-1.2645053004571831,1.5911627113265299,2.86756958321972,1.049344892717545,1.2952370491768512,1.4843536216542685
0.9853447295662141,0.8614856532879401,1.5316044728284475,0.4106447794685781,1.6994373095747273,0.06592770706939767,0.06592770706939752,1.0359258108519531,1.7444089141495727,1.7692629814425989,0.06455582323574982,0.7999958749205932
1.4026584361701695,-1.7344734687868333,-0.9479889451801004,0.09982823153966747,0.5464137119515161,1.3963607145959784,1.3963607145959784,-0.9074033408090657,-0.5019124239907221,-0.3904912847325628,-0.8584550962200763,-0.9108984919135951
-0.43352187288723415,-0.35617788948418744,-0.7719427949397077,-0.8326214122470643,-1.4082829449633698,-1.2645053004571831,-1.2645053004571831,-0.7685941156904216,-0.5019124239907221,-0.3904912847325628,-0.5507847897348009,-0.9108984919135951
-0.3500591315664431,0.13402746248447428,-0.09931363600235889,0.47971512345278045,-0.2057733560258577,0.06592770706939767,0.06592770706939752,0.341879685258732,0.6212482450794252,0.689385848355018,-0.8584550962200763,1.142174748287431
1.2357329535285873,-0.06938918263201382,-0.1757110219557368,-1.350648992128582,0.11093698838566814,1.3963607145959784,1.3963607145959784,0.06426123502144365,1.7444089141495727,0.3294268039924911,-0.5507847897348009,0.4578170015537556
-0.5169846142080252,-0.605335315955424,-0.9048078139890606,0.5487854674369828,-1.7348904876377558,1.3963607145959784,1.3963607145959784,-0.9074033408090657,-0.5019124239907221,-0.3904912847325628,-0.8584550962200763,-0.9108984919135951
-1.7689257340198914,-1.4402543817320543,-0.8300712407737997,0.7559964993895899,-0.12659576992297622,0.06592770706939767,0.06592770706939752,-0.9074033408090657,-0.5019124239907221,-0.7504503290950897,-1.1661254027053516,-0.22654074517991973
-0.016208166283278792,0.2194368865337774,0.163094776620113,-1.696000712049594,1.135297008591697,0.06592770706939767,0.06592770706939752,1.3135442610892414,-0.5019124239907221,1.409303937080072,0.06455582323574982,1.8265324950211062
-0.3500591315664431,-0.1520421753158343,-0.301932790052622,-1.5923951960732903,1.3134465773231803,0.06592770706939767,0.06592770706939752,0.20307046014008784,0.6212482450794252,1.049344892717545,0.06455582323574982,-0.5687196185467573
-0.7673728381703985,0.8616454464105768,0.4039126236470651,1.34309442325531,0.9373530433344933,0.06592770706939767,0.06592770706939752,1.1747350359705973,-0.5019124239907221,0.3294268039924911,1.6029073556621267,0.7999958749205932
-1.7689257340198914,-1.3306362996032948,-0.8649483082742547,-1.1779731321680762,0.7146660824201392,-1.2645053004571831,-1.2645053004571831,-1.04621256592771,-0.5019124239907221,-1.1104093734576166,-0.5507847897348009,-0.9108984919135951
0.06725457503751228,-0.6529536665011533,-0.6756156561289269,1.0668130473185005,1.3282923747174704,1.3963607145959784,1.3963607145959784,-0.49097566545313315,-0.5019124239907221,-0.3904912847325628,-0.24311448324952553,-0.5687196185467573
-0.9342983208119806,0.35058709193782894,0.8988348196059045,-1.1089027881838738,1.6499513182604264,0.06592770706939767,0.06592770706939752,0.48068891037737627,-0.5019124239907221,1.7692629814425989,-0.5507847897348009,0.11563812818691793
1.2357329535285873,-0.8027197706923775,-0.916433503155879,0.9286723593500957,-1.2647735701518972,1.3963607145959784,1.3963607145959784,-0.9074033408090657,0.6212482450794252,-0.7504503290950897,-0.8584550962200763,-0.5687196185467573
0.48456828164146765,-1.4908688533272212,-0.934702443275165,0.09982823153966747,1.0660166207516757,0.06592770706939767,0.06592770706939752,-1.185021791046354,-0.5019124239907221,-1.1104093734576166,-0.8584550962200763,-0.9108984919135951
0.48456828164146765,-0.28331222556186336,-0.9180943158939959,-0.7290158962707608,-0.022675188162944324,1.3963607145959784,1.3963607145959784,-1.185021791046354,-0.5019124239907221,-1.1104093734576166,-1.1661254027053516,-0.5687196185467573
1.1522702122077961,-0.4182175693478768,-0.14083395445528166,-0.6254103802944573,0.7295118798144294,0.06592770706939767,0.06592770706939752,0.48068891037737627,-0.5019124239907221,1.409303937080072,0.3722261297210252,-0.5687196185467573
-1.0177610621327717,1.4416145850203912,1.689381682949554,-0.24552348838134433,-1.037138010106113,-1.2645053004571831,-1.2645053004571831,0.6194981354960204,-0.5019124239907221,0.689385848355018,0.987566742691576,-0.22654074517991973
1.5695839188117515,-0.5666254319966892,-0.9313808177989312,-0.8671565842391655,-1.4577689362776707,1.3963607145959784,1.3963607145959784,-1.04621256592771,-0.5019124239907221,-0.7504503290950897,-0.8584550962200763,-0.9108984919135951
-2.186239440623847,1.1336932376995172,1.3771488881835747,-0.24552348838134433,1.3431381721117608,-1.2645053004571831,-1.2645053004571831,0.7583073606146646,-0.5019124239907221,-0.03053224037003586,0.6798964362063006,1.142174748287431
-0.6004473555288163,-1.874891675303812,-0.9529713833944511,-1.2815786481443796,-0.09690417513439568,0.06592770706939767,0.06592770706939752,-1.6014494664022867,-0.5019124239907221,-1.1104093734576166,-1.7814660156759023,-0.9108984919135951
1.2357329535285873,-0.6164409379786729,-0.9795443872043216,1.34309442325531,1.0016848320430844,1.3963607145959784,1.3963607145959784,-1.3238310161649984,-0.5019124239907221,-1.1104093734576166,-1.1661254027053516,-0.9108984919135951
-1.1846865447743538,-0.9512075299025085,-0.9197551286321128,0.6178558114211852,0.5513623110829462,0.06592770706939767,0.06592770706939752,-1.04621256592771,-0.5019124239907221,-0.7504503290950897,-0.8584550962200763,-0.9108984919135951
1.7365094014533338,1.1902200548322412,1.0433255278220757,0.16889857552386983,-1.3291053588604884,-1.2645053004571831,-1.2645053004571831,0.6194981354960204,-0.5019124239907221,-0.03053224037003586,0.3722261297210252,1.142174748287431
-0.7673728381703985,-1.176995212188131,-0.9812051999424385,-0.31459383236554667,0.10598838925423804,0.06592770706939767,0.06592770706939752,-1.3238310161649984,-0.5019124239907221,-1.1104093734576166,-1.1661254027053516,-0.9108984919135951
-1.351612027415936,-0.48485130148737055,-0.3168801046956742,0.8250668433737922,1.3332409738489006,0.06592770706939767,0.06592770706939752,0.06426123502144365,-0.5019124239907221,0.689385848355018,0.06455582323574982,-0.5687196185467573
-0.8508355794911895,0.23118168104757308,-0.2255354040992441,1.1013482193106017,-0.6857874717745766,0.06592770706939767,0.06592770706939752,0.341879685258732,-0.5019124239907221,-0.3904912847325628,1.2952370491768512,-0.22654074517991973
-1.1012238034535626,0.9403435593091396,1.3821313263979256,-1.2815786481443796,0.031759402282786675,-1.2645053004571831,-1.2645053004571831,1.0359258108519531,2.86756958321972,-0.3904912847325628,1.6029073556621267,1.142174748287431
-0.8508355794911895,-1.7872051992569362,-0.9180943158939959,-1.4542545081048857,0.31877815190573194,0.06592770706939767,0.06592770706939752,-0.7685941156904216,-0.5019124239907221,-0.3904912847325628,-1.1661254027053516,-0.22654074517991973
0.48456828164146765,-0.7460731087176761,-0.9214159413702298,-0.556340036310255,-1.7299418885063256,2.7267937221225593,2.726793722122559,-0.9074033408090657,-0.5019124239907221,-0.7504503290950897,-0.5507847897348009,-0.9108984919135951
-0.09967090760406987,0.21588148955511138,0.12157445816719026,-0.8671565842391655,-0.9035258335575005,0.06592770706939767,0.06592770706939752,0.8971165857333089,0.6212482450794252,1.049344892717545,0.06455582323574982,1.142174748287431
0.06725457503751228,0.2523143215162734,-0.03288112647768245,0.20343374751597101,1.4223157582146422,1.3963607145959784,1.3963607145959784,0.48068891037737627,-0.5019124239907221,1.409303937080072,0.06455582323574982,-0.22654074517991973
-0.8508355794911895,0.46096419139911265,0.07839332697615058,1.3085592512632087,0.5365165136886559,1.3963607145959784,1.3963607145959784,0.7583073606146646,-0.5019124239907221,2.489181070167653,0.06455582323574982,-0.5687196185467573
0.5680310229622587,0.22886468076934127,-0.22885702957547793,-0.3491290043576479,0.6404370954486879,0.06592770706939767,0.06592770706939752,0.20307046014008784,-0.5019124239907221,-0.03053224037003586,0.6798964362063006,-0.22654074517991973
-0.7673728381703985,-0.0342147215116156,1.7823871962841011,0.13436340353176865,1.6450027191289962,-1.2645053004571831,-1.2645053004571831,-1.6014494664022867,0.6212482450794252,-1.4703684178201437,-1.473795709190627,-0.9108984919135951
-0.266596390245652,-1.1107210145745698,-0.9230767541083467,-1.3851841641206832,-1.5418951215119823,1.3963607145959784,1.3963607145959784,-1.04621256592771,-0.5019124239907221,-0.7504503290950897,-1.1661254027053516,-0.5687196185467573
-1.2681492860951449,-1.6469068375819351,-0.8666091210123716,1.1358833913027029,0.5761053067400966,0.06592770706939767,0.06592770706939752,-0.9074033408090657,0.6212482450794252,-0.3904912847325628,-1.1661254027053516,-0.5687196185467573
-0.09967090760406987,-0.2970544341086175,0.7360751712704473,0.7559964993895899,1.6004653269461255,-1.2645053004571831,-1.2645053004571831,1.729971936445174,-0.5019124239907221,1.7692629814425989,1.910577662147402,0.4578170015537556
-1.4350747687367271,-1.0155642100444295,-0.9695795107756201,0.030757887555465113,1.6202597234718459,-1.2645053004571831,-1.2645053004571831,-1.3238310161649984,-0.5019124239907221,-1.4703684178201437,-0.8584550962200763,-0.9108984919135951
-0.6839100968496074,24.545343169724802,-0.9031470012509437,-0.9016917562312667,0.19011457448854957,0.06592770706939767,0.06592770706939752,-0.7685941156904216,-0.5019124239907221,-0.3904912847325628,-0.8584550962200763,-0.5687196185467573
-0.43352187288723415,-0.71175753563145,-0.9562930088706849,1.1013482193106017,0.04660519967707695,0.06592770706939767,0.06592770706939752,-1.3238310161649984,-0.5019124239907221,-1.1104093734576166,-1.1661254027053516,-0.9108984919135951
0.15071731635830335,0.35893628259559524,1.2210324908005852,-0.1073828004129396,0.13567998404281859,0.06592770706939767,0.06592770706939752,0.48068891037737627,-0.5019124239907221,1.7692629814425989,-0.5507847897348009,0.11563812818691793
1.9034348840949158,0.47043193391533566,-0.2687165352902838,0.2379689195080722,-1.6557129015348744,2.7267937221225593,2.726793722122559,0.341879685258732,0.6212482450794252,1.409303937080072,-0.24311448324952553,-0.22654074517991973
-1.0177610621327717,0.18947567603940071,1.0549512169888942,1.4466999392316133,-0.982703419660382,-1.2645053004571831,-1.2645053004571831,0.7583073606146646,0.6212482450794252,-0.7504503290950897,2.2182479686326775,0.11563812818691793
1.0688074708870052,0.6794013900434482,0.3939477472183636,-1.4197193361127844,-0.9777548205289519,0.06592770706939767,0.06592770706939752,1.1747350359705973,-0.5019124239907221,0.689385848355018,1.2952370491768512,0.7999958749205932
1.2357329535285873,0.025208345968898156,-0.7204576000580836,-0.31459383236554667,1.3282923747174704,1.3963607145959784,1.3963607145959784,-0.6297848905717773,0.6212482450794252,-0.3904912847325628,-0.5507847897348009,-0.5687196185467573
